행정동코드,행정동명,시도,시군구,구코드,cx,cy,서울,분석범위,지역,D_A,D_B,D_BEB,D_A3,D_B3,65세이상,소수요,A,A100,등급,A100_서울만,경계거리_km,하위10%_반경수,A100_3km,A100_5km,A100_10km
1111053000,서울특별시 종로구 사직동,서울특별시,종로구,11110,953212.1219656633,1952880.0346189733,True,True,종로구,31.11594715766191,34.115550710526264,33.83795650146037,86.92654902834346,85.059284286496,1894,False,0.40554927903791715,40.554927903791715,36~56석,40.55566788329673,6.369773455048675,1,12.78483304411065,40.554927903791715,61.24416625312844
1111054000,서울특별시 종로구 삼청동,서울특별시,종로구,11110,954189.3385237464,1954417.3340454479,True,True,종로구,9.61255367148998,10.44435354353259,10.371892182480142,26.95669778395153,26.16222740348396,627,False,0.5424753574435031,54.24753574435031,36~56석,54.24844502655088,4.841583852301181,0,35.49405972094906,54.24753574435031,70.31773077862366
1111055000,서울특별시 종로구 부암동,서울특별시,종로구,11110,952556.5054276384,1955390.1534192623,True,True,종로구,28.3978110474372,30.782178016255653,30.58169128114489,79.65209939501295,77.18054719718779,1944,False,0.6886380073836936,68.86380073836936,56~75석,69.1535616218112,4.003972885119143,0,147.27742730050707,68.86380073836936,69.63252562302475
1111056000,서울특별시 종로구 평창동,서울특별시,종로구,11110,953160.3523870226,1957302.3698452818,True,True,종로구,55.399014194339145,60.43349994961472,59.99404982719717,154.87075861776265,150.99629656136534,3718,False,0.7873467964219067,78.73467964219067,75~97석,80.02022630370227,1.9995365429927356,0,190.33540890718405,78.73467964219067,74.6916199984635
1111057000,서울특별시 종로구 무악동,서울특별시,종로구,11110,952229.4432638738,1953288.6837562565,True,True,종로구,21.859759318250536,23.57280099052737,23.434919783065407,61.45960851590958,59.26734186625926,1538,False,0.5205515253102129,52.055152531021285,36~56석,52.2238594517567,5.3929087518254235,0,28.07616413061595,52.055152531021285,62.03296474215857
1111058000,서울특별시 종로구 교남동,서울특별시,종로구,11110,952681.8942353523,1952544.085926756,True,True,종로구,22.973109292963834,24.627216511745925,24.505402074413176,64.69889713886808,62.09288359961444,1727,False,0.37260398315953813,37.260398315953815,36~56석,37.27347029162864,6.0507520361760125,0,19.705364809705305,37.260398315953815,59.28729079515512
1111060000,서울특별시 종로구 가회동,서울특별시,종로구,11110,954672.0673516253,1953822.571939162,True,True,종로구,13.01847569445368,14.080758659313512,13.990017120429322,36.608074206199376,35.36413854807343,849,False,0.5075606900681463,50.75606900681463,36~56석,50.75606900681463,5.4994634799192275,1,8.906930004753407,50.75606900681463,67.83426183059083
1111061500,서울특별시 종로구 종로1·2·3·4가동,서울특별시,종로구,11110,954942.5158334903,1952977.8990742967,True,True,종로구,22.647870998459823,24.14808141068546,24.04756655530462,63.89986640777627,61.0478785334097,1783,False,0.44126477820919,44.126477820919,36~56석,44.126477820919,6.380022750218569,1,10.39824065332115,44.126477820919,63.07976979735752
1111063000,서울특별시 종로구 종로5·6가동,서울특별시,종로구,11110,956222.3889497072,1952742.4512887,True,True,종로구,14.356676381710134,15.243506929499794,15.1848005910984,40.651615914804225,38.645560867916274,1088,False,0.4707527965255785,47.07527965255785,36~56석,47.07527965255785,6.969023285202952,0,31.848565122248612,47.07527965255785,63.2537098800953
1111064000,서울특별시 종로구 이화동,서울특별시,종로구,11110,956122.8309847764,1953483.4465781073,True,True,종로구,20.32987045923778,21.978285272643955,21.8414084560275,57.11545655150082,55.19188765255865,1390,False,0.5250082731262854,52.50082731262854,36~56석,52.50082731262854,6.245209790857674,0,27.702240349776552,52.50082731262854,68.76455723608989
1111067000,서울특별시 종로구 창신1동,서울특별시,종로구,11110,957085.4099805247,1952654.355955301,True,True,종로구,15.169242028039209,16.15436986756945,16.092405428950663,42.77136806059587,40.8492159921332,1249,False,0.5378700832824445,53.78700832824445,36~56석,53.78814775487021,7.405828707717921,0,54.45030548077388,53.78700832824445,63.21512604689763
1111068000,서울특별시 종로구 창신2동,서울특별시,종로구,11110,956754.7435682914,1953043.5179474284,True,True,종로구,24.024571541709783,25.607658421221664,25.503888329252973,67.76116658319785,64.73834336361078,1925,False,0.5297286422871311,52.972864228713114,36~56석,52.97311838991893,6.909209254079394,0,44.36237823049473,52.972864228713114,66.1669048514783
1111069000,서울특별시 종로구 창신3동,서울특별시,종로구,11110,957017.6259535594,1953382.14049138,True,True,종로구,17.779249274431336,19.0785760235631,18.98386465550129,50.0080411939114,48.06403643623291,1368,False,0.5663791488718755,56.63791488718755,56~75석,56.63910056741881,6.733836442206255,0,52.635921598528455,56.63791488718755,69.07630263418466
1111070000,서울특별시 종로구 숭인1동,서울특별시,종로구,11110,957339.2152472753,1953203.6245257729,True,True,종로구,17.29897069373841,18.522866887228695,18.434456799638944,48.73702265133304,46.7285705003255,1315,False,0.5877600195394899,58.776001953948985,56~75석,58.77964436383326,7.050764554622642,0,62.691448021894736,58.776001953948985,67.92325806578799
1111071000,서울특별시 종로구 숭인2동,서울특별시,종로구,11110,957671.0177486017,1952878.1363412945,True,True,종로구,20.46372561876077,21.535823855472387,21.48747893910177,57.99227717437992,54.80029089552127,1785,False,0.5983411668621046,59.83411668621046,56~75석,59.84176890308455,7.052631070723428,0,69.45125345016872,59.83411668621046,65.93113740431542
1111051500,서울특별시 종로구 청운효자동,서울특별시,종로구,11110,953242.8988550233,1954050.3684252922,True,True,종로구,33.837270996644904,36.69494294791236,36.448367656547845,94.9926641215643,92.01717457799242,2214,False,0.5361683880857351,53.616838808573505,36~56석,53.66978526478788,5.200666947905975,0,36.52760902146129,53.616838808573505,66.40654352821959
1111065000,서울특별시 종로구 혜화동,서울특별시,종로구,11110,955652.4079715576,1954349.2897815015,True,True,종로구,43.2917199729493,46.979530002687085,46.655015164679845,121.58742241828892,117.79432171781907,2737,False,0.593100269356655,59.310026935665505,56~75석,59.310026935665505,5.2652483772764365,0,29.934142970012534,59.310026935665505,73.36551781208989
1114052000,서울특별시 중구 소공동,서울특별시,중구,11140,953578.2232306972,1951789.4396432189,True,True,중구,3.45210053920289,2.367664916057625,2.6337536546770712,9.72492068816017,7.6975161778616705,292,False,0.31056052311988375,31.056052311988374,16~36석,31.056052311988374,7.165539104088575,0,24.456929845301616,31.056052311988374,55.29479793335674
1114054000,서울특별시 중구 회현동,서울특별시,중구,11140,953781.2297197813,1950975.2089245534,True,True,중구,17.143753810405354,11.948478886070944,13.168478461689563,48.09390632002712,38.41988357918393,1297,False,0.29310050997599535,29.310050997599536,16~36석,29.310050997599536,7.077486164024573,0,31.512493347473608,29.310050997599536,50.90397889162623
1114055000,서울특별시 중구 명동,서울특별시,중구,11140,954460.7501774434,1951721.4381609326,True,True,중구,9.865920306664451,6.8820915527798245,7.571466859348937,27.702092929302424,22.10261630114566,721,False,0.3392767815907393,33.927678159073935,16~36석,33.927678159073935,7.551090609384254,1,18.988161394476773,33.927678159073935,55.24803912776449
1114057000,서울특별시 중구 필동,서울특별시,중구,11140,955294.9648858393,1950948.5649470768,True,True,중구,12.980728847917842,9.11297522625729,9.994627610973891,36.36796436085083,29.147445120417608,914,False,0.36057317036014125,36.057317036014126,16~36석,36.057317036014126,8.439178654370238,0,20.418572438367022,36.057317036014126,50.80534537585796
1114058000,서울특별시 중구 장충동,서울특별시,중구,11140,956038.9434455036,1950812.2342416923,True,True,중구,13.104829948605328,9.179073745082842,10.058773171487411,36.80871183210653,29.37454743465616,893,False,0.3800676484981127,38.00676484981127,36~56석,38.00676484981127,8.743508597372388,0,29.506318354917195,38.00676484981127,50.12771137791986
1114059000,서울특별시 중구 광희동,서울특별시,중구,11140,956163.433183195,1951876.078564027,True,True,중구,13.695405358846733,9.324513312494272,10.398394450401028,38.71437439055072,30.44283932634574,1174,False,0.42947399359430893,42.9473993594309,36~56석,42.9473993594309,7.763203784763235,0,30.587106465427887,42.9473993594309,56.63598799602775
1114060500,서울특별시 중구 을지로동,서울특별시,중구,11140,955534.2616828444,1952038.7578046136,True,True,중구,6.089857329568668,4.199578781788519,4.658791341335435,17.12519655338077,13.605002382855204,501,False,0.39605005354296524,39.60500535429652,36~56석,39.60500535429652,7.4279919592797325,1,16.87382324742644,39.60500535429652,57.49354431624425
1114065000,서울특별시 중구 신당5동,서울특별시,중구,11140,957786.7027092037,1951687.570106201,True,True,중구,25.432425863018334,17.478606712165636,19.355850972784005,71.81838749957227,56.65534859166166,1984,False,0.5152634509089675,51.526345090896754,36~56석,51.53266414904726,6.989577481278718,0,61.754836852733455,51.526345090896754,58.576857946938134
1114067000,서울특별시 중구 황학동,서울특별시,중구,11140,957681.8453178407,1952224.8607527502,True,True,중구,26.85614326703471,18.417894690158857,20.434724566200835,75.83578264398412,59.80634484661267,2156,False,0.5511631896316153,55.116318963161525,36~56석,55.1229410367021,7.099263749591776,0,65.8129305564852,55.116318963161525,61.70356914639138
1114068000,서울특별시 중구 중림동,서울특별시,중구,11140,952832.2115619775,1951019.3478272792,True,True,중구,30.94479250584649,21.514718925561528,23.677565756639588,87.0865084323083,69.20113128614388,2238,False,0.2912061652782344,29.12061652782344,16~36석,29.12061652782344,6.195132614058465,0,39.55625300150597,29.12061652782344,51.174979923618224
1114061500,서울특별시 중구 신당동,서울특별시,중구,11140,957060.0895484516,1951931.642706342,True,True,중구,20.536478439401563,14.099647179763668,15.606188511391617,58.063134065243574,45.71070500636681,1577,False,0.4771866742928562,47.718667429285624,36~56석,47.71909073895025,7.729981999981732,0,51.91692056001288,47.718667429285624,58.54936178548024
1114062500,서울특별시 중구 다산동,서울특별시,중구,11140,956566.9105566987,1950708.797061472,True,True,중구,39.115545243928366,26.91445121616275,29.774127005668795,110.45838092690563,87.15472435520591,3003,False,0.393254174883907,39.3254174883907,36~56석,39.3254174883907,8.225034629859515,0,40.66936007129255,39.3254174883907,49.870496477029334
1114063500,서울특별시 중구 약수동,서울특별시,중구,11140,956738.700753535,1950168.10432118,True,True,중구,61.1166431070374,42.87124641940291,46.98796263726366,171.4406108837239,137.1240011777029,4217,False,0.3732553481970527,37.32553481970527,36~56석,37.32553481970527,8.108624199608652,0,41.247712043643745,37.32553481970527,47.46855558283094
1114064500,서울특별시 중구 청구동,서울특별시,중구,11140,957162.2862025086,1950944.5645336967,True,True,중구,42.486337973025506,29.675395523920507,32.586124841292424,119.37729651948844,95.16868702364307,2993,False,0.4262832050397317,42.62832050397317,36~56석,42.62832050397317,7.6160655387448415,0,50.90076695422974,42.62832050397317,52.01903632396673
1114066500,서울특별시 중구 동화동,서울특별시,중구,11140,957489.5734858743,1951357.6806021323,True,True,중구,30.059448107612106,21.013662912332823,23.090684008684008,84.3518844959682,67.38920739019713,2162,False,0.4687438903202508,46.874389032025086,36~56석,46.875868496060214,7.278444668466533,0,54.972618820757155,46.874389032025086,55.621405296743646
1117051000,서울특별시 용산구 후암동,서울특별시,용산구,11170,954120.3244616131,1950195.6182245833,True,True,용산구,43.76995741328648,37.12961484670026,38.75980793194784,122.75731204683258,105.99610613605591,3146,False,0.2886197519128398,28.861975191283978,16~36석,28.861975191283978,7.214378140856385,0,28.43078178404479,28.861975191283978,47.47009087168886
1117052000,서울특별시 용산구 용산2가동,서울특별시,용산구,11170,954508.0995069732,1948855.35977241,True,True,용산구,30.86138305666691,26.38855732697929,27.452445463793634,86.59502178367612,75.03178339232298,2097,False,0.2735215491674896,27.35215491674896,16~36석,27.35215491674896,7.472235333229892,2,20.587678961164457,27.35215491674896,42.28120553913077
1117053000,서울특별시 용산구 남영동,서울특별시,용산구,11170,953607.7305347798,1949515.2720033864,True,True,용산구,18.62321353537473,15.33678370223271,16.189037888158527,52.48220071170673,44.881681010584046,1583,False,0.2882042114027514,28.820421140275137,16~36석,28.820421140275137,6.607206995003253,0,29.813905279155613,28.820421140275137,45.45259135114074
1117057000,서울특별시 용산구 원효로2동,서울특별시,용산구,11170,951622.4656848271,1948405.234798764,True,True,용산구,36.29044004949807,30.960923366955736,32.250580483781086,101.6999143128162,87.9862792196023,2514,False,0.24101982058302607,24.101982058302607,16~36석,24.102205570805946,4.606421862191275,1,28.86082158049425,24.101982058302607,47.61422372301674
1117058000,서울특별시 용산구 효창동,서울특별시,용산구,11170,952376.992206154,1949414.9081630793,True,True,용산구,23.812019379888817,20.26475996134776,21.109542885915644,66.97215883248478,57.98082354751695,1662,False,0.2814245287830875,28.14245287830875,16~36석,28.14245287830875,5.372756047095351,1,38.186166007037116,28.14245287830875,47.021878009956616
1117059000,서울특별시 용산구 용문동,서울특별시,용산구,11170,952168.4001955114,1948896.152029099,True,True,용산구,29.852939628132397,24.96382012085115,26.16058425082571,84.36802610478196,72.69073842979557,2307,False,0.26176376833415393,26.176376833415393,16~36석,26.176390701548403,5.132896011121003,1,32.62596243103274,26.176376833415393,46.68862037305869
1117063000,서울특별시 용산구 이촌1동,서울특별시,용산구,11170,953312.5201313416,1946370.5764089895,True,True,용산구,73.75769097381165,64.01945250415262,66.27912126684339,205.9320665026548,179.12655510919816,4541,False,0.18327029516159504,18.327029516159506,16~36석,18.32884826677769,5.826138926160168,3,10.714923827537792,18.327029516159506,38.62474077231944
1117064000,서울특별시 용산구 이촌2동,서울특별시,용산구,11170,951781.4981012603,1947185.0023369414,True,True,용산구,25.02195800717817,21.137580448390565,22.09820423850315,70.24407335363344,60.577621278796464,1844,False,0.23185956112050563,23.18595611205056,16~36석,23.187562549608387,5.0234311704892,2,15.172328697732365,23.18595611205056,45.49524840178537
1117065000,서울특별시 용산구 이태원1동,서울특별시,용산구,11170,955228.071599192,1948351.833957004,True,True,용산구,21.481803512827156,18.508401392149658,19.212043669729745,60.07128548479453,52.12990440315639,1394,False,0.2573170848419297,25.73170848419297,16~36석,25.73170848419297,7.370904457065146,2,19.93026826597494,25.73170848419297,39.40594164751643
1117066000,서울특별시 용산구 이태원2동,서울특별시,용산구,11170,955134.4902044706,1949269.3973345275,True,True,용산구,29.731494075527213,25.6183649470328,26.566208490191904,83.42847953011238,72.51787314951785,1909,False,0.29385816082619215,29.385816082619215,16~36석,29.385816082619215,8.110368710564465,1,26.67151436001008,29.385816082619215,43.37700105068625
1117069000,서울특별시 용산구 서빙고동,서울특별시,용산구,11170,954837.0073422408,1946799.0038323184,True,True,용산구,38.30734187931711,33.439801097089,34.581376988024616,106.46858922452904,92.63659074430596,2283,False,0.18267235997501452,18.26723599750145,16~36석,18.26723599750145,5.872034092337867,3,4.025537817640102,18.26723599750145,35.09325221056936
1117070000,서울특별시 용산구 보광동,서울특별시,용산구,11170,955931.638739109,1947513.3412162564,True,True,용산구,23.092512112384235,19.359477155708163,20.2873122886393,65.01926213027224,55.97752401366283,1773,False,0.21361698403888024,21.361698403888024,16~36석,21.361698403888024,6.505469231877798,3,18.701288352291506,21.361698403888024,36.8269883256783
1117055500,서울특별시 용산구 청파동,서울특별시,용산구,11170,952907.0429421777,1949927.068044234,True,True,용산구,44.5949053311363,37.43472576224059,39.19650645399939,125.68567858321164,108.31536801435398,3388,False,0.29435117241890935,29.435117241890936,16~36석,29.435117241890936,5.9723087472977925,0,40.09571008007615,29.435117241890936,47.45003280063409
1117056000,서울특별시 용산구 원효로1동,서울특별시,용산구,11170,952872.605892295,1948817.0770213115,True,True,용산구,25.02856845909093,20.650256260714674,21.777042822284564,70.57350537252475,60.414563383093416,2103,False,0.27054261908729355,27.054261908729355,16~36석,27.054261908729355,5.836726961057301,2,26.62483396133902,27.054261908729355,44.50373762693711
1117062500,서울특별시 용산구 한강로동,서울특별시,용산구,11170,953048.0697347679,1947891.9905194454,True,True,용산구,44.45510949555468,37.548445216833954,39.278026162240515,124.56155254102842,107.31704071009676,3295,False,0.2394307382792348,23.94307382792348,16~36석,23.94307382792348,6.0852853000561655,3,16.681857808160768,23.94307382792348,41.63893592242502
1117068500,서울특별시 용산구 한남동,서울특별시,용산구,11170,956339.2281743716,1948757.1847565512,True,True,용산구,34.84155476023031,29.239035890621047,30.63228134042766,98.04239363100896,84.41954745794042,2662,False,0.2834321928718553,28.343219287185526,16~36석,28.343219287185526,7.751498508670906,2,32.17701381759298,28.343219287185526,41.50426484177206
1120052000,서울특별시 성동구 왕십리2동,서울특별시,성동구,11200,958286.6509002944,1951453.894460648,True,True,성동구,35.432501853829535,27.61739807645482,28.339299654549535,99.7957617790451,78.83663380798926,2823,False,0.5326133030227853,53.26133030227853,36~56석,53.2748286301066,6.482265094576938,0,60.525418139967755,53.26133030227853,58.85731256221061
1120054000,서울특별시 성동구 마장동,서울특별시,성동구,11200,959420.4489898554,1952129.3708045701,True,True,성동구,54.666432852628674,42.53387281700424,43.66219293969427,154.13742702266865,121.63284903375045,4262,False,0.6431448268890868,64.31448268890868,56~75석,64.39018072395008,5.377656907879926,0,70.87268085962307,64.31448268890868,66.73390191373697
1120055000,서울특별시 성동구 사근동,서울특별시,성동구,11200,959851.9377385966,1951059.7639875258,True,True,성동구,21.93928019024172,16.924791457435717,17.4002555156204,62.03425000503259,48.76372866725017,1559,False,0.5806389788214826,58.06389788214826,56~75석,58.147870819157546,4.924129688987089,0,48.67340417440857,58.06389788214826,62.15371983286641
1120056000,서울특별시 성동구 행당1동,서울특별시,성동구,11200,959024.1950587991,1951175.2875046877,True,True,성동구,30.176066132183575,23.452867397726916,24.079479625167487,85.10801045003653,67.12998313224294,2327,False,0.5525187874341762,55.25187874341761,36~56석,55.2871037088569,5.746209946376924,0,54.30521980995911,55.25187874341761,59.805781417109536
1120057000,서울특별시 성동구 행당2동,서울특별시,성동구,11200,958444.1066204415,1950918.1138493726,True,True,성동구,55.727564344498525,43.27142583773062,44.43478838595547,157.21893510587256,123.95724831156512,4256,False,0.503690632829409,50.36906328294089,36~56석,50.38229740571476,6.338051565080572,0,51.018637598919824,50.36906328294089,56.12535018184693
1120058000,서울특별시 성동구 응봉동,서울특별시,성동구,11200,958836.554257342,1950285.2062228257,True,True,성동구,36.46889494406085,28.202300049036204,28.978199187024487,102.9309442487774,81.04627240835862,2683,False,0.4793884904446254,47.938849044462536,36~56석,47.95471629777731,6.016419211512102,0,39.856185934122394,47.938849044462536,53.97873864960305
1120059000,서울특별시 성동구 금호1가동,서울특별시,성동구,11200,958049.5846915627,1950586.4769842403,True,True,성동구,37.58852841688263,29.13690020863036,29.913488720369713,105.66260205151552,83.43815272103053,2903,False,0.4563418842295595,45.63418842295595,36~56석,45.637690776563424,6.757527264831399,0,49.349205379174634,45.63418842295595,52.96950984344653
1120062000,서울특별시 성동구 금호4가동,서울특별시,성동구,11200,957983.0389689731,1949683.0954533797,True,True,성동구,34.930965384186614,27.11536630991906,27.838938551665144,98.3655383379654,77.62901736959705,2696,False,0.40051147436579876,40.051147436579875,36~56석,40.051147436579875,6.971150322768144,0,39.27304794837896,40.051147436579875,48.006474153772935
1120065000,서울특별시 성동구 성수1가1동,서울특별시,성동구,11200,959547.8251069225,1949159.3679984906,True,True,성동구,28.803503824048743,22.791533957613268,23.34489870599119,81.26316078631712,64.39790904974782,2546,False,0.40463297440147766,40.46329744014777,36~56석,40.47997460096711,5.632116506053643,0,21.446916756988717,40.46329744014777,50.523076272331366
1120066000,서울특별시 성동구 성수1가2동,서울특별시,성동구,11200,959716.1723330527,1950068.428451389,True,True,성동구,25.93515818421081,20.293862207139032,20.816112527278463,73.1232100140127,57.79283193299763,2116,False,0.49868248227007195,49.86824822700719,36~56석,49.917641167110006,5.195803656924613,0,31.40603587953456,49.86824822700719,55.81134967764155
1120067000,서울특별시 성동구 성수2가1동,서울특별시,성동구,11200,960710.4079995641,1948685.8615033578,True,True,성동구,34.307500600943115,27.27508193501179,27.928374354667618,97.032553662623,76.88636981511405,3091,False,0.3800680159081845,38.00680159081845,36~56석,38.075703048663584,4.809957352075686,0,23.939290919167004,38.00680159081845,53.80673318025335
1120069000,서울특별시 성동구 성수2가3동,서울특별시,성동구,11200,960967.849750199,1949670.6471450045,True,True,성동구,24.6296509658863,19.10543920235092,19.61789329173878,69.37790666119317,54.73272825053111,1886,False,0.4858548798708036,48.58548798708036,36~56석,48.724632889324035,4.124238102341854,0,27.79739335164163,48.58548798708036,58.94296444318275
1120072000,서울특별시 성동구 송정동,서울특별시,성동구,11200,961638.686993672,1950420.9324843546,True,True,성동구,22.07393358669192,17.499923767583912,17.92444128732884,62.39394921199572,49.41855839867026,1956,False,0.5642258743677729,56.42258743677729,56~75석,56.66713710797418,3.2451684687736653,0,45.84456285200147,56.42258743677729,64.86170916562361
1120079000,서울특별시 성동구 용답동,서울특별시,성동구,11200,960948.680994176,1951112.7953591552,True,True,성동구,31.334931272202972,24.254106468019593,24.916641119554736,88.3946283080555,69.63777580206623,2332,False,0.6115535172110528,61.155351721105276,56~75석,61.35585162187349,3.8261614462354223,0,46.15180583205583,61.155351721105276,65.36655901319367
1120053500,서울특별시 성동구 왕십리도선동,서울특별시,성동구,11200,958455.5646206801,1952040.3389353422,True,True,성동구,54.77762290763693,42.46784427889996,43.608034779076675,154.23882932487504,121.68888730228387,4187,False,0.591476378412483,59.147637841248304,56~75석,59.17134365759416,6.346364238821059,0,71.77810670900432,59.147637841248304,62.68997302778292
1120061500,서울특별시 성동구 금호2·3가동,서울특별시,성동구,11200,957592.226278082,1950340.234634875,True,True,성동구,54.29935389680776,42.22260753990629,43.34727958314487,153.13129938416412,120.80640843688428,4207,False,0.4175058518127905,41.75058518127905,36~56석,41.75066794544623,7.239905489945956,0,48.68449951251787,41.75058518127905,49.89325971949932
1120064500,서울특별시 성동구 옥수동,서울특별시,성동구,11200,957671.5850919937,1949162.7299609792,True,True,성동구,59.054608245147605,45.8346784895373,47.055586865745646,166.2103162818047,131.2046455599207,4569,False,0.35269346344379293,35.269346344379294,16~36석,35.269346344379294,7.405127038849243,1,34.04876862752079,35.269346344379294,45.29193485975151
1121571000,서울특별시 광진구 화양동,서울특별시,광진구,11215,962319.7715097503,1949411.743678286,True,True,광진구,31.293113622828088,27.47792166389418,27.998911017029503,88.2696595492584,91.86300511279345,2415,False,0.4536638194936725,45.36638194936725,36~56석,45.60534539784021,3.072044165957392,0,56.61962038180318,45.36638194936725,65.38325687758243
1121573000,서울특별시 광진구 군자동,서울특별시,광진구,11215,962344.1968368413,1950498.9752807333,True,True,광진구,41.6934848855456,36.39532312542461,37.12359552484833,117.92080624488318,122.2097937332294,3366,False,0.5614942356180818,56.14942356180818,36~56석,56.483372104160054,2.5457321761831953,0,65.28585408552556,56.14942356180818,68.74033364619366
1121574000,서울특별시 광진구 중곡1동,서울특별시,광진구,11215,962705.6484334334,1951492.7236130142,True,True,광진구,33.54474756874388,29.26497203905212,29.859318244464585,94.86246686891772,98.17500855462332,2775,False,0.6512049472252145,65.12049472252144,56~75석,65.40430477409987,2.0674339337906225,0,64.99218908027812,65.12049472252144,73.63768587341613
1121575000,서울특별시 광진구 중곡2동,서울특별시,광진구,11215,963310.4012705146,1951142.9149777729,True,True,광진구,41.68987138891147,36.13749199695198,36.92594273256114,118.15625394675368,121.51148729563596,3733,False,0.6217818618992035,62.178186189920346,56~75석,61.7986814068202,1.467734400998687,0,79.39190247715872,62.178186189920346,75.66770344500773
1121576000,서울특별시 광진구 중곡3동,서울특별시,광진구,11215,963083.6478009514,1952136.0591359602,True,True,광진구,37.53152651712003,32.5705388766783,33.259723481453044,106.40968503995546,109.77096999302688,3193,False,0.7231307973034753,72.31307973034752,56~75석,72.36609746137468,1.790148202695873,0,61.521491089294344,72.31307973034752,77.79149966515384
1121577000,서울특별시 광진구 중곡4동,서울특별시,광진구,11215,964183.7153291898,1951694.1623607294,True,True,광진구,66.90878472015054,58.18842371678715,59.42307159407857,189.35498275513592,195.19034386973337,5855,False,0.7050000894762903,70.50000894762903,56~75석,69.21310192636315,0.6417305379711495,0,65.83730035659184,70.50000894762903,80.78270382886156
1121578000,서울특별시 광진구 능동,서울특별시,광진구,11215,963046.5021116612,1950228.604895333,True,True,광진구,20.615926538387704,17.880800940549598,18.25912014396129,58.47699766611025,60.33192119280003,1743,False,0.5219434876893324,52.19434876893324,36~56석,52.6846881326946,2.0116161487323283,0,82.0538662448296,52.19434876893324,72.13626816463608
1121585000,서울특별시 광진구 구의1동,서울특별시,광진구,11215,963429.5487086102,1949209.8917234458,True,True,광진구,44.64103781277045,39.1132745072938,39.87737027775458,125.99822637353024,130.79945995779772,3575,False,0.45399772886847245,45.399772886847245,36~56석,45.87602661735689,2.451531716825457,0,77.28390346085676,45.399772886847245,71.46588095521913
1121586000,서울특별시 광진구 구의2동,서울특별시,광진구,11215,964177.7222819041,1950261.9232588687,True,True,광진구,60.02558493921002,52.55551754824058,53.597882160925366,169.41750196589044,175.63083606274216,4920,False,0.5758700995618046,57.58700995618046,56~75석,57.29370625103122,1.1625547806555387,0,89.43755034073675,57.58700995618046,77.0074281295954
1121587000,서울특별시 광진구 구의3동,서울특별시,광진구,11215,964239.5528764492,1948496.4796329858,True,True,광진구,59.462753742934275,52.41139645135688,53.40050125928363,167.24299602771111,174.0014261815275,4748,False,0.4888547298370493,48.88547298370493,36~56석,49.630403634644225,2.8148641305784,0,58.42769185833519,48.88547298370493,72.79898219464839
1121581000,서울특별시 광진구 광장동,서울특별시,광진구,11215,965097.056327928,1949956.302428327,True,True,광진구,59.640576945416015,53.31074548550086,54.19021600612407,166.62300209944914,175.0322421108329,4301,False,0.6209609123095495,62.096091230954954,56~75석,62.04897032505531,1.2171770268132873,0,81.7539922696993,62.096091230954954,79.23107706093234
1121582000,서울특별시 광진구 자양1동,서울특별시,광진구,11215,962930.3853721413,1948552.3130870857,True,True,광진구,47.73100492466072,41.65354062005749,42.49666234951785,134.96644789465935,139.71922534241838,3934,False,0.4145475604651453,41.45475604651453,36~56석,41.70475229714391,3.2756321042041665,0,50.081202120753666,41.45475604651453,66.3975080386593
1121583000,서울특별시 광진구 자양2동,서울특별시,광진구,11215,963178.0979479254,1947862.371337629,True,True,광진구,51.35512146142733,44.769674139049755,45.712763953837815,145.0993478521858,149.61090537527653,4541,False,0.39792064994135745,39.79206499413574,36~56석,39.98618446803731,3.7537567322811785,0,30.58706393927434,39.79206499413574,65.19213050282556
1121584000,서울특별시 광진구 자양3동,서울특별시,광진구,11215,962114.1048604536,1948128.4954465025,True,True,광진구,65.58270177281912,58.423265760440614,59.41803389032147,183.54005756382483,192.3933612734456,4829,False,0.36534605577670937,36.53460557767094,36~56석,36.67803345462445,4.10852039820006,0,29.494073358346924,36.53460557767094,59.125895441432576
1121584700,서울특별시 광진구 자양4동,서울특별시,광진구,11215,961458.5582209748,1948375.7523037582,True,True,광진구,50.182012138220514,43.84711312872205,44.73247619411315,141.768303016316,146.7600139441169,4172,False,0.3554906832403928,35.54906832403928,16~36석,35.66297724405818,4.394172911037765,0,29.411993381126283,35.54906832403928,56.21544747925101
1123071000,서울특별시 동대문구 회기동,서울특별시,동대문구,11230,960398.3300958571,1955016.3619041163,True,True,동대문구,22.986416648213904,20.10566588448627,20.20634626372322,64.67960907208061,57.98551185748409,1553,False,0.8030333856868662,80.30333856868663,75~97석,81.27567547110563,4.428617532820304,0,66.554027535562,80.30333856868663,88.9990540158777
1123072000,서울특별시 동대문구 휘경1동,서울특별시,동대문구,11230,961374.4102057067,1954808.967585058,True,True,동대문구,30.24199843122694,26.799753524936335,26.891742639690463,85.26143451994926,76.89063013098445,2205,False,0.8691760709714047,86.91760709714048,75~97석,89.89826649557672,3.4334836777699387,0,67.41016389749676,86.91760709714048,89.92043600677933
1123073000,서울특별시 동대문구 휘경2동,서울특별시,동대문구,11230,961721.3961427994,1954211.9397511152,True,True,동대문구,54.8289631484916,49.3205837058095,49.395882554027615,154.84127531057604,140.60693621877462,4369,False,0.8484232385413993,84.84232385413993,75~97석,87.9426501136326,2.9662604946054625,0,64.52991592634245,84.84232385413993,85.54814534927112
1123070500,서울특별시 동대문구 청량리동,서울특별시,동대문구,11230,959840.6532579393,1954490.920446982,True,True,동대문구,76.97816328435451,68.3368561115389,68.53708935015791,216.8033797975559,195.72158805046644,5766,False,0.750181001155947,75.0181001155947,75~97석,75.29116061878959,4.867480389821887,0,77.551753971739,75.0181001155947,84.019582708791
1123053600,서울특별시 동대문구 용신동,서울특별시,동대문구,11230,958700.3529304662,1953018.2401650895,True,True,동대문구,88.26736267581595,78.69684757890016,78.89014981439158,248.80259701804,225.04179721280912,6754,False,0.6757244658297233,67.57244658297233,56~75석,67.61598643976508,6.01380714512234,0,81.17163005408311,67.57244658297233,69.49536768116847
1123054500,서울특별시 동대문구 제기동,서울특별시,동대문구,11230,959142.3935891644,1953910.3358274775,True,True,동대문구,77.45466485269162,68.96984295155738,69.17005655339273,218.57090928439945,197.53571824730972,5786,False,0.720895620478823,72.08956204788231,56~75석,72.16977972449611,5.51948115979362,0,86.44548604880227,72.08956204788231,77.7005889123606
1123056000,서울특별시 동대문구 전농1동,서울특별시,동대문구,11230,960358.8390657515,1953386.8417919204,True,True,동대문구,82.88496774591289,73.77484133438014,73.95819068452096,233.39674957065824,210.9768499043933,6346,False,0.7331448576119651,73.31448576119651,56~75석,73.70382000669235,4.323537680644753,0,75.79155658588896,73.31448576119651,77.63747942505934
1123057000,서울특별시 동대문구 전농2동,서울특별시,동대문구,11230,961251.199033062,1953572.3069021709,True,True,동대문구,52.235146247831054,46.73766039391743,46.83603031186057,147.3630185452519,133.49788607374194,4058,False,0.7773166794619322,77.73166794619321,75~97석,79.0653748407642,3.4185332866597387,0,66.24560244718695,77.73166794619321,80.65424324839893
1123061000,서울특별시 동대문구 답십리2동,서울특별시,동대문구,11230,961243.4111763255,1952481.8113972445,True,True,동대문구,77.43569242129513,69.52205916196496,69.64135378956297,218.583252362123,198.3216018022989,6121,False,0.7110758726033481,71.10758726033481,56~75석,71.73137675224955,3.5284910117349577,0,65.33162876842479,71.10758726033481,73.16667423485272
1123065000,서울특별시 동대문구 장안1동,서울특별시,동대문구,11230,961901.229305187,1951961.7009033416,True,True,동대문구,81.82635337836975,75.36733330302641,75.27836005468941,231.9755334780546,212.9284478377729,7322,False,0.6837853807339,68.37853807339,56~75석,69.11968502648482,2.9306176158544415,0,54.494172310604014,68.37853807339,71.92888026791347
1123066000,서울특별시 동대문구 장안2동,서울특별시,동대문구,11230,962254.758484004,1953017.2660453855,True,True,동대문구,66.64268202216998,61.19981460862405,61.14049668865087,188.7298379345994,173.01842756476952,5918,False,0.7876355703181169,78.76355703181169,75~97석,80.44710927070568,2.5189463933299727,0,62.64452285569499,78.76355703181169,78.85033148320288
1123074000,서울특별시 동대문구 이문1동,서울특별시,동대문구,11230,961184.5935520461,1955403.3228228758,True,True,동대문구,48.44055289573713,42.56559921374624,42.757603449211274,136.43312954269354,122.56214607927402,3351,False,0.8761894528547004,87.61894528547003,75~97석,90.56287973498756,3.8218605340355993,0,63.59477814160447,87.61894528547003,94.48911415310126
1123075000,서울특별시 동대문구 이문2동,서울특별시,동대문구,11230,961822.9931105014,1956022.955346772,True,True,동대문구,54.68829118310818,49.34939287845769,49.42421721531884,154.76793495243058,140.6987202786265,4343,False,0.9018500124376035,90.18500124376035,75~97석,94.39827709539367,3.5954057975222415,0,58.43312408256832,90.18500124376035,100.1434965640472
1123060000,서울특별시 동대문구 답십리1동,서울특별시,동대문구,11230,960412.0862168382,1952491.4913079026,True,True,동대문구,55.865947623786454,50.25374934865451,50.325279245885866,157.69766143588168,143.21373874129446,4477,False,0.6825491604941611,68.25491604941611,56~75석,68.44877533854667,4.3570770206667175,0,69.48160787429065,68.25491604941611,71.6553204718613
1126052000,서울특별시 중랑구 면목2동,서울특별시,중랑구,11260,962756.4976140762,1954525.8549377185,True,True,중랑구,62.447579314249545,73.97573814121024,72.9766765536027,176.4528235056652,217.89681651499643,5189,False,0.904325687306955,90.4325687306955,75~97석,92.79547894918306,2.0326810978229832,0,82.52909891013329,90.4325687306955,89.66726667959159
1126054000,서울특별시 중랑구 면목4동,서울특별시,중랑구,11260,963484.2493767362,1952758.5178168537,True,True,중랑구,47.2455514495698,55.97006083711281,55.19516650032989,134.4967850156169,167.537651778265,4193,False,0.7928858537030236,79.28858537030236,75~97석,78.91242347804729,1.2765058199092936,0,55.94010665579695,79.28858537030236,81.35249866831418
1126055000,서울특별시 중랑구 면목5동,서울특별시,중랑구,11260,962887.6772527316,1953814.5980865273,True,True,중랑구,29.633719203422665,35.0714698725019,34.58930337063995,83.80675182248329,103.77960228563536,2624,False,0.8738905834462077,87.38905834462078,75~97석,88.89799530822926,1.7733851445946491,0,74.26757035238992,87.38905834462078,84.4414153339222
1126057000,서울특별시 중랑구 면목7동,서울특별시,중랑구,11260,964035.017755329,1953179.6368111267,True,True,중랑구,56.10214133846449,66.4291477682691,65.52353073217219,158.62762763712652,196.20299009901296,4819,False,0.8841853837380806,88.41853837380806,75~97석,82.64772041434469,0.7986196334085819,0,53.919474043255455,88.41853837380806,83.92042267355298
1126058000,서울특별시 중랑구 상봉1동,서울특별시,중랑구,11260,963762.4269072025,1955924.5844325363,True,True,중랑구,51.400531995458834,60.84960251040343,60.01839945784593,145.2805599427054,179.68514431181217,4454,False,1.0108682005014078,101.08682005014077,97~159석,95.90568343095332,2.16275456677027,0,147.20558775303022,101.08682005014077,99.02766672867862
1126059000,서울특별시 중랑구 상봉2동,서울특별시,중랑구,11260,963266.8563633722,1955063.5738100966,True,True,중랑구,39.07393443569618,46.27024671687467,45.63992239945473,110.49834691825676,136.67789621954168,3345,False,0.9662857196149465,96.62857196149464,75~97석,95.32396012292915,1.8711456032666485,0,114.0714417994131,96.62857196149464,94.11845780253046
1126060000,서울특별시 중랑구 중화1동,서울특별시,중랑구,11260,963204.7583430323,1955956.1092810705,True,True,중랑구,45.64761638887386,54.01126220538912,53.26129914955272,129.33404235736683,160.57620732358794,4163,False,0.9801704676649549,98.01704676649548,97~159석,98.06676578899014,2.588917455230205,0,128.03916621937213,98.01704676649548,99.97302475587604
1126061000,서울특별시 중랑구 중화2동,서울특별시,중랑구,11260,962502.0151247254,1955563.8384451002,True,True,중랑구,67.64341493218926,80.1514412082928,79.07615901329177,190.99570855811345,235.53766068204652,5493,False,0.9171712215686388,91.71712215686388,75~97석,95.94212717851019,2.7780810087199574,0,85.98972080085517,91.71712215686388,97.51798227381012
1126062000,서울특별시 중랑구 묵1동,서울특별시,중랑구,11260,963148.7242444969,1957226.558656659,True,True,중랑구,79.82525635452944,94.57140508182997,93.2950852065144,225.61983160463677,278.6511325134471,6608,False,0.9158449487668588,91.58449487668588,75~97석,93.1687443612097,2.0989956857717544,0,115.00710534621578,91.58449487668588,105.78515931859438
1126063000,서울특별시 중랑구 묵2동,서울특별시,중랑구,11260,962459.9865793131,1956856.443597139,True,True,중랑구,46.01110085648814,54.46986390437688,53.72352113622071,130.1691338165556,161.17072038200607,4019,False,0.9092272580506388,90.92272580506388,75~97석,95.73424398045132,2.8799003591595267,0,83.35068569188263,90.92272580506388,104.98335606629425
1126066000,서울특별시 중랑구 망우3동,서울특별시,중랑구,11260,964946.7378204386,1954785.8935842114,True,True,중랑구,46.1540082413055,54.66373365936825,53.92809158877132,130.1644136455305,160.42934836819086,3811,False,1.0714468215289152,107.14468215289152,97~159석,84.40264009392206,0.7721333120339806,0,126.83915107573134,107.14468215289152,91.28975163773401
1126068000,서울특별시 중랑구 신내1동,서울특별시,중랑구,11260,965094.869304147,1957114.4747282912,True,True,중랑구,98.63016559119028,116.8635346585981,115.30702994124894,277.8639943582085,341.77089519050395,7854,False,1.0984056564951516,109.84056564951517,97~159석,80.18048622354593,0.8769164776446392,0,143.31943888556856,109.84056564951517,102.66434342385
1126069000,서울특별시 중랑구 신내2동,서울특별시,중랑구,11260,963956.3440986364,1956913.9666010593,True,True,중랑구,59.081917357714886,69.98536261196425,69.05701613966315,166.04752792238827,203.7524427354993,4674,False,0.9911926099507596,99.11926099507596,97~159석,91.87415490327486,1.617436682157577,0,147.6956802364092,99.11926099507596,103.17102458180081
1126056500,서울특별시 중랑구 면목본동,서울특별시,중랑구,11260,963761.2781662203,1954406.3126788347,True,True,중랑구,79.68387609852093,94.37386452002224,93.0905372236853,225.3827451971408,278.7629802794826,6771,False,0.9704474946460949,97.0447494646095,97~159석,90.85891066383417,1.076347091506359,0,97.59486241625241,97.0447494646095,89.50897888551032
1126057500,서울특별시 중랑구 면목3·8동,서울특별시,중랑구,11260,964452.5962258342,1953987.938082809,True,True,중랑구,65.61299357596948,77.69399345674947,76.63297264006876,185.64894085139963,229.79681876905985,5658,False,1.0070865851062676,100.70865851062676,97~159석,86.30823714683477,0.2704622324703842,0,87.16257814789991,100.70865851062676,87.63587676850885
1126065500,서울특별시 중랑구 망우본동,서울특별시,중랑구,11260,965357.2325242002,1955913.4885869375,True,True,중랑구,90.92115862667572,107.64927284703678,106.19624450864356,256.2461080622568,315.7716925469124,7613,False,1.1214098859326305,112.14098859326305,97~159석,81.52818876708318,0.5993760113398531,0,164.27864830750295,112.14098859326305,97.76962360773915
1129058000,서울특별시 성북구 돈암1동,서울특별시,성북구,11290,957985.6594498059,1955652.4893628703,True,True,성북구,40.98604178208501,50.54161675040382,49.69684524153777,115.56267220181522,135.28653366698154,3184,False,0.6932284478872164,69.32284478872164,56~75석,69.33385029596067,5.400874257393359,0,82.27849265193373,69.32284478872164,86.7438210327719
1129059000,서울특별시 성북구 돈암2동,서울특별시,성북구,11290,956888.7913308617,1955430.4860698825,True,True,성북구,53.109921553143266,65.07653450434071,64.03281269277315,149.025585897986,173.6900460177102,3924,False,0.6716042194273518,67.16042194273518,56~75석,67.16073617101989,4.968020454056353,0,66.69748427539864,67.16042194273518,82.85722088031639
1129060000,서울특별시 성북구 안암동,서울특별시,성북구,11290,958267.3404167695,1954311.3292232899,True,True,성북구,31.608246776395298,38.81950881844212,38.20963037289413,88.8964803271794,103.979842955476,2205,False,0.6884274566653348,68.84274566653347,56~75석,68.86975673133699,6.412908828259683,0,84.63535856499063,68.84274566653347,78.19678303643592
1129061000,서울특별시 성북구 보문동,서울특별시,성북구,11290,957550.4571308965,1953799.2281241915,True,True,성북구,35.04007279782755,43.198862570132334,42.47741978262731,98.77823502756834,115.61313251337332,2721,False,0.6221637062849917,62.21637062849917,56~75석,62.22297796585647,6.669019535471862,0,68.96390203436142,62.21637062849917,72.95238874022141
1129062000,서울특별시 성북구 정릉1동,서울특별시,성북구,11290,957335.6836340238,1956092.3449441863,True,True,성북구,45.288773230849074,55.89993484480853,54.97678578030529,127.82248591340064,149.88937206936066,3413,False,0.7141597719320384,71.41597719320384,56~75석,71.4183969750686,4.652012532668314,0,74.01455574966006,71.41597719320384,87.6962284051175
1129063000,서울특별시 성북구 정릉2동,서울특별시,성북구,11290,956582.6287717639,1956155.2777352035,True,True,성북구,63.180134924112984,77.93078147474507,76.62425989396641,178.17228829073028,208.60435074324164,4932,False,0.7275457726565626,72.75457726565627,56~75석,72.75739730605284,4.185457279122971,0,58.04698587564003,72.75457726565627,85.79418624130447
1129064000,서울특별시 성북구 정릉3동,서울특별시,성북구,11290,955320.8285110847,1957101.6378793365,True,True,성북구,48.66641723417917,59.93733687539881,58.969104083337754,137.14396794776127,160.6462711654727,3544,False,0.7632436167695396,76.32436167695396,75~97석,76.33244068760591,2.6874367377095627,0,98.46179888460941,76.32436167695396,84.24024681452768
1129065000,서울특별시 성북구 정릉4동,서울특별시,성북구,11290,955452.5027071531,1958348.8523111928,True,True,성북구,68.16488741028701,84.20501008911383,82.79179976988603,192.4738255571329,225.68978434176063,5290,False,0.7512607057224077,75.12607057224076,75~97석,75.14149648651116,1.7220154578985478,0,68.70766205324449,75.12607057224076,85.48183044952256
1129066000,서울특별시 성북구 길음1동,서울특별시,성북구,11290,957610.5193315079,1956629.095478128,True,True,성북구,65.74592236815361,81.2933430277671,79.93017733343613,185.79679056326503,218.0870350928454,5067,False,0.7379670760102021,73.7967076010202,56~75석,73.8032639826687,4.423240920813651,0,74.3540298472276,73.7967076010202,90.57247259442468
1129068500,서울특별시 성북구 길음2동,서울특별시,성북구,11290,958272.0424692382,1956610.085778962,True,True,성북구,39.147231003245466,48.33260439714344,47.489191934939655,110.41461814150684,129.09929101124786,3299,False,0.7448894531576212,74.48894531576212,56~75석,74.51609501270397,4.919426198052748,0,76.37232094348853,74.48894531576212,91.84800105399246
1129071500,서울특별시 성북구 월곡1동,서울특별시,성북구,11290,959085.4980537732,1956595.7206910604,True,True,성북구,65.32176984519904,80.80368647399605,79.41729838301643,184.59717366040175,216.4892627637396,5268,False,0.7615834677348152,76.15834677348153,75~97석,76.23530862569781,5.5717218809516575,0,65.03890781386879,76.15834677348153,93.99370341484305
1129072500,서울특별시 성북구 월곡2동,서울특별시,성북구,11290,959854.8795834396,1956083.9907865082,True,True,성북구,52.59390861510073,64.75230950512686,63.693449322471125,148.13983286299566,173.3463096776403,3938,False,0.7892177205772478,78.92177205772478,75~97석,79.42203400667557,5.314590644989426,0,54.72446965131495,78.92177205772478,94.27830962703403
1129076000,서울특별시 성북구 장위1동,서울특별시,성북구,11290,959779.2498645453,1957376.2953480606,True,True,성북구,53.17294059626461,65.77723081322765,64.62403424369606,150.21401894606606,175.94539167301554,4480,False,0.8012958128324933,80.12958128324932,75~97석,80.56728892142682,5.3022863945746215,0,51.866112552961205,80.12958128324932,100.61823267046664
1129077000,서울특별시 성북구 장위2동,서울특별시,성북구,11290,960436.3522918148,1957071.300627702,True,True,성북구,41.889934756609534,51.81579191366794,50.93279662396037,118.38803837062795,138.88970962232958,3332,False,0.8155400255106218,81.55400255106218,75~97석,82.66888211077458,4.720917406961854,0,45.96279362078172,81.55400255106218,102.2504284187142
1129078000,서울특별시 성북구 장위3동,서울특별시,성북구,11290,960595.5439338037,1957731.1393475912,True,True,성북구,27.68400603363559,34.281915164,33.66713484111948,78.24719287142656,91.62504757128964,2428,False,0.8099106678095008,80.99106678095008,75~97석,82.11302519138867,4.444617751803734,0,48.74235188230303,80.99106678095008,105.12038382654283
1129052500,서울특별시 성북구 성북동,서울특별시,성북구,11290,955521.544099576,1955281.6167804864,True,True,성북구,48.17925099811126,58.97502055454267,58.08169930627776,135.18836410845813,157.8745115204462,3170,False,0.6432741112839615,64.32741112839615,56~75석,64.32741112839615,4.357579935582197,0,51.014384376242376,64.32741112839615,77.96647188043444
1129055500,서울특별시 성북구 삼선동,서울특별시,성북구,11290,956897.3337514368,1954248.1153774012,True,True,성북구,60.05574892116823,73.94403088238329,72.76853385101205,169.24147222737787,198.36077259270493,4232,False,0.5985849068579547,59.85849068579547,56~75석,59.859092706234065,5.930799255271132,0,54.34186151018141,59.85849068579547,75.42671130209703
1129057500,서울특별시 성북구 동선동,서울특별시,성북구,11290,957486.7872474127,1955034.6558342155,True,True,성북구,32.8187224271736,40.45943695158268,39.81943281392648,92.59345848949935,108.69881740845317,2270,False,0.6526838630078169,65.26838630078169,56~75석,65.27170740552776,5.610599608759216,0,75.51933184292002,65.26838630078169,81.96946952760592
1129070500,서울특별시 성북구 종암동,서울특별시,성북구,11290,958808.3657707506,1955417.9229766587,True,True,성북구,106.51918032164448,130.5546616003881,128.51595685450707,299.08171099999186,349.1861878866489,7427,False,0.7312531700245688,73.12531700245688,56~75석,73.18777916868397,6.068065023411581,0,78.76625021380444,73.12531700245688,86.97567689915125
1129081000,서울특별시 성북구 석관동,서울특별시,성북구,11290,961282.3596709203,1956627.5569701234,True,True,성북구,97.12502790601904,120.40038278878902,118.31726220074708,274.9371804686432,322.9983297062622,7882,False,0.8772119412620863,87.72119412620863,75~97석,91.01778882026247,4.051355455657357,0,47.72481940298696,87.72119412620863,102.78717376296117
1130559500,서울특별시 강북구 번1동,서울특별시,강북구,11305,958580.9961840833,1959898.7119578004,True,True,강북구,46.07827313963757,39.760202499421474,39.96697819089543,130.47892146534983,118.99092068457334,3610,False,1.0256834899155867,102.56834899155866,97~159석,102.98189261405774,3.9121094926083932,0,101.88711809975021,102.56834899155866,98.21595649402401
1130560300,서울특별시 강북구 번2동,서울특별시,강북구,11305,958951.4813817476,1958996.9787919547,True,True,강북구,55.84679318759875,48.21438214947072,48.47736079101786,158.46561920604677,144.5137708682641,4350,False,0.941583316031347,94.1583316031347,75~97석,94.35646113756525,4.447897372487675,0,75.5542373142623,94.1583316031347,100.03754435373709
1130560800,서울특별시 강북구 번3동,서울특별시,강북구,11305,959613.793338445,1958357.6708569315,True,True,강북구,67.01781607604731,57.68220319854065,58.05248384614126,190.73650518519713,173.54049365896407,5047,False,0.8671644962206742,86.71644962206742,75~97석,87.01598395991358,5.195101328990538,0,61.92047761117985,86.71644962206742,102.30049958192899
1130561500,서울특별시 강북구 수유1동,서울특별시,강북구,11305,956661.4203240356,1959054.3288533436,True,True,강북구,62.50380197479146,53.66663703058937,53.948760789820895,176.21963787359255,160.32464344239992,4836,False,0.7980160341088268,79.80160341088268,75~97석,79.82993918515822,2.2598398561872215,0,86.38026429784618,79.80160341088268,89.97643391379971
1130562500,서울특별시 강북구 수유2동,서울특별시,강북구,11305,957611.2654215348,1960766.340283389,True,True,강북구,74.25622262695946,63.26525196889304,63.67448387690405,209.3666333612125,189.58036671989387,5457,False,0.9293553927479989,92.9355392747999,75~97석,93.45410739582378,2.9705321117379335,0,118.11075224987229,92.9355392747999,100.39694909558581
1130563500,서울특별시 강북구 수유3동,서울특별시,강북구,11305,957965.0900488474,1960215.6992454708,True,True,강북구,65.59990323468307,56.57538133227373,56.85648445439184,185.40020885784264,169.0724807033629,5166,False,0.9677573735531046,96.77573735531047,75~97석,97.10465788632942,3.280201756428785,0,114.93715574680894,96.77573735531047,97.6865313130229
1130553400,서울특별시 강북구 삼양동,서울특별시,강북구,11305,957173.6828734108,1958371.0727132438,True,True,강북구,65.12132917635763,56.56742375224225,56.79945264077912,184.317538591178,168.787220410187,5331,False,0.8143896305238089,81.43896305238088,75~97석,81.45958860039654,3.007150455115756,0,82.053490145495,81.43896305238088,92.30154055108221
1130553500,서울특별시 강북구 미아동,서울특별시,강북구,11305,958200.8230465633,1958910.2885284,True,True,강북구,63.97430155439753,55.04253894972754,55.326413114658806,180.60820618872629,164.4909817679767,4986,False,0.8936451227441699,89.36451227441698,75~97석,89.43810205232315,3.761965887369367,0,89.68386732366794,89.36451227441698,96.37100209983458
1130554500,서울특별시 강북구 송중동,서울특별시,강북구,11305,958779.704907253,1957687.485549991,True,True,강북구,77.78955096048554,67.88697334473555,68.11982246158118,220.22836299661805,202.2407310175265,6545,False,0.8018514164295825,80.18514164295824,75~97석,80.23247301470404,4.74776416734663,0,70.14870851621687,80.18514164295824,97.0894240128288
1130555500,서울특별시 강북구 송천동,서울특별시,강북구,11305,958069.528811288,1957748.373023212,True,True,강북구,82.84291671641279,71.61264862979215,71.94798783956497,234.2372127387062,213.89799623857743,6608,False,0.7949477857039507,79.49477857039507,75~97석,79.52149950401804,4.093190306642054,0,79.38846502454098,79.49477857039507,94.29470022697798
1130557500,서울특별시 강북구 삼각산동,서울특별시,강북구,11305,957359.2979564507,1957630.5975116147,True,True,강북구,63.78050481000939,55.021358186177615,55.28334037237059,180.07487542063404,164.2693923133181,5054,False,0.7827381778516803,78.27381778516803,75~97석,78.28717992257968,3.5674950290720098,0,74.1941264945952,78.27381778516803,92.4661535832495
1130564500,서울특별시 강북구 우이동,서울특별시,강북구,11305,955927.9088815028,1962433.7687262108,True,True,강북구,72.73759034009899,61.8505969482438,62.26626287294383,205.01982697369732,185.43223719103895,5283,False,0.5182689803710722,51.82689803710721,36~56석,52.24562511816564,0.8385748308617407,0,35.084581674292835,51.82689803710721,158.2525026622342
1130566000,서울특별시 강북구 인수동,서울특별시,강북구,11305,956235.6967575784,1959912.4308703244,True,True,강북구,100.1761334412405,85.85440200989211,86.34251079208417,282.6800948548527,256.858764983917,7628,False,0.7179017415441395,71.79017415441396,56~75석,71.82876931179439,1.587910633731828,0,80.1132643403637,71.79017415441396,93.20155557522003
1132066000,서울특별시 도봉구 쌍문1동,서울특별시,도봉구,11320,957616.3328861075,1961612.1431809547,True,True,도봉구,66.96707555794671,71.32982430054824,71.16311660743284,188.9871465722403,192.4341652692775,5090,False,0.9819658180740218,98.19658180740218,97~159석,99.81572972595082,2.676506010779401,0,109.05608698191327,98.19658180740218,106.56750038959375
1132067000,서울특별시 도봉구 쌍문2동,서울특별시,도봉구,11320,959161.3072200905,1962052.231985076,True,True,도봉구,57.7705754103788,61.65561243885281,61.51380362323161,162.26813019828143,164.84632808776797,4375,False,1.2667559921601657,126.67559921601656,97~159석,130.4189414612438,3.5389919357145767,0,122.37669775713076,126.67559921601656,118.89688044130939
1132068000,서울특별시 도봉구 쌍문3동,서울특별시,도봉구,11320,958590.2238786813,1961014.9445713311,True,True,도봉구,47.54960814444837,50.474587168168256,50.372346604357446,134.48815373249235,137.00600960555124,3791,False,1.1452155173521004,114.52155173521004,97~159석,116.1984670319909,3.818380111748358,0,124.2356617600336,114.52155173521004,104.15969136981884
1132068100,서울특별시 도봉구 쌍문4동,서울특별시,도봉구,11320,958578.8353889266,1961887.4362105327,True,True,도봉구,44.054037384392196,46.76126532292963,46.68673748181875,123.77549666345236,125.59210354350832,3677,False,1.1946194647005197,119.46194647005197,97~159석,122.52407435167711,3.4114936316679825,0,118.71921073469144,119.46194647005197,113.86296936452884
1132069000,서울특별시 도봉구 방학1동,서울특별시,도봉구,11320,959740.296472037,1962933.7817379504,True,True,도봉구,79.23904633402485,83.87957353719595,83.73781262183344,224.23942415197016,228.3543448735872,6612,False,1.2459013675104944,124.59013675104944,97~159석,129.712266467549,2.5221857832161403,0,170.53471357794558,124.59013675104944,136.29237935371316
1132070000,서울특별시 도봉구 방학2동,서울특별시,도봉구,11320,958749.7690684838,1963394.886719882,True,True,도봉구,60.091383159394766,63.70715412400828,63.58861633734438,169.9700289955489,173.1035248568091,4899,False,1.1205739623534838,112.05739623534838,97~159석,117.00898976019256,2.502801576121386,0,132.2582383763954,112.05739623534838,162.26505841765842
1132071000,서울특별시 도봉구 방학3동,서울특별시,도봉구,11320,957970.9315579012,1962694.3964958831,True,True,도봉구,76.68405664074163,81.83590113775006,81.66704227501592,214.6147188478781,217.54886598359963,5966,False,1.0591529909595723,105.91529909595722,97~159석,109.3684525157911,2.6087634898613135,0,91.0987161401549,105.91529909595722,138.54997020010313
1132051100,서울특별시 도봉구 창1동,서울특별시,도봉구,11320,959734.7960536598,1960948.052620442,True,True,도봉구,68.99565619003242,73.5518022564708,73.38067177698395,194.3418085463323,197.7037582621994,5233,False,1.2102186572517137,121.02186572517138,97~159석,123.2274219043864,3.870914251737594,0,112.39886622736081,121.02186572517138,107.72469254835258
1132051200,서울특별시 도봉구 창2동,서울특별시,도봉구,11320,959137.7952730886,1960450.726635273,True,True,도봉구,75.1153922374631,79.80457184158256,79.64533439357207,211.97489713195097,215.6996325837925,5989,False,1.1390074797221905,113.90074797221905,97~159석,115.11873002526882,4.456985923771342,0,108.7622171987088,113.90074797221905,101.6276473191062
1132051300,서울특별시 도봉구 창3동,서울특별시,도봉구,11320,959558.6380556687,1959864.4026546364,True,True,도봉구,39.35491332888566,41.67420702862055,41.59689503259736,111.57686206007196,113.7585906785296,3224,False,1.0673585642596948,106.73585642596947,97~159석,107.4415666443945,4.425349190222497,0,84.79828368919009,106.73585642596947,103.47608727133186
1132051400,서울특별시 도봉구 창4동,서울특별시,도봉구,11320,960387.1797788701,1961548.7027460255,True,True,도봉구,66.22135180228236,70.72308837867007,70.55916593883104,185.79016491620143,188.64415766974432,4991,False,1.2360805482469353,123.60805482469353,97~159석,126.34563273131998,3.11886838719409,0,131.7140253378111,123.60805482469353,116.12798392288856
1132051500,서울특별시 도봉구 창5동,서울특별시,도봉구,11320,959668.8522574308,1961860.8795982231,True,True,도봉구,63.978825947704486,68.11591231377008,67.97670769459664,179.8924586318093,182.75288499493465,5034,False,1.2818898833161603,128.18898833161603,97~159석,131.8901129630272,3.583152948954281,0,132.09484553151742,128.18898833161603,117.76336231634026
1132052100,서울특별시 도봉구 도봉1동,서울특별시,도봉구,11320,958276.6758621873,1965165.6628765035,True,True,도봉구,81.6088214298064,86.75173160784453,86.55879085653358,230.857938817375,235.2849917102264,6332,False,0.7847884049023685,78.47884049023685,75~97석,73.15363017621976,0.8894293690696596,0,70.74895730370633,78.47884049023685,280.2371777754591
1132052200,서울특별시 도봉구 도봉2동,서울특별시,도봉구,11320,960125.977277138,1964724.2325200709,True,True,도봉구,92.85315272909332,98.7347685435882,98.5326799094546,261.77100455461243,266.2706418804721,7338,False,1.043696194328072,104.3696194328072,97~159석,100.98263003131096,0.6987415835536654,0,154.66818927250958,104.3696194328072,225.2468660926182
1135056000,서울특별시 노원구 월계1동,서울특별시,노원구,11350,961048.3116983038,1958131.4370965015,True,True,노원구,57.312768462257914,49.35394419086992,49.74852324557344,161.8074859325589,144.2480533940483,4519,False,0.8312305005746559,83.12305005746559,75~97석,84.94947233357138,3.964495677159884,0,51.87845270994872,83.12305005746559,107.39112707895642
1135057000,서울특별시 노원구 월계2동,서울특별시,노원구,11350,960402.0472309749,1959495.7930001966,True,True,노원구,79.79805699310629,68.68130428630602,69.23141879070874,224.95429495221595,200.8025759481512,6482,False,0.9947989523647742,99.47989523647742,97~159석,100.30032833735186,3.906336663860541,0,65.95025506541249,99.47989523647742,106.80554530154089
1135058000,서울특별시 노원구 월계3동,서울특별시,노원구,11350,961604.7193380577,1958445.0421051774,True,True,노원구,86.18222680087754,74.06883673168024,74.66732683055352,243.04717260278895,216.4868735542468,6783,False,0.8438557674758161,84.38557674758161,75~97석,86.45675271862771,3.4131493211965056,0,54.508711319188784,84.38557674758161,109.04389499378316
1135060000,서울특별시 노원구 공릉2동,서울특별시,노원구,11350,964196.696130514,1959205.4296793698,True,True,노원구,77.58827335124943,66.73793299556954,67.27389521450515,218.4508219822536,195.16972686347077,6441,False,0.9722735768316632,97.22735768316632,97~159석,67.69566531203846,1.1013753784274802,0,54.83060905553367,97.22735768316632,107.18462824455297
1135061100,서울특별시 노원구 하계1동,서울특별시,노원구,11350,962486.8041101503,1959990.123493436,True,True,노원구,68.06706712201643,57.79621876128648,58.2944819183497,191.0134599755946,168.86342001109733,5056,False,0.8110307165146615,81.10307165146615,75~97석,78.41211265621614,1.8909960783177124,0,60.674171373099206,81.10307165146615,112.65763352187732
1135061200,서울특별시 노원구 하계2동,서울특별시,노원구,11350,961603.849624694,1959574.9183853336,True,True,노원구,50.11734314444473,42.60447453711735,42.96974989007394,140.8145499747426,124.45653287255205,3668,False,0.880476172523799,88.0476172523799,75~97석,88.31542786623113,2.8651880495069046,0,61.329348224167134,88.0476172523799,110.87328578612794
1135061900,서울특별시 노원구 중계본동,서울특별시,노원구,11350,963457.8019411161,1961041.856562222,True,True,노원구,36.91269479413555,31.331698617775107,31.602183184016397,103.5059025171262,91.55672552066994,2784,False,1.120806537800414,112.08065378004139,97~159석,61.278801800530815,0.602650465846455,0,53.45895446120347,112.08065378004139,118.02141291992763
1135062100,서울특별시 노원구 중계1동,서울특별시,노원구,11350,962377.1714879823,1961255.3599226202,True,True,노원구,35.49872984540467,30.376020342711097,30.62714090174008,99.8097876767445,88.80028062982821,2825,False,1.0869922472432605,108.69922472432604,97~159석,88.73517549984008,1.2845976025390937,0,74.74202576058431,108.69922472432604,121.62878221489362
1135062400,서울특별시 노원구 중계4동,서울특별시,노원구,11350,963152.6180512251,1962231.543793345,True,True,노원구,60.10058735562025,51.33919484561777,51.76873904521537,169.4659555468927,149.9302120401842,4313,False,1.2528840597647415,125.28840597647415,97~159석,70.9022019724463,0.46678901006846746,0,61.65532391970861,125.28840597647415,132.6891017681561
1135063000,서울특별시 노원구 상계1동,서울특별시,노원구,11350,961670.3903958447,1964944.3929361,True,True,노원구,99.12987792372012,85.34549225685146,86.02764397743066,279.32832864654665,249.56360994786507,8176,False,0.9832415889849966,98.32415889849966,97~159석,85.90142316038026,0.6994957207570097,0,102.68891269723375,98.32415889849966,211.31935374758638
1135064000,서울특별시 노원구 상계2동,서울특별시,노원구,11350,961830.4388294125,1961975.8229597998,True,True,노원구,47.86535650215665,41.10298209344103,41.43631571928201,134.77407282758017,120.17213159723622,3872,False,1.1398870539753567,113.98870539753567,97~159석,103.37227470327149,1.6567841317536998,0,105.275530119899,113.98870539753567,127.86360376015958
1135067000,서울특별시 노원구 상계5동,서울특별시,노원구,11350,962039.6809440067,1962721.8245568047,True,True,노원구,75.47840281185145,64.52953030291465,65.06654883380953,212.66346539594048,188.512941342854,5609,False,1.2176066647450303,121.76066647450303,97~159석,100.69071699446648,1.661009211188628,0,108.56390334059098,121.76066647450303,142.22111335621227
1135070000,서울특별시 노원구 상계8동,서울특별시,노원구,11350,960634.7369717181,1963068.9404116946,True,True,노원구,42.57126278536393,36.29015529629994,36.59637710516765,119.54187873086154,106.06968852038676,3306,False,1.1777141655001202,117.77141655001202,97~159석,122.51766782266549,2.3140496330559257,0,180.12138078747878,117.77141655001202,144.85605259102087
1135071000,서울특별시 노원구 상계9동,서울특별시,노원구,11350,961415.7298043747,1963262.748379692,True,True,노원구,50.77661825442192,43.29168680014973,43.65661284047546,142.5558925475773,126.54323187817752,3972,False,1.1134082421314966,111.34082421314966,97~159석,110.58972841067336,2.295622143328618,0,152.11800384013466,111.34082421314966,153.53577955208536
1135072000,서울특별시 노원구 상계10동,서울특별시,노원구,11350,961049.9572400025,1962329.5682328243,True,True,노원구,39.2451685839362,33.37214383199917,33.65711154011541,109.91951609376338,97.57484748643915,3135,False,1.1675191938435427,116.75191938435428,97~159석,119.86087663861798,2.4725416282222277,0,150.6202728644255,116.75191938435428,128.35512789548326
1135066500,서울특별시 노원구 상계3·4동,서울특별시,노원구,11350,963251.0251568041,1964039.3424401483,True,True,노원구,87.29488638775922,75.11573058086783,75.71902148535776,246.4960256597533,219.50916292743173,6774,False,1.326395345629786,132.63953456297858,97~159석,62.26561117965791,0.8326871880852703,0,39.33713701689957,132.63953456297858,184.6558582798152
1135069500,서울특별시 노원구 상계6·7동,서울특별시,노원구,11350,961193.6663007387,1961120.2097967004,True,True,노원구,75.71375235407828,64.1436339382499,64.70297803978859,212.1838475703315,187.41798057827788,5628,False,1.1010166214958406,110.10166214958406,97~159석,111.23790337585947,2.4224929382444813,0,105.27502693173622,110.10166214958406,117.52651490103077
1135062500,서울특별시 노원구 중계2·3동,서울특별시,노원구,11350,961702.1705991824,1960518.1055874038,True,True,노원구,113.50179979475344,96.59169003779203,97.4160309747903,319.5039414683754,282.06352263025025,8024,False,0.9622320247896097,96.22320247896097,75~97석,96.41383591381636,2.252816900435155,0,76.34702439498588,96.22320247896097,114.95004438369425
1135059500,서울특별시 노원구 공릉1동,서울특별시,노원구,11350,962299.6421028285,1958382.3471215852,True,True,노원구,85.3936730642699,73.92732955250072,74.49974334742981,240.9722504152826,216.25848225683268,7360,False,0.8362297732141359,83.6229773214136,75~97석,86.38941142369451,2.7157623129749555,0,68.72957626876027,83.6229773214136,109.43861828105813
1138051000,서울특별시 은평구 녹번동,서울특별시,은평구,11380,950134.068636669,1956371.4773893226,True,True,은평구,100.9779471719997,104.0840697400922,104.12650392094456,285.0308984181395,317.1370885965614,7773,False,1.0207529268098472,102.07529268098472,97~159석,102.81458341960301,2.904867032858265,0,92.91770606657207,102.07529268098472,68.06036608027135
1138052000,서울특별시 은평구 불광1동,서울특별시,은평구,11380,950514.585741023,1957689.2223847674,True,True,은평구,115.88488011215614,119.5074145297302,119.53872846829223,326.3035674721764,362.62592131475776,8500,False,1.0440025052616184,104.40025052616184,97~159석,105.81712458243994,2.906920959058715,0,110.58533453222996,104.40025052616184,66.99248029134284
1138055100,서울특별시 은평구 갈현1동,서울특별시,은평구,11380,948368.1862313381,1958594.3562649265,True,True,은평구,40.10123842157509,41.26839983910461,41.29652306818176,113.33846411481072,126.1689666013805,3246,False,0.8676451011157521,86.7645101115752,75~97석,72.94794039623643,0.6033612418780839,0,76.21007831466348,86.7645101115752,83.96795212898301
1138055200,서울특별시 은평구 갈현2동,서울특별시,은평구,11380,948119.4072545955,1957811.6090736166,True,True,은평구,71.43674580759307,73.55926221374202,73.60163914737156,201.7751734020353,224.5573203773978,5665,False,0.904465288499259,90.4465288499259,75~97석,75.94732277331718,0.6218728168583362,0,73.86944952279387,90.4465288499259,83.48380109821848
1138056000,서울특별시 은평구 구산동,서울특별시,은평구,11380,947719.2462642093,1957013.063686613,True,True,은평구,85.97901259420021,88.48351890933488,88.54122376496679,242.7970689644694,270.16913371116664,6871,False,0.8537521359769086,85.37521359769086,75~97석,70.76121477658958,0.5231105878046324,0,87.04323127868649,85.37521359769086,85.02232611856363
1138057000,서울특별시 은평구 대조동,서울특별시,은평구,11380,949083.5654970575,1957139.5068485232,True,True,은평구,73.27836490186056,75.68576690080948,75.69665861193678,207.0609220387932,230.54305689974117,5502,False,1.0168914322111344,101.68914322111344,97~159석,96.96316696366284,1.7673139718648299,0,66.20697646770289,101.68914322111344,74.36411639970191
1138058000,서울특별시 은평구 응암1동,서울특별시,은평구,11380,949409.8939757714,1955581.499165367,True,True,은평구,74.29888423864708,76.54972870463183,76.58655408244087,209.77429787884512,233.42304079559108,5792,False,0.9381488940988684,93.81488940988683,75~97석,92.98941295017356,2.2465253653347843,0,87.53311995744195,93.81488940988683,69.02484219664906
1138059000,서울특별시 은평구 응암2동,서울특별시,은평구,11380,949063.4094188422,1954876.8404368744,True,True,은평구,54.854318877179175,56.39144430551603,56.43427607402232,154.6495596576683,171.92819014759067,4369,False,0.8568422495138422,85.68422495138422,75~97석,85.7577739833404,1.9709356566748264,0,86.25741901815273,85.68422495138422,69.0880081616524
1138063100,서울특별시 은평구 신사1동,서울특별시,은평구,11380,947816.4105440069,1955673.2927113676,True,True,은평구,69.03189489474497,71.02763383602391,71.07932279358101,195.22376073229069,217.38643442255,5657,False,0.8127072649285964,81.27072649285964,75~97석,74.8361814401701,0.6504006445031281,0,91.08605514443616,81.27072649285964,81.17735161699169
1138063200,서울특별시 은평구 신사2동,서울특별시,은평구,11380,947586.3748964506,1954997.6715396293,True,True,은평구,51.92978565288986,53.27863050188117,53.333213698588935,146.27445964726996,162.51892730073405,4241,False,0.7957730898528176,79.57730898528176,75~97석,75.30353698922735,0.5290992520881252,0,90.13313088155161,79.57730898528176,81.88542118768744
1138064000,서울특별시 은평구 증산동,서울특별시,은평구,11380,947538.0720572654,1953987.2098478235,True,True,은평구,44.94616481744797,46.20617708220411,46.243526882944536,126.92532893033882,141.22309432806264,3666,False,0.7215443579524762,72.15443579524762,56~75석,72.20867532420179,0.8565592014212904,0,98.74213541331878,72.15443579524762,78.9455914255754
1138065000,서울특별시 은평구 수색동,서울특별시,은평구,11380,946576.2407029383,1954214.0790037948,True,True,은평구,41.30570304469619,42.38153804435236,42.422810344232175,116.19465850850378,129.013508607449,3305,False,0.6683455853724651,66.83455853724651,56~75석,64.58049163938314,0.3092366988838885,0,75.08863035253647,66.83455853724651,87.79672658566405
1138069000,서울특별시 은평구 진관동,서울특별시,은평구,11380,950639.1041127644,1960125.6470261265,True,True,은평구,118.71973433391248,122.0104364239399,122.1053396589924,334.43010024872876,371.634061095776,9396,False,0.7051871318686894,70.51871318686894,56~75석,73.97959419552683,1.35996386008615,0,119.69164884144993,70.51871318686894,102.54021560148755
1138053000,서울특별시 은평구 불광2동,서울특별시,은평구,11380,949582.0271114478,1958478.1960075304,True,True,은평구,82.6804393887129,85.21501390854178,85.25613570588422,233.84159988562595,260.43455984620664,6568,False,0.9719359235189365,97.19359235189366,97~159석,94.23409063612957,1.8168240676480885,0,96.40027516504524,97.19359235189366,73.67563488722124
1138060000,서울특별시 은평구 응암3동,서울특별시,은평구,11380,948595.1454910003,1954521.1831425715,True,True,은평구,83.86472690400241,86.5984522995125,86.60771534644654,236.4058075327379,262.8952452836754,6093,False,0.8160477016472797,81.60477016472797,75~97석,81.70191951539498,1.586433093427734,0,93.68538390870022,81.60477016472797,71.61335769333674
1138062500,서울특별시 은평구 역촌동,서울특별시,은평구,11380,948322.2302388215,1956288.6943098516,True,True,은평구,117.24887825383706,120.75251276058307,120.82430641025854,331.63539816594596,369.341450671359,9460,False,0.9067173491378326,90.67173491378327,75~97석,84.24657989505579,1.10167193721691,0,82.7711081163266,90.67173491378327,77.91077055441068
1141052000,서울특별시 서대문구 천연동,서울특별시,서대문구,11410,952062.051040561,1952565.559441817,True,True,서대문구,51.452220420534275,41.02822044186093,42.01662107404946,144.35073633560955,123.3325472830838,3435,False,0.4282215348655915,42.82215348655915,36~56석,42.92996570169226,5.46629346279939,0,24.880688381751266,42.82215348655915,58.83979108598173
1141062000,서울특별시 서대문구 홍제1동,서울특별시,서대문구,11410,951014.4705317271,1953717.401985811,True,True,서대문구,67.69971759779274,54.151400720805874,55.51107743738557,190.8349788960103,163.21396082708554,5151,False,0.7189442789219112,71.89442789219112,56~75석,72.51479913939805,4.110063761035817,0,35.37912283177673,71.89442789219112,62.42756361308499
1141064000,서울특별시 서대문구 홍제3동,서울특별시,서대문구,11410,951547.3935216891,1954877.2261157716,True,True,서대문구,59.08080685195589,47.16611996505019,48.32285524120964,166.2745711089998,142.20721613865234,4156,False,0.7383969792481133,73.83969792481133,56~75석,74.42659716299039,4.420504045903252,0,82.61429713978109,73.83969792481133,66.28583073955353
1141065500,서울특별시 서대문구 홍제2동,서울특별시,서대문구,11410,951663.1545036653,1954047.0887611134,True,True,서대문구,39.91321460242897,31.903826682164024,32.69893154387463,112.5045213538722,96.24360659929712,2957,False,0.6663078247955816,66.63078247955816,56~75석,67.04875826076939,4.68883476379148,0,43.84577188968859,66.63078247955816,64.10488597068797
1141066000,서울특별시 서대문구 홍은1동,서울특별시,서대문구,11410,951187.7412235767,1955762.1347418784,True,True,서대문구,67.28623377824646,53.77790769371903,55.11058369891718,189.10226891049592,161.55800433517788,4951,False,0.8943772137992388,89.43772137992389,75~97석,90.85363545014509,3.9900659172355146,0,121.61165209878094,89.43772137992389,66.88851664852395
1141068500,서울특별시 서대문구 홍은2동,서울특별시,서대문구,11410,949867.8473728143,1954328.9617382097,True,True,서대문구,78.23655866410101,62.53163319948675,64.08308219609052,220.005448657491,188.00822661811924,5766,False,0.8336036308971141,83.36036308971141,75~97석,84.5116043371858,2.8723471431682506,0,65.9079491793844,83.36036308971141,63.83083273330396
1141069000,서울특별시 서대문구 남가좌1동,서울특별시,서대문구,11410,948447.1430377065,1952640.4911904149,True,True,서대문구,32.52447176346157,25.99340547967133,26.638742941603223,91.5572239348032,78.28171763504224,2391,False,0.6444195448967243,64.44195448967243,56~75석,65.38557679894585,2.4802843015231377,0,75.34385580445901,64.44195448967243,66.79197887130427
1141070000,서울특별시 서대문구 남가좌2동,서울특별시,서대문구,11410,948904.1148332778,1953295.5821942105,True,True,서대문구,71.57169703020398,57.19637959746642,58.61886423717811,201.79507503160136,172.66423860320492,5256,False,0.7313833364367738,73.13833364367738,56~75석,74.23989618838525,2.333437765122342,0,72.5842142373627,73.13833364367738,65.07367991169968
1141071000,서울특별시 서대문구 북가좌1동,서울특별시,서대문구,11410,947725.6948201339,1953041.4582042238,True,True,서대문구,43.24398195027378,34.5899344856262,35.45915544822107,121.9622779057525,104.33478023857924,3292,False,0.6457825243283744,64.57825243283743,56~75석,65.67084856375864,1.767259142638282,0,91.829114121696,64.57825243283743,74.39844011934909
1141072000,서울특별시 서대문구 북가좌2동,서울특별시,서대문구,11410,948215.1203658473,1953674.773268649,True,True,서대문구,88.26128360816463,70.65261274149341,72.44893846484662,249.5046032278375,213.60855145067163,6930,False,0.7340815300536893,73.40815300536893,56~75석,74.6852577952221,1.5561402113213685,0,96.8976760599029,73.40815300536893,72.1916814713313
1141056500,서울특별시 서대문구 충현동,서울특별시,서대문구,11410,952141.926607899,1951754.5344189133,True,True,서대문구,50.82110642462912,40.59824712613296,41.59534532840139,142.49674575688502,121.63330293409058,3659,False,0.33123542604639117,33.12354260463912,16~36석,33.144474655361876,5.883024036456015,0,36.735537157413184,33.12354260463912,54.92825759582279
1141055500,서울특별시 서대문구 북아현동,서울특별시,서대문구,11410,951910.9452597556,1951238.738568142,True,True,서대문구,32.89882453284932,26.302851438017125,26.957644243645554,92.51573880141332,79.05234589791561,2454,False,0.31789679407940635,31.789679407940636,16~36석,31.811414006455042,5.436561295774387,0,42.44901438454928,31.789679407940636,52.909329262284764
1141058500,서울특별시 서대문구 신촌동,서울특별시,서대문구,11410,950637.2302169651,1951733.0350947634,True,True,서대문구,33.40729792101426,26.625110802383062,27.26366760530542,93.8146100667229,80.20561380520022,2181,False,0.4649773031932926,46.497730319329264,36~56석,46.76294195758535,4.624160306658419,0,31.79914713221808,46.497730319329264,56.231855879058465
1141061500,서울특별시 서대문구 연희동,서울특별시,서대문구,11410,949907.3249481623,1952666.070749599,True,True,서대문구,89.56021064001689,71.48234962612268,73.23152558050678,252.10776114881952,215.65588763387967,6241,False,0.6521239796944259,65.21239796944259,56~75석,65.92061108495363,3.516027536078096,0,30.179932486698906,65.21239796944259,59.35279975090864
1144059000,서울특별시 마포구 용강동,서울특별시,마포구,11440,950725.5315880475,1949276.0285172507,True,True,마포구,46.44468210946592,38.46648508393238,39.35954289362485,130.2760342362488,116.3059731973311,3199,False,0.2665107768712691,26.65107768712691,16~36석,26.67108353717065,3.716198386451752,1,29.29604468659617,26.65107768712691,52.17476691428601
1144060000,서울특별시 마포구 대흥동,서울특별시,마포구,11440,950659.4824591599,1950455.4922034605,True,True,마포구,28.139387816837832,23.28709328716883,23.841940270046702,79.13850688654986,70.71760884081641,2023,False,0.33226512332221997,33.22651233222199,16~36석,33.29446450794974,3.9704601919635745,0,35.458631442712694,33.22651233222199,54.13622314040266
1144061000,서울특별시 마포구 염리동,서울특별시,마포구,11440,951200.8938905747,1950197.4314814839,True,True,마포구,30.360291032665877,25.11965207219119,25.721886099387888,85.57654164208222,76.55681785690577,2210,False,0.30545840140513114,30.545840140513114,16~36석,30.573827598630093,4.382955439609676,0,41.08270147130072,30.545840140513114,51.515619757983835
1144063000,서울특별시 마포구 신수동,서울특별시,마포구,11440,950071.1637322028,1949724.0926893197,True,True,마포구,48.321938659780926,39.960475986532906,40.93507710337619,136.11666551472666,121.67970460398055,3604,False,0.3011995034627507,30.119950346275072,16~36석,30.177838544396558,3.16351392009097,0,22.440101684536703,30.119950346275072,55.62926496559596
1144066000,서울특별시 마포구 서교동,서울특별시,마포구,11440,948854.4193097485,1950760.433294721,True,True,마포구,51.206180567089675,42.436771471509545,43.399956587273465,143.86596385319146,128.61776411338025,3416,False,0.409121930322466,40.912193032246606,36~56석,41.23950236170625,2.6502933709747465,0,28.364321719273928,40.912193032246606,61.18973480230808
1144068000,서울특별시 마포구 합정동,서울특별시,마포구,11440,947823.5750294547,1949894.2889539967,True,True,마포구,36.814181906765306,30.452765481324192,31.18811028269377,103.81469009867844,92.8814681374235,2710,False,0.32706958504245714,32.70695850424571,16~36석,32.98488855564348,1.3220783326580903,1,17.950581091283023,32.70695850424571,67.36449232443333
1144069000,서울특별시 마포구 망원1동,서울특별시,마포구,11440,947032.37998828,1950627.585732363,True,True,마포구,46.01686092116713,38.0289672120141,38.97509404692128,130.15995850787607,116.5726517872429,3553,False,0.39904817574287815,39.90481757428782,36~56석,40.41972271912923,1.7951184582112016,0,34.62808437949405,39.90481757428782,72.73978941376832
1144070000,서울특별시 마포구 망원2동,서울특별시,마포구,11440,947050.6506884921,1951262.5928908254,True,True,마포구,42.57443605000916,35.16681520394166,36.05531449759413,120.51018802732544,107.93624461261194,3364,False,0.4356428217619428,43.56428217619428,36~56석,44.15626458383791,2.430166939149707,0,49.06122946623071,43.56428217619428,74.37323294575584
1144071000,서울특별시 마포구 연남동,서울특별시,마포구,11440,948913.0903505019,1951676.2830954122,True,True,마포구,34.206855631083016,28.317459657150312,28.985048440945455,96.13190537113572,85.8870394134068,2418,False,0.5301894324012342,53.01894324012342,36~56석,53.601854540072914,3.4075086653780287,0,41.00545753634705,53.01894324012342,61.62980958048577
1144072000,서울특별시 마포구 성산1동,서울특별시,마포구,11440,948055.726448775,1951565.3858326108,True,True,마포구,40.60157743611846,33.546452867198724,34.387054606922085,114.77929563493645,102.7491905687168,3165,False,0.4966635381166753,49.66635381166753,36~56석,50.286825049965735,2.9169971796979026,0,50.96522752322195,49.66635381166753,67.07533762410806
1144073000,서울특별시 마포구 성산2동,서울특별시,마포구,11440,947194.3115258715,1952250.213076222,True,True,마포구,89.22631080128286,73.77544135466053,75.5818390226201,252.03475274167516,225.6331649317981,6719,False,0.5424089826796187,54.24089826796187,36~56석,55.0842558175131,2.3198927845179482,0,76.43036923757226,54.24089826796187,76.22597790236016
1144074000,서울특별시 마포구 상암동,서울특별시,마포구,11440,945267.9430545967,1952547.786483228,True,True,마포구,60.217979289404425,49.780524760421486,51.00971973197039,169.27573803295348,151.10378263631625,4560,False,0.4617399915617901,46.17399915617901,36~56석,47.11105803109507,0.9537987011129901,0,42.31120537562803,46.17399915617901,90.33600561451799
1144058500,서울특별시 마포구 도화동,서울특별시,마포구,11440,951324.1862279045,1948954.232718857,True,True,마포구,58.44735925170519,48.41114972801414,49.53224381586881,163.88191584036534,146.28518097021814,4008,False,0.2465633056995148,24.65633056995148,16~36석,24.65651863623755,4.290015309135723,1,31.4965454535441,24.65633056995148,49.62709139832504
1144065500,서울특별시 마포구 서강동,서울특별시,마포구,11440,949295.0774410152,1949874.2099706335,True,True,마포구,48.734022495819005,40.316923491693615,41.28807542543257,137.14484015978294,122.56587522162658,3564,False,0.3167780605206385,31.67780605206385,16~36석,31.789538408167296,2.4877915595367313,1,10.348154919522601,31.67780605206385,59.4990773003701
1144056500,서울특별시 마포구 공덕동,서울특별시,마포구,11440,952112.6933005307,1950115.243756627,True,True,마포구,89.40153333661485,73.98451855117942,75.74834774722049,251.29776550008972,224.4881826159899,6428,False,0.28392280424237043,28.392280424237043,16~36석,28.392280424237043,5.236348410845253,1,44.55470942592921,28.392280424237043,48.95435092650523
1144055500,서울특별시 마포구 아현동,서울특별시,마포구,11440,951669.9165206208,1950427.7955845578,True,True,마포구,49.55390959386997,40.948503791066926,41.97330940689579,139.09276885686717,124.019350492235,3819,False,0.29482574646812876,29.482574646812875,16~36석,29.495110576717554,4.900936405759972,0,44.505709050978055,29.482574646812875,50.70766211720106
1147051000,서울특별시 양천구 목1동,서울특별시,양천구,11470,944784.8657711294,1947754.500169766,True,True,양천구,42.47651886043649,40.60135307561838,40.77649865019429,119.98997059509507,122.58031284302965,3765,False,0.6372672400067547,63.726724000675475,56~75석,69.50885096020812,2.2817627682616703,0,39.855604728646775,63.726724000675475,93.31095286724349
1147052000,서울특별시 양천구 목2동,서울특별시,양천구,11470,944708.4044661928,1949546.778773445,True,True,양천구,52.75041580843697,50.42036552019397,50.6401885100688,148.95662022269585,152.1894451814481,4789,False,0.5800976147970871,58.00976147970871,56~75석,61.2192599208185,2.3767731041814284,0,29.55631482139578,58.00976147970871,86.24130348209953
1147053000,서울특별시 양천구 목3동,서울특별시,양천구,11470,943942.2738024363,1949730.1642020314,True,True,양천구,47.080988361762635,44.91211395864603,45.10804452922702,132.42043170920806,135.32207776449968,3914,False,0.6738372130319278,67.38372130319277,56~75석,71.8382075945324,3.1319821051077095,0,50.418338158186536,67.38372130319277,90.81765528946926
1147054000,서울특별시 양천구 목4동,서울특별시,양천구,11470,944066.0421572065,1948646.0444214751,True,True,양천구,44.87593828740186,42.86829960125413,43.04914901033874,126.69589461694912,129.40955385844444,3660,False,0.7452319445148656,74.52319445148656,56~75석,80.62666487521437,2.8306558665234767,0,49.77965743669161,74.52319445148656,92.71628310710034
1147056000,서울특별시 양천구 신월1동,서울특별시,양천구,11470,941203.5562987286,1948201.2305353424,True,True,양천구,51.20271901994471,49.042556583984634,49.251383986605994,145.28539854358502,148.37200831993007,4810,False,1.128921268816863,112.89212688168631,97~159석,100.40515543388221,0.6158501780838608,0,132.95215404355955,112.89212688168631,127.67869149402979
1147057000,서울특별시 양천구 신월2동,서울특별시,양천구,11470,942239.7964679003,1947322.7902289925,True,True,양천구,49.04146972492107,46.9241910875659,47.12667621201031,138.8139765218077,141.79683397550784,4546,False,1.1306627726577432,113.06627726577432,97~159석,110.69154749875791,1.5866630433984061,0,99.56098391872668,113.06627726577432,116.16785464929116
1147058000,서울특별시 양천구 신월3동,서울특별시,양천구,11470,940580.9590321566,1948325.0857217265,True,True,양천구,38.53805936783789,36.844841571966995,37.002140583388375,108.9456838490406,111.28332395155724,3365,False,1.1094156989866006,110.94156989866006,97~159석,92.39345032967123,0.28224595401272057,0,141.7961129074736,110.94156989866006,138.94655981491294
1147059000,서울특별시 양천구 신월4동,서울특별시,양천구,11470,941663.688220352,1947199.4037533223,True,True,양천구,43.68653026073089,41.756132613106814,41.935033316513426,123.42266300450004,126.07880177826164,3802,False,1.177521513487737,117.75215134877371,97~159석,108.3147491881029,1.0821690524606198,0,109.52707659115535,117.75215134877371,127.82979389233611
1147060000,서울특별시 양천구 신월5동,서울특별시,양천구,11470,940759.5502286884,1949271.3976390362,True,True,양천구,31.091427341374107,29.749506467764945,29.876479875145193,88.03677566703315,89.91829936707808,2812,False,1.1361641912358005,113.61641912358004,97~159석,103.35920720373663,0.6430648977739863,0,120.58023895578083,113.61641912358004,128.80751390979387
1147061000,서울특별시 양천구 신월6동,서울특별시,양천구,11470,941862.8699260815,1946501.7672364886,True,True,양천구,22.69066025336408,21.720833987581432,21.81595701243249,64.25577621856536,65.64364054269103,2215,False,1.1627867215000927,116.27867215000927,97~159석,107.19406958504712,1.5261395754406062,0,109.23019098418654,116.27867215000927,130.6357596461622
1147061100,서울특별시 양천구 신월7동,서울특별시,양천구,11470,940847.5280305685,1946843.9252130475,True,True,양천구,58.78694846213722,56.10840820901332,56.349185862733506,165.60087075357762,169.1917670613842,4804,False,1.2316701136952883,123.16701136952884,97~159석,96.78140661984425,0.45660568871009644,0,136.60418160301245,123.16701136952884,149.26015785033596
1147062000,서울특별시 양천구 신정1동,서울특별시,양천구,11470,943411.9874565558,1946813.2198181537,True,True,양천구,37.17287792595096,35.44906976048554,35.603686112617225,104.48663809690125,106.77939249970608,3042,False,0.958060585862191,95.8060585862191,75~97석,103.98468042505166,2.7466960045450985,0,80.76131328725128,95.8060585862191,108.01566023979927
1147063000,서울특별시 양천구 신정2동,서울특별시,양천구,11470,944785.5329742347,1946812.3658995016,True,True,양천구,35.2576459703459,33.6557760202129,33.80186146764949,99.312447621062,101.4765381826972,2985,False,0.7048397057392294,70.48397057392293,56~75석,78.76839479954828,2.7037532734916105,0,58.35970345978644,70.48397057392293,97.6722878913504
1147064000,서울특별시 양천구 신정3동,서울특별시,양천구,11470,941760.8409706553,1946002.9150435396,True,True,양천구,102.35110114225463,97.76962208835992,98.19081065717768,288.767910503187,295.0166642904307,8784,False,1.1861770182657603,118.61770182657602,97~159석,101.98929072907501,1.4724131439953123,0,111.88314559131737,118.61770182657602,137.04092655634784
1147067000,서울특별시 양천구 신정6동,서울특별시,양천구,11470,944294.2968898879,1946478.118856869,True,True,양천구,38.073548383404216,36.28558523211194,36.45018180216439,106.75637262010748,109.1514474060776,3348,False,0.8067332432877513,80.67332432877514,75~97석,90.93583189578376,2.3097714046915265,0,71.46156558133107,80.67332432877514,102.77902214469934
1147068000,서울특별시 양천구 신정7동,서울특별시,양천구,11470,943851.5932249203,1945838.1997233224,True,True,양천구,73.00384800597223,69.59570936501328,69.89647397198533,205.12513656665,209.61293193871415,5738,False,0.8817001415806226,88.17001415806226,75~97석,98.51718488056649,1.6960806015629333,0,90.32208491926984,88.17001415806226,109.46309577728435
1147055000,서울특별시 양천구 목5동,서울특별시,양천구,11470,945215.6688351874,1948707.7000660151,True,True,양천구,61.86826588380751,58.98148546032845,59.247433500497266,173.6177633118537,177.4956427482946,5435,False,0.5247617248316551,52.476172483165506,36~56석,55.33036726293583,1.683243775289118,0,25.232137353596016,52.476172483165506,85.52290026731696
1147065000,서울특별시 양천구 신정4동,서울특별시,양천구,11470,943234.5567122481,1947539.1497137323,True,True,양천구,73.44293982223581,70.31414939679141,70.61094102130077,208.26644370167656,212.68131829024765,6641,False,0.978449665343033,97.8449665343033,97~159석,103.85034259846489,2.544741539476614,0,72.86001369626497,97.8449665343033,104.55375422138175
1150051000,서울특별시 강서구 염창동,서울특별시,강서구,11500,944510.2241274415,1950744.7328530217,True,True,강서구,55.937839365014554,58.12413725507956,57.95808937880465,157.77479824080655,175.21181714306636,5097,False,0.5669795304702798,56.69795304702798,56~75석,59.40131274553197,2.4554925752120473,0,28.65645113955984,56.69795304702798,88.20326138447847
1150052000,서울특별시 강서구 등촌1동,서울특별시,강서구,11500,943439.8336419323,1950915.8582370956,True,True,강서구,51.456398563831925,53.681463387935544,53.53941712839253,143.43671087664978,158.59707618551255,3344,False,0.6511103413429143,65.11103413429143,56~75석,69.45002181999061,1.8490888295525436,0,51.07888225234196,65.11103413429143,92.83132954090199
1150053000,서울특별시 강서구 등촌2동,서울특별시,강서구,11500,943466.8053706154,1949792.7492871385,True,True,강서구,40.77337643043949,42.3611447404118,42.241791296384946,115.05203514300965,127.68707794299924,3641,False,0.7197394765693081,71.97394765693082,56~75석,77.09196297687704,2.9482849160649827,0,66.75230581229378,71.97394765693082,93.24096500846439
1150053500,서울특별시 강서구 등촌3동,서울특별시,강서구,11500,942269.5903015073,1951500.6982541904,True,True,강서구,107.82723663236725,112.35780177819171,112.05541391058358,301.62367681088256,333.8413299702677,7732,False,0.802307800845748,80.2307800845748,75~97석,87.19609368013369,1.3524199164046722,0,68.89995690052443,80.2307800845748,97.08933609389871
1150059000,서울특별시 강서구 화곡본동,서울특별시,강서구,11500,942416.3892924368,1949449.1838650836,True,True,강서구,63.22294397313826,65.63735548842794,65.45502247670034,178.78400037658605,198.31490119715065,5657,False,0.8927990228490162,89.27990228490162,75~97석,91.43890140585899,2.307863929810244,0,110.79310835589978,89.27990228490162,101.16402539398362
1150055000,서울특별시 강서구 화곡2동,서울특별시,강서구,11500,942956.8200615144,1948303.1840137881,True,True,강서구,34.96226016394086,36.26690212207767,36.166664272993195,99.11285490004356,109.93268811059036,3201,False,0.9671885267705125,96.71885267705125,75~97석,100.35474133276672,2.3449711221609344,0,86.18207001933385,96.71885267705125,101.10354895000353
1150056000,서울특별시 강서구 화곡3동,서울특별시,강서구,11500,941191.526471949,1949620.1140232594,True,True,강서구,51.00892871119858,52.93678699696145,52.78886055694139,144.40471952259065,160.23575329350433,4680,False,1.0981083684598756,109.81083684598755,97~159석,105.79418687346242,1.1350785352879313,0,119.63154351683755,109.81083684598755,118.84126580594003
1150057000,서울특별시 강서구 화곡4동,서울특별시,강서구,11500,943331.4577510292,1948724.418514309,True,True,강서구,49.685428429142405,51.58361474159585,51.44245798864574,140.499186128423,155.73979074867594,4323,False,0.8491981972075797,84.91981972075797,75~97석,90.52228183816224,2.8007831504625056,0,74.81326353891589,84.91981972075797,96.20210422127197
1150059100,서울특별시 강서구 화곡6동,서울특별시,강서구,11500,942688.7757121247,1950462.2914115551,True,True,강서구,49.73172363008372,51.67273518581162,51.524842466721005,140.29164434173157,155.8118597197433,4556,False,0.791142449754999,79.1142449754999,75~97석,85.06541358778016,2.238203028172967,0,88.52300574667086,79.1142449754999,96.17220375583202
1150059300,서울특별시 강서구 화곡8동,서울특별시,강서구,11500,942451.6263267662,1948522.1559900283,True,True,강서구,54.18365229833458,56.17445601696646,56.02303509361646,153.8574677763454,170.47877839100445,4848,False,1.0158641439827218,101.58641439827218,97~159석,101.51996912373711,1.8997142564691551,0,106.07297060847051,101.58641439827218,104.16138289240693
1150060300,서울특별시 강서구 가양1동,서울특별시,강서구,11500,941275.3712302656,1952712.3749211023,True,True,강서구,39.638964449404384,41.214367845400055,41.09346873609979,111.58914502593775,124.0657135953567,3703,False,0.9292061231250935,92.92061231250935,75~97석,90.37996552788768,1.0375824442696382,0,70.6200198440073,92.92061231250935,102.02805048767381
1150060400,서울특별시 강서구 가양2동,서울특별시,강서구,11500,942903.0687509929,1952157.6690579045,True,True,강서구,60.35684370469578,62.82089862706486,62.65003321488509,169.4094058182376,187.6391594952542,4668,False,0.6577562113239946,65.77562113239946,56~75석,70.90565964724271,0.5314711119067351,0,30.108096259362,65.77562113239946,95.44386080451946
1150060500,서울특별시 강서구 가양3동,서울특별시,강서구,11500,943559.8131536546,1951563.3405868432,True,True,강서구,50.050269565564875,52.00301946377393,51.86364694798078,141.2095551138895,156.3554392066867,4055,False,0.6038313896595554,60.38313896595554,56~75석,64.16975552166913,1.2970978031881149,0,34.15096986948953,60.38313896595554,93.07252901049378
1150061100,서울특별시 강서구 발산1동,서울특별시,강서구,11500,940384.5938510423,1950349.2613136116,True,True,강서구,68.95463486481525,71.63509378496835,71.44259639329175,194.6237462231838,215.53037416269217,5648,False,1.136490274271739,113.6490274271739,97~159석,111.82125317827642,1.1263366484806656,0,94.5610080937148,113.6490274271739,127.29948973324396
1150062000,서울특별시 강서구 공항동,서울특별시,강서구,11500,937718.037985558,1950962.8049167774,True,True,강서구,55.90343947166659,58.07346429701286,57.91553030798536,157.80897963903453,174.85737506591497,4695,False,0.7817262771295367,78.17262771295367,75~97석,71.06665721174025,1.2960116705438183,0,38.8709222012137,78.17262771295367,161.02144884598803
1150063000,서울특별시 강서구 방화1동,서울특별시,강서구,11500,939738.9254834768,1952357.8388399058,True,True,강서구,87.22148737876141,90.63798400863033,90.38533889293132,245.96056820615252,272.82305363314174,7569,False,1.0102571688306339,101.02571688306338,97~159석,100.78054085741626,2.2798950637830773,0,140.53891252323083,101.02571688306338,115.23580010464232
1150064000,서울특별시 강서구 방화2동,서울특별시,강서구,11500,938544.1801361865,1953968.2954152848,True,True,강서구,68.95961708368509,71.70538372322116,71.51296686768501,194.1163728504464,214.9153462377518,5417,False,0.9228211798147908,92.28211798147909,75~97석,75.19649342515906,0.6103063428960901,0,152.4952351514868,92.28211798147909,115.68124073415416
1150064100,서울특별시 강서구 방화3동,서울특별시,강서구,11500,939748.2324536071,1953862.6296342334,True,True,강서구,78.21506477420182,81.38633313122025,81.16866340602479,219.71422805724535,243.18465475207216,5914,False,1.0579715754130303,105.79715754130304,97~159석,81.98122422329531,1.0078313258141205,0,150.13108266212737,105.79715754130304,107.47455046048849
1150054000,서울특별시 강서구 화곡1동,서울특별시,강서구,11500,941771.2217926524,1948478.030822153,True,True,강서구,104.11563970161706,108.0330357508027,107.73382969091683,294.8931795450016,327.0975977364636,9460,False,1.083325159059934,108.3325159059934,97~159석,102.30710896741464,1.247015018772496,0,123.30988334303339,108.3325159059934,115.29335558331854
1150061500,서울특별시 강서구 우장산동,서울특별시,강서구,11500,941791.2443023549,1950340.9466487686,True,True,강서구,72.01303046996307,74.6940216544458,74.48369780439509,204.1906047598119,226.6802134121509,6832,False,0.9807736390462275,98.07736390462274,97~159석,102.02677757942813,1.9957143302474205,0,108.07426561564849,98.07736390462274,106.43682609066252
1153051000,서울특별시 구로구 신도림동,서울특별시,구로구,11530,945456.5693724237,1945785.0927747872,True,True,구로구,61.281458042597365,72.78260417349564,71.56608902205679,172.86350045651596,192.2213401032566,5389,False,0.6901682930996671,69.01682930996671,56~75석,76.63413399421853,2.0380811713518243,0,66.3572619354822,69.01682930996671,94.77973795873037
1153052000,서울특별시 구로구 구로1동,서울특별시,구로구,11530,944791.4957047282,1943936.4261445713,True,True,구로구,33.98844680177951,40.41639681245,39.706860761167654,95.65666020088996,106.2738500633616,3228,False,0.898998284420528,89.8998284420528,75~97석,93.25551933927055,0.4630521165366484,0,90.0405278722906,89.8998284420528,106.82884086785303
1153054000,서울특별시 구로구 구로3동,서울특별시,구로구,11530,946511.5461716978,1943020.5682084225,True,True,구로구,47.01071952356946,55.736094493719875,54.85159365443575,132.74765418427168,147.73490112672508,3803,False,1.0524955223457795,105.24955223457795,97~159석,105.6033986727743,1.76240809579557,0,89.37935508497974,105.24955223457795,88.61808426656441
1153055000,서울특별시 구로구 구로4동,서울특별시,구로구,11530,946093.118473365,1943761.8734925382,True,True,구로구,63.15952029347652,74.7977711442177,73.648171337147,178.41905702553436,198.6567210188525,4847,False,0.9284501967464719,92.84501967464719,75~97석,97.64475976656917,1.3596586277644922,0,79.57727695940052,92.84501967464719,91.46064249350452
1153056000,서울특별시 구로구 구로5동,서울특별시,구로구,11530,945948.9691950185,1944927.1589875,True,True,구로구,64.01570630718057,75.97571831036642,74.76062998192486,181.0655916034799,201.502683323351,5244,False,0.7480499871839231,74.80499871839231,56~75석,82.12803994586359,1.893260296388565,0,69.15332991180972,74.80499871839231,91.27784140375914
1153072000,서울특별시 구로구 고척1동,서울특별시,구로구,11530,943730.9877396743,1944789.7077649117,True,True,구로구,56.658272722801414,67.37838904855607,66.2510807415759,160.28570708827797,178.25941407957274,4990,False,0.8983107411755648,89.83107411755647,75~97석,97.14648722074223,0.7536262881695942,0,102.58666060345946,89.83107411755647,116.22781463248364
1153073000,서울특별시 구로구 고척2동,서울특별시,구로구,11530,942843.2905701932,1945372.2262760997,True,True,구로구,73.28893860601528,86.88429365299675,85.50802971904722,206.94720907552303,230.31747941360493,5911,False,1.0269684660300273,102.69684660300274,97~159석,101.00822096297506,1.7830726279101337,0,108.3823640295068,102.69684660300274,124.94935698233284
1153075000,서울특별시 구로구 개봉2동,서울특별시,구로구,11530,943103.1337851303,1943914.28727069,True,True,구로구,81.68032701284267,97.26873884699457,95.63113813488928,231.667273690919,257.6554292680252,7265,False,1.0125639783028684,101.25639783028684,97~159석,89.37256800639362,0.5392941473203128,0,108.86588270326156,101.25639783028684,127.86112781894798
1153076000,서울특별시 구로구 개봉3동,서울특별시,구로구,11530,942749.2041244451,1943262.7532977515,True,True,구로구,54.55756785413697,64.88350359232362,63.79480765892201,154.31591742518296,171.61108262214384,4827,False,1.0499794016334782,104.99794016334782,97~159석,76.19542900060449,0.3632401710802595,0,103.40109083306541,104.99794016334782,134.156196354727
1153077000,서울특별시 구로구 오류1동,서울특별시,구로구,11530,941804.2951492899,1944393.0333519534,True,True,구로구,55.3601209373763,65.62601482106577,64.5847833805673,156.27677995948932,173.91823279200875,4477,False,1.244933317652144,124.49333176521439,97~159석,84.66176465990914,1.7235194552669706,0,95.10939606524624,124.49333176521439,144.7669778321045
1153080000,서울특별시 구로구 항동,서울특별시,구로구,11530,940275.1626229429,1942635.1962463972,True,True,구로구,21.29494929402559,25.337299029211852,24.892129054891303,60.01000741832725,66.67440872008581,2025,False,1.49700672803687,149.70067280368698,97~159석,37.44063394583767,0.41061390239746365,0,154.76530804454197,149.70067280368698,170.42024823045102
1153079000,서울특별시 구로구 수궁동,서울특별시,구로구,11530,940432.2652214789,1944572.9505782065,True,True,구로구,58.969803822527325,70.14379594666266,68.9683040824259,166.8888209251499,185.60206964723,5207,False,1.5941109536636358,159.41109536636358,97~159석,67.46089013040056,0.5610938644003615,0,103.30489402787961,159.41109536636358,171.3319927297027
1153059500,서울특별시 구로구 가리봉동,서울특별시,구로구,11530,945915.1317694684,1942766.6837030295,True,True,구로구,25.927687172243303,30.6660253282235,30.185224238317872,72.88812547804315,81.11243801782175,2057,False,1.1166993703068702,111.66993703068701,97~159석,107.07447083719457,1.161629210243622,0,85.35812163460763,111.66993703068701,95.7243979998686
1153053000,서울특별시 구로구 구로2동,서울특별시,구로구,11530,945151.3356564841,1944424.724763123,True,True,구로구,75.03745649395326,89.05516103045284,87.65190483620657,212.5346914882946,236.591367396312,5999,False,0.8546178711455326,85.46178711455326,75~97석,91.24425330057642,0.9705169842172124,0,86.95619073963312,85.46178711455326,100.81767487461323
1153074000,서울특별시 구로구 개봉1동,서울특별시,구로구,11530,942535.1154090441,1944712.024230652,True,True,구로구,83.75643800860473,99.57190502588124,97.92397028987594,237.0296387360588,263.65734797316065,7250,False,1.093285079711351,109.3285079711351,97~159석,94.09626828854584,1.4943268384641424,0,108.74842823120927,109.3285079711351,132.83054826101443
1154551000,서울특별시 금천구 가산동,서울특별시,금천구,11545,945564.7709416625,1942134.300275441,True,True,금천구,33.133636952506166,31.45996665271268,31.59980452082003,93.7767663018091,95.66671698361932,3028,False,1.1805171920320188,118.05171920320188,97~159석,104.52491305709614,0.568337446793181,0,83.30027018250581,118.05171920320188,101.12508785454808
1154561000,서울특별시 금천구 독산1동,서울특별시,금천구,11545,946296.599839749,1940727.5804284257,True,True,금천구,77.93512804827874,73.81163184987435,74.1688534564818,220.5870205847632,225.01022099448952,6763,False,1.1912591572493216,119.12591572493216,97~159석,97.11883971424105,0.40766328646176436,0,157.10353208081526,119.12591572493216,97.5083678657005
1154562000,서울특별시 금천구 독산2동,서울특별시,금천구,11545,947165.9794595926,1940680.5900833663,True,True,금천구,44.45402198029575,42.103585056341274,42.30397296591384,125.67724351953058,128.157553995288,3981,False,1.1350009203862685,113.50009203862686,97~159석,100.27135560434705,1.218039129630361,0,158.19753237523435,113.50009203862686,89.94191486226372
1154563000,서울특별시 금천구 독산3동,서울특별시,금천구,11545,947354.8669178716,1942022.7056404059,True,True,금천구,60.52905579502614,57.110442368885096,57.410843271633155,170.87987676001015,174.15551066568733,5213,False,1.087134614903584,108.71346149035841,97~159석,107.40094687085791,2.0067503305495444,0,119.83141173514498,108.71346149035841,83.29598429075527
1154564000,서울특별시 금천구 독산4동,서울특별시,금천구,11545,947302.2212610707,1941278.1050768131,True,True,금천구,33.98952486299292,32.522397930659416,32.63677990907654,96.59213969139684,98.68094034324082,3249,False,1.126356762709743,112.6356762709743,97~159석,105.11841579883053,1.5540631987521052,0,139.4630539712713,112.6356762709743,86.35697786691158
1154567000,서울특별시 금천구 시흥1동,서울특별시,금천구,11545,946945.3117476332,1939468.3172476394,True,True,금천구,86.55700341465067,81.37263766867027,81.84550970028084,244.3058619808404,248.93409124698115,6944,False,1.1412409834478705,114.12409834478706,97~159석,85.00857396658266,0.5179522450277421,0,162.76721114303962,114.12409834478706,97.58421858883118
1154568000,서울특별시 금천구 시흥2동,서울특별시,금천구,11545,948706.2297039685,1939202.5147566411,True,True,금천구,57.099771036938584,53.72434472516308,54.02939083545998,161.1542281910197,164.21074610496487,4672,False,0.9257677396310972,92.57677396310972,75~97석,74.9456412129006,0.544258438404343,0,76.17828852165701,92.57677396310972,92.39022879308352
1154569000,서울특별시 금천구 시흥3동,서울특별시,금천구,11545,947447.6812585164,1938066.0772437209,True,True,금천구,29.68722530852722,28.125590308353807,28.259653138568293,83.99668526430627,85.67399909704508,2618,False,1.1613166614562112,116.13166614562111,97~159석,60.549537102408145,0.5594256121985794,0,108.64149769385416,116.13166614562111,108.00593539309169
1154570000,서울특별시 금천구 시흥4동,서울특별시,금천구,11545,947742.746939452,1940261.1757860326,True,True,금천구,53.92545440866842,51.09762346773052,51.34057274501606,152.6109987463462,155.66928675137916,4743,False,1.0898316695074273,108.98316695074273,97~159석,96.99605554759357,1.5647832918834803,0,141.68829284740576,108.98316695074273,87.3924867515265
1154571000,서울특별시 금천구 시흥5동,서울특별시,금천구,11545,948029.0371040272,1939002.5434861307,True,True,금천구,62.63795042688169,58.67177997160949,59.04165309250164,176.58324114204973,179.8409338173048,4798,False,1.0517342569303658,105.17342569303658,97~159석,76.94028282957959,0.9221264765393979,0,103.20038693763749,105.17342569303658,95.96285040385183
1156054000,서울특별시 영등포구 여의동,서울특별시,영등포구,11560,949516.2794152718,1947858.8292546459,True,True,영등포구,102.43440228730654,113.1131842018631,111.68817327157925,287.0593276350437,302.58996411317423,6719,False,0.2457619897564638,24.576198975646378,16~36석,24.657584806373748,2.664631976424786,2,2.6408004494273283,24.576198975646378,58.99673350281751
1156055000,서울특별시 영등포구 당산1동,서울특별시,영등포구,11560,946704.3975134037,1947352.1304602437,True,True,영등포구,46.66133582676144,52.18932862396671,51.397184293512865,131.4350345212373,139.74500202045851,3671,False,0.34123513072483236,34.123513072483235,16~36석,35.897726952041516,1.281245234467048,0,23.82483481124398,34.123513072483235,80.27675677245774
1156056000,서울특별시 영등포구 당산2동,서울특별시,영등포구,11560,947239.3397717793,1948440.165586294,True,True,영등포구,65.5698179634559,73.26876837416827,72.16236753941234,184.49508101957383,196.02083750478124,5129,False,0.2553085361702471,25.53085361702471,16~36석,25.893885665177642,0.38435396717491277,2,8.679828512261215,25.53085361702471,73.38934557160846
1156061000,서울특별시 영등포구 양평1동,서울특별시,영등포구,11560,945841.2156107158,1947484.570589893,True,True,영등포구,33.29191825555687,37.194297842460976,36.64886367210384,93.90657448721788,99.78806941343072,2536,False,0.45351284623858007,45.35128462385801,36~56석,48.388733843308195,1.5493323921056272,0,29.82825621240931,45.35128462385801,86.58489824844365
1156062000,서울특별시 영등포구 양평2동,서울특별시,영등포구,11560,946171.0585531645,1949525.099486474,True,True,영등포구,35.9146647718551,40.255283301619194,39.62719287355667,101.25258299090548,107.8086779257581,2904,False,0.3757687274016564,37.57687274016564,36~56석,38.368491267671125,1.1080090255219608,1,11.01575892488423,37.57687274016564,77.23544325753505
1156063000,서울특별시 영등포구 신길1동,서울특별시,영등포구,11560,948698.6983379831,1946053.362796123,True,True,영등포구,51.96684854723608,57.862054977669686,57.05249208502883,146.37678567372217,155.1909237980767,3780,False,0.3743924045450489,37.43924045450489,36~56석,38.71437083351371,3.135213652708733,0,21.804157407779506,37.43924045450489,65.98583316013818
1156065000,서울특별시 영등포구 신길3동,서울특별시,영등포구,11560,947490.5368925409,1945407.3413729637,True,True,영등포구,39.6348869231458,44.74480257295268,43.99639201660834,112.2839354212741,120.15262443383682,3442,False,0.5627626123926812,56.27626123926812,36~56석,60.20509595452729,3.266005799985685,0,37.89687410968798,56.27626123926812,77.69488502540943
1156066000,서울특별시 영등포구 신길4동,서울특별시,영등포구,11560,948112.57530307,1945496.3469821895,True,True,영등포구,31.51669571081665,35.41421554218199,34.84991217686018,89.03853567328765,94.97311616719368,2605,False,0.4952912692898753,49.52912692898753,36~56석,52.32344972155359,3.3509551887959805,0,34.11166971498151,49.52912692898753,71.86158405049487
1156067000,서울특별시 영등포구 신길5동,서울특별시,영등포구,11560,947457.4669866678,1944816.1867271578,True,True,영등포구,25.534413336072095,28.76131009103927,28.284689428922732,72.13539627639057,77.05961432141198,2193,False,0.6517472850503825,65.17472850503825,56~75석,70.31797123507606,3.0180831214101755,0,56.24273890266559,65.17472850503825,78.41012929539967
1156068000,서울특별시 영등포구 신길6동,서울특별시,영등포구,11560,948162.0311225067,1944594.2160682639,True,True,영등포구,43.78919286108872,49.08231579164752,48.31596967960694,123.4477248492708,131.44172416688724,3543,False,0.6254419190897336,62.54419190897336,56~75석,67.01340242448407,3.5812715894596403,0,58.58096214518979,62.54419190897336,71.92248917206742
1156069000,서울특별시 영등포구 신길7동,서울특별시,영등포구,11560,948720.0649364445,1945327.6132665735,True,True,영등포구,34.40536109589476,38.60137537653428,37.98474907172093,96.92688239597916,103.25880152757024,2845,False,0.46395132429957475,46.39513242995748,36~56석,48.474689079696795,3.7626577526520917,0,33.75791319864661,46.39513242995748,66.74309307959066
1156070000,서울특별시 영등포구 대림1동,서울특별시,영등포구,11560,947426.4147699045,1944001.0801888532,True,True,영등포구,43.252459356083655,48.40063519029802,47.6820387069408,122.1922696794302,129.99847957869656,3338,False,0.7790459963974877,77.90459963974877,75~97석,85.26350815981459,2.712876531790637,0,78.59325670611665,77.90459963974877,79.16846250886263
1156071000,서울특별시 영등포구 대림2동,서울특별시,영등포구,11560,947015.2534242817,1943545.0302412556,True,True,영등포구,39.49879524927584,44.18138751555499,43.547448302559374,111.86170987047046,119.00669751789556,2955,False,0.9006264518750188,90.06264518750187,75~97석,96.85335451779899,2.2450858202634296,0,85.52889089882967,90.06264518750187,83.32885601109103
1156072000,서울특별시 영등포구 대림3동,서울특별시,영등포구,11560,946724.4960846683,1944682.28211182,True,True,영등포구,61.96367387844347,69.48093551989723,68.39702357550703,174.81410213698848,186.19462421272792,5012,False,0.7199624898843157,71.99624898843156,56~75석,78.63246846872313,2.3149741826516816,0,60.194661279905446,71.99624898843156,84.91987075826462
1156051500,서울특별시 영등포구 영등포본동,서울특별시,영등포구,11560,947832.265002545,1946212.388138693,True,True,영등포구,55.31641895066878,62.05525093680221,61.07392378081384,155.96600853141024,166.15627647162842,4532,False,0.41688231568750356,41.68823156875035,36~56석,43.869759917979565,2.582003700460894,0,26.204811719995796,41.68823156875035,73.30660572423696
1156053500,서울특별시 영등포구 영등포동,서울특별시,영등포구,11560,947673.9109020376,1947078.7526323944,True,True,영등포구,43.191149645979834,48.45928407815252,47.67620057434823,121.5365634500435,129.46167612464384,3609,False,0.2932008872138867,29.32008872138867,16~36석,30.425785596851814,1.7251844941425063,0,19.000651249120484,29.32008872138867,73.40965620252811
1156058500,서울특별시 영등포구 도림동,서울특별시,영등포구,11560,947081.474246967,1945723.9392893151,True,True,영등포구,45.37260200154152,50.75698745448406,49.99867309588299,128.0374674748117,136.17387075491806,3520,False,0.5441557160822778,54.41557160822777,36~56석,58.338835993039304,2.9008420996936186,0,34.642769046887665,54.41557160822777,80.67159067427654
1156060500,서울특별시 영등포구 문래동,서울특별시,영등포구,11560,946223.6410161558,1946517.538118873,True,True,영등포구,65.49674884902682,73.17858260870727,72.08591676653779,184.45205351287893,195.97901994691023,5071,False,0.49972144326983486,49.97214432698349,36~56석,54.011424508406414,2.206462614504061,0,34.6104094230654,49.97214432698349,86.20723623766999
1159052000,서울특별시 동작구 노량진2동,서울특별시,동작구,11590,950336.3763872003,1945875.045637845,True,True,동작구,24.81196931350844,18.90299700022534,19.48895816013347,69.83753336995662,57.20159491441699,1901,False,0.3211498871423679,32.114988714236794,16~36석,32.482184725953246,4.40010487198507,0,26.48019440414379,32.114988714236794,54.77421834168666
1159053000,서울특별시 동작구 상도1동,서울특별시,동작구,11590,951690.9570306361,1944481.1269187827,True,True,동작구,105.48691230746674,80.40310247853466,82.85609568615197,296.88997660364873,243.27051289837624,7847,False,0.2749280842280421,27.49280842280421,16~36석,27.751045996527836,5.1596374941546275,1,30.54970605162657,27.49280842280421,49.17841581697689
1159054000,서울특별시 동작구 상도2동,서울특별시,동작구,11590,950685.8659758528,1945080.090332636,True,True,동작구,62.76925659308745,47.87564295418193,49.33533197868282,176.49769033968153,144.6546313627297,4680,False,0.3292239278144705,32.92239278144705,16~36석,33.44630355546207,5.184768973063847,0,35.79779185683151,32.92239278144705,54.00588130429716
1159055000,서울특별시 동작구 상도3동,서울특별시,동작구,11590,949912.0985798625,1944369.5113377408,True,True,동작구,62.478517404837945,47.36326151501062,48.882294175777034,176.86059838880095,144.5516004527179,4993,False,0.4837322630970693,48.37322630970693,36~56석,50.368123207514856,5.210621768329944,0,47.94964958127196,48.37322630970693,60.25920403911841
1159056000,서울특별시 동작구 상도4동,서울특별시,동작구,11590,950567.15437359,1944387.9282698126,True,True,동작구,72.33690729572984,54.918264985257515,56.67374044857044,204.3667196002088,167.1208210767022,5786,False,0.39466441760509713,39.46644176050971,36~56석,40.49222344546163,5.347238352043011,0,41.802946276855266,39.46644176050971,56.163467958934
1159062000,서울특별시 동작구 사당1동,서울특별시,동작구,11590,953795.4905398147,1942404.2817840592,True,True,동작구,46.601789445833134,35.21797358234777,36.412175478447665,132.19968550472984,107.84310224588728,4085,False,0.18838614592450958,18.83861459245096,16~36석,19.08728158614481,2.205199687474715,3,6.1830557949545994,18.83861459245096,41.02165907076968
1159064000,서울특별시 동작구 사당3동,서울특별시,동작구,11590,953222.321404146,1943416.558930619,True,True,동작구,57.33367979197911,43.30022399466163,44.76484205594929,162.8072336281752,132.790372705351,4987,False,0.17146028116903414,17.146028116903413,16~36석,17.187208749359264,3.3253021189627465,3,8.6818629856567,17.146028116903413,42.12604398809821
1159065000,서울특별시 동작구 사당4동,서울특별시,동작구,11590,953209.0376182261,1942504.5163950003,True,True,동작구,36.74536581010493,27.844157089352265,28.748075836629724,104.027795081009,84.99589980752377,3001,False,0.17486864222601622,17.48686422260162,16~36석,17.620624809369055,2.7304249672890015,3,8.028118626583776,17.48686422260162,44.76861729821891
1159065100,서울특별시 동작구 사당5동,서울특별시,동작구,11590,952705.7419960746,1943085.7262769889,True,True,동작구,31.861798844320443,24.22321767398312,24.997627988763345,89.83947492165612,73.49866377588056,2567,False,0.20551785915871623,20.551785915871623,16~36석,20.69253409709108,3.4801488440085437,2,12.191100923730422,20.551785915871623,46.174738098444465
1159066000,서울특별시 동작구 대방동,서울특별시,동작구,11590,949447.7535276873,1945469.1940190445,True,True,동작구,80.26136710520191,61.19427408395267,63.06123171878916,225.7977402969903,185.03573749854087,5980,False,0.40226919470820954,40.22691947082095,36~56석,41.48968914621669,4.053280740927083,0,31.045379599662482,40.22691947082095,61.64262716584702
1159067000,서울특별시 동작구 신대방1동,서울특별시,동작구,11590,947904.982425388,1943574.1983296757,True,True,동작구,53.908781632602896,40.98096919392323,42.28658976518989,152.04402737632887,124.39235708085508,4312,False,0.8082911771494784,80.82911771494784,75~97석,88.74898680308006,3.1352191805249547,0,88.5712335706729,80.82911771494784,75.66571769429011
1159068000,서울특별시 동작구 신대방2동,서울특별시,동작구,11590,948865.0419008472,1944052.1485742938,True,True,동작구,48.16855525780446,36.62841425459746,37.759559976980285,135.95723665596688,111.29745609814492,3627,False,0.6175082278345084,61.75082278345084,56~75석,65.92416614934208,4.138211907272426,0,66.20366177562987,61.75082278345084,67.2743690351633
1159060500,서울특별시 동작구 흑석동,서울특별시,동작구,11590,952488.645220311,1945254.2674440092,True,True,동작구,74.1627176795851,56.578061391802336,58.27744733060855,208.5851742016938,171.00464889162868,5370,False,0.18994811199574754,18.994811199574755,16~36석,19.014082171287537,5.225421728185369,3,17.205079246946305,18.994811199574755,43.37488360080322
1159051000,서울특별시 동작구 노량진1동,서울특별시,동작구,11590,951329.2777892906,1946037.9399837554,True,True,동작구,84.93978577663441,64.74183777039639,66.7154030674676,239.0682445874633,195.8940584410988,6308,False,0.25844750070988914,25.844750070988916,16~36석,25.923654004061845,5.12076169805703,1,20.87879780929483,25.844750070988916,48.20711087351056
1159063000,서울특별시 동작구 사당2동,서울특별시,동작구,11590,953588.3276043441,1944325.6882365604,True,True,동작구,76.28334004619288,57.82760203177307,59.6907706492283,215.90392851605043,176.44854275014586,6151,False,0.15848418242046344,15.848418242046344,16~36석,15.873785570788336,3.85519950693374,3,8.61356999320192,15.848418242046344,38.94596739022535
1162052500,서울특별시 관악구 보라매동,서울특별시,관악구,11620,949840.3332938718,1943607.7612014015,True,True,관악구,62.23854777271713,59.90941822413305,60.11871817942601,176.05060858891642,180.9580967679289,4944,False,0.5606871332763425,56.06871332763424,36~56석,59.3719679426856,4.4691012080214785,0,58.57096257483302,56.06871332763424,62.35874646130076
1162054500,서울특별시 관악구 청림동,서울특별시,관악구,11620,952224.297732993,1943489.0891024473,True,True,관악구,41.77662759186145,40.349815661726865,40.47639017511031,117.39188374930654,120.63749027596288,2997,False,0.2500381119606935,25.003811196069346,16~36석,25.225776744422095,4.107854360705737,1,21.456684139299064,25.003811196069346,47.913371492417554
1162057500,서울특별시 관악구 행운동,서울특별시,관악구,11620,952312.0526001684,1942544.311187112,True,True,관악구,55.99546865484514,53.78994625619499,53.98912665501364,159.02568796430822,163.46962853300616,4691,False,0.24217856193305654,24.217856193305654,16~36석,24.583345029165624,3.4427024014263785,2,15.541574843701305,24.217856193305654,51.14297204113781
1162058500,서울특별시 관악구 낙성대동,서울특별시,관악구,11620,952252.4107212775,1941027.6207619533,True,True,관악구,27.590990471595138,26.566316285134327,26.657570778952667,78.01500802989224,80.16520598558597,2138,False,0.2442860239723021,24.428602397230208,16~36석,20.86196912716879,2.3618089898999273,2,9.688847563585737,24.428602397230208,60.43819790734006
1162061500,서울특별시 관악구 중앙동,서울특별시,관악구,11620,951429.6092456375,1942906.5357867787,True,True,관악구,31.64643726143753,30.434756963962464,30.54298842324268,89.6925669590359,92.16727926382548,2531,False,0.35893045590630723,35.89304559063072,16~36석,36.93512775398042,4.232047722144472,0,30.787274000932328,35.89304559063072,55.46669474968918
1162062500,서울특별시 관악구 인헌동,서울특별시,관악구,11620,952836.6891602149,1941562.1205623038,True,True,관악구,52.42897293771922,50.42091314332198,50.60388029198144,148.52571642119318,152.73677710889794,4368,False,0.18509556245929648,18.509556245929648,16~36석,16.33422483562239,2.3367524502578267,2,8.525742163066944,18.509556245929648,52.14346281456377
1162063000,서울특별시 관악구 남현동,서울특별시,관악구,11620,953716.860791113,1940491.3540400558,True,True,관악구,37.05607948941731,35.630351984447906,35.76075455993405,105.00417950450512,107.99594649559052,3123,False,0.25420520711815686,25.420520711815687,16~36석,11.238123421475779,0.9559076068328376,2,3.5775021306483774,25.420520711815687,51.81389172654072
1162064500,서울특별시 관악구 서원동,서울특별시,관악구,11620,949908.9724017419,1942524.9236445597,True,True,관악구,43.200606917370536,41.531696463090704,41.68271685842456,122.48856931678507,125.9264671668924,3575,False,0.6555757359413524,65.55757359413525,56~75석,72.294918515986,3.399198227258046,0,63.55407481311992,65.55757359413525,66.159874097922
1162065500,서울특별시 관악구 신원동,서울특별시,관악구,11620,949311.6614613127,1942384.1639042774,True,True,관악구,43.829755763745986,42.153369790695315,42.30229595974832,124.2285347432802,127.63087186781414,3463,False,0.7558716826495204,75.58716826495204,75~97석,84.97905150644151,3.234458817516103,0,80.65439280246972,75.58716826495204,69.91188682998548
1162066500,서울특별시 관악구 서림동,서울특별시,관악구,11620,950414.0547556133,1941739.3683140434,True,True,관악구,47.21355641838247,45.46792130672068,45.62829378182868,133.35316699887937,137.1845878571268,3882,False,0.5782465610284853,57.82465610284853,56~75석,64.33432882769402,2.7514155170060963,0,44.14673362166256,57.82465610284853,68.17726076052769
1162068500,서울특별시 관악구 신사동,서울특별시,관악구,11620,948613.4514353472,1943090.204775706,True,True,관악구,45.77016574526047,43.99503862814906,44.15545952604556,129.81967541093474,133.45555990638331,3790,False,0.7796632243538211,77.96632243538211,75~97석,86.61174875176805,3.6462440842153057,0,87.97965915191718,77.96632243538211,71.70046773933366
1162069500,서울특별시 관악구 신림동,서울특별시,관악구,11620,949397.6078603029,1943226.845837726,True,True,관악구,24.69532796777544,23.736599439962657,23.823829355347844,70.03809996643045,72.01801049117657,2075,False,0.6753949787753015,67.53949787753015,56~75석,73.72285062010396,4.07380008568215,0,71.38434864575069,67.53949787753015,66.29422313881193
1162071500,서울특별시 관악구 난향동,서울특별시,관악구,11620,948553.9574832907,1940423.742981633,True,True,관악구,35.83172891740293,34.45140468297998,34.57773803649963,101.54318041499278,104.43873460470591,3027,False,0.9809202625688803,98.09202625688803,97~159석,94.04123507322115,1.567871095111483,0,109.278505103585,98.09202625688803,82.86902314199206
1162072500,서울특별시 관악구 조원동,서울특별시,관악구,11620,947618.9427581026,1942798.2751765917,True,True,관악구,39.23088449256625,37.7806797944503,37.91386712196844,110.80556508657448,113.98781965414396,3223,False,0.9711486109847566,97.11486109847566,97~159석,102.19503651877957,2.6570678968588783,0,105.0879725424814,97.11486109847566,79.69647041699281
1162073500,서울특별시 관악구 대학동,서울특별시,관악구,11620,951213.51999577,1939477.7979206177,True,True,관악구,42.62434394044911,41.08297430183438,41.22335941671247,120.21143202578564,123.63113006391347,3381,False,0.3773083667122749,37.73083667122749,36~56석,31.501095394146027,1.5966026799292128,1,6.90498926271488,37.73083667122749,80.36382754810082
1162060500,서울특별시 관악구 은천동,서울특별시,관악구,11620,950687.9478821765,1943210.324140315,True,True,관악구,77.67897341115531,74.71070472411881,74.97956640973916,220.0478007068901,226.23746899332295,6382,False,0.46060230207835834,46.060230207835836,36~56석,48.0761464440406,4.234496827493249,0,45.412233389191236,46.060230207835836,58.91751995387916
1162056500,서울특별시 관악구 성현동,서울특별시,관악구,11620,951481.5869823133,1943504.4767886547,True,True,관악구,72.9796043089546,70.22338463812669,70.47199988108116,206.5637912044405,212.34671193586092,5887,False,0.3394182610582493,33.94182610582493,16~36석,34.65081549187764,4.704778243451695,0,33.35924724544898,33.94182610582493,52.6567848218194
1162059500,서울특별시 관악구 청룡동,서울특별시,관악구,11620,951007.1371064906,1942235.2046546356,True,True,관악구,59.67230271325208,57.3407432843853,57.551880484554104,169.34462040022038,174.0981526742761,4993,False,0.44026878486114146,44.02687848611414,36~56석,46.749206741009345,3.442058792087375,0,35.22902381068004,44.02687848611414,61.67570997240176
1162077500,서울특별시 관악구 난곡동,서울특별시,관악구,11620,948806.0782229465,1941410.3510131824,True,True,관악구,71.0582539852337,68.33107102559245,68.57887083121835,201.34770133238263,207.03382915393428,5897,False,0.9175906428350086,91.75906428350086,75~97석,96.31469624602921,2.3531974711899535,0,98.28586800958486,91.75906428350086,77.55401953993459
1162074500,서울특별시 관악구 삼성동,서울특별시,관악구,11620,949603.1811056159,1940315.2254395313,True,True,관악구,74.59484505323312,71.83938172399377,72.08658817144729,210.79576594357505,216.66563521967137,5842,False,0.741475839348028,74.1475839348028,56~75석,77.56907125970878,1.1687053548115836,0,54.77188107277866,74.1475839348028,80.18209704640584
1162076500,서울특별시 관악구 미성동,서울특별시,관악구,11620,948312.6615472292,1942017.2935644032,True,True,관악구,73.08958432535682,70.25351167697835,70.51856382964006,207.1381970356145,213.2145959799799,6477,False,0.9506058249588304,95.06058249588304,75~97석,99.2457761572282,2.7996468839840922,0,107.60617120319903,95.06058249588304,77.38696720754584
1165051000,서울특별시 서초구 서초1동,서울특별시,서초구,11650,957577.52552095,1943187.219040094,True,True,서초구,40.8525946763409,44.03941885751118,43.85899960460581,115.21883584511252,98.08575263599496,3354,False,0.43966538385091297,43.9665383850913,36~56석,44.688548016319714,2.536525689788822,1,77.46996795601349,43.9665383850913,29.041583902377976
1165052000,서울특별시 서초구 서초2동,서울특별시,서초구,11650,958265.625003424,1943390.2717289203,True,True,서초구,38.71703902232362,41.42918713844209,41.28074425670886,109.6220923552994,92.3879266515395,3252,False,0.44889280734692116,44.889280734692115,36~56석,45.57458760562923,2.573512932004929,1,76.94418646013325,44.889280734692115,29.888293999617773
1165053000,서울특별시 서초구 서초3동,서울특별시,서초구,11650,956644.2695657935,1943022.900729254,True,True,서초구,68.15127099330518,73.50044024848435,73.19100103172346,192.4326210898024,163.8871510986645,5354,False,0.38952574971404835,38.952574971404836,36~56석,39.64280349740814,2.0885528820938775,1,56.51611574188018,38.952574971404836,29.809159016235526
1165053100,서울특별시 서초구 서초4동,서울특별시,서초구,11650,957568.8790767435,1944521.9454602061,True,True,서초구,57.9275821511489,62.41432168080219,62.15667535956007,163.60449688711094,139.15858012334064,4603,False,0.39241777665002187,39.24177766500219,36~56석,39.673292944463896,3.8115763065458053,1,44.986585430711386,39.24177766500219,32.256124490917486
1165054000,서울특별시 서초구 잠원동,서울특별시,서초구,11650,956967.4644727155,1946594.5287074626,True,True,서초구,46.14520277605733,49.9572831707972,49.73737749079858,129.87715339728345,111.20495733987414,3716,False,0.2578294490335724,25.78294490335724,16~36석,25.832696424187578,5.653577554031095,2,27.21827676511998,25.78294490335724,35.64021537612071
1165055000,서울특별시 서초구 반포본동,서울특별시,서초구,11650,954720.5520111127,1945136.9289890216,True,True,서초구,0.3920129523101149,0.4103625762511146,0.4095757344455154,1.120357712246813,0.9169548208858692,37,True,0.1729936876612799,17.29936876612799,,17.35282951029004,4.248048149602505,0,1.294847839474479,17.29936876612799,35.038031637801204
1165056000,서울특별시 서초구 반포1동,서울특별시,서초구,11650,957277.9789673408,1945246.8828286284,True,True,서초구,51.37122054508433,55.04531475677789,54.84633495640322,145.1915377819676,122.6093444645363,4432,False,0.3362123635569752,33.62123635569752,16~36석,33.859974532186236,4.40102328743825,1,26.269094201861957,33.62123635569752,33.588440063522626
1165057000,서울특별시 서초구 반포2동,서울특별시,서초구,11650,955446.5132325646,1945325.8832833797,True,True,서초구,44.037399585336175,47.034996960006104,46.87029155235127,124.9058993904446,104.99528568749494,3633,False,0.21366578857316043,21.366578857316043,16~36석,21.440717936067365,4.337080336941436,3,4.509653094432669,21.366578857316043,33.659707527538465
1165058000,서울특별시 서초구 반포3동,서울특별시,서초구,11650,956129.6000956848,1946018.6524493739,True,True,서초구,44.48632558601983,47.98135329728124,47.77966469672607,125.583507036613,106.9671833260465,3515,False,0.23850649985825395,23.850649985825395,16~36석,23.913392004187507,5.009069745935748,3,13.448712365215975,23.850649985825395,34.080558335796155
1165058100,서울특별시 서초구 반포4동,서울특별시,서초구,11650,956095.2621272319,1944595.6721565367,True,True,서초구,38.57727474651301,41.517244114236256,41.35328029149735,108.83886644692096,92.45098330837452,3235,False,0.3050491405078105,30.50491405078105,16~36석,30.822273005584655,3.5859248559108274,2,15.267404442298279,30.50491405078105,32.27209806771928
1165059000,서울특별시 서초구 방배본동,서울특별시,서초구,11650,954720.3576750356,1944089.138456528,True,True,서초구,47.042366501779995,51.43710789804858,51.167792577174126,132.04805336171734,114.56669108109008,3362,False,0.21411753104724512,21.41175310472451,16~36석,21.62533933750249,3.221225085313968,3,1.2195245927725562,21.41175310472451,35.164407028496974
1165060000,서울특별시 서초구 방배1동,서울특별시,서초구,11650,955469.0604262905,1942971.5974016928,True,True,서초구,39.62391720791874,42.50709680044666,42.34550429654093,112.12072074286078,94.80983786455974,3233,False,0.3009148097709186,30.091480977091862,16~36석,30.629223967263258,1.9930359212543414,2,15.559111179259139,30.091480977091862,32.35830169160664
1165061000,서울특별시 서초구 방배2동,서울특별시,서초구,11650,954770.7992398824,1941655.335258449,True,True,서초구,44.80218762074769,47.91802320054673,47.747759476141525,126.88890247356646,106.87135213479137,3763,False,0.27053884903304376,27.053884903304375,16~36석,22.537621417927774,0.9810842854572395,3,3.0758189535323326,27.053884903304375,36.18184427756264
1165062000,서울특별시 서초구 방배3동,서울특별시,서초구,11650,955603.9966709695,1941795.6610631507,True,True,서초구,37.42428233091822,40.253265248585166,40.09675474740179,105.5798948410919,89.61695751481892,3177,False,0.33020161276154986,33.02016127615499,16~36석,30.89688588043235,0.8102466058926187,1,31.908994978032744,33.02016127615499,32.01397504022093
1165062100,서울특별시 서초구 방배4동,서울특별시,서초구,11650,955002.0315524276,1943518.4526654852,True,True,서초구,51.55944399475857,55.83720954183275,55.581497601417254,145.47221756806607,124.568894698219,3814,False,0.25019098127354616,25.019098127354617,16~36석,25.385806908289048,2.6052813838860573,3,1.4168926254774306,25.019098127354617,34.204247123049555
1165065100,서울특별시 서초구 양재1동,서울특별시,서초구,11650,957779.097572944,1941255.9731776752,True,True,서초구,91.83374469448032,98.68266870521556,98.30806551649697,259.0896118625644,219.64857911639496,7920,False,0.4170144280009665,41.70144280009665,36~56석,42.64132972783851,0.792759211043422,1,92.6546928684869,41.70144280009665,25.478651402709207
1165065200,서울특별시 서초구 양재2동,서울특별시,서초구,11650,959836.4274025531,1939203.091917012,True,True,서초구,34.90457862472267,36.871982298132075,36.780287891945406,99.1719454002312,82.17223532754778,3322,False,0.22610276467338122,22.61027646733812,16~36석,23.24832614251663,0.7397248490274978,3,14.015121884441967,22.61027646733812,39.94173861822801
1165066000,서울특별시 서초구 내곡동,서울특별시,서초구,11650,962018.6070197226,1939789.2353365158,True,True,서초구,43.80929771527321,47.16272350660291,46.97346624545537,123.66700127645612,105.08133280582618,3594,False,0.2065768516110702,20.65768516110702,16~36석,27.628650984417263,1.5805732618289343,2,7.683843499047234,20.65768516110702,59.78655148203402
1168051000,서울특별시 강남구 신사동,서울특별시,강남구,11680,957710.4715455666,1947487.0978057922,True,True,강남구,47.13512809315969,59.543245452609575,58.72800370250751,132.73084152041463,132.98363492418918,3184,False,0.2541948399611047,25.419483996110472,16~36석,25.425875092987997,6.677423209493666,2,35.39948487912981,25.419483996110472,39.257159559050734
1168052100,서울특별시 강남구 논현1동,서울특별시,강남구,11680,958153.4720744534,1945952.880778825,True,True,강남구,39.14364988423883,48.966137730285766,48.30167811076531,110.44347266852242,109.7707364632421,3086,False,0.3123122723296162,31.231227232961622,16~36석,31.3289261712421,5.135699407412659,1,28.359058429785666,31.231227232961622,36.07330534109343
1168053100,서울특별시 강남구 논현2동,서울특별시,강남구,11680,959014.4999839945,1946314.303505236,True,True,강남구,41.29226051567446,51.47538022352072,50.78158374441851,116.9895840779418,115.81591209366296,3254,False,0.28818835751311067,28.818835751311067,16~36석,28.88974221964219,5.501467591621029,1,29.984516302645293,28.818835751311067,38.612714658235284
1168058000,서울특별시 강남구 삼성1동,서울특별시,강남구,11680,961171.7526394597,1946325.161101048,True,True,강남구,27.56595425451686,34.27869326777885,33.81693307773093,78.00522017218013,77.11062034548871,2305,False,0.2641211396412777,26.41211396412777,16~36석,26.42314415127504,6.08556851836601,2,13.424862423403358,26.41211396412777,48.02709311017879
1168059000,서울특별시 강남구 삼성2동,서울특별시,강남구,11680,960121.0899278848,1945935.4282908412,True,True,강남구,50.56760832069901,62.76594916737017,61.92500356455992,143.65116102150674,141.62694108586163,4128,False,0.2932866094627995,29.32866094627995,16~36석,29.397821668598745,5.339367915778492,1,22.457278990200983,29.32866094627995,41.88112138943207
1168060000,서울특별시 강남구 대치1동,서울특별시,강남구,11680,961013.3847490862,1943884.4530760376,True,True,강남구,31.79269991569133,39.39128689733084,38.86166533305055,89.9005413920332,88.65010874236516,2843,False,0.3615865783744475,36.15865783744475,16~36석,36.39017220764874,3.8881938030095355,2,12.732444690543817,36.15865783744475,45.394450197814336
1168063000,서울특별시 강남구 대치4동,서울특별시,강남구,11680,960658.2600831102,1944803.5792484125,True,True,강남구,26.283957728011803,32.63002947428688,32.19254373701984,74.62630410318695,73.5973639307731,2156,False,0.3351312768216925,33.513127682169255,16~36석,33.61783367793662,4.490010053917505,2,10.974261960055527,33.513127682169255,42.38130150060509
1168064000,서울특별시 강남구 역삼1동,서울특별시,강남구,11680,958942.3573743238,1944726.25761636,True,True,강남구,46.3540983366826,57.62167711538302,56.845841306682544,131.19923930370496,129.65121943094397,3887,False,0.3792262310986007,37.92262310986007,36~56석,38.257127429455565,3.913498500973255,1,43.47006212378319,37.92262310986007,34.50670189328869
1168065000,서울특별시 강남구 역삼2동,서울특별시,강남구,11680,959771.9674727387,1944457.3977345258,True,True,강남구,48.26622839651495,59.95138902579319,59.146924465479806,136.9812536133993,135.16452151508912,3948,False,0.37410411477471645,37.41041147747165,36~56석,37.72448812173563,3.8253876724540206,1,32.92388033431378,37.41041147747165,36.76060768142778
1168065500,서울특별시 강남구 도곡1동,서울특별시,강남구,11680,959420.7681320207,1943409.91507429,True,True,강남구,37.094257710893544,46.01647104958599,45.39677742223786,104.82058106548791,103.480740968537,3284,False,0.4270604697330138,42.70604697330138,36~56석,43.30423210039087,2.720599904868716,1,57.5403608343177,42.70604697330138,33.51472637977965
1168065600,서울특별시 강남구 도곡2동,서울특별시,강남구,11680,960187.4708329634,1943313.642925587,True,True,강남구,68.42458569036201,85.60243060257508,84.44086780791406,193.0787065959485,191.9092156723107,5378,False,0.41204486940047297,41.204486940047296,36~56석,41.707848101495436,2.954506621714841,1,38.94419329519541,41.204486940047296,39.02595750084094
1168066000,서울특별시 강남구 개포1동,서울특별시,강남구,11680,961513.9330086767,1942316.9912144092,True,True,강남구,40.232953437974246,49.337314005116,48.68071955870231,114.04492391323429,111.50934240904871,4047,False,0.3743161242739807,37.43161242739807,36~56석,41.31126403360718,3.155650660293483,1,15.772613282196366,37.43161242739807,50.50735798237501
1168069000,서울특별시 강남구 개포4동,서울특별시,강남구,11680,960497.5923013709,1941907.733510386,True,True,강남구,40.4254007563317,49.99802062578242,49.32605576488256,114.21139541512446,112.50552768733824,3754,False,0.37445699748043904,37.44569974804391,36~56석,38.942088034278385,2.0869539742360605,1,35.36567773332281,37.44569974804391,42.42056155464129
1168072000,서울특별시 강남구 일원본동,서울특별시,강남구,11680,963280.6188983239,1942651.3526100062,True,True,강남구,39.36691786826516,48.95586630403744,48.29076190439605,110.48710909091068,109.52328975113667,3662,False,0.3628840426698641,36.28840426698641,16~36석,44.02439706353388,2.5408378860262473,0,27.061398192935243,36.28840426698641,65.77098972901211
1168073000,서울특별시 강남구 일원1동,서울특별시,강남구,11680,963690.1351227488,1943871.7538400984,True,True,강남구,42.39671566511355,52.74672911643979,52.03459565659868,119.7546179845167,118.49601944481992,3606,False,0.3641786221274847,36.41786221274847,36~56석,41.722232399099624,3.5998054659541805,0,43.034075289219565,36.41786221274847,66.58832949672565
1168067500,서울특별시 강남구 개포3동,서울특별시,강남구,11680,962813.4248884793,1944107.2427046732,True,True,강남구,41.9060632771296,51.898403893244165,51.20159106120769,118.61826801776076,116.8900523147137,3724,False,0.28870580275686925,28.870580275686926,16~36석,31.221226020844806,4.064855672487973,0,32.42976048080517,28.870580275686926,59.12905941127593
1168075000,서울특별시 강남구 수서동,서울특별시,강남구,11680,964688.0169990864,1943140.869423717,True,True,강남구,62.85463922026776,78.41339590650118,77.35099433808833,177.27390655687174,175.85865466497796,5219,False,0.5254234704410937,52.54234704410937,36~56석,60.507096529126656,2.74308206280286,0,45.68039587074878,52.54234704410937,75.47656140239222
1168070000,서울특별시 강남구 세곡동,서울특별시,강남구,11680,965014.7024809195,1941390.7511719742,True,True,강남구,102.3933946190669,129.11156002317855,127.33977620384454,287.30885496234384,287.80963046513057,7597,False,0.7051680114719767,70.51680114719767,56~75석,59.73028620569517,0.9627534249807346,0,80.04006154171257,70.51680114719767,80.23066322661083
1168054500,서울특별시 강남구 압구정동,서울특별시,강남구,11680,958861.3073117745,1947919.822126517,True,True,강남구,76.94803380293175,96.86727004527748,95.54604377206302,216.97567677766745,216.72309498339524,5449,False,0.2950187971879436,29.50187971879436,16~36석,29.50187971879436,6.7905632192880985,1,31.570858653178586,29.50187971879436,43.03342541865141
1168056500,서울특별시 강남구 청담동,서울특별시,강남구,11680,960279.635749438,1947351.6276566498,True,True,강남구,48.091303764982754,59.84231912070816,59.035385975017704,136.01925395368664,134.54882262964685,4005,False,0.24530338284281517,24.530338284281516,16~36석,24.531715309258075,5.95580290044916,1,20.71174155944731,24.530338284281516,47.14160944008049
1168061000,서울특별시 강남구 대치2동,서울특별시,강남구,11680,961675.6445629719,1944678.4076637058,True,True,강남구,58.91091626965961,72.3659682079672,71.40235793100211,167.10300734083188,163.56013647186916,5743,False,0.3050240875246643,30.50240875246643,16~36석,30.566207898514836,4.920485797373611,1,11.346139309679536,30.50240875246643,49.90337825335435
1168067000,서울특별시 강남구 개포2동,서울특별시,강남구,11680,961776.224514683,1943113.801223178,True,True,강남구,54.130150495243086,66.2204627452275,65.3412783972224,153.520585486804,149.8144140054594,5586,False,0.3540018227406501,35.40018227406501,16~36석,38.24057588290153,3.7620178733261516,1,13.080869138493838,35.40018227406501,51.95163702177431
1171051000,서울특별시 송파구 풍납1동,서울특별시,송파구,11710,965925.2465708002,1948838.5931686447,True,True,송파구,33.40659736036168,31.25279481899431,31.486450414990347,94.45712931122132,93.27392011901544,2908,False,0.6033219381346999,60.33219381346999,56~75석,61.47907802245406,2.27484022147436,0,56.42047815660416,60.33219381346999,77.85164635613185
1171052000,서울특별시 송파구 풍납2동,서울특별시,송파구,11710,965552.7619327824,1947909.4188804585,True,True,송파구,48.818691203867715,45.68504976980482,46.02979830369523,137.96042509350272,136.0871923963847,4339,False,0.570391518665888,57.0391518665888,56~75석,57.68611311892165,3.1607184102018673,0,25.62398851223354,57.0391518665888,74.7038960186962
1171053100,서울특별시 송파구 거여1동,서울특별시,송파구,11710,968325.3126700866,1943963.7754643715,True,True,송파구,32.20296655889531,30.157827841691834,30.375710362701323,91.10680602194384,90.23482825841047,2677,False,0.727585977245152,72.7585977245152,56~75석,71.27646653155753,1.0592618646471363,0,106.39342980475273,72.7585977245152,101.28281698149596
1171053200,서울특별시 송파구 거여2동,서울특별시,송파구,11710,968810.5151671456,1943738.8483336137,True,True,송파구,55.34549169091008,51.72439205411365,52.1113497070853,156.5880165073528,154.67887021627155,4752,False,0.7026758592824032,70.26758592824032,56~75석,67.30929416071957,0.7698972042525993,0,104.97342753552348,70.26758592824032,104.70250869544735
1171054000,서울특별시 송파구 마천1동,서울특별시,송파구,11710,969567.3041195116,1944003.2412931903,True,True,송파구,55.3115017641105,52.052896121579174,52.41297363732004,156.23115432019264,155.08392552637022,4585,False,0.6659331090706236,66.59331090706236,56~75석,60.67482552041204,0.3781530688680782,0,95.03133039443118,66.59331090706236,108.32406596004958
1171055000,서울특별시 송파구 마천2동,서울특별시,송파구,11710,969192.402120497,1944619.812698186,True,True,송파구,53.34223281705542,50.10137508912985,50.45655343608296,150.73017938597724,149.39005401032642,4481,False,0.7170179995842944,71.70179995842943,56~75석,63.48183397297509,0.31044778583575217,0,105.7041342714722,71.70179995842943,105.81413627439372
1171056100,서울특별시 송파구 방이1동,서울특별시,송파구,11710,966620.6834977294,1945677.4260040128,True,True,송파구,29.137518434715396,27.638180195287816,27.822836621472376,81.97911099242222,81.39044847928996,2561,False,0.6045239000290942,60.45239000290942,56~75석,63.80163556601883,1.5659914386088882,0,38.98479662549711,60.45239000290942,81.17338005849533
1171056200,서울특별시 송파구 방이2동,서울특별시,송파구,11710,965872.0460514714,1946066.8654229036,True,True,송파구,43.65789874831049,40.81931295248964,41.131386794194654,123.38607245449435,121.5905694349034,3921,False,0.5450218694612099,54.502186946120986,36~56석,57.13735474906238,2.3653866463421926,0,27.224072834525455,54.502186946120986,75.48107336742703
1171056600,서울특별시 송파구 오륜동,서울특별시,송파구,11710,967171.4704214098,1946550.226699009,True,True,송파구,34.60652209806784,32.36668867047336,32.624792214250334,97.62632013904624,95.76356283033068,3358,False,0.7014785813500871,70.14785813500872,56~75석,67.60594974270303,1.1377665090757938,0,25.895281572919814,70.14785813500872,84.13124427914596
1171057000,서울특별시 송파구 오금동,서울특별시,송파구,11710,967686.1344163518,1945031.706007441,True,True,송파구,88.26063479898366,84.21777321959767,84.74156767554332,247.94255503651104,247.15901446627493,7560,False,0.7006307414845999,70.06307414845999,56~75석,69.92927516789581,0.6081293680852766,0,76.6412718061647,70.06307414845999,93.47988947496356
1171058000,서울특별시 송파구 송파1동,서울특별시,송파구,11710,965559.4378760206,1945392.8329009772,True,True,송파구,41.87121520096079,39.12706782143974,39.42971746643717,118.32631267409346,116.4885454002851,3809,False,0.49437614281988423,49.437614281988424,36~56석,52.64325258714588,2.6254134465825487,0,41.378228346369724,49.437614281988424,75.43570955606049
1171059000,서울특별시 송파구 송파2동,서울특별시,송파구,11710,966132.8916425221,1944909.8571538168,True,True,송파구,34.20130160041123,32.03578477298472,32.28718444140408,96.45024891698564,94.71588089405566,3294,False,0.5859937591702761,58.59937591702761,56~75석,63.82202577608427,2.1427409588233126,0,52.154955843849805,58.59937591702761,79.3920353948739
1171060000,서울특별시 송파구 석촌동,서울특별시,송파구,11710,964862.8104684505,1944902.7015485782,True,True,송파구,56.49086725002876,52.55752815405688,52.97503244735337,159.92590867821988,157.27587285735802,5069,False,0.43921039523399763,43.92103952339976,36~56석,47.9453852089567,3.3786475062375625,0,48.91714293566318,43.92103952339976,72.89592042326326
1171061000,서울특별시 송파구 삼전동,서울특별시,송파구,11710,963929.2756261686,1944795.3697144988,True,True,송파구,48.99638564677784,45.66083368900489,46.02261471294105,138.5752400582642,136.22509951804807,4479,False,0.32714663833605934,32.71466383360593,16~36석,35.06714973672078,4.316238444933448,0,46.55445609113528,32.71466383360593,66.59622262509902
1171062000,서울특별시 송파구 가락본동,서울특별시,송파구,11710,966555.3753453484,1944284.7580194615,True,True,송파구,49.19790497382971,46.53236638310993,46.85387051078141,138.51923286295437,137.25002811107098,4381,False,0.6853045670409655,68.53045670409655,56~75석,74.38141954187395,1.9480650136826294,0,68.32260518865158,68.53045670409655,84.14635664875495
1171063100,서울특별시 송파구 가락1동,서울특별시,송파구,11710,965369.638845989,1944080.1928713045,True,True,송파구,36.16626665227959,32.707422530963356,33.06225264086677,102.7994958087148,98.3950911825318,4072,False,0.5848983415945035,58.489834159450346,56~75석,65.70482883900792,3.1110229998331986,0,53.779222296369475,58.489834159450346,77.6511003676269
1171063200,서울특별시 송파구 가락2동,서울특별시,송파구,11710,967350.6518344281,1944131.0383287938,True,True,송파구,54.28044597836486,51.25162666331205,51.618187051559815,152.81334730907218,151.0129903225127,4992,False,0.7396346267572973,73.96346267572973,56~75석,76.83195719329407,1.4117842099880042,0,87.04319387808631,73.96346267572973,92.75785111476847
1171064100,서울특별시 송파구 문정1동,서울특별시,송파구,11710,967012.7990107454,1943279.5796913803,True,True,송파구,36.610115467002785,34.3699001120974,34.6327747787271,103.19407748208896,101.5210007801069,3480,False,0.7883886898341578,78.83886898341578,75~97석,82.6391790689018,1.5628337017818528,0,76.12638509303385,78.83886898341578,90.0770478460177
1171064200,서울특별시 송파구 문정2동,서울특별시,송파구,11710,966326.7208590481,1942452.5180039208,True,True,송파구,55.8523076862256,53.322214958231896,53.637996840419376,157.08300142943747,157.19239332795354,4470,False,0.8523757366920666,85.23757366920665,75~97석,80.1282482956225,1.3547976255688423,0,71.03016374484335,85.23757366920665,85.01136976309
1171065000,서울특별시 송파구 잠실본동,서울특별시,송파구,11710,963081.5400442752,1945219.212926836,True,True,송파구,45.32070462313641,42.18179968635741,42.52187410652384,128.196236093668,125.85019106919164,4200,False,0.2671364683489534,26.71364683489534,16~36석,26.792726358739344,5.044596107012209,1,34.373925912006484,26.71364683489534,59.79083661686805
1171069000,서울특별시 송파구 잠실4동,서울특별시,송파구,11710,965374.3111117836,1946956.484552756,True,True,송파구,34.748793666766616,32.37771084188236,32.63663275657176,98.25419268444728,96.49809636595036,3222,False,0.5139235275888632,51.39235275888632,36~56석,51.90554577292787,2.980120350660064,1,12.885362381764864,51.39235275888632,73.07604085120555
1171071000,서울특별시 송파구 잠실6동,서울특별시,송파구,11710,964651.2950684113,1946716.6081473015,True,True,송파구,38.22271726094099,36.329518467662254,36.562245027006675,107.54780808288008,107.09409819740377,3236,False,0.4192503575120736,41.92503575120736,36~56석,41.956099789488434,3.656218425513655,0,22.49141694791823,41.92503575120736,70.00912504924518
1171072000,서울특별시 송파구 잠실7동,서울특별시,송파구,11710,962358.1214670887,1945441.473348956,True,True,송파구,32.729839770240275,31.520019590413657,31.67879329248832,91.94527804802696,92.83036820118286,2360,False,0.2698407400298695,26.98407400298695,16~36석,27.005170553588165,5.473546881566906,1,21.45218378079313,26.98407400298695,54.55924935319694
1171067000,서울특별시 송파구 잠실2동,서울특별시,송파구,11710,962780.5334022376,1946575.4844409155,True,True,송파구,44.87764974332735,41.35853387457732,41.71285141238272,127.43148185209633,124.75528031066982,4062,False,0.32919011137971266,32.91901113797127,16~36석,33.00726033333627,5.091040903206809,1,16.49504775270734,32.91901113797127,57.64374662651428
1171068000,서울특별시 송파구 잠실3동,서울특별시,송파구,11710,964148.3161208436,1946116.6626808401,True,True,송파구,68.40779539029593,62.97118777810802,63.52679605796567,194.1468342304696,189.50663526171095,6450,False,0.3540844887675389,35.40844887675389,16~36석,35.603771106846686,4.073308728107248,0,33.647573074138315,35.40844887675389,66.88309607803951
1171064600,서울특별시 송파구 장지동,서울특별시,송파구,11710,967432.1147035442,1942680.5768459197,True,True,송파구,57.034365897782706,53.720772876642926,54.10497792428714,160.82000187361314,159.07889356312796,5069,False,0.8853495189522061,88.53495189522062,75~97석,81.46879006591848,0.8851878201225313,0,85.74046155279336,88.53495189522062,93.45710781259572
1171064700,서울특별시 송파구 위례동,서울특별시,송파구,11710,968281.5570020366,1942552.152838553,True,True,송파구,43.38939368721486,40.95942106599308,41.25388219455874,122.14683726395586,120.65714889926204,4012,False,0.861655167340874,86.1655167340874,75~97석,73.77587132371768,0.5494610813316719,0,99.99891779603142,86.1655167340874,100.03842216895735
1174052600,서울특별시 강동구 상일제2동,서울특별시,강동구,11740,971498.2454188599,1950339.4184945012,True,True,강동구,28.003741683522804,37.6625026584245,36.89466985179962,78.75149009232716,93.5689668891558,2102,False,1.1193401459572836,111.93401459572836,97~159석,82.25917728527385,0.37122453371114444,0,209.6599837461212,111.93401459572836,109.06575863547243
1174052500,서울특별시 강동구 상일제1동,서울특별시,강동구,11740,970395.4037183144,1950208.8531948503,True,True,강동구,49.90847749715656,65.62476423932371,64.25610067942883,141.33161064108276,164.69857615028866,5390,False,1.1524664907818467,115.24664907818467,97~159석,91.13996494923062,0.6438046606319853,0,195.06431552677515,115.24664907818467,104.20940316772997
1174053000,서울특별시 강동구 명일1동,서울특별시,강동구,11740,968725.6461181924,1950173.5667864734,True,True,강동구,49.04055619670329,65.04669510301403,63.700796947509005,138.6000885699023,162.63330283364428,4679,False,1.0229068443935598,102.29068443935599,97~159석,90.59795604453257,1.5958775622619734,0,92.31688117875741,102.29068443935599,93.48676639125713
1174054000,서울특별시 강동구 명일2동,서울특별시,강동구,11740,969454.7796053928,1949939.7814947325,True,True,강동구,29.576919920428764,39.0546983389555,38.24530675481839,83.50652908488878,97.79374540770462,3013,False,1.0970549011814732,109.70549011814732,97~159석,91.53781714490457,0.8634629228874339,0,137.29200278660838,109.70549011814732,99.43547187711727
1174055000,서울특별시 강동구 고덕1동,서울특별시,강동구,11740,969172.7830633379,1951423.475696211,True,True,강동구,36.903293399509394,49.1282750105031,48.12085081411533,103.72727865791846,122.51626885483252,3319,False,1.0493253122878974,104.93253122878974,97~159석,88.02376089560444,0.7730786788015792,0,91.18599897352988,104.93253122878974,96.86569513611391
1174056000,서울특별시 강동구 고덕2동,서울특별시,강동구,11740,970227.0512123231,1951810.6140053617,True,True,강동구,37.02061035974149,49.07364868319263,48.05899873962849,104.5326121631702,122.70101038743547,3564,False,1.056128377351189,105.61283773511889,97~159석,84.41826904872865,1.0200311634326138,0,106.38102785418167,105.61283773511889,103.24480530871006
1174058000,서울특별시 강동구 암사2동,서울특별시,강동구,11740,966723.7653361016,1950958.9776806573,True,True,강동구,31.833711587445507,42.51125825245554,41.63340327369194,90.13962609453496,106.05631490068691,2725,False,0.7437506582795231,74.37506582795231,56~75석,69.911116312552,0.6390815294799072,0,76.09624480703128,74.37506582795231,84.77044623077339
1174059000,서울특별시 강동구 암사3동,서울특별시,강동구,11740,968079.6940361285,1951382.2070400007,True,True,강동구,32.696792797800555,43.41714312736326,42.52019499236671,92.34360335176068,108.49085611050074,3066,False,0.9279224331467844,92.79224331467843,75~97석,81.14523677700225,0.7907600555955879,0,66.20644598352922,92.79224331467843,88.88963876376869
1174060000,서울특별시 강동구 천호1동,서울특별시,강동구,11740,968073.886811122,1949726.4002211571,True,True,강동구,64.66827969244943,86.04725186862709,84.26511011341884,183.2145355408512,214.99200637662665,5877,False,0.9072781245074282,90.72781245074282,75~97석,83.98006564852243,1.850387947960766,0,79.63766534083246,90.72781245074282,88.89165419008738
1174062000,서울특별시 강동구 천호3동,서울특별시,강동구,11740,967595.2504856618,1948988.8443667942,True,True,강동구,58.8756472791489,78.51772925732956,76.89663328990258,166.569504415155,195.9496931402347,5154,False,0.807740501054757,80.77405010547571,75~97석,75.07244168919136,1.9048339886495669,0,66.93059393695528,80.77405010547571,85.23451181941213
1174064000,서울특별시 강동구 성내1동,서울특별시,강동구,11740,966912.2274499359,1947783.3654931,True,True,강동구,38.81237724091609,51.68971350229659,50.62213629123639,109.7603507193459,129.05359584620226,3475,False,0.6794789525145336,67.94789525145336,56~75석,64.53567063017528,1.943285180696807,0,23.180894222589586,67.94789525145336,79.79799589633734
1174065000,서울특별시 강동구 성내2동,서울특별시,강동구,11740,967110.6598387678,1948403.9198117452,True,True,강동구,56.851655774183186,75.88102780828312,74.31460549942555,160.89242817771134,189.3222639289424,4909,False,0.6881589161357703,68.81589161357702,56~75석,65.01795871892169,2.1052648077770177,0,43.35606710558874,68.81589161357702,81.49295006345992
1174066000,서울특별시 강동구 성내3동,서울특별시,강동구,11740,967643.4582656272,1947740.472554954,True,True,강동구,49.10714834108121,65.36949444987674,64.01529196315158,139.1857028530007,163.31599691863738,4433,False,0.7673539835222233,76.73539835222233,75~97석,65.99515924796479,1.277211036670284,0,29.229409812052566,76.73539835222233,85.4379645391837
1174069000,서울특별시 강동구 둔촌1동,서울특별시,강동구,11740,968227.7563986278,1947154.8334983494,True,True,강동구,0.0540212115645074,0.0681605069325703,0.0666611675517008,0.1563343914737919,0.1746918405983273,9,True,0.8143186216837939,81.43186216837938,,64.84714416180908,0.4899885942522458,0,34.03721768698818,81.43186216837938,91.82986558543
1174070000,서울특별시 강동구 둔촌2동,서울특별시,강동구,11740,968847.9172288401,1948081.0188840227,True,True,강동구,52.83108519232117,70.38205596650306,68.93474191661218,148.89451058447244,175.5722957092517,4701,False,0.9862173499865314,98.62173499865314,97~159석,76.74086953715333,0.543809366558843,0,67.85653179346119,98.62173499865314,96.45203714946749
1174057000,서울특별시 강동구 암사1동,서울특별시,강동구,11740,967723.2919170596,1950342.0218281893,True,True,강동구,80.259103831013,107.12326378850705,104.91754507094365,226.65907359967815,267.1507683884347,6926,False,0.857759892215726,85.7759892215726,75~97석,82.8336967516947,1.6975333418310923,0,81.17107403443174,85.7759892215726,86.51119112609722
1174061000,서울특별시 강동구 천호2동,서울특별시,강동구,11740,966632.7151173163,1949551.5095139565,True,True,강동구,74.55181495456671,99.41516413579224,97.35950990452228,211.17324135317443,248.17374689351135,6538,False,0.6688271578873404,66.88271578873403,56~75석,66.54914662233745,1.7448512162612129,0,76.01832906050218,66.88271578873403,81.71195129289525
1174068500,서울특별시 강동구 길동,서울특별시,강동구,11740,968718.1913123127,1948992.4431056275,True,True,강동구,102.88820843208352,136.8024390988491,133.9750733159239,290.8804513223484,341.7454834328562,9454,False,1.0167388115291178,101.67388115291178,97~159석,84.94250448756779,0.9274825364728783,0,81.55738473414733,101.67388115291178,94.86829427353659
1153078000,서울특별시 구로구 오류2동,서울특별시,구로구,11530,941507.2004864977,1943097.7992637982,True,True,구로구,98.18304443141469,116.47628874338145,114.63866956969268,277.7910608018507,309.21123443448755,7866,False,1.214628608195333,121.4628608195333,97~159석,60.616267288793146,0.8187836809529385,0,102.61040835128652,121.4628608195333,150.47951854470065
1174051500,서울특별시 강동구 강일동,서울특별시,강동구,11740,971159.0164421528,1952228.2722824088,True,True,강동구,75.7630418011142,101.1847142037706,99.1110173590934,213.20618702135096,252.09041599045523,6463,False,1.0440415363927795,104.40415363927795,97~159석,73.51775919482043,0.46873177744377637,0,105.99406741368614,104.40415363927795,105.83072130542601
