행정동코드,행정동명,시도,시군구,구코드,cx,cy,서울,분석범위,지역,시도약칭,65~74세,75~84세,85세 이상,D_A,D_B,D_BEB,D_A3,D_B3
1111053000,서울특별시 종로구 사직동,서울특별시,종로구,11110,953212.1219656633,1952880.0346189733,True,True,종로구,서울,956,634,304,31.115947157661914,34.115550710526264,33.83795650146037,86.92654902834346,85.059284286496
1111054000,서울특별시 종로구 삼청동,서울특별시,종로구,11110,954189.3385237464,1954417.3340454479,True,True,종로구,서울,323,217,87,9.61255367148998,10.44435354353259,10.371892182480142,26.956697783951526,26.16222740348396
1111055000,서울특별시 종로구 부암동,서울특별시,종로구,11110,952556.5054276384,1955390.1534192623,True,True,종로구,서울,1053,639,252,28.3978110474372,30.782178016255653,30.58169128114489,79.65209939501295,77.18054719718779
1111056000,서울특별시 종로구 평창동,서울특별시,종로구,11110,953160.3523870226,1957302.3698452818,True,True,종로구,서울,2066,1132,520,55.399014194339145,60.43349994961472,59.99404982719717,154.87075861776265,150.99629656136534
1111057000,서울특별시 종로구 무악동,서울특별시,종로구,11110,952229.4432638738,1953288.6837562565,True,True,종로구,서울,830,523,185,21.859759318250536,23.57280099052737,23.434919783065407,61.45960851590958,59.26734186625926
1111058000,서울특별시 종로구 교남동,서울특별시,종로구,11110,952681.8942353523,1952544.085926756,True,True,종로구,서울,975,568,184,22.973109292963834,24.627216511745925,24.505402074413176,64.69889713886808,62.09288359961444
1111060000,서울특별시 종로구 가회동,서울특별시,종로구,11110,954672.0673516253,1953822.571939162,True,True,종로구,서울,419,317,113,13.01847569445368,14.080758659313513,13.990017120429322,36.608074206199376,35.36413854807343
1111061500,서울특별시 종로구 종로1·2·3·4가동,서울특별시,종로구,11110,954942.5158334903,1952977.8990742967,True,True,종로구,서울,1029,582,172,22.647870998459826,24.14808141068546,24.04756655530462,63.89986640777627,61.0478785334097
1111063000,서울특별시 종로구 종로5·6가동,서울특별시,종로구,11110,956222.3889497072,1952742.4512887,True,True,종로구,서울,579,405,104,14.356676381710134,15.243506929499794,15.184800591098401,40.651615914804225,38.645560867916274
1111064000,서울특별시 종로구 이화동,서울특별시,종로구,11110,956122.8309847764,1953483.4465781073,True,True,종로구,서울,735,479,176,20.32987045923778,21.978285272643955,21.8414084560275,57.11545655150082,55.19188765255865
1111067000,서울특별시 종로구 창신1동,서울특별시,종로구,11110,957085.4099805247,1952654.355955301,True,True,종로구,서울,755,380,114,15.169242028039209,16.15436986756945,16.092405428950663,42.771368060595876,40.8492159921332
1111068000,서울특별시 종로구 창신2동,서울특별시,종로구,11110,956754.7435682914,1953043.5179474284,True,True,종로구,서울,1133,610,182,24.024571541709783,25.607658421221664,25.503888329252973,67.76116658319785,64.73834336361078
1111069000,서울특별시 종로구 창신3동,서울특별시,종로구,11110,957017.6259535594,1953382.14049138,True,True,종로구,서울,801,423,144,17.779249274431336,19.0785760235631,18.983864655501286,50.0080411939114,48.06403643623291
1111070000,서울특별시 종로구 숭인1동,서울특별시,종로구,11110,957339.2152472753,1953203.6245257729,True,True,종로구,서울,747,431,137,17.29897069373841,18.522866887228698,18.434456799638944,48.73702265133304,46.7285705003255
1111071000,서울특별시 종로구 숭인2동,서울특별시,종로구,11110,957671.0177486017,1952878.1363412945,True,True,종로구,서울,1076,574,135,20.46372561876077,21.535823855472387,21.48747893910177,57.99227717437992,54.80029089552127
1111051500,서울특별시 종로구 청운효자동,서울특별시,종로구,11110,953242.8988550233,1954050.3684252922,True,True,종로구,서울,1126,787,301,33.837270996644904,36.69494294791236,36.448367656547845,94.9926641215643,92.01717457799242
1111065000,서울특별시 종로구 혜화동,서울특별시,종로구,11110,955652.4079715576,1954349.2897815015,True,True,종로구,서울,1325,1025,387,43.2917199729493,46.979530002687085,46.655015164679845,121.58742241828891,117.79432171781909
1114052000,서울특별시 중구 소공동,서울특별시,중구,11140,953578.2232306972,1951789.4396432189,True,True,중구,서울,182,84,26,3.45210053920289,2.367664916057625,2.6337536546770712,9.72492068816017,7.6975161778616705
1114054000,서울특별시 중구 회현동,서울특별시,중구,11140,953781.2297197813,1950975.2089245534,True,True,중구,서울,771,380,146,17.143753810405354,11.948478886070944,13.168478461689563,48.093906320027116,38.41988357918393
1114055000,서울특별시 중구 명동,서울특별시,중구,11140,954460.7501774434,1951721.4381609326,True,True,중구,서울,411,226,84,9.865920306664453,6.8820915527798245,7.571466859348937,27.702092929302424,22.10261630114566
1114057000,서울특별시 중구 필동,서울특별시,중구,11140,955294.9648858393,1950948.5649470768,True,True,중구,서울,517,281,116,12.980728847917842,9.11297522625729,9.994627610973891,36.36796436085083,29.147445120417608
1114058000,서울특별시 중구 장충동,서울특별시,중구,11140,956038.9434455036,1950812.2342416923,True,True,중구,서울,472,307,114,13.104829948605328,9.179073745082842,10.058773171487413,36.80871183210653,29.374547434656158
1114059000,서울특별시 중구 광희동,서울특별시,중구,11140,956163.433183195,1951876.078564027,True,True,중구,서울,715,363,96,13.695405358846731,9.324513312494272,10.398394450401028,38.71437439055072,30.44283932634574
1114060500,서울특별시 중구 을지로동,서울특별시,중구,11140,955534.2616828444,1952038.7578046136,True,True,중구,서울,311,142,48,6.089857329568668,4.199578781788519,4.658791341335435,17.12519655338077,13.605002382855204
1114065000,서울특별시 중구 신당5동,서울특별시,중구,11140,957786.7027092037,1951687.570106201,True,True,중구,서울,1124,669,191,25.432425863018338,17.478606712165636,19.355850972784005,71.81838749957227,56.65534859166166
1114067000,서울특별시 중구 황학동,서울특별시,중구,11140,957681.8453178407,1952224.8607527502,True,True,중구,서울,1255,702,199,26.85614326703471,18.417894690158857,20.434724566200835,75.83578264398412,59.80634484661267
1114068000,서울특별시 중구 중림동,서울특별시,중구,11140,952832.2115619775,1951019.3478272792,True,True,중구,서울,1227,756,255,30.94479250584649,21.514718925561528,23.677565756639588,87.0865084323083,69.20113128614388
1114061500,서울특별시 중구 신당동,서울특별시,중구,11140,957060.0895484516,1951931.642706342,True,True,중구,서울,867,558,152,20.536478439401563,14.099647179763668,15.606188511391615,58.063134065243574,45.71070500636681
1114062500,서울특별시 중구 다산동,서울특별시,중구,11140,956566.9105566987,1950708.797061472,True,True,중구,서울,1675,1032,296,39.115545243928366,26.91445121616275,29.774127005668795,110.45838092690565,87.15472435520591
1114063500,서울특별시 중구 약수동,서울특별시,중구,11140,956738.700753535,1950168.10432118,True,True,중구,서울,2300,1377,540,61.1166431070374,42.87124641940291,46.98796263726366,171.44061088372393,137.1240011777029
1114064500,서울특별시 중구 청구동,서울특별시,중구,11140,957162.2862025086,1950944.5645336967,True,True,중구,서울,1631,999,363,42.486337973025506,29.675395523920507,32.586124841292424,119.37729651948845,95.16868702364309
1114066500,서울특별시 중구 동화동,서울특별시,중구,11140,957489.5734858743,1951357.6806021323,True,True,중구,서울,1223,679,260,30.059448107612102,21.013662912332826,23.090684008684008,84.3518844959682,67.38920739019713
1117051000,서울특별시 용산구 후암동,서울특별시,용산구,11170,954120.3244616131,1950195.6182245833,True,True,용산구,서울,1791,973,382,43.76995741328648,37.12961484670026,38.75980793194784,122.75731204683258,105.99610613605591
1117052000,서울특별시 용산구 용산2가동,서울특별시,용산구,11170,954508.0995069732,1948855.35977241,True,True,용산구,서울,1121,703,273,30.86138305666691,26.38855732697929,27.452445463793634,86.59502178367612,75.03178339232298
1117053000,서울특별시 용산구 남영동,서울특별시,용산구,11170,953607.7305347798,1949515.2720033864,True,True,용산구,서울,987,457,139,18.62321353537473,15.33678370223271,16.189037888158527,52.48220071170673,44.881681010584046
1117057000,서울특별시 용산구 원효로2동,서울특별시,용산구,11170,951622.4656848271,1948405.234798764,True,True,용산구,서울,1395,794,325,36.29044004949807,30.960923366955736,32.250580483781086,101.69991431281619,87.9862792196023
1117058000,서울특별시 용산구 효창동,서울특별시,용산구,11170,952376.992206154,1949414.9081630793,True,True,용산구,서울,885,576,201,23.812019379888817,20.26475996134776,21.109542885915644,66.97215883248478,57.98082354751695
1117059000,서울특별시 용산구 용문동,서울특별시,용산구,11170,952168.4001955114,1948896.152029099,True,True,용산구,서울,1283,802,222,29.852939628132397,24.96382012085115,26.160584250825714,84.36802610478196,72.69073842979557
1117063000,서울특별시 용산구 이촌1동,서울특별시,용산구,11170,953312.5201313416,1946370.5764089895,True,True,용산구,서울,2345,1472,724,73.75769097381165,64.01945250415262,66.27912126684339,205.9320665026548,179.12655510919816
1117064000,서울특별시 용산구 이촌2동,서울특별시,용산구,11170,951781.4981012603,1947185.0023369414,True,True,용산구,서울,1062,569,213,25.02195800717817,21.137580448390565,22.098204238503154,70.24407335363344,60.577621278796464
1117065000,서울특별시 용산구 이태원1동,서울특별시,용산구,11170,955228.071599192,1948351.833957004,True,True,용산구,서울,745,446,203,21.481803512827156,18.508401392149658,19.212043669729745,60.07128548479453,52.12990440315639
1117066000,서울특별시 용산구 이태원2동,서울특별시,용산구,11170,955134.4902044706,1949269.3973345275,True,True,용산구,서울,956,685,268,29.731494075527213,25.618364947032802,26.566208490191904,83.42847953011238,72.51787314951785
1117069000,서울특별시 용산구 서빙고동,서울특별시,용산구,11170,954837.0073422408,1946799.0038323184,True,True,용산구,서울,1223,657,403,38.30734187931711,33.439801097089,34.581376988024616,106.46858922452904,92.63659074430596
1117070000,서울특별시 용산구 보광동,서울특별시,용산구,11170,955931.638739109,1947513.3412162564,True,True,용산구,서울,1024,565,184,23.092512112384235,19.359477155708163,20.2873122886393,65.01926213027224,55.97752401366283
1117055500,서울특별시 용산구 청파동,서울특별시,용산구,11170,952907.0429421777,1949927.068044234,True,True,용산구,서울,1915,1122,351,44.5949053311363,37.434725762240596,39.19650645399939,125.68567858321163,108.31536801435398
1117056000,서울특별시 용산구 원효로1동,서울특별시,용산구,11170,952872.605892295,1948817.0770213115,True,True,용산구,서울,1292,625,186,25.02856845909093,20.650256260714674,21.777042822284564,70.57350537252475,60.414563383093416
1117062500,서울특별시 용산구 한강로동,서울특별시,용산구,11170,953048.0697347679,1947891.9905194454,True,True,용산구,서울,1951,955,389,44.45510949555468,37.548445216833954,39.278026162240515,124.56155254102842,107.31704071009676
1117068500,서울특별시 용산구 한남동,서울특별시,용산구,11170,956339.2281743716,1948757.1847565512,True,True,용산구,서울,1541,840,281,34.84155476023031,29.239035890621047,30.63228134042766,98.04239363100896,84.41954745794042
1120052000,서울특별시 성동구 왕십리2동,서울특별시,성동구,11200,958286.6509002944,1951453.894460648,True,True,성동구,서울,1679,868,276,35.432501853829535,27.61739807645482,28.339299654549535,99.7957617790451,78.83663380798926
1120054000,서울특별시 성동구 마장동,서울특별시,성동구,11200,959420.4489898554,1952129.3708045701,True,True,성동구,서울,2456,1384,422,54.666432852628674,42.533872817004244,43.66219293969427,154.13742702266865,121.63284903375045
1120055000,서울특별시 성동구 사근동,서울특별시,성동구,11200,959851.9377385966,1951059.7639875258,True,True,성동구,서울,786,605,168,21.93928019024172,16.924791457435717,17.4002555156204,62.03425000503259,48.76372866725017
1120056000,서울특별시 성동구 행당1동,서울특별시,성동구,11200,959024.1950587991,1951175.2875046877,True,True,성동구,서울,1323,771,233,30.176066132183575,23.452867397726916,24.079479625167487,85.10801045003653,67.12998313224294
1120057000,서울특별시 성동구 행당2동,서울특별시,성동구,11200,958444.1066204415,1950918.1138493726,True,True,성동구,서울,2389,1437,430,55.727564344498525,43.27142583773062,44.43478838595547,157.21893510587256,123.95724831156511
1120058000,서울특별시 성동구 응봉동,서울특별시,성동구,11200,958836.554257342,1950285.2062228257,True,True,성동구,서울,1442,957,284,36.46889494406085,28.202300049036204,28.978199187024487,102.9309442487774,81.04627240835862
1120059000,서울특별시 성동구 금호1가동,서울특별시,성동구,11200,958049.5846915627,1950586.4769842403,True,True,성동구,서울,1717,879,307,37.58852841688263,29.13690020863036,29.913488720369713,105.66260205151552,83.43815272103053
1120062000,서울특별시 성동구 금호4가동,서울특별시,성동구,11200,957983.0389689731,1949683.0954533797,True,True,성동구,서울,1562,857,277,34.930965384186614,27.11536630991906,27.838938551665144,98.3655383379654,77.62901736959705
1120065000,서울특별시 성동구 성수1가1동,서울특별시,성동구,11200,959547.8251069225,1949159.3679984906,True,True,성동구,서울,1618,722,206,28.803503824048743,22.791533957613268,23.34489870599119,81.26316078631712,64.39790904974782
1120066000,서울특별시 성동구 성수1가2동,서울특별시,성동구,11200,959716.1723330527,1950068.428451389,True,True,성동구,서울,1270,650,196,25.935158184210806,20.293862207139032,20.816112527278463,73.1232100140127,57.792831932997636
1120067000,서울특별시 성동구 성수2가1동,서울특별시,성동구,11200,960710.4079995641,1948685.8615033578,True,True,성동구,서울,1948,912,231,34.307500600943115,27.27508193501179,27.928374354667618,97.032553662623,76.88636981511405
1120069000,서울특별시 성동구 성수2가3동,서울특별시,성동구,11200,960967.849750199,1949670.6471450045,True,True,성동구,서울,1081,610,195,24.6296509658863,19.105439202350922,19.61789329173878,69.37790666119317,54.73272825053111
1120072000,서울특별시 성동구 송정동,서울특별시,성동구,11200,961638.686993672,1950420.9324843546,True,True,성동구,서울,1224,580,152,22.07393358669192,17.499923767583912,17.92444128732884,62.39394921199572,49.41855839867026
1120079000,서울특별시 성동구 용답동,서울특별시,성동구,11200,960948.680994176,1951112.7953591552,True,True,성동구,서울,1277,810,245,31.334931272202972,24.254106468019593,24.916641119554736,88.3946283080555,69.63777580206623
1120053500,서울특별시 성동구 왕십리도선동,서울특별시,성동구,11200,958455.5646206801,1952040.3389353422,True,True,성동구,서울,2407,1343,437,54.77762290763693,42.46784427889996,43.608034779076675,154.23882932487504,121.68888730228389
1120061500,서울특별시 성동구 금호2·3가동,서울특별시,성동구,11200,957592.226278082,1950340.234634875,True,True,성동구,서울,2405,1383,419,54.29935389680776,42.22260753990629,43.34727958314487,153.13129938416412,120.80640843688428
1120064500,서울특별시 성동구 옥수동,서울특별시,성동구,11200,957671.5850919937,1949162.7299609792,True,True,성동구,서울,2669,1428,472,59.054608245147605,45.8346784895373,47.055586865745646,166.2103162818047,131.2046455599207
1121571000,서울특별시 광진구 화양동,서울특별시,광진구,11215,962319.7715097503,1949411.743678286,True,True,광진구,서울,1372,802,241,31.293113622828088,27.47792166389418,27.998911017029506,88.2696595492584,91.86300511279345
1121573000,서울특별시 광진구 군자동,서울특별시,광진구,11215,962344.1968368413,1950498.9752807333,True,True,광진구,서울,1935,1132,299,41.6934848855456,36.39532312542461,37.12359552484833,117.92080624488318,122.20979373322939
1121574000,서울특별시 광진구 중곡1동,서울특별시,광진구,11215,962705.6484334334,1951492.7236130142,True,True,광진구,서울,1633,904,238,33.54474756874388,29.264972039052118,29.859318244464582,94.86246686891772,98.17500855462332
1121575000,서울특별시 광진구 중곡2동,서울특별시,광진구,11215,963310.4012705146,1951142.9149777729,True,True,광진구,서울,2297,1166,270,41.68987138891147,36.13749199695198,36.92594273256114,118.15625394675367,121.51148729563597
1121576000,서울특별시 광진구 중곡3동,서울특별시,광진구,11215,963083.6478009514,1952136.0591359602,True,True,광진구,서울,1875,1069,249,37.53152651712003,32.5705388766783,33.259723481453044,106.40968503995546,109.77096999302688
1121577000,서울특별시 광진구 중곡4동,서울특별시,광진구,11215,964183.7153291898,1951694.1623607294,True,True,광진구,서울,3586,1816,453,66.90878472015054,58.188423716787156,59.42307159407857,189.35498275513592,195.19034386973334
1121578000,서울특별시 광진구 능동,서울특별시,광진구,11215,963046.5021116612,1950228.604895333,True,True,광진구,서울,1013,594,136,20.615926538387704,17.880800940549598,18.25912014396129,58.47699766611025,60.33192119280003
1121585000,서울특별시 광진구 구의1동,서울특별시,광진구,11215,963429.5487086102,1949209.8917234458,True,True,광진구,서울,2087,1154,334,44.64103781277045,39.1132745072938,39.87737027775458,125.99822637353023,130.79945995779772
1121586000,서울특별시 광진구 구의2동,서울특별시,광진구,11215,964177.7222819041,1950261.9232588687,True,True,광진구,서울,2932,1544,444,60.02558493921002,52.55551754824058,53.597882160925366,169.41750196589044,175.63083606274216
1121587000,서울특별시 광진구 구의3동,서울특별시,광진구,11215,964239.5528764492,1948496.4796329858,True,True,광진구,서울,2872,1402,474,59.462753742934275,52.41139645135688,53.40050125928363,167.24299602771111,174.0014261815275
1121581000,서울특별시 광진구 광장동,서울특별시,광진구,11215,965097.056327928,1949956.302428327,True,True,광진구,서울,2574,1176,551,59.640576945416015,53.31074548550086,54.19021600612407,166.62300209944914,175.0322421108329
1121582000,서울특별시 광진구 자양1동,서울특별시,광진구,11215,962930.3853721413,1948552.3130870857,True,True,광진구,서울,2310,1284,340,47.73100492466072,41.65354062005749,42.49666234951785,134.96644789465935,139.71922534241838
1121583000,서울특별시 광진구 자양2동,서울특별시,광진구,11215,963178.0979479254,1947862.371337629,True,True,광진구,서울,2848,1336,357,51.35512146142733,44.769674139049755,45.712763953837815,145.0993478521858,149.61090537527653
1121584000,서울특별시 광진구 자양3동,서울특별시,광진구,11215,962114.1048604536,1948128.4954465025,True,True,광진구,서울,2883,1360,586,65.58270177281912,58.423265760440614,59.41803389032147,183.54005756382483,192.3933612734456
1121584700,서울특별시 광진구 자양4동,서울특별시,광진구,11215,961458.5582209748,1948375.7523037582,True,True,광진구,서울,2492,1318,362,50.182012138220514,43.84711312872205,44.73247619411315,141.768303016316,146.7600139441169
1123071000,서울특별시 동대문구 회기동,서울특별시,동대문구,11230,960398.3300958571,1955016.3619041163,True,True,동대문구,서울,792,566,195,22.986416648213904,20.10566588448627,20.20634626372322,64.67960907208061,57.98551185748409
1123072000,서울특별시 동대문구 휘경1동,서울특별시,동대문구,11230,961374.4102057067,1954808.967585058,True,True,동대문구,서울,1191,773,241,30.24199843122694,26.799753524936335,26.891742639690463,85.26143451994926,76.89063013098445
1123073000,서울특별시 동대문구 휘경2동,서울특별시,동대문구,11230,961721.3961427994,1954211.9397511152,True,True,동대문구,서울,2523,1439,407,54.8289631484916,49.3205837058095,49.395882554027615,154.84127531057604,140.60693621877462
1123070500,서울특별시 동대문구 청량리동,서울특별시,동대문구,11230,959840.6532579393,1954490.920446982,True,True,동대문구,서울,3242,1907,617,76.97816328435451,68.3368561115389,68.53708935015791,216.8033797975559,195.72158805046644
1123053600,서울특별시 동대문구 용신동,서울특별시,동대문구,11230,958700.3529304662,1953018.2401650895,True,True,동대문구,서울,3838,2225,691,88.26736267581595,78.69684757890016,78.89014981439158,248.80259701804,225.04179721280912
1123054500,서울특별시 동대문구 제기동,서울특별시,동대문구,11230,959142.3935891644,1953910.3358274775,True,True,동대문구,서울,3167,2018,601,77.45466485269162,68.96984295155738,69.17005655339273,218.57090928439942,197.53571824730972
1123056000,서울특별시 동대문구 전농1동,서울특별시,동대문구,11230,960358.8390657515,1953386.8417919204,True,True,동대문구,서울,3651,2035,660,82.88496774591289,73.77484133438014,73.95819068452096,233.39674957065824,210.9768499043933
1123057000,서울특별시 동대문구 전농2동,서울특별시,동대문구,11230,961251.199033062,1953572.3069021709,True,True,동대문구,서울,2316,1342,400,52.235146247831054,46.73766039391743,46.83603031186057,147.3630185452519,133.49788607374194
1123061000,서울특별시 동대문구 답십리2동,서울특별시,동대문구,11230,961243.4111763255,1952481.8113972445,True,True,동대문구,서울,3527,2012,582,77.43569242129513,69.52205916196496,69.64135378956297,218.583252362123,198.32160180229886
1123065000,서울특별시 동대문구 장안1동,서울특별시,동대문구,11230,961901.229305187,1951961.7009033416,True,True,동대문구,서울,4491,2304,527,81.82635337836975,75.36733330302641,75.27836005468941,231.97553347805461,212.92844783777286
1123066000,서울특별시 동대문구 장안2동,서울특별시,동대문구,11230,962254.758484004,1953017.2660453855,True,True,동대문구,서울,3644,1833,441,66.64268202216998,61.19981460862405,61.14049668865087,188.7298379345994,173.01842756476952
1123074000,서울특별시 동대문구 이문1동,서울특별시,동대문구,11230,961184.5935520461,1955403.3228228758,True,True,동대문구,서울,1732,1218,401,48.44055289573713,42.56559921374624,42.757603449211274,136.43312954269354,122.56214607927402
1123075000,서울특별시 동대문구 이문2동,서울특별시,동대문구,11230,961822.9931105014,1956022.955346772,True,True,동대문구,서울,2441,1511,391,54.68829118310818,49.34939287845769,49.42421721531884,154.76793495243058,140.6987202786265
1123060000,서울특별시 동대문구 답십리1동,서울특별시,동대문구,11230,960412.0862168382,1952491.4913079026,True,True,동대문구,서울,2612,1448,417,55.865947623786454,50.25374934865451,50.325279245885866,157.69766143588168,143.21373874129446
1126052000,서울특별시 중랑구 면목2동,서울특별시,중랑구,11260,962756.4976140762,1954525.8549377185,True,True,중랑구,서울,3092,1648,449,62.447579314249545,73.97573814121024,72.9766765536027,176.4528235056652,217.89681651499643
1126054000,서울특별시 중랑구 면목4동,서울특별시,중랑구,11260,963484.2493767362,1952758.5178168537,True,True,중랑구,서울,2453,1461,279,47.2455514495698,55.97006083711281,55.19516650032989,134.49678501561687,167.537651778265
1126055000,서울특별시 중랑구 면목5동,서울특별시,중랑구,11260,962887.6772527316,1953814.5980865273,True,True,중랑구,서울,1633,789,202,29.633719203422665,35.0714698725019,34.58930337063995,83.80675182248329,103.77960228563535
1126057000,서울특별시 중랑구 면목7동,서울특별시,중랑구,11260,964035.017755329,1953179.6368111267,True,True,중랑구,서울,2933,1495,391,56.10214133846449,66.4291477682691,65.52353073217219,158.62762763712652,196.20299009901296
1126058000,서울특별시 중랑구 상봉1동,서울특별시,중랑구,11260,963762.4269072025,1955924.5844325363,True,True,중랑구,서울,2740,1355,359,51.400531995458834,60.84960251040343,60.01839945784593,145.2805599427054,179.68514431181217
1126059000,서울특별시 중랑구 상봉2동,서울특별시,중랑구,11260,963266.8563633722,1955063.5738100966,True,True,중랑구,서울,2027,1046,272,39.07393443569618,46.27024671687467,45.63992239945473,110.49834691825676,136.67789621954168
1126060000,서울특별시 중랑구 중화1동,서울특별시,중랑구,11260,963204.7583430323,1955956.1092810705,True,True,중랑구,서울,2606,1263,294,45.64761638887386,54.011262205389116,53.26129914955272,129.33404235736683,160.57620732358794
1126061000,서울특별시 중랑구 중화2동,서울특별시,중랑구,11260,962502.0151247254,1955563.8384451002,True,True,중랑구,서울,3233,1761,499,67.64341493218926,80.1514412082928,79.07615901329177,190.99570855811345,235.53766068204652
1126062000,서울특별시 중랑구 묵1동,서울특별시,중랑구,11260,963148.7242444969,1957226.558656659,True,True,중랑구,서울,3913,2123,572,79.82525635452944,94.57140508182995,93.29508520651439,225.61983160463677,278.6511325134471
1126063000,서울특별시 중랑구 묵2동,서울특별시,중랑구,11260,962459.9865793131,1956856.443597139,True,True,중랑구,서울,2466,1239,314,46.01110085648814,54.46986390437688,53.72352113622071,130.16913381655561,161.17072038200607
1126066000,서울특별시 중랑구 망우3동,서울특별시,중랑구,11260,964946.7378204386,1954785.8935842114,True,True,중랑구,서울,2304,1162,345,46.1540082413055,54.66373365936825,53.92809158877132,130.1644136455305,160.42934836819086
1126068000,서울특별시 중랑구 신내1동,서울특별시,중랑구,11260,965094.869304147,1957114.4747282912,True,True,중랑구,서울,4656,2433,765,98.63016559119028,116.8635346585981,115.30702994124894,277.8639943582085,341.77089519050395
1126069000,서울특별시 중랑구 신내2동,서울특별시,중랑구,11260,963956.3440986364,1956913.9666010593,True,True,중랑구,서울,2828,1367,479,59.081917357714886,69.98536261196425,69.05701613966315,166.04752792238827,203.7524427354993
1126056500,서울특별시 중랑구 면목본동,서울특별시,중랑구,11260,963761.2781662203,1954406.3126788347,True,True,중랑구,서울,4070,2146,555,79.68387609852093,94.37386452002224,93.0905372236853,225.38274519714082,278.7629802794826
1126057500,서울특별시 중랑구 면목3·8동,서울특별시,중랑구,11260,964452.5962258342,1953987.938082809,True,True,중랑구,서울,3431,1777,450,65.61299357596948,77.69399345674947,76.63297264006876,185.64894085139963,229.79681876905983
1126065500,서울특별시 중랑구 망우본동,서울특별시,중랑구,11260,965357.2325242002,1955913.4885869375,True,True,중랑구,서울,4687,2243,683,90.92115862667572,107.64927284703678,106.19624450864355,256.2461080622568,315.7716925469124
1129058000,서울특별시 성북구 돈암1동,서울특별시,성북구,11290,957985.6594498059,1955652.4893628703,True,True,성북구,서울,1829,1038,317,40.98604178208501,50.54161675040382,49.69684524153777,115.56267220181522,135.28653366698154
1129059000,서울특별시 성북구 돈암2동,서울특별시,성북구,11290,956888.7913308617,1955430.4860698825,True,True,성북구,서울,2278,1191,455,53.109921553143266,65.07653450434071,64.03281269277315,149.025585897986,173.6900460177102
1129060000,서울특별시 성북구 안암동,서울특별시,성북구,11290,958267.3404167695,1954311.3292232899,True,True,성북구,서울,1174,764,267,31.608246776395298,38.81950881844212,38.20963037289413,88.8964803271794,103.97984295547599
1129061000,서울특별시 성북구 보문동,서울특별시,성북구,11290,957550.4571308965,1953799.2281241915,True,True,성북구,서울,1566,883,272,35.04007279782755,43.198862570132334,42.47741978262731,98.77823502756834,115.61313251337333
1129062000,서울특별시 성북구 정릉1동,서울특별시,성북구,11290,957335.6836340238,1956092.3449441863,True,True,성북구,서울,1881,1183,349,45.288773230849074,55.89993484480853,54.97678578030529,127.82248591340063,149.88937206936066
1129063000,서울특별시 성북구 정릉2동,서울특별시,성북구,11290,956582.6287717639,1956155.2777352035,True,True,성북구,서울,2840,1606,486,63.180134924112984,77.93078147474507,76.62425989396641,178.17228829073028,208.60435074324164
1129064000,서울특별시 성북구 정릉3동,서울특별시,성북구,11290,955320.8285110847,1957101.6378793365,True,True,성북구,서울,1923,1230,391,48.66641723417917,59.93733687539881,58.969104083337754,137.14396794776127,160.6462711654727
1129065000,서울특별시 성북구 정릉4동,서울특별시,성북구,11290,955452.5027071531,1958348.8523111928,True,True,성북구,서울,2985,1791,514,68.16488741028701,84.20501008911383,82.79179976988603,192.4738255571329,225.68978434176063
1129066000,서울특별시 성북구 길음1동,서울특별시,성북구,11290,957610.5193315079,1956629.095478128,True,True,성북구,서울,2812,1765,490,65.74592236815361,81.2933430277671,79.93017733343613,185.79679056326506,218.0870350928454
1129068500,서울특별시 성북구 길음2동,서울특별시,성북구,11290,958272.0424692382,1956610.085778962,True,True,성북구,서울,2026,984,289,39.147231003245466,48.33260439714344,47.489191934939655,110.41461814150685,129.09929101124786
1129071500,서울특별시 성북구 월곡1동,서울특별시,성북구,11290,959085.4980537732,1956595.7206910604,True,True,성북구,서울,3053,1739,476,65.32176984519904,80.80368647399605,79.41729838301643,184.59717366040178,216.4892627637396
1129072500,서울특별시 성북구 월곡2동,서울특별시,성북구,11290,959854.8795834396,1956083.9907865082,True,True,성북구,서울,2211,1306,421,52.59390861510073,64.75230950512686,63.693449322471125,148.13983286299566,173.34630967764033
1129076000,서울특별시 성북구 장위1동,서울특별시,성북구,11290,959779.2498645453,1957376.2953480606,True,True,성북구,서울,2707,1392,381,53.17294059626461,65.77723081322765,64.62403424369606,150.21401894606606,175.94539167301554
1129077000,서울특별시 성북구 장위2동,서울특별시,성북구,11290,960436.3522918148,1957071.300627702,True,True,성북구,서울,1905,1120,307,41.889934756609534,51.81579191366794,50.932796623960364,118.38803837062797,138.88970962232958
1129078000,서울특별시 성북구 장위3동,서울특별시,성북구,11290,960595.5439338037,1957731.1393475912,True,True,성북구,서울,1508,728,192,27.684006033635594,34.281915164,33.66713484111948,78.24719287142656,91.62504757128963
1129052500,서울특별시 성북구 성북동,서울특별시,성북구,11290,955521.544099576,1955281.6167804864,True,True,성북구,서울,1635,1104,431,48.17925099811126,58.97502055454267,58.081699306277756,135.18836410845813,157.8745115204462
1129055500,서울특별시 성북구 삼선동,서울특별시,성북구,11290,956897.3337514368,1954248.1153774012,True,True,성북구,서울,2216,1527,489,60.05574892116823,73.94403088238329,72.76853385101205,169.24147222737787,198.36077259270493
1129057500,서울특별시 성북구 동선동,서울특별시,성북구,11290,957486.7872474127,1955034.6558342155,True,True,성북구,서울,1144,862,264,32.8187224271736,40.45943695158268,39.81943281392648,92.59345848949935,108.69881740845315
1129070500,서울특별시 성북구 종암동,서울특별시,성북구,11290,958808.3657707506,1955417.9229766587,True,True,성북구,서울,4043,2460,924,106.51918032164447,130.5546616003881,128.51595685450707,299.08171099999186,349.1861878866489
1129081000,서울특별시 성북구 석관동,서울특별시,성북구,11290,961282.3596709203,1956627.5569701234,True,True,성북구,서울,4509,2690,683,97.12502790601903,120.40038278878902,118.31726220074707,274.9371804686432,322.9983297062622
1130559500,서울특별시 강북구 번1동,서울특별시,강북구,11305,958580.9961840833,1959898.7119578004,True,True,강북구,서울,1988,1294,328,46.07827313963757,39.760202499421474,39.96697819089543,130.47892146534983,118.99092068457334
1130560300,서울특별시 강북구 번2동,서울특별시,강북구,11305,958951.4813817476,1958996.9787919547,True,True,강북구,서울,2322,1645,383,55.84679318759875,48.21438214947072,48.47736079101786,158.46561920604677,144.5137708682641
1130560800,서울특별시 강북구 번3동,서울특별시,강북구,11305,959613.793338445,1958357.6708569315,True,True,강북구,서울,2490,2117,440,67.01781607604731,57.68220319854065,58.05248384614126,190.73650518519713,173.54049365896407
1130561500,서울특별시 강북구 수유1동,서울특별시,강북구,11305,956661.4203240356,1959054.3288533436,True,True,강북구,서울,2770,1581,485,62.50380197479146,53.66663703058937,53.948760789820895,176.21963787359255,160.32464344239992
1130562500,서울특별시 강북구 수유2동,서울특별시,강북구,11305,957611.2654215348,1960766.340283389,True,True,강북구,서울,2969,1899,589,74.25622262695946,63.26525196889304,63.67448387690405,209.3666333612125,189.58036671989387
1130563500,서울특별시 강북구 수유3동,서울특별시,강북구,11305,957965.0900488474,1960215.6992454708,True,True,강북구,서울,2925,1758,483,65.59990323468307,56.57538133227373,56.85648445439184,185.40020885784264,169.0724807033629
1130553400,서울특별시 강북구 삼양동,서울특별시,강북구,11305,957173.6828734108,1958371.0727132438,True,True,강북구,서울,3079,1795,457,65.12132917635763,56.56742375224225,56.79945264077912,184.317538591178,168.787220410187
1130553500,서울특별시 강북구 미아동,서울특별시,강북구,11305,958200.8230465633,1958910.2885284,True,True,강북구,서울,2831,1672,483,63.97430155439753,55.04253894972754,55.326413114658806,180.60820618872629,164.49098176797673
1130554500,서울특별시 강북구 송중동,서울특별시,강북구,11305,958779.704907253,1957687.485549991,True,True,강북구,서울,3864,2146,535,77.78955096048554,67.88697334473555,68.11982246158118,220.22836299661805,202.2407310175265
1130555500,서울특별시 강북구 송천동,서울특별시,강북구,11305,958069.528811288,1957748.373023212,True,True,강북구,서울,3768,2239,601,82.84291671641279,71.61264862979215,71.94798783956497,234.2372127387062,213.89799623857743
1130557500,서울특별시 강북구 삼각산동,서울특별시,강북구,11305,957359.2979564507,1957630.5975116147,True,True,강북구,서울,2912,1665,477,63.78050481000939,55.021358186177615,55.28334037237059,180.07487542063404,164.2693923133181
1130564500,서울특별시 강북구 우이동,서울특별시,강북구,11305,955927.9088815028,1962433.7687262108,True,True,강북구,서울,2851,1849,583,72.73759034009899,61.8505969482438,62.26626287294383,205.01982697369732,185.43223719103895
1130566000,서울특별시 강북구 인수동,서울특별시,강북구,11305,956235.6967575784,1959912.4308703244,True,True,강북구,서울,4258,2599,771,100.1761334412405,85.85440200989211,86.34251079208417,282.6800948548527,256.858764983917
1132066000,서울특별시 도봉구 쌍문1동,서울특별시,도봉구,11320,957616.3328861075,1961612.1431809547,True,True,도봉구,서울,2833,1742,515,66.96707555794671,71.32982430054824,71.16311660743284,188.98714657224033,192.4341652692775
1132067000,서울특별시 도봉구 쌍문2동,서울특별시,도봉구,11320,959161.3072200905,1962052.231985076,True,True,도봉구,서울,2566,1327,482,57.7705754103788,61.65561243885281,61.51380362323161,162.26813019828145,164.84632808776797
1132068000,서울특별시 도봉구 쌍문3동,서울특별시,도봉구,11320,958590.2238786813,1961014.9445713311,True,True,도봉구,서울,2153,1295,343,47.54960814444837,50.474587168168256,50.372346604357446,134.48815373249235,137.00600960555124
1132068100,서울특별시 도봉구 쌍문4동,서울특별시,도봉구,11320,958578.8353889266,1961887.4362105327,True,True,도봉구,서울,2328,999,350,44.054037384392196,46.76126532292963,46.68673748181875,123.77549666345236,125.59210354350833
1132069000,서울특별시 도봉구 방학1동,서울특별시,도봉구,11320,959740.296472037,1962933.7817379504,True,True,도봉구,서울,3892,2168,552,79.23904633402485,83.87957353719595,83.73781262183344,224.23942415197016,228.3543448735872
1132070000,서울특별시 도봉구 방학2동,서울특별시,도봉구,11320,958749.7690684838,1963394.886719882,True,True,도봉구,서울,2839,1632,428,60.091383159394766,63.70715412400828,63.58861633734438,169.9700289955489,173.1035248568091
1132071000,서울특별시 도봉구 방학3동,서울특별시,도봉구,11320,957970.9315579012,1962694.3964958831,True,True,도봉구,서울,3724,1572,670,76.68405664074163,81.83590113775006,81.66704227501592,214.6147188478781,217.54886598359963
1132051100,서울특별시 도봉구 창1동,서울특별시,도봉구,11320,959734.7960536598,1960948.052620442,True,True,도봉구,서울,2974,1710,549,68.99565619003242,73.5518022564708,73.38067177698395,194.3418085463323,197.7037582621994
1132051200,서울특별시 도봉구 창2동,서울특별시,도봉구,11320,959137.7952730886,1960450.726635273,True,True,도봉구,서울,3489,1935,565,75.1153922374631,79.80457184158256,79.64533439357207,211.97489713195097,215.6996325837925
1132051300,서울특별시 도봉구 창3동,서울특별시,도봉구,11320,959558.6380556687,1959864.4026546364,True,True,도봉구,서울,1829,1128,267,39.35491332888566,41.67420702862055,41.59689503259736,111.57686206007196,113.7585906785296
1132051400,서울특별시 도봉구 창4동,서울특별시,도봉구,11320,960387.1797788701,1961548.7027460255,True,True,도봉구,서울,2954,1473,564,66.22135180228236,70.72308837867007,70.55916593883104,185.79016491620143,188.64415766974432
1132051500,서울특별시 도봉구 창5동,서울특별시,도봉구,11320,959668.8522574308,1961860.8795982231,True,True,도봉구,서울,3017,1501,516,63.978825947704486,68.11591231377008,67.97670769459664,179.8924586318093,182.75288499493462
1132052100,서울특별시 도봉구 도봉1동,서울특별시,도봉구,11320,958276.6758621873,1965165.6628765035,True,True,도봉구,서울,3495,2242,595,81.6088214298064,86.75173160784453,86.55879085653358,230.857938817375,235.2849917102264
1132052200,서울특별시 도봉구 도봉2동,서울특별시,도봉구,11320,960125.977277138,1964724.2325200709,True,True,도봉구,서울,4288,2336,714,92.85315272909332,98.73476854358819,98.5326799094546,261.77100455461243,266.2706418804721
1135056000,서울특별시 노원구 월계1동,서울특별시,노원구,11350,961048.3116983038,1958131.4370965015,True,True,노원구,서울,2593,1496,430,57.312768462257914,49.35394419086992,49.74852324557344,161.8074859325589,144.2480533940483
1135057000,서울특별시 노원구 월계2동,서울특별시,노원구,11350,960402.0472309749,1959495.7930001966,True,True,노원구,서울,3882,1994,606,79.79805699310629,68.68130428630602,69.23141879070874,224.95429495221595,200.8025759481512
1135058000,서울특별시 노원구 월계3동,서울특별시,노원구,11350,961604.7193380577,1958445.0421051774,True,True,노원구,서울,3934,2189,660,86.18222680087754,74.06883673168024,74.66732683055352,243.04717260278898,216.4868735542468
1135060000,서울특별시 노원구 공릉2동,서울특별시,노원구,11350,964196.696130514,1959205.4296793698,True,True,노원구,서울,3978,1867,596,77.58827335124943,66.73793299556954,67.27389521450515,218.45082198225361,195.16972686347077
1135061100,서울특별시 노원구 하계1동,서울특별시,노원구,11350,962486.8041101503,1959990.123493436,True,True,노원구,서울,2946,1529,581,68.06706712201643,57.79621876128648,58.2944819183497,191.0134599755946,168.86342001109733
1135061200,서울특별시 노원구 하계2동,서울특별시,노원구,11350,961603.849624694,1959574.9183853336,True,True,노원구,서울,2077,1169,422,50.11734314444473,42.60447453711735,42.96974989007394,140.8145499747426,124.45653287255203
1135061900,서울특별시 노원구 중계본동,서울특별시,노원구,11350,963457.8019411161,1961041.856562222,True,True,노원구,서울,1659,808,317,36.91269479413555,31.331698617775107,31.602183184016397,103.5059025171262,91.55672552066994
1135062100,서울특별시 노원구 중계1동,서울특별시,노원구,11350,962377.1714879823,1961255.3599226202,True,True,노원구,서울,1710,830,285,35.49872984540467,30.376020342711097,30.62714090174008,99.8097876767445,88.80028062982821
1135062400,서울특별시 노원구 중계4동,서울특별시,노원구,11350,963152.6180512251,1962231.543793345,True,True,노원구,서울,2286,1546,481,60.10058735562025,51.33919484561777,51.76873904521537,169.4659555468927,149.9302120401842
1135063000,서울특별시 노원구 상계1동,서울특별시,노원구,11350,961670.3903958447,1964944.3929361,True,True,노원구,서울,4982,2441,753,99.12987792372013,85.34549225685146,86.02764397743066,279.32832864654665,249.56360994786507
1135064000,서울특별시 노원구 상계2동,서울특별시,노원구,11350,961830.4388294125,1961975.8229597998,True,True,노원구,서울,2340,1160,372,47.86535650215665,41.10298209344103,41.43631571928201,134.77407282758017,120.17213159723622
1135067000,서울특별시 노원구 상계5동,서울특별시,노원구,11350,962039.6809440067,1962721.8245568047,True,True,노원구,서울,3114,1892,603,75.47840281185145,64.52953030291465,65.06654883380953,212.66346539594048,188.512941342854
1135070000,서울특별시 노원구 상계8동,서울특별시,노원구,11350,960634.7369717181,1963068.9404116946,True,True,노원구,서울,1988,965,353,42.57126278536393,36.29015529629994,36.59637710516765,119.54187873086154,106.06968852038675
1135071000,서울특별시 노원구 상계9동,서울특별시,노원구,11350,961415.7298043747,1963262.748379692,True,True,노원구,서울,2408,1143,421,50.77661825442192,43.29168680014973,43.65661284047546,142.5558925475773,126.54323187817751
1135072000,서울특별시 노원구 상계10동,서울특별시,노원구,11350,961049.9572400025,1962329.5682328243,True,True,노원구,서울,1981,819,335,39.2451685839362,33.37214383199917,33.65711154011541,109.91951609376338,97.57484748643915
1135066500,서울특별시 노원구 상계3·4동,서울특별시,노원구,11350,963251.0251568041,1964039.3424401483,True,True,노원구,서울,3821,2295,658,87.29488638775922,75.11573058086783,75.71902148535776,246.4960256597533,219.50916292743173
1135069500,서울특별시 노원구 상계6·7동,서울특별시,노원구,11350,961193.6663007387,1961120.2097967004,True,True,노원구,서울,3334,1634,660,75.71375235407828,64.1436339382499,64.70297803978859,212.18384757033147,187.41798057827788
1135062500,서울특별시 노원구 중계2·3동,서울특별시,노원구,11350,961702.1705991824,1960518.1055874038,True,True,노원구,서울,4281,2803,940,113.50179979475345,96.59169003779203,97.4160309747903,319.5039414683754,282.06352263025025
1135059500,서울특별시 노원구 공릉1동,서울특별시,노원구,11350,962299.6421028285,1958382.3471215852,True,True,노원구,서울,4579,2164,617,85.3936730642699,73.92732955250072,74.49974334742981,240.9722504152826,216.25848225683268
1138051000,서울특별시 은평구 녹번동,서울특별시,은평구,11380,950134.068636669,1956371.4773893226,True,True,은평구,서울,4369,2635,769,100.9779471719997,104.08406974009219,104.12650392094456,285.0308984181395,317.1370885965614
1138052000,서울특별시 은평구 불광1동,서울특별시,은평구,11380,950514.585741023,1957689.2223847674,True,True,은평구,서울,4695,2864,941,115.88488011215614,119.5074145297302,119.53872846829223,326.3035674721764,362.62592131475776
1138055100,서울특별시 은평구 갈현1동,서울특별시,은평구,11380,948368.1862313381,1958594.3562649265,True,True,은평구,서울,1885,1070,291,40.10123842157509,41.26839983910461,41.296523068181756,113.33846411481073,126.1689666013805
1138055200,서울특별시 은평구 갈현2동,서울특별시,은평구,11380,948119.4072545955,1957811.6090736166,True,True,은평구,서울,3251,1884,530,71.43674580759307,73.55926221374202,73.60163914737156,201.7751734020353,224.5573203773978
1138056000,서울특별시 은평구 구산동,서울특별시,은평구,11380,947719.2462642093,1957013.063686613,True,True,은평구,서울,3981,2252,638,85.97901259420021,88.48351890933488,88.54122376496679,242.7970689644694,270.16913371116664
1138057000,서울특별시 은평구 대조동,서울특별시,은평구,11380,949083.5654970575,1957139.5068485232,True,True,은평구,서울,2977,1971,554,73.27836490186056,75.68576690080948,75.69665861193678,207.06092203879322,230.54305689974115
1138058000,서울특별시 은평구 응암1동,서울특별시,은평구,11380,949409.8939757714,1955581.499165367,True,True,은평구,서울,3286,1946,560,74.29888423864708,76.54972870463183,76.58655408244087,209.77429787884512,233.42304079559108
1138059000,서울특별시 은평구 응암2동,서울특별시,은평구,11380,949063.4094188422,1954876.8404368744,True,True,은평구,서울,2570,1379,420,54.854318877179175,56.39144430551603,56.43427607402232,154.6495596576683,171.92819014759067
1138063100,서울특별시 은평구 신사1동,서울특별시,은평구,11380,947816.4105440069,1955673.2927113676,True,True,은평구,서울,3300,1865,492,69.03189489474497,71.02763383602391,71.07932279358101,195.22376073229069,217.38643442255
1138063200,서울특별시 은평구 신사2동,서울특별시,은평구,11380,947586.3748964506,1954997.6715396293,True,True,은평구,서울,2573,1269,399,51.92978565288986,53.27863050188117,53.333213698588935,146.27445964726996,162.51892730073405
1138064000,서울특별시 은평구 증산동,서울특별시,은평구,11380,947538.0720572654,1953987.2098478235,True,True,은평구,서울,2163,1173,330,44.94616481744797,46.20617708220411,46.243526882944536,126.92532893033882,141.22309432806264
1138065000,서울특별시 은평구 수색동,서울특별시,은평구,11380,946576.2407029383,1954214.0790037948,True,True,은평구,서울,1999,978,328,41.30570304469619,42.38153804435236,42.422810344232175,116.19465850850378,129.013508607449
1138069000,서울특별시 은평구 진관동,서울특별시,은평구,11380,950639.1041127644,1960125.6470261265,True,True,은평구,서울,5546,2925,925,118.71973433391247,122.0104364239399,122.10533965899239,334.43010024872876,371.634061095776
1138053000,서울특별시 은평구 불광2동,서울특별시,은평구,11380,949582.0271114478,1958478.1960075304,True,True,은평구,서울,3719,2251,598,82.6804393887129,85.21501390854178,85.25613570588422,233.84159988562595,260.43455984620664
1138060000,서울특별시 은평구 응암3동,서울특별시,은평구,11380,948595.1454910003,1954521.1831425715,True,True,은평구,서울,3285,2137,671,83.86472690400241,86.5984522995125,86.60771534644654,236.4058075327379,262.8952452836754
1138062500,서울특별시 은평구 역촌동,서울특별시,은평구,11380,948322.2302388215,1956288.6943098516,True,True,은평구,서울,5431,3189,840,117.24887825383706,120.75251276058307,120.82430641025854,331.63539816594596,369.341450671359
1141052000,서울특별시 서대문구 천연동,서울특별시,서대문구,11410,952062.051040561,1952565.559441817,True,True,서대문구,서울,1805,1171,459,51.452220420534275,41.028220441860924,42.01662107404946,144.35073633560955,123.33254728308381
1141062000,서울특별시 서대문구 홍제1동,서울특별시,서대문구,11410,951014.4705317271,1953717.401985811,True,True,서대문구,서울,2910,1710,531,67.69971759779274,54.151400720805874,55.51107743738557,190.83497889601034,163.21396082708554
1141064000,서울특별시 서대문구 홍제3동,서울특별시,서대문구,11410,951547.3935216891,1954877.2261157716,True,True,서대문구,서울,2212,1452,492,59.080806851955884,47.16611996505019,48.32285524120964,166.2745711089998,142.20721613865234
1141065500,서울특별시 서대문구 홍제2동,서울특별시,서대문구,11410,951663.1545036653,1954047.0887611134,True,True,서대문구,서울,1628,1012,317,39.91321460242897,31.903826682164024,32.69893154387463,112.50452135387219,96.24360659929711
1141066000,서울특별시 서대문구 홍은1동,서울특별시,서대문구,11410,951187.7412235767,1955762.1347418784,True,True,서대문구,서울,2809,1579,563,67.28623377824646,53.77790769371903,55.11058369891718,189.10226891049592,161.55800433517788
1141068500,서울특별시 서대문구 홍은2동,서울특별시,서대문구,11410,949867.8473728143,1954328.9617382097,True,True,서대문구,서울,3253,1865,648,78.23655866410101,62.53163319948675,64.08308219609052,220.005448657491,188.00822661811924
1141069000,서울특별시 서대문구 남가좌1동,서울특별시,서대문구,11410,948447.1430377065,1952640.4911904149,True,True,서대문구,서울,1328,798,265,32.52447176346157,25.99340547967133,26.638742941603226,91.55722393480319,78.28171763504224
1141070000,서울특별시 서대문구 남가좌2동,서울특별시,서대문구,11410,948904.1148332778,1953295.5821942105,True,True,서대문구,서울,2858,1830,568,71.57169703020398,57.19637959746642,58.618864237178116,201.79507503160136,172.66423860320492
1141071000,서울특별시 서대문구 북가좌1동,서울특별시,서대문구,11410,947725.6948201339,1953041.4582042238,True,True,서대문구,서울,1849,1107,336,43.24398195027378,34.5899344856262,35.45915544822107,121.9622779057525,104.33478023857923
1141072000,서울특별시 서대문구 북가좌2동,서울특별시,서대문구,11410,948215.1203658473,1953674.773268649,True,True,서대문구,서울,3902,2380,648,88.26128360816463,70.65261274149341,72.44893846484662,249.5046032278375,213.60855145067165
1141056500,서울특별시 서대문구 충현동,서울특별시,서대문구,11410,952141.926607899,1951754.5344189133,True,True,서대문구,서울,2093,1121,445,50.82110642462912,40.59824712613296,41.59534532840139,142.49674575688502,121.63330293409058
1141055500,서울특별시 서대문구 북아현동,서울특별시,서대문구,11410,951910.9452597556,1951238.738568142,True,True,서대문구,서울,1400,783,271,32.89882453284932,26.302851438017125,26.957644243645554,92.51573880141333,79.05234589791561
1141058500,서울특별시 서대문구 신촌동,서울특별시,서대문구,11410,950637.2302169651,1951733.0350947634,True,True,서대문구,서울,1101,784,296,33.40729792101426,26.625110802383062,27.26366760530542,93.8146100667229,80.20561380520022
1141061500,서울특별시 서대문구 연희동,서울특별시,서대문구,11410,949907.3249481623,1952666.070749599,True,True,서대문구,서울,3278,2217,746,89.56021064001689,71.48234962612268,73.23152558050678,252.10776114881952,215.65588763387967
1144059000,서울특별시 마포구 용강동,서울특별시,마포구,11440,950725.5315880475,1949276.0285172507,True,True,마포구,서울,1743,1045,411,46.444682109465916,38.46648508393238,39.35954289362485,130.2760342362488,116.3059731973311
1144060000,서울특별시 마포구 대흥동,서울특별시,마포구,11440,950659.4824591599,1950455.4922034605,True,True,마포구,서울,1112,676,235,28.139387816837832,23.28709328716883,23.841940270046706,79.13850688654986,70.71760884081641
1144061000,서울특별시 마포구 염리동,서울특별시,마포구,11440,951200.8938905747,1950197.4314814839,True,True,마포구,서울,1195,772,243,30.360291032665877,25.119652072191194,25.721886099387888,85.57654164208222,76.55681785690577
1144063000,서울특별시 마포구 신수동,서울특별시,마포구,11440,950071.1637322028,1949724.0926893197,True,True,마포구,서울,2014,1203,387,48.321938659780926,39.960475986532906,40.93507710337619,136.11666551472666,121.67970460398055
1144066000,서울특별시 마포구 서교동,서울특별시,마포구,11440,948854.4193097485,1950760.433294721,True,True,마포구,서울,1756,1213,447,51.206180567089675,42.436771471509545,43.399956587273465,143.86596385319146,128.61776411338025
1144068000,서울특별시 마포구 합정동,서울특별시,마포구,11440,947823.5750294547,1949894.2889539967,True,True,마포구,서울,1474,945,291,36.814181906765306,30.452765481324192,31.18811028269377,103.81469009867845,92.8814681374235
1144069000,서울특별시 마포구 망원1동,서울특별시,마포구,11440,947032.37998828,1950627.585732363,True,True,마포구,서울,1954,1262,337,46.01686092116713,38.0289672120141,38.97509404692128,130.15995850787607,116.5726517872429
1144070000,서울특별시 마포구 망원2동,서울특별시,마포구,11440,947050.6506884921,1951262.5928908254,True,True,마포구,서울,1877,1183,304,42.57443605000916,35.16681520394166,36.05531449759413,120.51018802732543,107.93624461261194
1144071000,서울특별시 마포구 연남동,서울특별시,마포구,11440,948913.0903505019,1951676.2830954122,True,True,마포구,서울,1319,808,291,34.206855631083016,28.317459657150312,28.985048440945455,96.13190537113573,85.8870394134068
1144072000,서울특별시 마포구 성산1동,서울특별시,마포구,11440,948055.726448775,1951565.3858326108,True,True,마포구,서울,1769,1097,299,40.60157743611846,33.546452867198724,34.387054606922085,114.77929563493643,102.7491905687168
1144073000,서울특별시 마포구 성산2동,서울특별시,마포구,11440,947194.3115258715,1952250.213076222,True,True,마포구,서울,3663,2378,678,89.22631080128286,73.77544135466053,75.5818390226201,252.03475274167516,225.6331649317981
1144074000,서울특별시 마포구 상암동,서울특별시,마포구,11440,945267.9430545967,1952547.786483228,True,True,마포구,서울,2650,1414,496,60.217979289404425,49.780524760421486,51.00971973197039,169.27573803295348,151.10378263631623
1144058500,서울특별시 마포구 도화동,서울특별시,마포구,11440,951324.1862279045,1948954.232718857,True,True,마포구,서울,2185,1302,521,58.44735925170519,48.41114972801414,49.53224381586881,163.88191584036534,146.28518097021814
1144065500,서울특별시 마포구 서강동,서울특별시,마포구,11440,949295.0774410152,1949874.2099706335,True,True,마포구,서울,1977,1187,400,48.734022495819005,40.316923491693615,41.28807542543257,137.14484015978294,122.56587522162658
1144056500,서울특별시 마포구 공덕동,서울특별시,마포구,11440,952112.6933005307,1950115.243756627,True,True,마포구,서울,3558,2117,753,89.40153333661485,73.98451855117942,75.74834774722049,251.29776550008972,224.4881826159899
1144055500,서울특별시 마포구 아현동,서울특별시,마포구,11440,951669.9165206208,1950427.7955845578,True,True,마포구,서울,2292,1112,415,49.55390959386997,40.948503791066926,41.97330940689579,139.09276885686717,124.01935049223499
1147051000,서울특별시 양천구 목1동,서울특별시,양천구,11470,944784.8657711294,1947754.500169766,True,True,양천구,서울,2370,1099,296,42.47651886043649,40.60135307561838,40.776498650194284,119.98997059509509,122.58031284302965
1147052000,서울특별시 양천구 목2동,서울특별시,양천구,11470,944708.4044661928,1949546.778773445,True,True,양천구,서울,3079,1345,365,52.75041580843697,50.42036552019397,50.640188510068796,148.95662022269585,152.1894451814481
1147053000,서울특별시 양천구 목3동,서울특별시,양천구,11470,943942.2738024363,1949730.1642020314,True,True,양천구,서울,2445,1101,368,47.080988361762635,44.91211395864603,45.10804452922702,132.42043170920806,135.32207776449968
1147054000,서울특별시 양천구 목4동,서울특별시,양천구,11470,944066.0421572065,1948646.0444214751,True,True,양천구,서울,2165,1164,331,44.87593828740186,42.86829960125413,43.04914901033874,126.69589461694912,129.40955385844444
1147056000,서울특별시 양천구 신월1동,서울특별시,양천구,11470,941203.5562987286,1948201.2305353424,True,True,양천구,서울,3040,1457,313,51.20271901994471,49.042556583984634,49.251383986605994,145.28539854358502,148.37200831993007
1147057000,서울특별시 양천구 신월2동,서울특별시,양천구,11470,942239.7964679003,1947322.7902289925,True,True,양천구,서울,2906,1321,319,49.04146972492107,46.9241910875659,47.12667621201031,138.8139765218077,141.79683397550784
1147058000,서울특별시 양천구 신월3동,서울특별시,양천구,11470,940580.9590321566,1948325.0857217265,True,True,양천구,서울,2079,1019,267,38.53805936783789,36.844841571966995,37.002140583388375,108.94568384904059,111.28332395155724
1147059000,서울특별시 양천구 신월4동,서울특별시,양천구,11470,941663.688220352,1947199.4037533223,True,True,양천구,서울,2357,1138,307,43.68653026073089,41.756132613106814,41.935033316513426,123.42266300450005,126.07880177826164
1147060000,서울특별시 양천구 신월5동,서울특별시,양천구,11470,940759.5502286884,1949271.3976390362,True,True,양천구,서울,1759,849,204,31.091427341374107,29.749506467764945,29.876479875145193,88.03677566703315,89.91829936707808
1147061000,서울특별시 양천구 신월6동,서울특별시,양천구,11470,941862.8699260815,1946501.7672364886,True,True,양천구,서울,1463,611,141,22.69066025336408,21.720833987581432,21.81595701243249,64.25577621856536,65.64364054269103
1147061100,서울특별시 양천구 신월7동,서울특별시,양천구,11470,940847.5280305685,1946843.9252130475,True,True,양천구,서울,2914,1439,451,58.78694846213722,56.10840820901332,56.349185862733506,165.60087075357762,169.1917670613842
1147062000,서울특별시 양천구 신정1동,서울특별시,양천구,11470,943411.9874565558,1946813.2198181537,True,True,양천구,서울,1889,857,296,37.17287792595096,35.44906976048554,35.603686112617225,104.48663809690123,106.77939249970609
1147063000,서울특별시 양천구 신정2동,서울특별시,양천구,11470,944785.5329742347,1946812.3658995016,True,True,양천구,서울,1864,855,266,35.2576459703459,33.6557760202129,33.80186146764949,99.312447621062,101.4765381826972
1147064000,서울특별시 양천구 신정3동,서울특별시,양천구,11470,941760.8409706553,1946002.9150435396,True,True,양천구,서울,5457,2583,744,102.35110114225463,97.76962208835992,98.19081065717768,288.767910503187,295.0166642904307
1147067000,서울특별시 양천구 신정6동,서울특별시,양천구,11470,944294.2968898879,1946478.118856869,True,True,양천구,서울,2240,803,305,38.073548383404216,36.28558523211194,36.45018180216439,106.75637262010747,109.15144740607761
1147068000,서울특별시 양천구 신정7동,서울특별시,양천구,11470,943851.5932249203,1945838.1997233224,True,True,양천구,서울,3462,1680,596,73.00384800597223,69.59570936501328,69.89647397198533,205.12513656664999,209.61293193871415
1147055000,서울특별시 양천구 목5동,서울특별시,양천구,11470,945215.6688351874,1948707.7000660151,True,True,양천구,서울,3608,1338,489,61.86826588380751,58.98148546032845,59.247433500497266,173.6177633118537,177.4956427482946
1147065000,서울특별시 양천구 신정4동,서울특별시,양천구,11470,943234.5567122481,1947539.1497137323,True,True,양천구,서울,4097,2077,467,73.44293982223581,70.31414939679141,70.61094102130077,208.26644370167656,212.68131829024765
1150051000,서울특별시 강서구 염창동,서울특별시,강서구,11500,944510.2241274415,1950744.7328530217,True,True,강서구,서울,3319,1383,395,55.937839365014554,58.12413725507956,57.95808937880465,157.77479824080655,175.21181714306636
1150052000,서울특별시 강서구 등촌1동,서울특별시,강서구,11500,943439.8336419323,1950915.8582370956,True,True,강서구,서울,1873,963,508,51.456398563831925,53.681463387935544,53.53941712839253,143.43671087664978,158.59707618551255
1150053000,서울특별시 강서구 등촌2동,서울특별시,강서구,11500,943466.8053706154,1949792.7492871385,True,True,강서구,서울,2328,1024,289,40.773376430439484,42.3611447404118,42.241791296384946,115.05203514300965,127.68707794299925
1150053500,서울특별시 강서구 등촌3동,서울특별시,강서구,11500,942269.5903015073,1951500.6982541904,True,True,강서구,서울,4536,2216,980,107.82723663236723,112.35780177819173,112.05541391058358,301.62367681088256,333.8413299702677
1150059000,서울특별시 강서구 화곡본동,서울특별시,강서구,11500,942416.3892924368,1949449.1838650836,True,True,강서구,서울,3552,1676,429,63.22294397313826,65.63735548842794,65.45502247670034,178.78400037658605,198.31490119715062
1150055000,서울특별시 강서구 화곡2동,서울특별시,강서구,11500,942956.8200615144,1948303.1840137881,True,True,강서구,서울,2000,979,222,34.96226016394086,36.26690212207767,36.166664272993195,99.11285490004357,109.93268811059036
1150056000,서울특별시 강서구 화곡3동,서울특별시,강서구,11500,941191.526471949,1949620.1140232594,True,True,강서구,서울,2965,1382,333,51.00892871119858,52.93678699696145,52.78886055694139,144.40471952259065,160.23575329350433
1150057000,서울특별시 강서구 화곡4동,서울특별시,강서구,11500,943331.4577510292,1948724.418514309,True,True,강서구,서울,2656,1324,343,49.685428429142405,51.58361474159585,51.44245798864574,140.499186128423,155.73979074867594
1150059100,서울특별시 강서구 화곡6동,서울특별시,강서구,11500,942688.7757121247,1950462.2914115551,True,True,강서구,서울,2974,1233,349,49.73172363008372,51.67273518581162,51.524842466721005,140.29164434173157,155.8118597197433
1150059300,서울특별시 강서구 화곡8동,서울특별시,강서구,11500,942451.6263267662,1948522.1559900283,True,True,강서구,서울,2928,1583,337,54.18365229833458,56.17445601696646,56.02303509361646,153.8574677763454,170.47877839100445
1150060300,서울특별시 강서구 가양1동,서울특별시,강서구,11500,941275.3712302656,1952712.3749211023,True,True,강서구,서울,2492,925,286,39.638964449404384,41.214367845400055,41.09346873609979,111.58914502593777,124.0657135953567
1150060400,서울특별시 강서구 가양2동,서울특별시,강서구,11500,942903.0687509929,1952157.6690579045,True,True,강서구,서울,2811,1352,505,60.35684370469578,62.82089862706486,62.65003321488509,169.4094058182376,187.6391594952542
1150060500,서울특별시 강서구 가양3동,서울특별시,강서구,11500,943559.8131536546,1951563.3405868432,True,True,강서구,서울,2402,1278,375,50.050269565564875,52.00301946377393,51.86364694798078,141.2095551138895,156.3554392066867
1150061100,서울특별시 강서구 발산1동,서울특별시,강서구,11500,940384.5938510423,1950349.2613136116,True,True,강서구,서울,3363,1775,510,68.95463486481525,71.63509378496835,71.44259639329175,194.6237462231838,215.53037416269217
1150062000,서울특별시 강서구 공항동,서울특별시,강서구,11500,937718.037985558,1950962.8049167774,True,True,강서구,서울,2851,1437,407,55.90343947166659,58.07346429701286,57.915530307985364,157.80897963903453,174.85737506591497
1150063000,서울특별시 강서구 방화1동,서울특별시,강서구,11500,939738.9254834768,1952357.8388399058,True,True,강서구,서울,4765,2168,636,87.22148737876141,90.63798400863033,90.38533889293132,245.96056820615252,272.82305363314174
1150064000,서울특별시 강서구 방화2동,서울특별시,강서구,11500,938544.1801361865,1953968.2954152848,True,True,강서구,서울,3202,1669,546,68.95961708368509,71.70538372322116,71.51296686768501,194.1163728504464,214.9153462377518
1150064100,서울특별시 강서구 방화3동,서울특별시,강서구,11500,939748.2324536071,1953862.6296342334,True,True,강서구,서울,3460,1802,652,78.21506477420182,81.38633313122025,81.16866340602479,219.71422805724535,243.18465475207216
1150054000,서울특별시 강서구 화곡1동,서울특별시,강서구,11500,941771.2217926524,1948478.030822153,True,True,강서구,서울,5923,2860,677,104.11563970161706,108.0330357508027,107.73382969091683,294.8931795450016,327.0975977364636
1150061500,서울특별시 강서구 우장산동,서울특별시,강서구,11500,941791.2443023549,1950340.9466487686,True,True,강서구,서울,4376,2012,444,72.01303046996307,74.6940216544458,74.48369780439509,204.1906047598119,226.68021341215086
1153051000,서울특별시 구로구 신도림동,서울특별시,구로구,11530,945456.5693724237,1945785.0927747872,True,True,구로구,서울,3417,1531,441,61.281458042597365,72.78260417349564,71.56608902205679,172.86350045651596,192.2213401032566
1153052000,서울특별시 구로구 구로1동,서울특별시,구로구,11530,944791.4957047282,1943936.4261445713,True,True,구로구,서울,2200,784,244,33.98844680177951,40.41639681245,39.706860761167654,95.65666020088995,106.27385006336159
1153054000,서울특별시 구로구 구로3동,서울특별시,구로구,11530,946511.5461716978,1943020.5682084225,True,True,구로구,서울,2229,1227,347,47.01071952356946,55.736094493719875,54.85159365443575,132.74765418427168,147.73490112672508
1153055000,서울특별시 구로구 구로4동,서울특별시,구로구,11530,946093.118473365,1943761.8734925382,True,True,구로구,서울,2691,1681,475,63.15952029347652,74.7977711442177,73.648171337147,178.41905702553436,198.65672101885247
1153056000,서울특별시 구로구 구로5동,서울특별시,구로구,11530,945948.9691950185,1944927.1589875,True,True,구로구,서울,3053,1736,455,64.01570630718057,75.97571831036642,74.76062998192486,181.0655916034799,201.502683323351
1153072000,서울특별시 구로구 고척1동,서울특별시,구로구,11530,943730.9877396743,1944789.7077649117,True,True,구로구,서울,3083,1522,385,56.658272722801414,67.37838904855607,66.2510807415759,160.28570708827797,178.25941407957274
1153073000,서울특별시 구로구 고척2동,서울특별시,구로구,11530,942843.2905701932,1945372.2262760997,True,True,구로구,서울,3456,1913,542,73.28893860601528,86.88429365299675,85.50802971904722,206.94720907552303,230.31747941360493
1153075000,서울특별시 구로구 개봉2동,서울특별시,구로구,11530,943103.1337851303,1943914.28727069,True,True,구로구,서울,4415,2327,523,81.68032701284267,97.26873884699457,95.63113813488927,231.667273690919,257.6554292680252
1153076000,서울특별시 구로구 개봉3동,서울특별시,구로구,11530,942749.2041244451,1943262.7532977515,True,True,구로구,서울,2998,1458,371,54.55756785413697,64.88350359232362,63.79480765892201,154.31591742518296,171.61108262214384
1153077000,서울특별시 구로구 오류1동,서울특별시,구로구,11530,941804.2951492899,1944393.0333519534,True,True,구로구,서울,2632,1434,411,55.3601209373763,65.62601482106577,64.5847833805673,156.27677995948932,173.91823279200875
1153080000,서울특별시 구로구 항동,서울특별시,구로구,11530,940275.1626229429,1942635.1962463972,True,True,구로구,서울,1367,509,149,21.29494929402559,25.337299029211852,24.892129054891306,60.01000741832725,66.67440872008581
1153079000,서울특별시 구로구 수궁동,서울특별시,구로구,11530,940432.2652214789,1944572.9505782065,True,True,구로구,서울,3212,1598,397,58.969803822527325,70.14379594666266,68.9683040824259,166.8888209251499,185.60206964723
1153059500,서울특별시 구로구 가리봉동,서울특별시,구로구,11530,945915.1317694684,1942766.6837030295,True,True,구로구,서울,1244,604,209,25.927687172243306,30.6660253282235,30.185224238317872,72.88812547804315,81.11243801782175
1153053000,서울특별시 구로구 구로2동,서울특별시,구로구,11530,945151.3356564841,1944424.724763123,True,True,구로구,서울,3361,2112,526,75.03745649395326,89.05516103045284,87.65190483620657,212.5346914882946,236.59136739631202
1153074000,서울특별시 구로구 개봉1동,서울특별시,구로구,11530,942535.1154090441,1944712.024230652,True,True,구로구,서울,4402,2277,571,83.75643800860473,99.57190502588125,97.92397028987594,237.0296387360588,263.65734797316065
1154551000,서울특별시 금천구 가산동,서울특별시,금천구,11545,945564.7709416625,1942134.300275441,True,True,금천구,서울,1917,893,218,33.133636952506166,31.45996665271268,31.59980452082003,93.7767663018091,95.66671698361932
1154561000,서울특별시 금천구 독산1동,서울특별시,금천구,11545,946296.599839749,1940727.5804284257,True,True,금천구,서울,4109,2125,529,77.93512804827874,73.81163184987435,74.1688534564818,220.58702058476322,225.01022099448954
1154562000,서울특별시 금천구 독산2동,서울특별시,금천구,11545,947165.9794595926,1940680.5900833663,True,True,금천구,서울,2507,1171,303,44.45402198029575,42.103585056341274,42.303972965913836,125.67724351953058,128.157553995288
1154563000,서울특별시 금천구 독산3동,서울특별시,금천구,11545,947354.8669178716,1942022.7056404059,True,True,금천구,서울,3228,1551,434,60.52905579502614,57.110442368885096,57.410843271633155,170.87987676001015,174.15551066568733
1154564000,서울특별시 금천구 독산4동,서울특별시,금천구,11545,947302.2212610707,1941278.1050768131,True,True,금천구,서울,2053,998,198,33.98952486299292,32.522397930659416,32.63677990907654,96.59213969139685,98.68094034324082
1154567000,서울특별시 금천구 시흥1동,서울특별시,금천구,11545,946945.3117476332,1939468.3172476394,True,True,금천구,서울,4060,2237,647,86.55700341465067,81.37263766867027,81.84550970028084,244.3058619808404,248.93409124698115
1154568000,서울특별시 금천구 시흥2동,서울특별시,금천구,11545,948706.2297039685,1939202.5147566411,True,True,금천구,서울,2781,1468,423,57.099771036938584,53.72434472516308,54.02939083545998,161.1542281910197,164.21074610496487
1154569000,서울특별시 금천구 시흥3동,서울특별시,금천구,11545,947447.6812585164,1938066.0772437209,True,True,금천구,서울,1617,800,201,29.68722530852722,28.125590308353807,28.259653138568293,83.99668526430627,85.67399909704508
1154570000,서울특별시 금천구 시흥4동,서울특별시,금천구,11545,947742.746939452,1940261.1757860326,True,True,금천구,서울,2917,1462,364,53.92545440866842,51.09762346773052,51.34057274501606,152.6109987463462,155.66928675137916
1154571000,서울특별시 금천구 시흥5동,서울특별시,금천구,11545,948029.0371040272,1939002.5434861307,True,True,금천구,서울,2725,1584,489,62.63795042688169,58.67177997160949,59.04165309250164,176.58324114204973,179.8409338173048
1156054000,서울특별시 영등포구 여의동,서울특별시,영등포구,11560,949516.2794152718,1947858.8292546459,True,True,영등포구,서울,3520,2264,935,102.43440228730654,113.1131842018631,111.68817327157925,287.0593276350437,302.58996411317423
1156055000,서울특별시 영등포구 당산1동,서울특별시,영등포구,11560,946704.3975134037,1947352.1304602437,True,True,영등포구,서울,2157,1149,365,46.661335826761444,52.18932862396671,51.397184293512865,131.4350345212373,139.74500202045851
1156056000,서울특별시 영등포구 당산2동,서울특별시,영등포구,11560,947239.3397717793,1948440.165586294,True,True,영등포구,서울,3035,1570,524,65.5698179634559,73.26876837416827,72.16236753941234,184.49508101957383,196.02083750478124
1156061000,서울특별시 영등포구 양평1동,서울특별시,영등포구,11560,945841.2156107158,1947484.570589893,True,True,영등포구,서울,1423,855,258,33.29191825555687,37.194297842460976,36.64886367210384,93.90657448721788,99.78806941343072
1156062000,서울특별시 영등포구 양평2동,서울특별시,영등포구,11560,946171.0585531645,1949525.099486474,True,True,영등포구,서울,1731,900,273,35.9146647718551,40.255283301619194,39.62719287355667,101.25258299090547,107.8086779257581
1156063000,서울특별시 영등포구 신길1동,서울특별시,영등포구,11560,948698.6983379831,1946053.362796123,True,True,영등포구,서울,2061,1298,421,51.96684854723608,57.862054977669686,57.05249208502883,146.37678567372217,155.1909237980767
1156065000,서울특별시 영등포구 신길3동,서울특별시,영등포구,11560,947490.5368925409,1945407.3413729637,True,True,영등포구,서울,2074,1104,264,39.6348869231458,44.74480257295268,43.99639201660834,112.2839354212741,120.15262443383682
1156066000,서울특별시 영등포구 신길4동,서울특별시,영등포구,11560,948112.57530307,1945496.3469821895,True,True,영등포구,서울,1548,829,228,31.51669571081665,35.41421554218199,34.84991217686018,89.03853567328765,94.97311616719367
1156067000,서울특별시 영등포구 신길5동,서울특별시,영등포구,11560,947457.4669866678,1944816.1867271578,True,True,영등포구,서울,1346,666,181,25.534413336072095,28.76131009103927,28.284689428922732,72.13539627639057,77.05961432141198
1156068000,서울특별시 영등포구 신길6동,서울특별시,영등포구,11560,948162.0311225067,1944594.2160682639,True,True,영등포구,서울,2114,1096,333,43.78919286108872,49.08231579164752,48.31596967960694,123.4477248492708,131.44172416688724
1156069000,서울특별시 영등포구 신길7동,서울특별시,영등포구,11560,948720.0649364445,1945327.6132665735,True,True,영등포구,서울,1741,842,262,34.40536109589476,38.60137537653428,37.98474907172093,96.92688239597916,103.25880152757023
1156070000,서울특별시 영등포구 대림1동,서울특별시,영등포구,11560,947426.4147699045,1944001.0801888532,True,True,영등포구,서울,1862,1152,324,43.252459356083655,48.40063519029802,47.6820387069408,122.1922696794302,129.99847957869656
1156071000,서울특별시 영등포구 대림2동,서울특별시,영등포구,11560,947015.2534242817,1943545.0302412556,True,True,영등포구,서울,1547,1121,287,39.498795249275844,44.18138751555499,43.547448302559374,111.86170987047046,119.00669751789556
1156072000,서울특별시 영등포구 대림3동,서울특별시,영등포구,11560,946724.4960846683,1944682.28211182,True,True,영등포구,서울,2966,1581,465,61.96367387844347,69.48093551989723,68.39702357550703,174.81410213698848,186.19462421272792
1156051500,서울특별시 영등포구 영등포본동,서울특별시,영등포구,11560,947832.265002545,1946212.388138693,True,True,영등포구,서울,2729,1386,417,55.31641895066878,62.05525093680221,61.073923780813836,155.96600853141024,166.15627647162842
1156053500,서울특별시 영등포구 영등포동,서울특별시,영등포구,11560,947673.9109020376,1947078.7526323944,True,True,영등포구,서울,2253,1022,334,43.191149645979834,48.45928407815252,47.67620057434823,121.5365634500435,129.46167612464384
1156058500,서울특별시 영등포구 도림동,서울특별시,영등포구,11560,947081.474246967,1945723.9392893151,True,True,영등포구,서울,2000,1174,346,45.37260200154152,50.75698745448406,49.99867309588299,128.0374674748117,136.17387075491806
1156060500,서울특별시 영등포구 문래동,서울특별시,영등포구,11560,946223.6410161558,1946517.538118873,True,True,영등포구,서울,2944,1609,518,65.49674884902682,73.17858260870727,72.08591676653779,184.45205351287893,195.97901994691026
1159052000,서울특별시 동작구 노량진2동,서울특별시,동작구,11590,950336.3763872003,1945875.045637845,True,True,동작구,서울,1100,602,199,24.811969313508442,18.90299700022534,19.48895816013347,69.83753336995662,57.20159491441699
1159053000,서울특별시 동작구 상도1동,서울특별시,동작구,11590,951690.9570306361,1944481.1269187827,True,True,동작구,서울,4420,2569,858,105.48691230746674,80.40310247853466,82.85609568615197,296.88997660364873,243.27051289837624
1159054000,서울특별시 동작구 상도2동,서울특별시,동작구,11590,950685.8659758528,1945080.090332636,True,True,동작구,서울,2672,1490,518,62.76925659308745,47.87564295418193,49.33533197868282,176.49769033968153,144.6546313627297
1159055000,서울특별시 동작구 상도3동,서울특별시,동작구,11590,949912.0985798625,1944369.5113377408,True,True,동작구,서울,2815,1735,443,62.478517404837945,47.36326151501062,48.882294175777034,176.86059838880095,144.55160045271793
1159056000,서울특별시 동작구 상도4동,서울특별시,동작구,11590,950567.15437359,1944387.9282698126,True,True,동작구,서울,3338,1916,532,72.33690729572984,54.918264985257515,56.67374044857044,204.3667196002088,167.1208210767022
1159062000,서울특별시 동작구 사당1동,서울특별시,동작구,11590,953795.4905398147,1942404.2817840592,True,True,동작구,서울,2448,1337,300,46.601789445833134,35.21797358234777,36.412175478447665,132.19968550472984,107.84310224588728
1159064000,서울특별시 동작구 사당3동,서울특별시,동작구,11590,953222.321404146,1943416.558930619,True,True,동작구,서울,2939,1685,363,57.33367979197911,43.30022399466163,44.76484205594929,162.8072336281752,132.790372705351
1159065000,서울특별시 동작구 사당4동,서울특별시,동작구,11590,953209.0376182261,1942504.5163950003,True,True,동작구,서울,1725,1019,257,36.74536581010493,27.844157089352265,28.748075836629724,104.027795081009,84.99589980752377
1159065100,서울특별시 동작구 사당5동,서울특별시,동작구,11590,952705.7419960746,1943085.7262769889,True,True,동작구,서울,1523,802,242,31.861798844320443,24.22321767398312,24.997627988763345,89.83947492165612,73.49866377588056
1159066000,서울특별시 동작구 대방동,서울특별시,동작구,11590,949447.7535276873,1945469.1940190445,True,True,동작구,서울,3391,1932,657,80.26136710520191,61.19427408395267,63.06123171878916,225.7977402969903,185.03573749854087
1159067000,서울특별시 동작구 신대방1동,서울특별시,동작구,11590,947904.982425388,1943574.1983296757,True,True,동작구,서울,2535,1368,409,53.908781632602896,40.98096919392323,42.28658976518989,152.04402737632887,124.39235708085509
1159068000,서울특별시 동작구 신대방2동,서울특별시,동작구,11590,948865.0419008472,1944052.1485742938,True,True,동작구,서울,1996,1260,371,48.16855525780446,36.62841425459746,37.759559976980285,135.95723665596688,111.29745609814492
1159060500,서울특별시 동작구 흑석동,서울특별시,동작구,11590,952488.645220311,1945254.2674440092,True,True,동작구,서울,2971,1782,617,74.1627176795851,56.578061391802336,58.27744733060855,208.5851742016938,171.00464889162868
1159051000,서울특별시 동작구 노량진1동,서울특별시,동작구,11590,951329.2777892906,1946037.9399837554,True,True,동작구,서울,3546,2071,691,84.93978577663441,64.74183777039639,66.7154030674676,239.0682445874633,195.8940584410988
1159063000,서울특별시 동작구 사당2동,서울특별시,동작구,11590,953588.3276043441,1944325.6882365604,True,True,동작구,서울,3504,2107,540,76.28334004619288,57.82760203177307,59.6907706492283,215.90392851605043,176.44854275014586
1162052500,서울특별시 관악구 보라매동,서울특별시,관악구,11620,949840.3332938718,1943607.7612014015,True,True,관악구,서울,2795,1700,449,62.23854777271713,59.90941822413305,60.11871817942601,176.05060858891642,180.9580967679289
1162054500,서울특별시 관악구 청림동,서울특별시,관악구,11620,952224.297732993,1943489.0891024473,True,True,관악구,서울,1662,981,354,41.77662759186145,40.349815661726865,40.47639017511031,117.39188374930654,120.63749027596289
1162057500,서울특별시 관악구 행운동,서울특별시,관악구,11620,952312.0526001684,1942544.311187112,True,True,관악구,서울,2668,1661,362,55.99546865484514,53.78994625619499,53.98912665501364,159.02568796430822,163.46962853300616
1162058500,서울특별시 관악구 낙성대동,서울특별시,관악구,11620,952252.4107212775,1941027.6207619533,True,True,관악구,서울,1185,750,203,27.590990471595134,26.566316285134327,26.657570778952667,78.01500802989224,80.16520598558597
1162061500,서울특별시 관악구 중앙동,서울특별시,관악구,11620,951429.6092456375,1942906.5357867787,True,True,관악구,서울,1408,904,219,31.64643726143753,30.434756963962464,30.54298842324268,89.6925669590359,92.16727926382548
1162062500,서울특별시 관악구 인헌동,서울특별시,관악구,11620,952836.6891602149,1941562.1205623038,True,True,관악구,서울,2539,1471,358,52.42897293771922,50.42091314332198,50.60388029198144,148.52571642119318,152.73677710889794
1162063000,서울특별시 관악구 남현동,서울특별시,관악구,11620,953716.860791113,1940491.3540400558,True,True,관악구,서울,1829,1044,250,37.05607948941731,35.630351984447906,35.76075455993405,105.00417950450512,107.99594649559052
1162064500,서울특별시 관악구 서원동,서울특별시,관악구,11620,949908.9724017419,1942524.9236445597,True,True,관악구,서울,2046,1238,291,43.200606917370536,41.531696463090704,41.682716858424556,122.48856931678509,125.9264671668924
1162065500,서울특별시 관악구 신원동,서울특별시,관악구,11620,949311.6614613127,1942384.1639042774,True,True,관악구,서울,1902,1256,305,43.829755763745986,42.153369790695315,42.30229595974832,124.22853474328019,127.63087186781414
1162066500,서울특별시 관악구 서림동,서울특별시,관악구,11620,950414.0547556133,1941739.3683140434,True,True,관악구,서울,2302,1236,344,47.21355641838247,45.46792130672068,45.62829378182868,133.35316699887935,137.18458785712681
1162068500,서울특별시 관악구 신사동,서울특별시,관악구,11620,948613.4514353472,1943090.204775706,True,True,관악구,서울,2162,1322,306,45.77016574526047,43.99503862814906,44.15545952604556,129.81967541093474,133.45555990638331
1162069500,서울특별시 관악구 신림동,서울특별시,관악구,11620,949397.6078603029,1943226.845837726,True,True,관악구,서울,1201,710,164,24.69532796777544,23.736599439962657,23.823829355347844,70.03809996643045,72.01801049117657
1162071500,서울특별시 관악구 난향동,서울특별시,관악구,11620,948553.9574832907,1940423.742981633,True,True,관악구,서울,1775,1011,241,35.83172891740293,34.45140468297998,34.57773803649963,101.54318041499278,104.43873460470593
1162072500,서울특별시 관악구 조원동,서울특별시,관악구,11620,947618.9427581026,1942798.2751765917,True,True,관악구,서울,1910,1027,286,39.23088449256625,37.7806797944503,37.91386712196844,110.80556508657449,113.98781965414395
1162073500,서울특별시 관악구 대학동,서울특별시,관악구,11620,951213.51999577,1939477.7979206177,True,True,관악구,서울,1974,1082,325,42.62434394044911,41.08297430183438,41.22335941671247,120.21143202578565,123.63113006391349
1162060500,서울특별시 관악구 은천동,서울특별시,관악구,11620,950687.9478821765,1943210.324140315,True,True,관악구,서울,3664,2183,535,77.67897341115531,74.71070472411881,74.97956640973916,220.0478007068901,226.23746899332295
1162056500,서울특별시 관악구 성현동,서울특별시,관악구,11620,951481.5869823133,1943504.4767886547,True,True,관악구,서울,3353,2018,516,72.9796043089546,70.22338463812669,70.47199988108116,206.56379120444046,212.34671193586092
1162059500,서울특별시 관악구 청룡동,서울특별시,관악구,11620,951007.1371064906,1942235.2046546356,True,True,관악구,서울,2859,1742,392,59.67230271325208,57.3407432843853,57.551880484554104,169.34462040022038,174.0981526742761
1162077500,서울특별시 관악구 난곡동,서울특별시,관악구,11620,948806.0782229465,1941410.3510131824,True,True,관악구,서울,3407,2006,484,71.0582539852337,68.33107102559245,68.57887083121835,201.34770133238266,207.03382915393428
1162074500,서울특별시 관악구 삼성동,서울특별시,관악구,11620,949603.1811056159,1940315.2254395313,True,True,관악구,서울,3295,1995,552,74.59484505323312,71.83938172399377,72.08658817144729,210.79576594357502,216.66563521967137
1162076500,서울특별시 관악구 미성동,서울특별시,관악구,11620,948312.6615472292,1942017.2935644032,True,True,관악구,서울,3954,2046,477,73.08958432535682,70.25351167697835,70.51856382964006,207.1381970356145,213.2145959799799
1165051000,서울특별시 서초구 서초1동,서울특별시,서초구,11650,957577.52552095,1943187.219040094,True,True,서초구,서울,2017,1031,306,40.8525946763409,44.03941885751118,43.85899960460581,115.21883584511252,98.08575263599496
1165052000,서울특별시 서초구 서초2동,서울특별시,서초구,11650,958265.625003424,1943390.2717289203,True,True,서초구,서울,1915,1071,266,38.71703902232362,41.42918713844209,41.28074425670886,109.62209235529939,92.3879266515395
1165053000,서울특별시 서초구 서초3동,서울특별시,서초구,11650,956644.2695657935,1943022.900729254,True,True,서초구,서울,3057,1786,511,68.15127099330518,73.50044024848435,73.19100103172346,192.4326210898024,163.8871510986645
1165053100,서울특별시 서초구 서초4동,서울특별시,서초구,11650,957568.8790767435,1944521.9454602061,True,True,서초구,서울,2649,1524,430,57.9275821511489,62.41432168080219,62.15667535956007,163.60449688711094,139.15858012334064
1165054000,서울특별시 서초구 잠원동,서울특별시,서초구,11650,956967.4644727155,1946594.5287074626,True,True,서초구,서울,2247,1107,362,46.14520277605733,49.9572831707972,49.73737749079858,129.87715339728345,111.20495733987414
1165055000,서울특별시 서초구 반포본동,서울특별시,서초구,11650,954720.5520111127,1945136.9289890216,True,True,서초구,서울,22,13,2,0.3920129523101149,0.41036257625111466,0.4095757344455154,1.1203577122468127,0.9169548208858693
1165056000,서울특별시 서초구 반포1동,서울특별시,서초구,11650,957277.9789673408,1945246.8828286284,True,True,서초구,서울,2718,1354,360,51.37122054508433,55.045314756777884,54.84633495640322,145.1915377819676,122.6093444645363
1165057000,서울특별시 서초구 반포2동,서울특별시,서초구,11650,955446.5132325646,1945325.8832833797,True,True,서초구,서울,2065,1273,295,44.037399585336175,47.034996960006104,46.87029155235127,124.9058993904446,104.99528568749494
1165058000,서울특별시 서초구 반포3동,서울특별시,서초구,11650,956129.6000956848,1946018.6524493739,True,True,서초구,서울,2023,1158,334,44.48632558601983,47.98135329728124,47.77966469672607,125.58350703661299,106.9671833260465
1165058100,서울특별시 서초구 반포4동,서울특별시,서초구,11650,956095.2621272319,1944595.6721565367,True,True,서초구,서울,1973,978,284,38.57727474651301,41.517244114236256,41.35328029149735,108.83886644692096,92.45098330837453
1165059000,서울특별시 서초구 방배본동,서울특별시,서초구,11650,954720.3576750356,1944089.138456528,True,True,서초구,서울,1883,1073,406,47.042366501779995,51.43710789804858,51.167792577174126,132.04805336171734,114.56669108109008
1165060000,서울특별시 서초구 방배1동,서울특별시,서초구,11650,955469.0604262905,1942971.5974016928,True,True,서초구,서울,1867,1086,280,39.62391720791874,42.50709680044666,42.34550429654093,112.12072074286078,94.80983786455974
1165061000,서울특별시 서초구 방배2동,서울특별시,서초구,11650,954770.7992398824,1941655.335258449,True,True,서초구,서울,2209,1248,306,44.80218762074769,47.91802320054673,47.747759476141525,126.88890247356646,106.87135213479135
1165062000,서울특별시 서초구 방배3동,서울특별시,서초구,11650,955603.9966709695,1941795.6610631507,True,True,서초구,서울,1958,945,274,37.42428233091822,40.253265248585166,40.09675474740179,105.5798948410919,89.61695751481892
1165062100,서울특별시 서초구 방배4동,서울특별시,서초구,11650,955002.0315524276,1943518.4526654852,True,True,서초구,서울,2071,1340,403,51.55944399475857,55.83720954183275,55.581497601417254,145.47221756806607,124.56889469821901
1165065100,서울특별시 서초구 양재1동,서울특별시,서초구,11650,957779.097572944,1941255.9731776752,True,True,서초구,서울,4940,2314,666,91.83374469448032,98.68266870521555,98.30806551649695,259.0896118625644,219.64857911639496
1165065200,서울특별시 서초구 양재2동,서울특별시,서초구,11650,959836.4274025531,1939203.091917012,True,True,서초구,서울,2096,1021,205,34.90457862472267,36.871982298132075,36.780287891945406,99.1719454002312,82.17223532754778
1165066000,서울특별시 서초구 내곡동,서울특별시,서초구,11650,962018.6070197226,1939789.2353365158,True,True,서초구,서울,2140,1131,323,43.80929771527321,47.16272350660291,46.97346624545537,123.66700127645613,105.08133280582618
1168051000,서울특별시 강남구 신사동,서울특별시,강남구,11680,957710.4715455666,1947487.0978057922,True,True,강남구,서울,1605,1184,395,47.13512809315969,59.543245452609575,58.72800370250751,132.73084152041463,132.98363492418918
1168052100,서울특별시 강남구 논현1동,서울특별시,강남구,11680,958153.4720744534,1945952.880778825,True,True,강남구,서울,1783,1006,297,39.14364988423883,48.966137730285766,48.301678110765316,110.44347266852242,109.7707364632421
1168053100,서울특별시 강남구 논현2동,서울특별시,강남구,11680,959014.4999839945,1946314.303505236,True,True,강남구,서울,1791,1173,290,41.29226051567446,51.475380223520716,50.78158374441851,116.9895840779418,115.81591209366297
1168058000,서울특별시 강남구 삼성1동,서울특별시,강남구,11680,961171.7526394597,1946325.161101048,True,True,강남구,서울,1360,753,192,27.56595425451686,34.27869326777885,33.81693307773093,78.00522017218013,77.11062034548871
1168059000,서울특별시 강남구 삼성2동,서울특별시,강남구,11680,960121.0899278848,1945935.4282908412,True,True,강남구,서울,2282,1516,330,50.56760832069901,62.76594916737017,61.925003564559916,143.65116102150674,141.62694108586163
1168060000,서울특별시 강남구 대치1동,서울특별시,강남구,11680,961013.3847490862,1943884.4530760376,True,True,강남구,서울,1785,842,216,31.79269991569133,39.39128689733084,38.86166533305055,89.9005413920332,88.65010874236516
1168063000,서울특별시 강남구 대치4동,서울특별시,강남구,11680,960658.2600831102,1944803.5792484125,True,True,강남구,서울,1205,778,173,26.283957728011803,32.63002947428688,32.19254373701984,74.62630410318695,73.5973639307731
1168064000,서울특별시 강남구 역삼1동,서울특별시,강남구,11680,958942.3573743238,1944726.25761636,True,True,강남구,서울,2294,1272,321,46.3540983366826,57.62167711538302,56.845841306682544,131.19923930370496,129.65121943094397
1168065000,서울특별시 강남구 역삼2동,서울특별시,강남구,11680,959771.9674727387,1944457.3977345258,True,True,강남구,서울,2211,1416,321,48.26622839651495,59.95138902579319,59.146924465479806,136.9812536133993,135.16452151508912
1168065500,서울특별시 강남구 도곡1동,서울특별시,강남구,11680,959420.7681320207,1943409.91507429,True,True,강남구,서울,2059,968,257,37.094257710893544,46.01647104958599,45.39677742223786,104.82058106548791,103.480740968537
1168065600,서울특별시 강남구 도곡2동,서울특별시,강남구,11680,960187.4708329634,1943313.642925587,True,True,강남구,서울,3095,1764,519,68.42458569036201,85.60243060257508,84.44086780791406,193.07870659594846,191.9092156723107
1168066000,서울특별시 강남구 개포1동,서울특별시,강남구,11680,961513.9330086767,1942316.9912144092,True,True,강남구,서울,2706,1102,239,40.232953437974246,49.337314005116,48.68071955870231,114.04492391323427,111.50934240904871
1168069000,서울특별시 강남구 개포4동,서울특별시,강남구,11680,960497.5923013709,1941907.733510386,True,True,강남구,서울,2442,1039,273,40.4254007563317,49.99802062578242,49.32605576488256,114.21139541512446,112.50552768733824
1168072000,서울특별시 강남구 일원본동,서울특별시,강남구,11680,963280.6188983239,1942651.3526100062,True,True,강남구,서울,2519,842,301,39.36691786826516,48.95586630403744,48.29076190439605,110.48710909091069,109.52328975113667
1168073000,서울특별시 강남구 일원1동,서울특별시,강남구,11680,963690.1351227488,1943871.7538400984,True,True,강남구,서울,2199,1104,303,42.39671566511355,52.74672911643979,52.03459565659868,119.7546179845167,118.49601944481991
1168067500,서울특별시 강남구 개포3동,서울특별시,강남구,11680,962813.4248884793,1944107.2427046732,True,True,강남구,서울,2305,1139,280,41.9060632771296,51.898403893244165,51.20159106120769,118.61826801776077,116.8900523147137
1168075000,서울특별시 강남구 수서동,서울특별시,강남구,11680,964688.0169990864,1943140.869423717,True,True,강남구,서울,3168,1583,468,62.854639220267764,78.41339590650118,77.35099433808833,177.27390655687174,175.85865466497796
1168070000,서울특별시 강남구 세곡동,서울특별시,강남구,11680,965014.7024809195,1941390.7511719742,True,True,강남구,서울,4428,2293,876,102.3933946190669,129.11156002317855,127.33977620384454,287.30885496234384,287.80963046513057
1168054500,서울특별시 강남구 압구정동,서울특별시,강남구,11680,958861.3073117745,1947919.822126517,True,True,강남구,서울,2845,1985,619,76.94803380293175,96.86727004527748,95.54604377206302,216.97567677766742,216.72309498339524
1168056500,서울특별시 강남구 청담동,서울특별시,강남구,11680,960279.635749438,1947351.6276566498,True,True,강남구,서울,2367,1299,339,48.091303764982754,59.84231912070816,59.035385975017704,136.01925395368664,134.54882262964685
1168061000,서울특별시 강남구 대치2동,서울특별시,강남구,11680,961675.6445629719,1944678.4076637058,True,True,강남구,서울,3739,1651,353,58.91091626965961,72.3659682079672,71.40235793100211,167.10300734083188,163.56013647186916
1168067000,서울특별시 강남구 개포2동,서울특별시,강남구,11680,961776.224514683,1943113.801223178,True,True,강남구,서울,3782,1493,311,54.130150495243086,66.2204627452275,65.3412783972224,153.520585486804,149.8144140054594
1171051000,서울특별시 송파구 풍납1동,서울특별시,송파구,11710,965925.2465708002,1948838.5931686447,True,True,송파구,서울,1789,888,231,33.40659736036168,31.25279481899431,31.486450414990347,94.45712931122132,93.27392011901544
1171052000,서울특별시 송파구 풍납2동,서울특별시,송파구,11710,965552.7619327824,1947909.4188804585,True,True,송파구,서울,2727,1275,337,48.818691203867715,45.68504976980482,46.02979830369523,137.96042509350272,136.0871923963847
1171053100,서울특별시 송파구 거여1동,서울특별시,송파구,11710,968325.3126700866,1943963.7754643715,True,True,송파구,서울,1575,876,226,32.20296655889531,30.157827841691834,30.375710362701323,91.10680602194384,90.23482825841047
1171053200,서울특별시 송파구 거여2동,서울특별시,송파구,11710,968810.5151671456,1943738.8483336137,True,True,송파구,서울,2873,1498,381,55.34549169091008,51.72439205411365,52.1113497070853,156.5880165073528,154.67887021627155
1171054000,서울특별시 송파구 마천1동,서울특별시,송파구,11710,969567.3041195116,1944003.2412931903,True,True,송파구,서울,2737,1447,401,55.3115017641105,52.052896121579174,52.41297363732004,156.23115432019264,155.08392552637022
1171055000,서울특별시 송파구 마천2동,서울특별시,송파구,11710,969192.402120497,1944619.812698186,True,True,송파구,서울,2694,1406,381,53.34223281705542,50.10137508912985,50.45655343608296,150.73017938597724,149.39005401032642
1171056100,서울특별시 송파구 방이1동,서울특별시,송파구,11710,966620.6834977294,1945677.4260040128,True,True,송파구,서울,1662,679,220,29.137518434715396,27.638180195287816,27.822836621472376,81.97911099242222,81.39044847928996
1171056200,서울특별시 송파구 방이2동,서울특별시,송파구,11710,965872.0460514714,1946066.8654229036,True,True,송파구,서울,2482,1140,299,43.65789874831049,40.81931295248964,41.131386794194654,123.38607245449435,121.59056943490339
1171056600,서울특별시 송파구 오륜동,서울특별시,송파구,11710,967171.4704214098,1946550.226699009,True,True,송파구,서울,2277,847,234,34.60652209806784,32.36668867047336,32.624792214250334,97.62632013904623,95.76356283033067
1171057000,서울특별시 송파구 오금동,서울특별시,송파구,11710,967686.1344163518,1945031.706007441,True,True,송파구,서울,4885,1981,694,88.26063479898366,84.21777321959767,84.74156767554332,247.94255503651104,247.15901446627493
1171058000,서울특별시 송파구 송파1동,서울특별시,송파구,11710,965559.4378760206,1945392.8329009772,True,True,송파구,서울,2436,1088,285,41.87121520096079,39.12706782143974,39.42971746643717,118.32631267409346,116.4885454002851
1171059000,서울특별시 송파구 송파2동,서울특별시,송파구,11710,966132.8916425221,1944909.8571538168,True,True,송파구,서울,2229,831,234,34.20130160041123,32.03578477298472,32.28718444140408,96.45024891698563,94.71588089405566
1171060000,서울특별시 송파구 석촌동,서울특별시,송파구,11710,964862.8104684505,1944902.7015485782,True,True,송파구,서울,3157,1538,374,56.49086725002876,52.55752815405688,52.97503244735337,159.92590867821988,157.27587285735802
1171061000,서울특별시 송파구 삼전동,서울특별시,송파구,11710,963929.2756261686,1944795.3697144988,True,True,송파구,서울,2854,1298,327,48.99638564677784,45.66083368900489,46.02261471294105,138.5752400582642,136.22509951804807
1171062000,서울특별시 송파구 가락본동,서울특별시,송파구,11710,966555.3753453484,1944284.7580194615,True,True,송파구,서울,2851,1166,364,49.19790497382971,46.53236638310993,46.85387051078141,138.51923286295437,137.25002811107098
1171063100,서울특별시 송파구 가락1동,서울특별시,송파구,11710,965369.638845989,1944080.1928713045,True,True,송파구,서울,2862,1029,181,36.16626665227959,32.707422530963356,33.06225264086677,102.7994958087148,98.39509118253179
1171063200,서울특별시 송파구 가락2동,서울특별시,송파구,11710,967350.6518344281,1944131.0383287938,True,True,송파구,서울,3324,1273,395,54.28044597836486,51.25162666331205,51.618187051559815,152.81334730907218,151.0129903225127
1171064100,서울특별시 송파구 문정1동,서울특별시,송파구,11710,967012.7990107454,1943279.5796913803,True,True,송파구,서울,2344,881,255,36.610115467002785,34.3699001120974,34.6327747787271,103.19407748208897,101.5210007801069
1171064200,서울특별시 송파구 문정2동,서울특별시,송파구,11710,966326.7208590481,1942452.5180039208,True,True,송파구,서울,2710,1315,445,55.8523076862256,53.322214958231896,53.637996840419376,157.08300142943747,157.19239332795354
1171065000,서울특별시 송파구 잠실본동,서울특별시,송파구,11710,963081.5400442752,1945219.212926836,True,True,송파구,서울,2700,1201,299,45.32070462313641,42.18179968635741,42.52187410652384,128.196236093668,125.85019106919165
1171069000,서울특별시 송파구 잠실4동,서울특별시,송파구,11710,965374.3111117836,1946956.484552756,True,True,송파구,서울,2079,912,231,34.748793666766616,32.37771084188236,32.63663275657176,98.25419268444728,96.49809636595035
1171071000,서울특별시 송파구 잠실6동,서울특별시,송파구,11710,964651.2950684113,1946716.6081473015,True,True,송파구,서울,2042,900,294,38.222717260940996,36.329518467662254,36.562245027006675,107.54780808288007,107.09409819740375
1171072000,서울특별시 송파구 잠실7동,서울특별시,송파구,11710,962358.1214670887,1945441.473348956,True,True,송파구,서울,1320,762,278,32.729839770240275,31.520019590413657,31.678793292488322,91.94527804802695,92.83036820118286
1171067000,서울특별시 송파구 잠실2동,서울특별시,송파구,11710,962780.5334022376,1946575.4844409155,True,True,송파구,서울,2477,1308,277,44.87764974332735,41.35853387457732,41.71285141238272,127.43148185209631,124.75528031066982
1171068000,서울특별시 송파구 잠실3동,서울특별시,송파구,11710,964148.3161208436,1946116.6626808401,True,True,송파구,서울,4080,1955,415,68.40779539029593,62.97118777810802,63.52679605796567,194.14683423046958,189.50663526171098
1171064600,서울특별시 송파구 장지동,서울특별시,송파구,11710,967432.1147035442,1942680.5768459197,True,True,송파구,서울,3251,1407,411,57.034365897782706,53.720772876642926,54.10497792428714,160.82000187361314,159.07889356312796
1171064700,서울특별시 송파구 위례동,서울특별시,송파구,11710,968281.5570020366,1942552.152838553,True,True,송파구,서울,2682,1015,315,43.38939368721486,40.95942106599308,41.25388219455874,122.14683726395586,120.65714889926205
1174052600,서울특별시 강동구 상일제2동,서울특별시,강동구,11740,971498.2454188599,1950339.4184945012,True,True,강동구,서울,1206,666,230,28.003741683522804,37.6625026584245,36.89466985179962,78.75149009232716,93.5689668891558
1174052500,서울특별시 강동구 상일제1동,서울특별시,강동구,11740,970395.4037183144,1950208.8531948503,True,True,강동구,서울,3792,1312,286,49.90847749715656,65.62476423932371,64.25610067942883,141.33161064108276,164.69857615028866
1174053000,서울특별시 강동구 명일1동,서울특별시,강동구,11740,968725.6461181924,1950173.5667864734,True,True,강동구,서울,3092,1264,323,49.04055619670329,65.04669510301403,63.700796947509005,138.6000885699023,162.63330283364428
1174054000,서울특별시 강동구 명일2동,서울특별시,강동구,11740,969454.7796053928,1949939.7814947325,True,True,강동구,서울,2092,731,190,29.576919920428764,39.0546983389555,38.24530675481839,83.50652908488878,97.79374540770462
1174055000,서울특별시 강동구 고덕1동,서울특별시,강동구,11740,969172.7830633379,1951423.475696211,True,True,강동구,서울,2207,832,280,36.903293399509394,49.1282750105031,48.12085081411533,103.72727865791846,122.51626885483253
1174056000,서울특별시 강동구 고덕2동,서울특별시,강동구,11740,970227.0512123231,1951810.6140053617,True,True,강동구,서울,2387,930,247,37.02061035974149,49.07364868319263,48.05899873962849,104.5326121631702,122.70101038743547
1174058000,서울특별시 강동구 암사2동,서울특별시,강동구,11740,966723.7653361016,1950958.9776806573,True,True,강동구,서울,1630,879,216,31.833711587445507,42.51125825245554,41.63340327369194,90.13962609453496,106.05631490068693
1174059000,서울특별시 강동구 암사3동,서울특별시,강동구,11740,968079.6940361285,1951382.2070400007,True,True,강동구,서울,2014,831,221,32.696792797800555,43.41714312736326,42.52019499236671,92.34360335176069,108.49085611050074
1174060000,서울특별시 강동구 천호1동,서울특별시,강동구,11740,968073.886811122,1949726.4002211571,True,True,강동구,서울,3671,1788,418,64.66827969244943,86.04725186862709,84.26511011341884,183.21453554085122,214.99200637662665
1174062000,서울특별시 강동구 천호3동,서울특별시,강동구,11740,967595.2504856618,1948988.8443667942,True,True,강동구,서울,3167,1586,401,58.8756472791489,78.51772925732956,76.89663328990258,166.569504415155,195.9496931402347
1174064000,서울특별시 강동구 성내1동,서울특별시,강동구,11740,966912.2274499359,1947783.3654931,True,True,강동구,서울,2182,1030,263,38.81237724091609,51.68971350229659,50.62213629123639,109.7603507193459,129.05359584620226
1174065000,서울특별시 강동구 성내2동,서울특별시,강동구,11740,967110.6598387678,1948403.9198117452,True,True,강동구,서울,2974,1547,388,56.851655774183186,75.88102780828312,74.31460549942555,160.89242817771134,189.3222639289424
1174066000,서울특별시 강동구 성내3동,서울특별시,강동구,11740,967643.4582656272,1947740.472554954,True,True,강동구,서울,2744,1373,316,49.10714834108121,65.36949444987674,64.01529196315158,139.1857028530007,163.31599691863738
1174069000,서울특별시 강동구 둔촌1동,서울특별시,강동구,11740,968227.7563986278,1947154.8334983494,True,True,강동구,서울,7,2,0,0.054021211564507426,0.06816050693257032,0.06666116755170083,0.15633439147379197,0.17469184059832732
1174070000,서울특별시 강동구 둔촌2동,서울특별시,강동구,11740,968847.9172288401,1948081.0188840227,True,True,강동구,서울,3031,1286,384,52.83108519232117,70.38205596650306,68.93474191661218,148.89451058447244,175.5722957092517
1174057000,서울특별시 강동구 암사1동,서울특별시,강동구,11740,967723.2919170596,1950342.0218281893,True,True,강동구,서울,4281,2074,571,80.259103831013,107.12326378850703,104.91754507094363,226.65907359967815,267.1507683884347
1174061000,서울특별시 강동구 천호2동,서울특별시,강동구,11740,966632.7151173163,1949551.5095139565,True,True,강동구,서울,3977,2066,495,74.55181495456671,99.41516413579225,97.35950990452228,211.17324135317443,248.17374689351135
1174068500,서울특별시 강동구 길동,서울특별시,강동구,11740,968718.1913123127,1948992.4431056275,True,True,강동구,서울,6068,2696,690,102.88820843208353,136.8024390988491,133.9750733159239,290.8804513223484,341.7454834328562
2811052000,인천광역시 중구 연안동,인천광역시,중구,28110,921174.2008157092,1939548.5191057702,False,True,중구,인천,992,487,169,20.897241828706,32.889586636824156,32.889586636824156,58.74466499966558,97.70987509512479
2811053000,인천광역시 중구 신포동,인천광역시,중구,28110,922465.7455034379,1941257.7929775326,False,True,중구,인천,703,473,214,22.411480085381122,35.533535392290986,35.533535392290986,62.687202898667564,104.25249199809544
2811054000,인천광역시 중구 신흥동,인천광역시,중구,28110,922776.639178201,1938681.250098687,False,True,중구,인천,1803,1007,337,41.627009945227755,65.7413355674449,65.7413355674449,117.14217347804163,195.2474682967702
2811056000,인천광역시 중구 도원동,인천광역시,중구,28110,923930.0167659394,1941237.2497742188,False,True,중구,인천,717,461,117,16.454137833548266,26.08658366333386,26.08658366333386,46.58976602176841,78.0777794086842
2811057000,인천광역시 중구 율목동,인천광역시,중구,28110,923507.9354408693,1941557.8797309545,False,True,중구,인천,537,374,98,13.383247773608094,21.260219384124316,21.260219384124316,37.87857838909409,63.51376761761108
2811058500,인천광역시 중구 동인천동,인천광역시,중구,28110,922972.7941554356,1942139.3230547956,False,True,중구,인천,957,586,265,28.047992249230802,44.38703025077639,44.38703025077639,78.4455347522973,130.35032146988988
2811062000,인천광역시 중구 영종동,인천광역시,중구,28110,914168.9896460178,1945388.4504807538,False,True,중구,인천,2307,903,347,42.342086271326025,66.21960300540795,66.21960300540795,118.72397508957097,196.63886672718584
2811063000,인천광역시 중구 용유동,인천광역시,중구,28110,903202.7304469733,1936534.782275434,False,True,중구,인천,848,443,132,17.521752432612775,27.61925037550553,27.61925037550553,49.416899953186935,82.41669896171766
2811062800,인천광역시 중구 운서동,인천광역시,중구,28110,907329.7255200788,1941735.9446690069,False,True,중구,인천,2074,1236,304,44.04473762407907,69.68540953229177,69.68540953229177,124.7602925216174,208.95582192383026
2814051000,인천광역시 동구 만석동,인천광역시,동구,28140,922222.159356807,1943378.194676111,False,True,동구,인천,954,526,178,21.902998658024167,23.824213666046983,23.824213666046983,61.62088703866693,84.96753926061086
2814052500,인천광역시 동구 화수1·화평동,인천광역시,동구,28140,923074.6220130414,1942717.9084408863,False,True,동구,인천,952,656,194,24.835211349694653,26.939558533959207,26.939558533959207,70.10753936113866,96.69340697125463
2814053000,인천광역시 동구 화수2동,인천광역시,동구,28140,923181.6077694768,1943217.7984078897,False,True,동구,인천,1214,861,274,33.639499234364806,36.4638281037025,36.4638281037025,94.81738047689552,130.58619216425583
2814055500,인천광역시 동구 송현1·2동,인천광역시,동구,28140,923591.8191636022,1942423.858074801,False,True,동구,인천,1376,807,194,28.561788964963394,31.092567266219604,31.092567266219604,80.9362723465654,112.16464510615863
2814057000,인천광역시 동구 송현3동,인천광역시,동구,28140,924069.2015667812,1943560.7324708987,False,True,동구,인천,554,340,123,14.423502702627786,15.657381041073752,15.657381041073752,40.53082460567293,55.76966465247463
2814058000,인천광역시 동구 송림1동,인천광역시,동구,28140,923850.4717095431,1942121.019178511,False,True,동구,인천,635,346,118,14.487589456166056,15.760662981004863,15.760662981004863,40.751024221821666,56.18957284474692
2814059000,인천광역시 동구 송림2동,인천광역시,동구,28140,924221.0409216292,1942267.6905396758,False,True,동구,인천,285,188,88,9.103174506521736,9.860449189592712,9.860449189592712,25.443684217310363,34.83944659504475
2814060500,인천광역시 동구 송림3·5동,인천광역시,동구,28140,924695.4158909805,1941877.5594756193,False,True,동구,인천,758,492,143,18.624581162697403,20.222281923613664,20.222281923613664,52.58680958374471,72.58608787341221
2814061000,인천광역시 동구 송림4동,인천광역시,동구,28140,925552.0822046589,1942836.1689991786,False,True,동구,인천,610,260,66,9.97342781849151,10.920752992809703,10.920752992809703,28.195818309170022,39.17348698871228
2814063000,인천광역시 동구 송림6동,인천광역시,동구,28140,924705.9193286746,1942852.835537152,False,True,동구,인천,830,467,159,19.44692228697498,21.14513346102546,21.14513346102546,54.70671036054462,75.41152354400522
2814064000,인천광역시 동구 금창동,인천광역시,동구,28140,924019.3898361924,1941725.6702980394,False,True,동구,인천,440,341,106,13.034371144068011,14.113170840951543,14.113170840951543,36.76491508101946,50.61843399932406
2817751000,인천광역시 미추홀구 숭의2동,인천광역시,미추홀구,28177,924620.5841757193,1940531.1742031863,False,True,미추홀구,인천,1712,1027,335,41.504831177285936,56.81092887872198,56.81092887872198,116.88078055697056,170.18980498413322
2817753000,인천광역시 미추홀구 숭의4동,인천광역시,미추홀구,28177,925459.7592966763,1940684.1914221186,False,True,미추홀구,인천,1928,1135,370,45.97692630407339,62.94213884205455,62.94213884205455,129.4704386932475,188.53785490420736
2817755000,인천광역시 미추홀구 용현2동,인천광역시,미추홀구,28177,924245.4781798039,1940007.4523489245,False,True,미추홀구,인천,2327,1280,363,49.107831507577295,67.71685863501531,67.71685863501531,138.66120051564417,202.74668526199756
2817756000,인천광역시 미추홀구 용현3동,인천광역시,미추홀구,28177,925063.8508099709,1939912.2669763018,False,True,미추홀구,인천,1173,727,252,30.14143827707844,41.12401398681604,41.12401398681604,84.77762074121122,123.21990242176166
2817757000,인천광역시 미추홀구 용현5동,인천광역시,미추홀구,28177,923839.3946247854,1939212.5115117873,False,True,미추홀구,인천,4395,2293,690,91.11866384550956,125.33335767940636,125.33335767940636,256.93113065237264,375.14539617440846
2817758000,인천광역시 미추홀구 학익1동,인천광역시,미추홀구,28177,925131.0518958403,1938040.522688653,False,True,미추홀구,인천,3373,1663,461,64.34270480139912,88.8858549682783,88.8858549682783,181.69620452836338,265.939108266836
2817759000,인천광역시 미추홀구 학익2동,인천광역시,미추홀구,28177,926610.9501889271,1938572.3938628216,False,True,미추홀구,인천,2342,1378,491,58.33240745558966,79.50687014325732,79.50687014325732,163.95614715882834,238.16444057819135
2817760000,인천광역시 미추홀구 도화1동,인천광역시,미추홀구,28177,926526.7676844026,1940653.595605526,False,True,미추홀구,인천,2463,1414,481,58.68775433176137,80.1887137603193,80.1887137603193,165.10687299928435,240.17012195907296
2817762000,인천광역시 미추홀구 주안1동,인천광역시,미추홀구,28177,927537.7526327312,1940628.0733305027,False,True,미추홀구,인천,1734,748,227,30.85039834724788,42.4777022525283,42.4777022525283,86.92364319461329,126.98659921580793
2817763000,인천광역시 미추홀구 주안2동,인천광역시,미추홀구,28177,926767.6879803338,1939894.0659407394,False,True,미추홀구,인천,2767,1520,448,59.3445464765649,81.68135269808833,81.68135269808833,167.43279098718796,244.56029518856235
2817764000,인천광역시 미추홀구 주안3동,인천광역시,미추홀구,28177,926725.8783408729,1939129.223685119,False,True,미추홀구,인천,1500,877,227,32.02555735863943,44.338557668979334,44.338557668979334,90.61458892970693,132.79423890068782
2817765000,인천광역시 미추홀구 주안4동,인천광역시,미추홀구,28177,928100.911916013,1939781.7334443654,False,True,미추홀구,인천,2516,1391,410,54.25486412305055,74.67259329630271,74.67259329630271,153.07565332726313,223.5840873575354
2817766000,인천광역시 미추홀구 주안5동,인천광역시,미추홀구,28177,927538.3077644014,1941426.5630029417,False,True,미추홀구,인천,2516,1310,446,55.18270721424793,75.4503527349508,75.4503527349508,155.20788326859002,225.85354233628394
2817767000,인천광역시 미추홀구 주안6동,인천광역시,미추홀구,28177,928435.2966341996,1940509.6858524005,False,True,미추홀구,인천,2447,1208,414,51.47718304675102,70.3901082341895,70.3901082341895,144.74723961372501,210.64044308200698
2817768000,인천광역시 미추홀구 주안7동,인천광역시,미추홀구,28177,927278.0592249439,1938992.6986003318,False,True,미추홀구,인천,1957,1084,338,43.377766758198206,59.53832657841892,59.53832657841892,122.24562017930879,178.27679505017377
2817769000,인천광역시 미추홀구 주안8동,인천광역시,미추홀구,28177,927940.9885775909,1939029.9381152587,False,True,미추홀구,인천,2582,1334,410,53.6096359978601,73.6696226420073,73.6696226420073,151.09604042441538,220.49657805879605
2817770000,인천광역시 미추홀구 관교동,인천광역시,미추홀구,28177,928702.4313692078,1938477.154175772,False,True,미추홀구,인천,2065,957,309,40.068042706746226,54.975082931147625,54.975082931147625,112.78238812520783,164.43729394659977
2817771000,인천광역시 미추홀구 문학동,인천광역시,미추홀구,28177,927928.7482926946,1937796.287195249,False,True,미추홀구,인천,1381,633,204,26.530485949516347,36.407464566027556,36.407464566027556,74.6776961225932,108.89125435429361
2817752000,인천광역시 미추홀구 숭의1·3동,인천광역시,미추홀구,28177,924418.0361306482,1940979.2698977601,False,True,미추홀구,인천,1565,861,348,39.26331362931996,53.209814257705695,53.209814257705695,110.05395365872204,159.34512480823497
2817754000,인천광역시 미추홀구 용현1·4동,인천광역시,미추홀구,28177,925608.6751660756,1939507.9430133828,False,True,미추홀구,인천,2293,1469,422,55.411071315023115,76.28925467768158,76.28925467768158,156.4872511064874,228.61413961651323
2817761000,인천광역시 미추홀구 도화2·3동,인천광역시,미추홀구,28177,925932.2822303809,1941917.1386005443,False,True,미추홀구,인천,3381,1605,472,64.14708553416891,88.3910305681031,88.3910305681031,180.90851763348525,264.4062935338958
2818563000,인천광역시 연수구 옥련1동,인천광역시,연수구,28185,924773.019560706,1936008.2848618145,False,True,연수구,인천,1971,1136,435,50.0382445132889,57.36555404629041,57.36555404629041,140.42529014946763,179.7072050489115
2818575000,인천광역시 연수구 선학동,인천광역시,연수구,28185,929002.3860337621,1937024.2557829185,False,True,연수구,인천,2410,1055,385,47.283276179659154,53.76825711778487,53.76825711778487,132.74808407978907,168.94198582980388
2818576100,인천광역시 연수구 연수1동,인천광역시,연수구,28185,927439.8878072946,1936534.6030469139,False,True,연수구,인천,1998,938,304,39.25306102960356,44.75983647243689,44.75983647243689,110.48421578060311,140.8579936573642
2818576200,인천광역시 연수구 연수2동,인천광역시,연수구,28185,927801.4649953392,1935229.8681918066,False,True,연수구,인천,2223,977,426,47.92693868271175,54.48197167246178,54.48197167246178,134.0813644681196,170.62163934508357
2818576300,인천광역시 연수구 연수3동,인천광역시,연수구,28185,928191.7073749461,1935923.053172957,False,True,연수구,인천,2014,1010,445,48.865526158923956,55.761805527474024,55.761805527474024,136.70642578775838,174.4168463492202
2818576600,인천광역시 연수구 청학동,인천광역시,연수구,28185,926243.2405117658,1936531.8463731767,False,True,연수구,인천,3024,1470,605,68.87228216753809,78.54619291633261,78.54619291633261,192.93469479685996,246.0450142003578
2818578000,인천광역시 연수구 동춘1동,인천광역시,연수구,28185,925620.9513135785,1934715.0052299,False,True,연수구,인천,2293,752,291,36.63558145547145,41.219417520140354,41.219417520140354,102.66536420784209,129.7243005086986
2818579000,인천광역시 연수구 동춘2동,인천광역시,연수구,28185,926638.7786477412,1933856.618003952,False,True,연수구,인천,1701,706,301,34.54139740163714,39.19655219847306,39.19655219847306,96.66705332974703,122.86188730805125
2818579500,인천광역시 연수구 동춘3동,인천광역시,연수구,28185,927270.315927248,1934609.1008872099,False,True,연수구,인천,1570,734,272,32.78571777360192,37.36153653635111,37.36153653635111,92.03186718314225,117.29428928425224
2818564000,인천광역시 연수구 옥련2동,인천광역시,연수구,28185,924535.2507258231,1936979.4288435488,False,True,연수구,인천,2084,1012,338,42.709721248342404,48.75086154180624,48.75086154180624,120.15194230969809,153.29209122635234
2818585000,인천광역시 연수구 송도4동,인천광역시,연수구,28185,922329.0191953817,1932873.4660554084,False,True,연수구,인천,1612,497,155,22.297739401342696,25.004969746295664,25.004969746295664,62.71841578853314,79.06361093249261
2818582000,인천광역시 연수구 송도1동,인천광역시,연수구,28185,924492.6737408349,1931873.9179760932,False,True,연수구,인천,2673,1028,350,45.65761107061208,51.683166307373455,51.683166307373455,128.31310184222087,162.78675640723927
2818584000,인천광역시 연수구 송도3동,인천광역시,연수구,28185,925257.7724003621,1929791.5602940929,False,True,연수구,인천,2302,827,243,34.926504188060775,39.425678344536266,39.425678344536266,98.40389683859088,124.59611726769046
2820051000,인천광역시 남동구 구월1동,인천광역시,남동구,28200,930059.9290057729,1938816.5772959867,False,True,남동구,인천,3172,1344,479,59.890665076952644,99.14915297183663,99.14915297183663,168.2083523804733,294.6503956694331
2820052000,인천광역시 남동구 구월2동,인천광역시,남동구,28200,930618.4780260958,1939990.5440008272,False,True,남동구,인천,3552,1489,407,59.05631998885064,98.33472363062958,98.33472363062958,166.71360246106917,293.0620222154138
2820052100,인천광역시 남동구 구월3동,인천광역시,남동구,28200,929017.084931589,1939254.83999346,False,True,남동구,인천,2388,1138,303,43.55088171673036,72.48627500515389,72.48627500515389,123.06508684970626,216.36655677655673
2820052200,인천광역시 남동구 구월4동,인천광역시,남동구,28200,931243.0939933015,1939093.9900595883,False,True,남동구,인천,1941,1046,308,40.94492065768524,67.94420802390196,67.94420802390196,115.51635163363045,202.78846870917522
2820053000,인천광역시 남동구 간석1동,인천광역시,남동구,28200,929400.9859725562,1940354.6647212778,False,True,남동구,인천,2137,1207,395,49.27731721103177,81.55893227620109,81.55893227620109,138.7391451777347,243.18887058085664
2820054000,인천광역시 남동구 간석2동,인천광역시,남동구,28200,930251.5486306713,1940540.5855947742,False,True,남동구,인천,2493,1258,359,49.09210330014262,81.55549850810368,81.55549850810368,138.56094966247645,243.36831701519725
2820055000,인천광역시 남동구 간석3동,인천광역시,남동구,28200,930630.1637642476,1941435.31015506,False,True,남동구,인천,3362,1651,439,62.802583954647474,104.50925811771117,104.50925811771117,177.4906236522427,312.0474186552744
2820055100,인천광역시 남동구 간석4동,인천광역시,남동구,28200,928937.7037414766,1941138.224381572,False,True,남동구,인천,3358,1568,494,64.82687598423695,107.5273849174002,107.5273849174002,182.5661606169777,320.27401275731063
2820056000,인천광역시 남동구 만수1동,인천광역시,남동구,28200,932247.53290023,1939355.210292048,False,True,남동구,인천,2312,1278,490,56.649295503222085,93.45103408292327,93.45103408292327,158.9619173980787,278.0379585777581
2820057000,인천광역시 남동구 만수2동,인천광역시,남동구,28200,932432.9139664703,1940925.55533176,False,True,남동구,인천,2856,1219,331,48.04079331010533,79.99260831058616,79.99260831058616,135.643846507512,238.4590074398755
2820058000,인천광역시 남동구 만수3동,인천광역시,남동구,28200,931620.0802205495,1941013.2229293708,False,True,남동구,인천,1993,894,277,36.946005579395546,61.32247462996317,61.32247462996317,104.06935942816963,182.62088155973038
2820058100,인천광역시 남동구 만수4동,인천광역시,남동구,28200,932591.3430102338,1940009.1875416914,False,True,남동구,인천,2546,1169,379,49.11641544671028,81.42857631469536,81.42857631469536,138.23654140393572,242.4207767834376
2820058200,인천광역시 남동구 만수5동,인천광역시,남동구,28200,931577.4990832579,1939934.4965556678,False,True,남동구,인천,2269,1180,332,45.52982231759485,75.64453213769649,75.64453213769649,128.5558597833669,225.82843910835493
2820058300,인천광역시 남동구 만수6동,인천광역시,남동구,28200,932766.3645885219,1938353.601564092,False,True,남동구,인천,2907,1430,588,66.84901100662502,110.19837338786719,110.19837338786719,187.2741614116221,327.313550544079
2820065500,인천광역시 남동구 서창2동,인천광역시,남동구,28200,933480.7775689868,1936649.0653982395,False,True,남동구,인천,3486,1300,336,51.69598522341897,86.26130154091675,86.26130154091675,146.01500408361494,256.9045346259724
2820066000,인천광역시 남동구 남촌도림동,인천광역시,남동구,28200,931064.5056610671,1936565.5356894748,False,True,남동구,인천,2625,1223,430,53.26541432416609,88.14201237965813,88.14201237965813,149.67676160364942,262.1890025150377
2820069000,인천광역시 남동구 논현1동,인천광역시,남동구,28200,932655.2261946592,1934699.2883910565,False,True,남동구,인천,3033,1289,445,56.544652769863575,93.67240352130455,93.67240352130455,158.91140666879153,278.4823440376609
2820070000,인천광역시 남동구 논현2동,인천광역시,남동구,28200,929919.6159321772,1934574.1402420008,False,True,남동구,인천,3298,1689,557,70.24762493634586,116.32529365013434,116.32529365013434,197.70051181054623,346.5566867909786
2820071000,인천광역시 남동구 논현고잔동,인천광역시,남동구,28200,929452.0065498005,1933103.7623361342,False,True,남동구,인천,2937,1197,415,53.02041673706891,87.85580340841479,87.85580340841479,148.97758782338832,261.080562712826
2823751000,인천광역시 부평구 부평1동,인천광역시,부평구,28237,931074.2687685441,1944404.8760609678,False,True,부평구,인천,3792,1833,693,82.26607259416687,111.21121791658199,111.21121791658199,230.8499874793772,336.26862729922885
2823752000,인천광역시 부평구 부평2동,인천광역시,부평구,28237,931139.7592196072,1942506.367913403,False,True,부평구,인천,1837,948,250,35.621876713277324,48.555667386482625,48.555667386482625,100.70809683214136,147.65378357062653
2823753000,인천광역시 부평구 부평3동,인천광역시,부평구,28237,930078.9640183229,1943094.7091639386,False,True,부평구,인천,1892,1013,344,42.438275915868196,57.54278870605981,57.54278870605981,119.3769759189095,174.2631888603337
2823754000,인천광역시 부평구 부평4동,인천광역시,부평구,28237,931595.6659726315,1944967.667059797,False,True,부평구,인천,3526,1793,578,73.85899416401433,100.22737938347984,100.22737938347984,207.95663180300954,303.81468647673336
2823755000,인천광역시 부평구 부평5동,인천광역시,부평구,28237,931975.6650001325,1944302.1838557897,False,True,부평구,인천,3029,1343,454,57.89324867280306,78.40487495955693,78.40487495955693,162.78761510259633,237.54448903701837
2823756000,인천광역시 부평구 부평6동,인천광역시,부평구,28237,931672.3638613328,1943123.554730426,False,True,부평구,인천,1764,887,304,37.68856009537117,51.07129238079594,51.07129238079594,105.98012417427142,154.65929517407437
2823757000,인천광역시 부평구 산곡1동,인천광역시,부평구,28237,928971.0127916196,1945281.3834214846,False,True,부평구,인천,1537,688,253,30.834052823485152,41.6871775218269,41.6871775218269,86.55817378618741,126.12656544355062
2823758000,인천광역시 부평구 산곡2동,인천광역시,부평구,28237,929755.3845528257,1945209.7333529186,False,True,부평구,인천,3042,1390,430,57.21193672243271,77.64466000479496,77.64466000479496,161.1686639317449,235.56135659558072
2823758100,인천광역시 부평구 산곡3동,인천광역시,부평구,28237,929886.3121525559,1944033.9816849001,False,True,부평구,인천,2912,1634,680,75.49256569564679,101.92221878283137,101.92221878283137,211.48182285707077,307.60195609426773
2823758200,인천광역시 부평구 산곡4동,인천광역시,부평구,28237,930358.4275531517,1945048.4508228635,False,True,부평구,인천,1971,898,368,42.39452096099764,57.191148190094594,57.191148190094594,118.75796905600323,172.723540082239
2823759100,인천광역시 부평구 청천1동,인천광역시,부평구,28237,928786.5946869238,1946805.9967575497,False,True,부평구,인천,1758,660,176,26.530879030545204,36.05099607506176,36.05099607506176,74.89599683484505,109.66227231885942
2823759200,인천광역시 부평구 청천2동,인천광역시,부평구,28237,930478.7176283931,1946502.6612804285,False,True,부평구,인천,3605,1555,502,65.94122139427812,89.37172321519532,89.37172321519532,185.57102513188414,270.98502332648206
2823764100,인천광역시 부평구 갈산1동,인천광역시,부평구,28237,931662.8393073702,1946862.3756405627,False,True,부평구,인천,1761,781,261,33.48427459961728,45.3588267759921,45.3588267759921,94.17451849501577,137.44959838503982
2823764200,인천광역시 부평구 갈산2동,인천광역시,부평구,28237,931656.0665217657,1945976.045028928,False,True,부평구,인천,2552,1114,398,49.439873228020744,66.87120795738227,66.87120795738227,138.86012009730854,202.4272653261714
2823764600,인천광역시 부평구 삼산1동,인천광역시,부평구,28237,933481.3236243681,1947050.6488131997,False,True,부평구,인천,3526,1637,653,75.98605985015723,102.5775185947414,102.5775185947414,212.97925932579147,309.91839800703883
2823765000,인천광역시 부평구 부개1동,인천광역시,부평구,28237,932455.1119330628,1943039.1484402874,False,True,부평구,인천,2515,1234,339,47.60054222285173,64.80005988594806,64.80005988594806,134.44010724372745,196.9393612272777
2823766000,인천광역시 부평구 부개2동,인천광역시,부평구,28237,932627.5505867051,1944036.4948947642,False,True,부평구,인천,2124,1003,278,39.106334114144886,53.209688178153215,53.209688178153215,110.41521541632835,161.70093023947277
2823766100,인천광역시 부평구 부개3동,인천광역시,부평구,28237,932659.2676058435,1945054.6107426845,False,True,부평구,인천,2931,1379,479,59.61153223790524,80.71921880539017,80.71921880539017,167.55438908292018,244.4202935513976
2823767000,인천광역시 부평구 일신동,인천광역시,부평구,28237,933556.6516310466,1942044.334410234,False,True,부평구,인천,1594,660,252,30.539877343463676,41.235306745179344,41.235306745179344,85.65327648031867,124.70545529040496
2823768000,인천광역시 부평구 십정1동,인천광역시,부평구,28237,928817.3426286324,1942407.003357219,False,True,부평구,인천,2499,1167,365,48.087379901565356,65.25711091382058,65.25711091382058,135.44385539632566,197.93711179418483
2823769000,인천광역시 부평구 십정2동,인천광역시,부평구,28237,929499.5427764334,1941839.212461111,False,True,부평구,인천,3052,1434,430,57.91531786938176,78.66815490852102,78.66815490852102,163.26515016903323,238.77300064614744
2823764800,인천광역시 부평구 삼산2동,인천광역시,부평구,28237,932722.6149708416,1946189.672669076,False,True,부평구,인천,2348,1041,386,46.92135442558123,63.421762712109754,63.421762712109754,131.69417856241085,191.86380125386975
2824560100,인천광역시 계양구 효성1동,인천광역시,계양구,28245,930030.3152000131,1948597.9666997688,False,True,계양구,인천,3159,1312,458,58.09941943938148,101.38156591530853,101.38156591530853,163.2352273985665,305.768000256902
2824560200,인천광역시 계양구 효성2동,인천광역시,계양구,28245,929127.1627099278,1948155.5317415544,False,True,계양구,인천,3286,1390,416,57.19361880636278,100.45563403830133,100.45563403830133,161.1807511110139,303.0127013010099
2824561100,인천광역시 계양구 계산1동,인천광역시,계양구,28245,930883.3393143355,1949338.5542955196,False,True,계양구,인천,2467,1062,357,45.90129480568511,80.23411479331499,80.23411479331499,129.07166869824903,242.07133263356502
2824561200,인천광역시 계양구 계산2동,인천광역시,계양구,28245,931118.330818318,1950105.0328782648,False,True,계양구,인천,2142,816,284,36.68088253685736,63.99663257707296,63.99663257707296,103.03934043267866,192.8395749648401
2824561300,인천광역시 계양구 계산3동,인천광역시,계양구,28245,932122.0025767172,1949188.7817264888,False,True,계양구,인천,2017,632,301,34.47958595427339,59.3618224055447,59.3618224055447,96.24483685704082,178.57395130960495
2824562100,인천광역시 계양구 작전1동,인천광역시,계양구,28245,931952.6572333267,1948069.2074283827,False,True,계양구,인천,2882,1142,388,50.37750515564566,87.99322524830337,87.99322524830337,141.59564919761252,265.25467691747565
2824562200,인천광역시 계양구 작전2동,인천광역시,계양구,28245,931309.4502040239,1948233.5046721406,False,True,계양구,인천,2815,1097,389,49.526909830812,86.34820520992567,86.34820520992567,139.08374869451887,260.25797296132043
2824564000,인천광역시 계양구 작전서운동,인천광역시,계양구,28245,933556.9908753553,1948158.7561441902,False,True,계양구,인천,2666,1178,493,56.49982157818905,97.84198245060294,97.84198245060294,158.1953416093524,295.2872438307419
2824572000,인천광역시 계양구 계양2동,인천광역시,계양구,28245,932970.2856802244,1950191.014193266,False,True,계양구,인천,3573,1892,653,80.02557129292376,139.81331292985544,139.81331292985544,225.02719352913948,422.64475722952807
2824561400,인천광역시 계양구 계산4동,인천광역시,계양구,28245,932852.6750050208,1949074.8971300132,False,True,계양구,인천,1753,613,423,40.623414755785504,68.9003651236505,68.9003651236505,112.64119841897963,207.59950518174352
2824571000,인천광역시 계양구 계양1동,인천광역시,계양구,28245,931678.094836784,1952767.5965477664,False,True,계양구,인천,2334,1045,383,46.75501716114148,81.43423827616533,81.43423827616533,131.260733932557,245.7921188481151
2824573000,인천광역시 계양구 계양3동,인천광역시,계양구,28245,935092.7775415757,1952479.4463774024,False,True,계양구,인천,2248,954,310,40.69886370858265,71.23890103195421,71.23890103195421,114.51403518083401,214.89816456515342
2826053000,인천광역시 서구 연희동,인천광역시,서구,28260,927835.1534447549,1950165.842832248,False,True,서구,인천,4122,1964,841,94.2544274502057,146.3594216830518,146.3594216830518,263.8182181057464,455.1478253552149
2826054200,인천광역시 서구 가정1동,인천광역시,서구,28260,926754.7936955491,1948078.2736201193,False,True,서구,인천,3347,1215,376,52.33478139588932,81.52230859962312,81.52230859962312,147.3155454574637,254.34098093601835
2826054300,인천광역시 서구 가정2동,인천광역시,서구,28260,927667.5598858397,1948024.7084878732,False,True,서구,인천,1139,302,105,14.735444888173763,22.549574390140297,22.549574390140297,41.34617369342972,70.77216815023748
2826054400,인천광역시 서구 가정3동,인천광역시,서구,28260,927667.5921173675,1946843.2104818504,False,True,서구,인천,1066,402,150,18.712429371615872,28.99509520800021,28.99509520800021,52.493207471370354,90.43234815318937
2826055000,인천광역시 서구 석남1동,인천광역시,서구,28260,926521.3839798884,1945981.9226246728,False,True,서구,인천,2814,1138,368,48.88717229681082,76.36053618722262,76.36053618722262,137.54607249900693,237.8260996023782
2826056000,인천광역시 서구 석남2동,인천광역시,서구,28260,925590.9172284855,1945204.3141423916,False,True,서구,인천,1808,815,226,32.059421544270926,50.58913792419601,50.58913792419601,90.50243779378357,157.22522131326892
2826056100,인천광역시 서구 석남3동,인천광역시,서구,28260,927656.9476449828,1945560.5028413115,False,True,서구,인천,1628,734,250,31.660677728887947,49.54802689924937,49.54802689924937,89.01608085120216,154.08380297608963
2826058000,인천광역시 서구 가좌1동,인천광역시,서구,28260,925970.9755050612,1943899.1000104805,False,True,서구,인천,1533,730,206,28.638931292917032,45.25472541303453,45.25472541303453,80.83471812727988,140.53445583485237
2826059000,인천광역시 서구 가좌2동,인천광역시,서구,28260,928043.1669075765,1944290.4203490291,False,True,서구,인천,2338,896,332,41.4396845423843,64.26584744144074,64.26584744144074,116.2693706994259,200.3845677103705
2826060000,인천광역시 서구 가좌3동,인천광역시,서구,28260,927521.2838262044,1943477.1778118995,False,True,서구,인천,2315,1067,342,44.56507424070838,69.97063335111312,69.97063335111312,125.45683569579816,217.48282264327463
2826061000,인천광역시 서구 가좌4동,인천광역시,서구,28260,928255.2562157627,1943292.9867631858,False,True,서구,인천,1560,585,200,26.16282152491593,40.66180279272743,40.66180279272743,73.51494900675263,126.81111637189576
2826069000,인천광역시 서구 불로대곡동,인천광역시,서구,28260,927380.9648569094,1957928.1834852174,False,True,서구,인천,2054,1213,415,50.28942468295696,79.35610070223566,79.35610070223566,141.47162905065198,245.91075023621022
2826070000,인천광역시 서구 원당동,인천광역시,서구,28260,929125.1731413238,1955150.7385254258,False,True,서구,인천,1671,860,308,37.20440338736738,58.3505385394412,58.3505385394412,104.53026442744604,181.16153264502827
2826057500,인천광역시 서구 신현원창동,인천광역시,서구,28260,923675.4114517833,1946015.9940067786,False,True,서구,인천,3455,1189,325,49.24188927314802,76.84873900470147,76.84873900470147,138.89397523412634,239.95551696715285
2826053600,인천광역시 서구 청라1동,인천광역시,서구,28260,925386.1811956647,1948278.2651597592,False,True,서구,인천,1449,554,208,25.7972244704343,39.983926861560576,39.983926861560576,72.36178482711125,124.67988403119917
2826053700,인천광역시 서구 청라2동,인천광역시,서구,28260,924087.6078338124,1948578.1720072506,False,True,서구,인천,2787,960,284,41.04538932889972,63.89051580578808,63.89051580578808,115.61031052777811,199.5078815611996
2826068000,인천광역시 서구 검단동,인천광역시,서구,28260,925215.3635127766,1957315.2041249746,False,True,서구,인천,2918,1291,444,56.12767959130123,87.74604876670551,87.74604876670551,157.76836486063786,272.95444079587605
2871025000,인천광역시 강화군 강화읍,인천광역시,강화군,28710,911001.2212824574,1973045.580870353,False,True,강화군,인천,3382,2213,808,93.57085728931881,67.43470534970686,67.43470534970686,262.91882776183076,251.7440031215013
2871031000,인천광역시 강화군 선원면,인천광역시,강화군,28710,910863.2145422414,1969038.9392484205,False,True,강화군,인천,1360,743,328,35.57635784295521,25.304914039053703,25.304914039053703,99.53659468975883,95.00261211805787
2871032000,인천광역시 강화군 불은면,인천광역시,강화군,28710,910548.0721039815,1965341.4333169484,False,True,강화군,인천,1212,708,332,34.78516275604274,24.546656612077896,24.546656612077896,97.20960918170044,92.44807557930537
2871033000,인천광역시 강화군 길상면,인천광역시,강화군,28710,911848.6075759308,1958561.0797729255,False,True,강화군,인천,1550,834,322,37.24133651558901,26.850263422406172,26.850263422406172,104.48148474428791,100.25043342753918
2871034000,인천광역시 강화군 화도면,인천광역시,강화군,28710,904959.6246054337,1958285.8497380938,False,True,강화군,인천,1127,666,272,30.258423462135237,21.633991580121815,21.633991580121815,84.80477268620908,81.0388260952185
2871035000,인천광역시 강화군 양도면,인천광역시,강화군,28710,905615.4097728482,1964086.8627481426,False,True,강화군,인천,990,627,313,31.66411142127791,22.157442838036566,22.157442838036566,88.37991893432589,83.7310882952778
2871036000,인천광역시 강화군 내가면,인천광역시,강화군,28710,902067.0541530235,1969743.6396329338,False,True,강화군,인천,731,512,202,22.379165233365,15.977920914851092,15.977920914851092,62.78390909170767,59.87146881464044
2871037000,인천광역시 강화군 하점면,인천광역시,강화군,28710,903163.8973403205,1974202.4059343773,False,True,강화군,인천,911,732,312,32.93610392180124,23.259569847456966,23.259569847456966,92.26197719866047,87.53536368334736
2871038000,인천광역시 강화군 양사면,인천광역시,강화군,28710,903299.7963058868,1978726.0305834564,False,True,강화군,인천,429,348,157,16.16483592688652,11.350587367541955,11.350587367541955,45.22602599045711,42.81807750860864
2871039000,인천광역시 강화군 송해면,인천광역시,강화군,28710,908422.6079091636,1976080.064221021,False,True,강화군,인천,714,501,255,25.33549046251698,17.64729935900786,17.64729935900786,70.69289648720374,66.80708749402388
2871040000,인천광역시 강화군 교동면,인천광역시,강화군,28710,891289.1523840524,1977070.8024988908,False,True,강화군,인천,641,540,222,23.70253948647554,16.77900856479049,16.77900856479049,66.45273021867456,63.07981858255518
2871041000,인천광역시 강화군 삼산면,인천광역시,강화군,28710,895951.5858639873,1967157.9235900429,False,True,강화군,인천,527,341,149,15.908267884534272,11.269939372079678,11.269939372079678,44.52789537804233,42.37031758340848
2871042000,인천광역시 강화군 서도면,인천광역시,강화군,28710,886196.2942293724,1963155.5993362959,False,True,강화군,인천,176,107,53,5.402473852823029,3.787700732868961,3.787700732868961,15.081108974882305,14.302827696515998
2872031000,인천광역시 옹진군 북도면,인천광역시,옹진군,28720,902693.5220543237,1948759.413171757,False,True,옹진군,인천,556,268,104,12.194011821208775,4.472618529718003,4.472618529718003,34.199795697801996,18.799057267607957
2872038000,인천광역시 옹진군 연평면,인천광역시,옹진군,28720,840951.0013008685,1964155.9085983506,False,True,옹진군,인천,260,116,61,6.302576744290268,2.324131895746044,2.324131895746044,17.567534504108647,9.816090639346672
2872033000,인천광역시 옹진군 백령면,인천광역시,옹진군,28720,751727.4674383402,1998572.8329724432,False,True,옹진군,인천,711,344,191,19.094565443244875,7.0626137598138,7.0626137598138,53.170365459979436,29.833545402853982
2872034000,인천광역시 옹진군 대청면,인천광역시,옹진군,28720,754488.4341106829,1982904.9536406405,False,True,옹진군,인천,259,184,48,6.553941550294491,2.4043613818709657,2.4043613818709657,18.552446519803453,10.00733845529189
2872035000,인천광역시 옹진군 덕적면,인천광역시,옹진군,28720,874938.9965257597,1912019.3981479665,False,True,옹진군,인천,492,276,140,14.260870993311272,5.280051420107647,5.280051420107647,39.78718504677357,22.25331489730838
2872037000,인천광역시 옹진군 자월면,인천광역시,옹진군,28720,889354.4686664557,1910838.904735747,False,True,옹진군,인천,330,175,92,9.296976072280879,3.4410218341539425,3.4410218341539425,25.918133706544722,14.515414816265032
2872036000,인천광역시 옹진군 영흥면,인천광역시,옹진군,28720,908349.3053630113,1917858.7606334349,False,True,옹진군,인천,1245,602,189,24.700231785133724,9.015201178589596,9.015201178589596,69.57306347131673,37.775238521326095
4111156000,경기도 수원시장안구 파장동,경기도,수원시장안구,41111,954712.3989663733,1924737.2599286572,False,True,수원시,경기,2829,1391,497,60.53091903318625,92.03482762640641,92.03482762640641,170.059523429112,265.67541160954
4111156600,경기도 수원시장안구 율천동,경기도,수원시장안구,41111,953203.2437099029,1922339.8457615636,False,True,수원시,경기,3020,1403,551,64.59801015692278,97.87541082992799,97.87541082992799,181.11702271412332,282.1809272460664
4111157100,경기도 수원시장안구 정자1동,경기도,수원시장안구,41111,954740.4476506884,1922976.8851105864,False,True,수원시,경기,2734,1348,468,57.815867136800215,87.99632470592404,87.99632470592404,162.52756792495103,254.10284747876648
4111157200,경기도 수원시장안구 정자2동,경기도,수원시장안구,41111,955506.432383061,1921596.9916640266,False,True,수원시,경기,3132,1763,588,72.67532801145134,110.8265458200258,110.8265458200258,204.53321545440747,320.3176030963466
4111158000,경기도 수원시장안구 영화동,경기도,수원시장안구,41111,956889.2249498789,1921478.3821284524,False,True,수원시,경기,2820,1392,407,55.11409635518024,84.38800866968745,84.38800866968745,155.47113015347554,244.15463355578567
4111159100,경기도 수원시장안구 송죽동,경기도,수원시장안구,41111,956105.9863698737,1923150.9270728373,False,True,수원시,경기,2098,974,330,41.69835633599736,63.50392536174152,63.50392536174152,117.25910310298681,183.38876866022417
4111159700,경기도 수원시장안구 조원1동,경기도,수원시장안구,41111,957159.3541036443,1922506.901206735,False,True,수원시,경기,3201,1775,598,73.6906004986913,112.32775744004843,112.32775744004843,207.33967576107923,324.6024649591186
4111160000,경기도 수원시장안구 연무동,경기도,수원시장안구,41111,957719.2201578335,1925176.1790835068,False,True,수원시,경기,2384,1324,481,57.05180105971233,86.7300057634052,86.7300057634052,160.27264071999065,250.4100501873541
4111157300,경기도 수원시장안구 정자3동,경기도,수원시장안구,41111,954304.881086104,1922310.8629439077,False,True,수원시,경기,2244,1113,447,51.32804815039175,77.72359531344625,77.72359531344625,143.86400382369072,224.0694179337391
4111159800,경기도 수원시장안구 조원2동,경기도,수원시장안구,41111,956852.7034840874,1923415.581115574,False,True,수원시,경기,1662,982,497,50.37458902328507,75.68151504902585,75.68151504902585,140.55573213816064,217.68403112652848
4111352000,경기도 수원시권선구 세류1동,경기도,수원시권선구,41113,956130.5109826792,1917994.368731199,False,True,수원시,경기,1017,533,170,21.741612550599235,33.1982041545578,33.1982041545578,61.23375611440656,95.97795341949589
4111353000,경기도 수원시권선구 세류2동,경기도,수원시권선구,41113,956341.1040776239,1916349.2812342972,False,True,수원시,경기,2753,1330,405,53.824697863254755,82.28938038227221,82.28938038227221,151.7002541727221,237.95552363776363
4111354000,경기도 수원시권선구 세류3동,경기도,수원시권선구,41113,957012.2136671097,1917994.5218502863,False,True,수원시,경기,2278,1178,331,45.469680327229014,69.73374845610631,69.73374845610631,128.38706663510348,201.88291153769046
4111355000,경기도 수원시권선구 평동,경기도,수원시권선구,41113,953873.5539495444,1916450.01139535,False,True,수원시,경기,4168,1872,678,83.22599021297617,126.4394228484577,126.4394228484577,233.70696401691305,364.82247893927695
4111356000,경기도 수원시권선구 서둔동,경기도,수원시권선구,41113,954071.8297227488,1918971.7093038952,False,True,수원시,경기,4128,1971,571,78.17600617710787,119.71618808047457,119.71618808047457,220.54289134739264,346.3560744574744
4111365000,경기도 수원시권선구 구운동,경기도,수원시권선구,41113,952998.4024847633,1920304.467205252,False,True,수원시,경기,2657,1176,407,51.27741457517021,78.01948589120911,78.01948589120911,144.117030683022,225.21502717245625
4111366400,경기도 수원시권선구 호매실동,경기도,수원시권선구,41113,951484.7541142636,1918319.7830466349,False,True,수원시,경기,3152,1332,442,57.419938858180714,87.47276255341674,87.47276255341674,161.49384346216988,252.57438965038298
4111369000,경기도 수원시권선구 곡선동,경기도,수원시권선구,41113,957744.3077273791,1915384.152287811,False,True,수원시,경기,2053,754,285,35.49743126462907,53.80917816298255,53.80917816298255,99.54830342891586,155.07315141361596
4111370000,경기도 수원시권선구 입북동,경기도,수원시권선구,41113,951109.449809548,1921423.734910127,False,True,수원시,경기,1664,677,214,28.753700056246416,43.86619231111381,43.86619231111381,80.93670654189967,126.70795082973049
4111366200,경기도 수원시권선구 금곡동,경기도,수원시권선구,41113,950651.4548960432,1919546.940618823,False,True,수원시,경기,3475,1730,558,71.52792869541244,109.15171149700501,109.15171149700501,201.3794372840013,315.46577537509825
4111368000,경기도 수원시권선구 권선2동,경기도,수원시권선구,41113,957833.7954468528,1916442.5854449798,False,True,수원시,경기,3585,1268,417,56.403983502943206,85.87499023883683,85.87499023883683,158.57632461533439,247.79948128208002
4111570000,경기도 수원시팔달구 지동,경기도,수원시팔달구,41115,957885.6058928845,1920286.190895947,False,True,수원시,경기,1660,906,290,36.787138530508784,56.1744163639265,56.1744163639265,103.61197299967,162.41979957419005
4111571000,경기도 수원시팔달구 우만1동,경기도,수원시팔달구,41115,958662.4148996017,1921079.840004491,False,True,수원시,경기,2341,1286,379,50.20662129309242,76.89345349866738,76.89345349866738,141.65159048903791,222.54230309153172
4111572000,경기도 수원시팔달구 우만2동,경기도,수원시팔달구,41115,959102.9324902073,1920247.281364776,False,True,수원시,경기,1434,658,236,29.010146083888554,44.091531136453675,44.091531136453675,81.48347709527795,127.24295997175528
4111573000,경기도 수원시팔달구 인계동,경기도,수원시팔달구,41115,958312.3235486347,1918970.7885933483,False,True,수원시,경기,3355,1604,548,68.60573712538167,104.46458065254689,104.46458065254689,192.90718673656653,301.67996521135785
4111565000,경기도 수원시팔달구 매교동,경기도,수원시팔달구,41115,956993.8557350703,1919002.777774654,False,True,수원시,경기,1431,703,224,28.964725099979525,44.21640248218736,44.21640248218736,81.56426104949621,127.80372679091877
4111566000,경기도 수원시팔달구 매산동,경기도,수원시팔달구,41115,956163.7702945902,1918996.4299933454,False,True,수원시,경기,1281,620,189,25.095469156563645,38.36589383741352,38.36589383741352,70.72828479924303,110.94181090779361
4111567000,경기도 수원시팔달구 고등동,경기도,수원시팔달구,41115,955949.5006868122,1919599.5655854323,False,True,수원시,경기,1888,1018,286,39.019791209421555,59.855457778655065,59.855457778655065,110.19065246774647,173.31353103206845
4111568000,경기도 수원시팔달구 화서1동,경기도,수원시팔달구,41115,955769.7531764301,1920266.01852867,False,True,수원시,경기,2642,1350,404,53.695165276684534,82.16346140577366,82.16346140577366,151.41401805357586,237.6888948199641
4111569000,경기도 수원시팔달구 화서2동,경기도,수원시팔달구,41115,954896.0979661243,1920728.7080250192,False,True,수원시,경기,2057,1034,360,44.27403674982412,67.38380779603021,67.38380779603021,124.45843446690397,194.58750947679528
4111574000,경기도 수원시팔달구 행궁동,경기도,수원시팔달구,41115,957112.9758311625,1920429.612561137,False,True,수원시,경기,1497,848,265,33.854790156429665,51.749079503652354,51.749079503652354,95.4096307893507,149.68531841307473
4111751000,경기도 수원시영통구 매탄1동,경기도,수원시영통구,41117,959256.140608607,1919224.9261702804,False,True,수원시,경기,1090,512,127,19.08707271366586,29.379298936755227,29.379298936755227,54.00676632214527,85.13385842739027
4111752000,경기도 수원시영통구 매탄2동,경기도,수원시영통구,41117,960230.7981581416,1919167.1227306053,False,True,수원시,경기,1468,676,209,27.778128606557498,42.43613688572389,42.43613688572389,78.25504988704563,122.66856782922525
4111753000,경기도 수원시영통구 매탄3동,경기도,수원시영통구,41117,960051.7525197706,1917622.3745835691,False,True,수원시,경기,2219,1008,347,43.643780096152696,66.42413137554334,66.42413137554334,122.68377053170873,191.7727905407171
4111754000,경기도 수원시영통구 매탄4동,경기도,수원시영통구,41117,960102.6754094893,1918672.8319547747,False,True,수원시,경기,1877,852,293,36.87629496294488,56.126070715592576,56.126070715592576,103.6620925774086,162.04268545938407
4111757000,경기도 수원시영통구 영통1동,경기도,수원시영통구,41117,962544.5497629843,1918132.1217068138,False,True,수원시,경기,1867,928,354,41.66052305947893,63.19963285149531,63.19963285149531,116.89062571893334,182.3072277061073
4111758000,경기도 수원시영통구 영통2동,경기도,수원시영통구,41117,960647.2519422912,1916620.2753413462,False,True,수원시,경기,904,512,174,21.281404853634278,32.43198242420766,32.43198242420766,59.870554504637695,93.71804919035475
4111759300,경기도 수원시영통구 망포1동,경기도,수원시영통구,41117,960836.9194365726,1915672.840184239,False,True,수원시,경기,1629,676,254,31.02134373651413,47.05537725411183,47.05537725411183,87.0314495015667,135.6788680962291
4111755000,경기도 수원시영통구 원천동,경기도,수원시영통구,41117,960731.4905409793,1919431.2090573115,False,True,수원시,경기,2701,1199,389,50.69535777325173,77.3054143740357,77.3054143740357,142.66449747434459,223.31410199522415
4111760000,경기도 수원시영통구 광교1동,경기도,수원시영통구,41117,959912.9019351735,1922586.2871094367,False,True,수원시,경기,2423,898,315,40.7361345389846,61.90482264224998,61.90482264224998,114.4047614145295,178.5491644358998
4111761000,경기도 수원시영통구 광교2동,경기도,수원시영통구,41117,962088.9614730881,1921009.4668609784,False,True,수원시,경기,2180,923,280,38.19739017270196,58.365543900481185,58.365543900481185,107.61853711852342,168.69130413361836
4113151000,경기도 성남시수정구 신흥1동,경기도,성남시수정구,41131,968195.0682461493,1938021.9527093624,False,True,성남시,경기,1806,876,228,33.101162897502405,50.466585738718365,50.466585738718365,93.58432706788795,128.21279094061484
4113152000,경기도 성남시수정구 신흥2동,경기도,성남시수정구,41131,968862.1987874486,1939026.846514665,False,True,성남시,경기,3090,1204,296,46.500081366067676,70.71813849139215,70.71813849139215,131.48476091993524,180.03560317328038
4113153000,경기도 성남시수정구 신흥3동,경기도,성남시수정구,41131,968726.9003860055,1938252.3550009097,False,True,성남시,경기,1449,742,176,26.73803368766094,40.78432278047951,40.78432278047951,75.74771561040589,103.83189548037797
4113154000,경기도 성남시수정구 태평1동,경기도,성남시수정구,41131,966654.0323143551,1938551.8124231442,False,True,성남시,경기,1928,1162,280,40.9861501290966,62.61598954758139,62.61598954758139,116.14970243204064,159.28387504198872
4113155000,경기도 성남시수정구 태평2동,경기도,성남시수정구,41131,967838.706594317,1938771.134820193,False,True,성남시,경기,1860,1010,288,38.92374470020398,59.41264405214938,59.41264405214938,109.88864805434955,150.54654341910793
4113156000,경기도 성남시수정구 태평3동,경기도,성남시수정구,41131,967455.8853147669,1938551.390657034,False,True,성남시,경기,1749,872,235,33.26840273164542,50.737238192565286,50.737238192565286,94.00232830388691,128.77918846699455
4113156100,경기도 성남시수정구 태평4동,경기도,성남시수정구,41131,968230.6492249735,1938859.6694639819,False,True,성남시,경기,1409,807,247,31.85397032533063,48.64585961732851,48.64585961732851,89.81234201540381,123.0232754279198
4113157000,경기도 성남시수정구 수진1동,경기도,성남시수정구,41131,967782.6228096238,1937747.8227287775,False,True,성남시,경기,1862,907,223,33.46154174288599,51.01531546532093,51.01531546532093,94.7095890968848,129.7846129425934
4113158000,경기도 성남시수정구 수진2동,경기도,성남시수정구,41131,966881.7017826218,1937547.0794697534,False,True,성남시,경기,2196,1184,284,42.46387215765647,64.80528352368414,64.80528352368414,120.29721538804604,164.91874694188007
4113159000,경기도 성남시수정구 단대동,경기도,성남시수정구,41131,969670.6168589012,1939539.2378498462,False,True,성남시,경기,1771,934,291,37.647247102578724,57.452395179011475,57.452395179011475,106.08355240986302,145.26848894433073
4113160000,경기도 성남시수정구 산성동,경기도,성남시수정구,41131,969281.4636916311,1939792.4648764469,False,True,성남시,경기,621,366,89,13.004279138700333,19.863082076220657,19.863082076220657,36.84269637317303,50.519611042491285
4113161000,경기도 성남시수정구 양지동,경기도,성남시수정구,41131,970483.9872897866,1940623.2652311109,False,True,성남시,경기,1177,661,192,25.54922078323247,39.01007540278454,39.01007540278454,72.1100810959397,98.79182968476843
4113162000,경기도 성남시수정구 복정동,경기도,성남시수정구,41131,967320.7575543222,1940018.2708783806,False,True,성남시,경기,801,368,82,13.220942509458876,20.14172446412265,20.14172446412265,37.48067427880833,51.369641846213106
4113163000,경기도 성남시수정구 신촌동,경기도,성남시수정구,41131,964973.7571340908,1939123.7341996627,False,True,성남시,경기,360,164,50,6.709806811810625,10.225318125767362,10.225318125767362,18.907094328036678,25.88227458279686
4113164000,경기도 성남시수정구 고등동,경기도,성남시수정구,41131,962940.3706312729,1936765.5683347047,False,True,성남시,경기,1031,468,123,17.97855107412177,27.391869062386085,27.391869062386085,50.80666483276588,69.58859888223682
4113165000,경기도 성남시수정구 시흥동,경기도,성남시수정구,41131,963140.5402379292,1934845.1093783148,False,True,성남시,경기,403,212,53,7.765292225240567,11.848283388023866,11.848283388023866,21.97843336262806,30.123528047786927
4113351000,경기도 성남시중원구 성남동,경기도,성남시중원구,41133,967518.4117739628,1936968.44767092,False,True,성남시,경기,3906,2095,581,79.91567900083463,121.96628045324748,121.96628045324748,225.73476878342137,309.279295133765
4113353000,경기도 성남시중원구 금광1동,경기도,성남시중원구,41133,970464.537673097,1938397.987133691,False,True,성남시,경기,1750,647,187,26.966276360002073,40.99918655832613,40.99918655832613,76.0078614558638,103.99677663067976
4113354000,경기도 성남시중원구 금광2동,경기도,성남시중원구,41133,970679.3372774882,1938963.225043871,False,True,성남시,경기,3168,1463,388,56.22666577490036,85.68260215001388,85.68260215001388,158.87722222932538,217.61514135170194
4113355000,경기도 성남시중원구 은행1동,경기도,성남시중원구,41133,970534.5005449408,1939301.9541247336,False,True,성남시,경기,1073,545,152,21.032555877626244,32.08326289032589,32.08326289032589,59.3923209327922,81.35848426602413
4113356000,경기도 성남시중원구 은행2동,경기도,성남시중원구,41133,971220.7344349902,1940263.6042712445,False,True,성남시,경기,2842,1595,452,60.978796829796465,93.10448017345432,93.10448017345432,172.19346783816115,235.93155998384452
4113357000,경기도 성남시중원구 상대원1동,경기도,성남시중원구,41133,971697.6397053528,1937932.5846122252,False,True,성남시,경기,3179,1421,359,53.88391104343329,82.07897456867877,82.07897456867877,152.3792965143134,208.7296678925519
4113358000,경기도 성남시중원구 상대원2동,경기도,성남시중원구,41133,969714.8031260923,1937475.249249907,False,True,성남시,경기,417,215,53,7.858114315338338,11.987403721853147,11.987403721853147,22.245574160345505,30.48941997962656
4113359000,경기도 성남시중원구 상대원3동,경기도,성남시중원구,41133,970207.6574638535,1937810.9712310468,False,True,성남시,경기,1747,803,222,31.431213263011777,47.897491147626845,47.897491147626845,88.74058085433623,121.52753139587192
4113366000,경기도 성남시중원구 하대원동,경기도,성남시중원구,41133,968687.1039751132,1936588.4726778555,False,True,성남시,경기,2497,1004,290,41.09829067974073,62.544249544811805,62.544249544811805,115.87914960769643,158.59699585933424
4113367000,경기도 성남시중원구 도촌동,경기도,성남시중원구,41133,969997.2743518413,1935614.8833235588,False,True,성남시,경기,2608,1265,378,50.72640450935023,77.34935333740862,77.34935333740862,143.0237417101855,195.84013767671988
4113352500,경기도 성남시중원구 중앙동,경기도,성남시중원구,41133,969228.2782669559,1937911.2990688367,False,True,성남시,경기,1896,918,231,34.22365283254415,52.17518788865106,52.17518788865106,96.82079616076064,132.66326851182185
4113551000,경기도 성남시분당구 분당동,경기도,성남시분당구,41135,968482.5376236127,1929992.8305626246,False,True,성남시,경기,2344,1223,457,53.939341404774,82.31862721623119,82.31862721623119,151.42129683311896,207.1904460858819
4113554000,경기도 성남시분당구 수내3동,경기도,성남시분당구,41135,967186.7593654448,1929598.2871409482,False,True,성남시,경기,889,409,147,18.042663261008556,27.50431129835019,27.50431129835019,50.676292136463786,69.32921493022806
4113552000,경기도 성남시분당구 수내1동,경기도,성남시분당구,41135,966002.3892881123,1931168.539359489,False,True,성남시,경기,1190,858,463,44.85661350101552,68.60791638135677,68.60791638135677,125.01196770309929,170.88185188848888
4113553000,경기도 성남시분당구 수내2동,경기도,성남시분당구,41135,966634.6809257503,1930745.3962862955,False,True,성남시,경기,631,411,168,18.464394931778514,28.226421138703223,28.226421138703223,51.756370119371866,70.8246114479852
4113556000,경기도 성남시분당구 정자2동,경기도,성남시분당구,41135,966217.7375418299,1929799.165880928,False,True,성남시,경기,1413,908,420,43.78801471291517,66.93195322263546,66.93195322263546,122.41628816961037,167.4198062260959
4113557000,경기도 성남시분당구 정자3동,경기도,성남시분당구,41135,966575.0863798123,1928821.611452254,False,True,성남시,경기,1214,788,386,39.25056179734935,59.99969595114438,59.99969595114438,109.60049409499652,149.85676481023762
4113558000,경기도 성남시분당구 서현1동,경기도,성남시분당구,41135,968979.9954896598,1931860.2360086963,False,True,성남시,경기,2304,1322,594,63.53403448784093,97.0414085857244,97.0414085857244,177.70386876838347,243.01271265965795
4113559000,경기도 성남시분당구 서현2동,경기도,성남시분당구,41135,967898.9463456102,1930741.6028076978,False,True,성남시,경기,1583,714,294,33.84552526206862,51.59439480482562,51.59439480482562,94.79920350933085,129.61692263125826
4113560000,경기도 성남시분당구 이매1동,경기도,성남시분당구,41135,967489.1634935258,1932908.6761472037,False,True,성남시,경기,2154,1120,419,49.4508753208753,75.46655187850874,75.46655187850874,138.81674160086698,189.9410713125826
4113561000,경기도 성남시분당구 이매2동,경기도,성남시분당구,41135,966560.3780598626,1933376.808125363,False,True,성남시,경기,1368,689,261,30.760124763272312,46.93079948387688,46.93079948387688,86.32102678837003,118.09662417565914
4113562000,경기도 성남시분당구 야탑1동,경기도,성남시분당구,41135,966906.5451517401,1934946.6467875016,False,True,성남시,경기,1864,986,308,39.77231467528838,60.697130363960994,60.697130363960994,112.06660988867341,153.46115666608927
4113564000,경기도 성남시분당구 야탑3동,경기도,성남시분당구,41135,969048.5395981931,1933963.5899260084,False,True,성남시,경기,3104,1412,498,61.83694376865621,94.25233673603067,94.25233673603067,173.74178709215343,237.7028937293448
4113563000,경기도 성남시분당구 야탑2동,경기도,성남시분당구,41135,967033.4241772988,1934345.496930258,False,True,성남시,경기,1930,1010,403,46.06175453505021,70.30151036074847,70.30151036074847,129.13308853313328,176.64617501349977
4113567000,경기도 성남시분당구 구미동,경기도,성남시분당구,41135,966488.8778763142,1927145.7211399807,False,True,성남시,경기,2978,1905,858,90.52301880130472,138.36471501509507,138.36471501509507,253.21203968205216,346.33811362878714
4113568000,경기도 성남시분당구 운중동,경기도,성남시분당구,41135,960927.8245331409,1931514.5313559351,False,True,성남시,경기,2731,914,349,44.057855599261046,66.95587431819371,66.95587431819371,123.50212329527626,168.76548037433736
4113566200,경기도 성남시분당구 금곡동,경기도,성남시분당구,41135,964252.1416573917,1929375.7568752733,False,True,성남시,경기,2948,1765,725,80.30856328301749,122.69622577882666,122.69622577882666,225.05670244721324,307.91493037726445
4113566500,경기도 성남시분당구 구미1동,경기도,성남시분당구,41135,963986.6842468122,1928229.459912909,False,True,성남시,경기,1449,812,340,37.64660063716515,57.489718909746315,57.489718909746315,105.44799308137115,144.23861033992227
4113565500,경기도 성남시분당구 삼평동,경기도,성남시분당구,41135,965407.2696081103,1933673.9266265165,False,True,성남시,경기,1888,788,268,34.438769578871344,52.445297236936874,52.445297236936874,96.80921749233,132.43398382097726
4113565000,경기도 성남시분당구 판교동,경기도,성남시분당구,41135,963936.2214974456,1932076.2276136174,False,True,성남시,경기,1856,721,246,31.990788778895215,48.68187025527696,48.68187025527696,89.90376216551107,122.95890293370785
4113565700,경기도 성남시분당구 백현동,경기도,성남시분당구,41135,965500.8072774044,1932199.8340290908,False,True,성남시,경기,2392,1010,310,42.03628786580243,64.01186571120485,64.01186571120485,118.40647272885698,162.04638196465646
4113555000,경기도 성남시분당구 정자1동,경기도,성남시분당구,41135,965142.346051244,1930113.7691022684,False,True,성남시,경기,2097,1457,602,65.37162237823239,99.97481076925075,99.97481076925075,183.2131032201887,250.73072986503655
4113554500,경기도 성남시분당구 정자동,경기도,성남시분당구,41135,965600.5803701052,1929819.8908811614,False,True,성남시,경기,1327,705,212,27.92459621062644,42.616697888317354,42.616697888317354,78.74546727848063,107.85031295777404
4115052000,경기도 의정부시 의정부2동,경기도,의정부시,41150,959179.2861371196,1970780.1026014518,False,True,의정부시,경기,3176,1766,478,66.26710104504714,80.74659649858302,80.74659649858302,187.29679752620837,263.8015452104454
4115054500,경기도 의정부시 호원1동,경기도,의정부시,41150,959163.5661947652,1967546.9633624358,False,True,의정부시,경기,4611,2958,775,107.06944289671128,130.0597109846931,130.0597109846931,302.9632053742938,426.0785432018574
4115056100,경기도 의정부시 장암동,경기도,의정부시,41150,961499.4948419762,1967573.4101652734,False,True,의정부시,경기,2378,1441,452,57.07181224113674,68.84108288534433,68.84108288534433,160.85513134839536,225.22583286165133
4115056700,경기도 의정부시 신곡1동,경기도,의정부시,41150,961622.379776518,1970258.1278088111,False,True,의정부시,경기,4740,2349,764,97.57460499406977,118.27879498380713,118.27879498380713,274.66131807478973,385.5186530154814
4115056800,경기도 의정부시 신곡2동,경기도,의정부시,41150,961928.3246308744,1971831.250144839,False,True,의정부시,경기,4848,2505,852,105.59447790732636,127.52024227074706,127.52024227074706,296.9974952619654,415.97131191067035
4115057300,경기도 의정부시 송산1동,경기도,의정부시,41150,963063.6999702025,1970194.0740182104,False,True,의정부시,경기,3219,1540,620,71.49487963222768,85.8199942576577,85.8199942576577,200.36512270636868,279.5478636195334
4115058000,경기도 의정부시 자금동,경기도,의정부시,41150,963606.3865432944,1973813.1607194685,False,True,의정부시,경기,2969,1572,604,70.17946125354604,84.15405344298645,84.15405344298645,196.9039808346933,274.61902550141383
4115059500,경기도 의정부시 가능동,경기도,의정부시,41150,957709.4605459317,1972639.6445668405,False,True,의정부시,경기,3000,1679,478,64.350049784421,78.19795142901937,78.19795142901937,181.69457679713213,255.49601043648912
4115061500,경기도 의정부시 흥선동,경기도,의정부시,41150,957631.8694928127,1970927.031390876,False,True,의정부시,경기,2367,1261,399,51.11408122100906,61.88968051904409,61.88968051904409,143.9891850898884,202.00657319066931
4115062000,경기도 의정부시 녹양동,경기도,의정부시,41150,958543.1514796863,1973653.4924652197,False,True,의정부시,경기,2413,1285,455,54.99540052133344,66.2101685638061,66.2101685638061,154.56415748630835,216.09408180333367
4115055500,경기도 의정부시 호원2동,경기도,의정부시,41150,958685.6679770219,1969174.3194231198,False,True,의정부시,경기,3928,2633,791,100.78235384675497,121.44904814704654,121.44904814704654,284.3839666013086,398.0598278292666
4115057600,경기도 의정부시 송산2동,경기도,의정부시,41150,964231.8548022043,1971236.454381208,False,True,의정부시,경기,2581,1677,577,68.8500427210972,82.49197135418319,82.49197135418319,193.70113210324016,270.1569647693175
4117151000,경기도 안양시만안구 안양1동,경기도,안양시만안구,41171,949116.3365192412,1933503.4925619056,False,True,안양시,경기,1291,583,171,23.485658294617853,22.12119912144186,22.12119912144186,66.22700586040585,74.28534260804297
4117152000,경기도 안양시만안구 안양2동,경기도,안양시만안구,41171,949039.4790807508,1934867.6494997551,False,True,안양시,경기,2789,1339,421,55.043258933727095,51.84974608429716,51.84974608429716,155.03238885356308,174.13713363512346
4117153000,경기도 안양시만안구 안양3동,경기도,안양시만안구,41171,948015.1086099987,1933355.7812050555,False,True,안양시,경기,2243,1008,302,41.02376509732086,38.62570482773644,38.62570482773644,115.6325863296876,129.70417150794816
4117154000,경기도 안양시만안구 안양4동,경기도,안양시만안구,41171,948544.123450991,1933229.129753547,False,True,안양시,경기,906,561,204,23.834513526486894,22.483974828749485,22.483974828749485,66.97007404582057,75.54893071657331
4117155000,경기도 안양시만안구 안양5동,경기도,안양시만안구,41171,948859.1394385642,1932736.32283949,False,True,안양시,경기,1447,753,270,32.54052189319104,30.630943759189364,30.630943759189364,91.42653063792214,102.88072617486678
4117156000,경기도 안양시만안구 안양6동,경기도,안양시만안구,41171,949092.320501105,1932033.6632854315,False,True,안양시,경기,2735,1220,397,51.60967219322232,48.531122565221736,48.531122565221736,145.23098439052183,162.94785844007959
4117157000,경기도 안양시만안구 안양7동,경기도,안양시만안구,41171,950127.6038065216,1932415.0271088632,False,True,안양시,경기,1356,585,186,24.635348696716772,23.15959758482155,23.15959758482155,69.34921724115694,77.75408082971941
4117158000,경기도 안양시만안구 안양8동,경기도,안양시만안구,41171,949543.0374088174,1931401.9524759012,False,True,안양시,경기,1330,548,155,22.12401726714051,20.81268601234875,20.81268601234875,62.41055521729746,69.87176444957292
4117158100,경기도 안양시만안구 안양9동,경기도,안양시만안구,41171,947274.6021071974,1931065.556651578,False,True,안양시,경기,2467,1196,389,49.86143282451906,46.9529149438204,46.9529149438204,140.34574915905966,157.68938037820038
4117159000,경기도 안양시만안구 석수1동,경기도,안양시만안구,41171,949222.8725647281,1936930.6193359806,False,True,안양시,경기,2444,1136,394,49.17082975002463,46.22803876172045,46.22803876172045,138.20791668602385,155.2236213101643
4117160000,경기도 안양시만안구 석수2동,경기도,안양시만안구,41171,947075.8034180682,1935765.1017014256,False,True,안양시,경기,3533,1840,621,77.17875460835457,72.71823619527368,72.71823619527368,217.11338830855175,244.26022366515173
4117161100,경기도 안양시만안구 충훈동,경기도,안양시만안구,41171,946719.6731604453,1934566.1417713491,False,True,안양시,경기,1570,660,249,30.278972253324646,28.38740308322844,28.38740308322844,84.94446502238213,95.28116395159219
4117162100,경기도 안양시만안구 박달1동,경기도,안양시만안구,41171,947718.8950905269,1934088.6854764794,False,True,안양시,경기,1988,1078,355,44.41119875493496,41.88587427793726,41.88587427793726,125.00987421436567,140.71482973696874
4117163000,경기도 안양시만안구 박달2동,경기도,안양시만안구,41171,945877.6877666336,1933186.1405950368,False,True,안양시,경기,2097,777,254,34.13512527194764,31.988518481646327,31.988518481646327,95.9941047289999,107.33696710815991
4117351000,경기도 안양시동안구 비산1동,경기도,안양시동안구,41173,949940.0193873638,1934214.253416171,False,True,안양시,경기,2853,1054,343,46.23956243412049,43.3315981441597,43.3315981441597,130.04375139337955,145.39746162692427
4117352000,경기도 안양시동안구 비산2동,경기도,안양시동안구,41173,950348.613658091,1933216.30889689,False,True,안양시,경기,1415,581,182,24.533141002599336,23.047281766683028,23.047281766683028,69.07064282949663,77.36534080260114
4117353000,경기도 안양시동안구 비산3동,경기도,안양시동안구,41173,951444.5406480905,1935799.7055113795,False,True,안양시,경기,1790,782,263,33.717224101054484,31.68029482572971,31.68029482572971,94.81381880551442,106.35885434287655
4117354000,경기도 안양시동안구 부흥동,경기도,안양시동안구,41173,950959.5943115313,1932907.8174446763,False,True,안양시,경기,1751,742,283,34.177416825269425,32.04181370386996,32.04181370386996,95.86233686135874,107.54848398320082
4117354600,경기도 안양시동안구 달안동,경기도,안양시동안구,41173,951373.0124860454,1933128.0645334804,False,True,안양시,경기,1021,524,226,24.979177587880443,23.44242185027077,23.44242185027077,69.9146344721508,78.71455804110433
4117355200,경기도 안양시동안구 관양동,경기도,안양시동안구,41173,952567.1193395382,1934787.1710970944,False,True,안양시,경기,4308,1970,679,85.2492129285987,80.13307743767427,80.13307743767427,239.63594156598617,269.05804616610396
4117355900,경기도 안양시동안구 인덕원동,경기도,안양시동안구,41173,953224.1452372953,1933460.7935514653,False,True,안양시,경기,1837,931,295,38.063993635156365,35.883285833615545,35.883285833615545,107.2091170144393,120.5322710595828
4117356600,경기도 안양시동안구 부림동,경기도,안양시동안구,41173,952019.3049709592,1933201.0296620643,False,True,안양시,경기,1926,912,353,41.55572887454725,39.01817432814199,39.01817432814199,116.55071521325871,131.00466067578176
4117357000,경기도 안양시동안구 평촌동,경기도,안양시동안구,41173,953571.9503189155,1932705.5095614642,False,True,안양시,경기,1167,501,220,24.760817723225447,23.174235177329976,23.174235177329976,69.25901270693035,77.7761568480758
4117357600,경기도 안양시동안구 평안동,경기도,안양시동안구,41173,952536.1310890877,1932484.397991324,False,True,안양시,경기,1504,641,298,32.70839432563163,30.585886977681152,30.585886977681152,91.38561328394601,102.64272657062982
4117357800,경기도 안양시동안구 귀인동,경기도,안양시동안구,41173,952815.4122384016,1931825.3584419682,False,True,안양시,경기,992,503,192,22.521208033171114,21.17141770511592,21.17141770511592,63.19144401707756,71.09808226962625
4117358000,경기도 안양시동안구 호계1동,경기도,안양시동안구,41173,951654.7640054564,1930533.2537860398,False,True,안양시,경기,1589,519,154,22.49508862428892,21.04840722338151,21.04840722338151,63.34387864687416,70.59833680538766
4117359000,경기도 안양시동안구 호계2동,경기도,안양시동안구,41173,951048.9744058608,1931625.4736309538,False,True,안양시,경기,2168,785,266,35.216292062817935,32.97311845140874,32.97311845140874,98.96043722468178,110.62867412171258
4117360000,경기도 안양시동안구 호계3동,경기도,안양시동안구,41173,952225.9652331776,1929934.070846687,False,True,안양시,경기,2540,814,282,37.87112597801209,35.36473824049885,35.36473824049885,106.33649581877404,118.59792453894453
4117361000,경기도 안양시동안구 범계동,경기도,안양시동안구,41173,951656.5741661586,1932204.1055242054,False,True,안양시,경기,1174,606,286,30.343798359343033,28.440204456098446,28.440204456098446,84.77472360955045,95.486130290975
4117362000,경기도 안양시동안구 신촌동,경기도,안양시동안구,41173,951951.3778339735,1931474.322086685,False,True,안양시,경기,1317,465,148,20.396803004259056,19.101853125774053,19.101853125774053,57.37883505614114,64.08594770898557
4117363000,경기도 안양시동안구 갈산동,경기도,안양시동안구,41173,952623.3738823999,1931097.0788662827,False,True,안양시,경기,1147,501,203,23.673118871232973,22.18623022513347,22.18623022513347,66.32417113637104,74.47014963532334
4121051000,경기도 광명시 광명1동,경기도,광명시,41210,943577.2464061065,1943322.6361794628,False,True,광명시,경기,9,1,1,0.1055573457683524,0.09860092585972437,0.09860092585972437,0.29112395992520146,0.2981970285172832
4121052000,경기도 광명시 광명2동,경기도,광명시,41210,943228.3964137353,1942806.7030998264,False,True,광명시,경기,490,281,72,10.248931900377237,9.48462762711285,9.48462762711285,29.002846810551787,29.50125851530973
4121054000,경기도 광명시 광명3동,경기도,광명시,41210,943065.7061227681,1942520.6600176562,False,True,광명시,경기,1621,870,218,31.786449082987875,29.4498101077369,29.4498101077369,89.96927798151599,91.53054355446568
4121055000,경기도 광명시 광명4동,경기도,광명시,41210,942915.280210556,1942279.6228395,False,True,광명시,경기,1288,700,162,24.716158794519075,22.913723624385668,22.913723624385668,70.07080447994159,71.2715919681795
4121056000,경기도 광명시 광명5동,경기도,광명시,41210,942399.5049536205,1942177.780734282,False,True,광명시,경기,1646,788,208,30.02240632315938,27.846764125675932,27.846764125675932,84.85245464805868,86.36793322856104
4121057000,경기도 광명시 광명6동,경기도,광명시,41210,941535.6521981927,1941095.5976379777,False,True,광명시,경기,1500,703,177,26.376260985191646,24.485365104992734,24.485365104992734,74.60939068720654,75.94067971869492
4121058000,경기도 광명시 광명7동,경기도,광명시,41210,942643.111319471,1940930.3014110627,False,True,광명시,경기,2594,1106,300,43.577715321800724,40.48046512587828,40.48046512587828,123.04424226913488,125.3005425573662
4121059000,경기도 광명시 철산1동,경기도,광명시,41210,944223.9264683452,1943510.0959407622,False,True,광명시,경기,941,399,126,16.805227158357788,15.58475464037195,15.58475464037195,47.31093959617411,48.192660242024715
4121060000,경기도 광명시 철산2동,경기도,광명시,41210,944054.7041333533,1942882.0290655596,False,True,광명시,경기,741,360,101,14.037425085647346,13.008671136472584,13.008671136472584,39.628586022727504,40.339254027083584
4121061000,경기도 광명시 철산3동,경기도,광명시,41210,944422.4780855672,1941991.0197576496,False,True,광명시,경기,3392,1321,475,60.04162360178802,55.66822839497283,55.66822839497283,168.56614993275105,171.79670977317335
4121062000,경기도 광명시 철산4동,경기도,광명시,41210,943706.1052588914,1941659.2752788556,False,True,광명시,경기,826,373,106,14.821720453036313,13.748615511500986,13.748615511500986,41.821449252843266,42.5831892924163
4121063100,경기도 광명시 하안1동,경기도,광명시,41210,943954.2654940524,1939990.3375247903,False,True,광명시,경기,2573,1108,370,47.738756147773,44.23241382935491,44.23241382935491,134.25612331399293,136.76514621360238
4121063200,경기도 광명시 하안2동,경기도,광명시,41210,944665.8066981852,1940794.874384922,False,True,광명시,경기,1472,734,362,37.85731530339402,34.85335981633232,34.85335981633232,105.66796115137376,107.68225926403542
4121063300,경기도 광명시 하안3동,경기도,광명시,41210,945421.110931458,1940331.5024141702,False,True,광명시,경기,2263,1280,495,56.81476819337158,52.36397835717409,52.36397835717409,159.40435730269002,162.3051010086504
4121063400,경기도 광명시 하안4동,경기도,광명시,41210,945194.7698201778,1941065.3969898084,False,True,광명시,경기,1034,472,154,19.91013257844606,18.43676050905414,18.43676050905414,56.028417103557764,57.062090220808784
4121064000,경기도 광명시 소하1동,경기도,광명시,41210,945795.3366371894,1938562.4525931305,False,True,광명시,경기,2951,1228,389,51.978909770515635,48.21625528009642,48.21625528009642,146.31618122507263,149.05355558759226
4121065500,경기도 광명시 일직동,경기도,광명시,41210,945384.1621739783,1935851.087120886,False,True,광명시,경기,1093,266,118,14.81280421937008,13.806992483099066,13.806992483099066,41.37985923543727,42.25682464770851
4121066000,경기도 광명시 학온동,경기도,광명시,41210,942938.7632809912,1936900.386393962,False,True,광명시,경기,406,178,82,8.998462737337128,8.304127938011206,8.304127938011206,25.146789042176366,25.630968792518644
4122025000,경기도 평택시 팽성읍,경기도,평택시,41220,958699.7343768028,1884920.2916561966,False,True,평택시,경기,3959,2328,934,104.82732150069828,127.05048765973655,127.05048765973655,293.90534165994234,417.85709038334926
4122025300,경기도 평택시 안중읍,경기도,평택시,41220,949911.614783605,1888188.214514286,False,True,평택시,경기,3299,1707,631,74.96637805076244,91.52311740509302,91.52311740509302,210.49266767583973,300.1893466492926
4122025600,경기도 평택시 포승읍,경기도,평택시,41220,943102.7195562407,1887887.900761379,False,True,평택시,경기,2179,1056,383,46.40030017408331,56.79316374987441,56.79316374987441,130.31609101907512,185.9815933423475
4122031000,경기도 평택시 진위면,경기도,평택시,41220,963434.7983046673,1901118.3516140126,False,True,평택시,경기,1533,831,303,35.99804427553465,43.93694410772471,43.93694410772471,101.11470253168858,144.26953223290627
4122032000,경기도 평택시 서탄면,경기도,평택시,41220,957508.7576146802,1900457.7308201364,False,True,평택시,경기,638,372,165,17.71432498350134,21.354275984139733,21.354275984139733,49.56105738766254,70.20521060887938
4122033000,경기도 평택시 고덕면,경기도,평택시,41220,957659.0338022219,1893026.184805655,False,True,평택시,경기,1335,699,271,31.40135434999178,38.22472291387581,38.22472291387581,88.08523127552749,125.40404811880305
4122034000,경기도 평택시 오성면,경기도,평택시,41220,954798.3862038566,1889638.3468506597,False,True,평택시,경기,1028,609,268,28.817291518887718,34.742808505998354,34.742808505998354,80.63978784018923,114.25998531187756
4122025900,경기도 평택시 청북읍,경기도,평택시,41220,949724.1632657152,1894196.059285628,False,True,평택시,경기,1876,940,342,41.153254877828026,50.32321621479983,50.32321621479983,115.58089202515154,164.9303510959735
4122037000,경기도 평택시 현덕면,경기도,평택시,41220,949421.7137784403,1883098.383835631,False,True,평택시,경기,1035,631,303,31.276390289285033,37.50583920170165,37.50583920170165,87.36501210498497,123.38924037020472
4122052000,경기도 평택시 서정동,경기도,평택시,41220,960340.2736864815,1896869.6715481577,False,True,평택시,경기,2605,1500,488,60.895185360845204,74.69928271217819,74.69928271217819,171.4781651605229,245.6689872555029
4122053500,경기도 평택시 송탄동,경기도,평택시,41220,964041.290292262,1894276.4213495357,False,True,평택시,경기,1404,588,226,27.243471605776264,33.35642065906275,33.35642065906275,76.40008770519046,108.82474730436542
4122055000,경기도 평택시 지산동,경기도,평택시,41220,960829.2714640729,1897632.442127908,False,True,평택시,경기,995,538,174,21.983680603972875,27.01218582892248,27.01218582892248,61.902901593797,88.7041856146623
4122056000,경기도 평택시 송북동,경기도,평택시,41220,962488.0425470299,1897923.190611686,False,True,평택시,경기,2217,1157,403,49.26594585622588,60.33434006931128,60.33434006931128,138.50211762351788,197.94284452478723
4122057000,경기도 평택시 신장1동,경기도,평택시,41220,960020.7353094869,1898877.936559341,False,True,평택시,경기,644,373,157,17.26960386451536,20.881503368192625,20.881503368192625,48.369205695197024,68.64889943301895
4122058000,경기도 평택시 신장2동,경기도,평택시,41220,960022.3195247084,1897669.8732334564,False,True,평택시,경기,716,483,182,20.686862464692922,25.092893669967985,25.092893669967985,58.09038366430799,82.77186579610795
4122059000,경기도 평택시 신평동,경기도,평택시,41220,964998.9614381097,1887097.7382806684,False,True,평택시,경기,2188,1235,365,48.0747125975288,59.30872621085551,59.30872621085551,135.6395314012321,194.9927094638319
4122065000,경기도 평택시 동삭동,경기도,평택시,41220,964254.9297078059,1891015.1953355528,False,True,평택시,경기,1635,588,176,25.02067118133158,31.190047146900035,31.190047146900035,70.47094678618039,101.23845554423241
4122063000,경기도 평택시 비전2동,경기도,평택시,41220,966168.9146449224,1888085.7849530862,False,True,평택시,경기,4263,1942,660,83.53109018075517,102.76322615611615,102.76322615611615,234.86984603857928,335.97536153411795
4125051000,경기도 동두천시 생연1동,경기도,동두천시,41250,961909.174705135,1990002.1971601623,False,True,동두천시,경기,951,583,241,26.541659309507047,36.11574514579372,36.11574514579372,74.37300003433076,104.01082498897472
4125052000,경기도 동두천시 생연2동,경기도,동두천시,41250,960506.9978201754,1989018.6862326567,False,True,동두천시,경기,1482,1065,330,41.008318637662875,56.183019572223444,56.183019572223444,115.65764870974067,162.94617404775832
4125053500,경기도 동두천시 중앙동,경기도,동두천시,41250,960843.6110600503,1989927.489322766,False,True,동두천시,경기,908,566,217,24.697601681120922,33.686781420370096,33.686781420370096,69.31803044064225,97.20528288987639
4125055000,경기도 동두천시 보산동,경기도,동두천시,41250,963796.738147543,1991775.158043985,False,True,동두천시,경기,438,288,98,11.740802846535402,16.06405066555226,16.06405066555226,33.03994827639663,46.491308066688
4125056500,경기도 동두천시 불현동,경기도,동두천시,41250,965584.657130556,1988139.170768007,False,True,동두천시,경기,3170,1961,664,80.37841943475726,110.15806090237206,110.15806090237206,226.1887848961245,318.9454649099047
4125058000,경기도 동두천시 소요동,경기도,동두천시,41250,961021.049199851,1994322.1866153562,False,True,동두천시,경기,1450,928,306,37.3748761884592,51.229241833005034,51.229241833005034,105.24190126431365,148.40762357560408
4125060000,경기도 동두천시 상패동,경기도,동두천시,41250,958836.2275926118,1990029.3850360834,False,True,동두천시,경기,817,508,210,23.088141094140926,31.406053651109367,31.406053651109367,64.69712179037462,90.44053387257492
4125056600,경기도 동두천시 송내동,경기도,동두천시,41250,961701.7689443153,1986876.1103021873,False,True,동두천시,경기,2471,1714,574,68.8625861083751,94.15704680957406,94.15704680957406,193.87486406922426,272.55278764861896
4127151000,경기도 안산시상록구 일동,경기도,안산시상록구,41271,944184.1666079415,1923955.7311553499,False,True,안산시,경기,2148,1129,396,48.187205546046705,48.125279024605376,48.125279024605376,135.45220928191122,162.06713168659206
4127152500,경기도 안산시상록구 사동,경기도,안산시상록구,41271,942454.9918267874,1922454.8830847272,False,True,안산시,경기,2395,1397,759,74.88526936254783,72.93601762653421,72.93601762653421,208.6420722149242,247.98342719584184
4127153200,경기도 안산시상록구 사이동,경기도,안산시상록구,41271,941686.1307230593,1920771.4426095986,False,True,안산시,경기,2638,1083,411,50.03799593955422,49.77997024539329,49.77997024539329,140.3524100760073,166.92043015333832
4127154000,경기도 안산시상록구 본오1동,경기도,안산시상록구,41271,944152.9871801896,1920781.2009996374,False,True,안산시,경기,2971,1535,507,63.80118688364291,63.93621291610964,63.93621291610964,179.55643846244607,215.00381337894345
4127155000,경기도 안산시상록구 본오2동,경기도,안산시상록구,41271,944134.9230416316,1921934.3859377918,False,True,안산시,경기,2299,1195,456,53.30156369029453,52.98131582698993,52.98131582698993,149.5651996781962,178.64381300497473
4127156000,경기도 안산시상록구 본오3동,경기도,안산시상록구,41271,943938.062491934,1922533.3112872466,False,True,안산시,경기,1810,985,329,40.835589815880596,40.89397870535858,40.89397870535858,114.91250361399909,137.70090062118302
4127157000,경기도 안산시상록구 부곡동,경기도,안산시상록구,41271,944131.5236778028,1926366.6051424898,False,True,안산시,경기,1852,940,330,40.35217727100696,40.30048652310394,40.30048652310394,113.41708138097295,135.61457307346868
4127158000,경기도 안산시상록구 월피동,경기도,안산시상록구,41271,942223.6472438022,1927509.063310838,False,True,안산시,경기,3205,1348,558,64.80422615097075,64.15884062346383,64.15884062346383,181.46986497270933,215.62892374843898
4127159000,경기도 안산시상록구 성포동,경기도,안산시상록구,41271,942314.6655521386,1924939.3514213387,False,True,안산시,경기,2651,942,378,45.955088862627946,45.59910077039012,45.59910077039012,128.71919849564736,152.49999969663253
4127160000,경기도 안산시상록구 반월동,경기도,안산시상록구,41271,947389.8533027896,1922841.6161469985,False,True,안산시,경기,2536,1269,375,50.364685582179476,50.78470070285983,50.78470070285983,142.04941873479115,170.32033498258636
4127161000,경기도 안산시상록구 안산동,경기도,안산시상록구,41271,944811.5931599136,1928992.3199346012,False,True,안산시,경기,1344,542,169,22.920124719240253,23.046047739757217,23.046047739757217,64.53127621543129,76.94757965798661
4127151500,경기도 안산시상록구 이동,경기도,안산시상록구,41271,942909.8916695007,1923578.6573544056,False,True,안산시,경기,2062,1095,386,46.77981869304304,46.705772926165054,46.705772926165054,131.4855999920007,157.33543330268566
4127153700,경기도 안산시상록구 해양동,경기도,안산시상록구,41271,940695.7258581424,1922237.617029482,False,True,안산시,경기,2450,649,226,31.69551914855532,31.707502339701634,31.707502339701634,88.9317560013908,104.78255973387246
4127351000,경기도 안산시단원구 와동,경기도,안산시단원구,41273,940365.266750897,1926941.3060501346,False,True,안산시,경기,3007,1376,467,59.10165856773357,59.146174525211094,59.146174525211094,166.18654335467278,198.43353723338066
4127352500,경기도 안산시단원구 고잔동,경기도,안산시단원구,41273,940210.7630612301,1925282.5738722975,False,True,안산시,경기,1854,826,318,37.903566581917275,37.670645747215175,37.670645747215175,106.30554312717993,126.60213555361452
4127353200,경기도 안산시단원구 중앙동,경기도,안산시단원구,41273,941173.306192502,1925402.9542301788,False,True,안산시,경기,2022,617,233,30.186820746216487,30.06328090214482,30.06328090214482,84.61521733722975,99.97590305610142
4127356500,경기도 안산시단원구 신길동,경기도,안산시단원구,41273,935252.0725363536,1926006.201961562,False,True,안산시,경기,2188,807,258,35.13835902849212,35.287254825471436,35.287254825471436,98.85523006407624,117.5879530647176
4127355500,경기도 안산시단원구 백운동,경기도,안산시단원구,41273,937940.8783678665,1925222.0196843774,False,True,안산시,경기,2322,781,215,32.61320513720584,33.003866469832076,33.003866469832076,91.96945515735342,109.35523036395372
4127354500,경기도 안산시단원구 원곡동,경기도,안산시단원구,41273,937360.2932534189,1926034.2599649527,False,True,안산시,경기,791,509,146,19.174549758584465,19.36687439673076,19.36687439673076,54.15352618903957,65.27579421995308
4127357000,경기도 안산시단원구 초지동,경기도,안산시단원구,41273,935566.8703545155,1923628.8459547234,False,True,안산시,경기,3686,1592,721,79.92143222031567,78.72648631583102,78.72648631583102,223.41590536996972,265.21632832797263
4127358000,경기도 안산시단원구 선부1동,경기도,안산시단원구,41273,938711.6439883416,1926130.16786355,False,True,안산시,경기,1662,610,242,29.407737163004537,29.19483596570354,29.19483596570354,82.39434468902311,97.69972210389759
4127359000,경기도 안산시단원구 선부2동,경기도,안산시단원구,41273,938070.4936820773,1927558.3999965393,False,True,안산시,경기,1523,646,219,28.106986015481162,28.132905053273845,28.132905053273845,79.01877797202445,94.206158071374
4127360000,경기도 안산시단원구 선부3동,경기도,안산시단원구,41273,939993.8522297582,1928297.1134475425,False,True,안산시,경기,2763,985,374,46.74677523692284,46.5216140688747,46.5216140688747,131.07469029176312,155.42016324729724
4127361000,경기도 안산시단원구 대부동,경기도,안산시단원구,41273,918170.1280323933,1915387.4973839226,False,True,안산시,경기,1989,893,336,40.45844159162794,40.26020112167026,40.26020112167026,113.52485748677262,135.27090475740837
4127353500,경기도 안산시단원구 호수동,경기도,안산시단원구,41273,940749.2475927346,1923707.051230747,False,True,안산시,경기,3211,992,440,52.323737602605725,51.67063463760862,51.67063463760862,146.2411991656806,172.5072497637844
4128151000,경기도 고양시덕양구 주교동,경기도,고양시덕양구,41281,940709.2785955365,1962688.5310683225,False,True,고양시,경기,1484,783,267,32.94171440479265,38.855698251387295,38.855698251387295,92.65241354857899,118.32590539759673
4128152000,경기도 고양시덕양구 원신동,경기도,고양시덕양구,41281,943949.4705993736,1963779.7870124292,False,True,고양시,경기,2441,1125,348,46.23241838667824,54.97881839223654,54.97881839223654,130.2424698748842,166.86647740722896
4128153000,경기도 고양시덕양구 흥도동,경기도,고양시덕양구,41281,943598.9247320974,1959515.0376530546,False,True,고양시,경기,2404,1161,331,45.63538448473422,54.54139646911703,54.54139646911703,128.78810246443427,165.41052722818822
4128154000,경기도 고양시덕양구 성사1동,경기도,고양시덕양구,41281,942274.7611076543,1962377.2525669076,False,True,고양시,경기,2622,1370,506,60.05415413922388,70.44988619568849,70.44988619568849,168.62805876126444,214.80946842838932
4128155000,경기도 고양시덕양구 성사2동,경기도,고양시덕양구,41281,941779.6924998962,1961441.647546182,False,True,고양시,경기,1364,847,351,38.553187951599526,44.77844934250914,44.77844934250914,108.02713836228804,137.05931111285747
4128156000,경기도 고양시덕양구 효자동,경기도,고양시덕양구,41281,952153.2145687997,1962867.3137233143,False,True,고양시,경기,1704,866,265,34.82606656798034,41.40232232731752,41.40232232731752,98.1595106877499,125.79259340437869
4128158000,경기도 고양시덕양구 창릉동,경기도,고양시덕양구,41281,946379.7454175013,1959286.451840228,False,True,고양시,경기,1788,897,261,35.34078676389224,42.16386687746647,42.16386687746647,99.70755297704991,127.97756895164846
4128159000,경기도 고양시덕양구 고양동,경기도,고양시덕양구,41281,947502.7406171758,1967928.0690084547,False,True,고양시,경기,3610,2106,680,85.02788013788106,100.5722897612859,100.5722897612859,239.4802230096157,306.336061140363
4128160000,경기도 고양시덕양구 관산동,경기도,고양시덕양구,41281,943914.6434343939,1967952.9232497471,False,True,고양시,경기,5045,2705,875,110.68260931295436,131.00993361904912,131.00993361904912,311.65854483881776,398.67667600535884
4128161000,경기도 고양시덕양구 능곡동,경기도,고양시덕양구,41281,938434.3813883106,1959021.610587222,False,True,고양시,경기,2009,1011,364,44.002350595029704,51.733178256959484,51.733178256959484,123.61033365322884,157.6006141016661
4128162100,경기도 고양시덕양구 화정1동,경기도,고양시덕양구,41281,941152.7638239058,1960482.6895866443,False,True,고양시,경기,3516,2354,960,105.29123687569444,122.33955543868578,122.33955543868578,295.1612087571195,374.6326339306428
4128162200,경기도 고양시덕양구 화정2동,경기도,고양시덕양구,41281,941490.0950143856,1959413.7236469719,False,True,고양시,경기,2547,1611,709,75.65349690755231,87.47950331644468,87.47950331644468,211.71920652658315,268.0823852998959
4128163000,경기도 고양시덕양구 행주동,경기도,고양시덕양구,41281,939890.3577177101,1956679.6401080145,False,True,고양시,경기,1985,1019,393,45.783821561787875,53.557824166221764,53.557824166221764,128.4390765171052,163.3930504499575
4128164000,경기도 고양시덕양구 행신1동,경기도,고양시덕양구,41281,941224.521394117,1958204.1091251501,False,True,고양시,경기,2232,1142,445,51.6089756789682,60.33089930489835,60.33089930489835,144.74907637827198,184.08221207531562
4128165000,경기도 고양시덕양구 행신2동,경기도,고양시덕양구,41281,941799.7068255671,1956721.4529360565,False,True,고양시,경기,2683,1628,652,72.94928627604122,84.95390947044189,84.95390947044189,204.54645389470116,259.8179090945
4128166000,경기도 고양시덕양구 화전동,경기도,고양시덕양구,41281,945620.1857800933,1956221.1144410805,False,True,고양시,경기,2187,961,327,41.6202442938419,49.20121759505108,49.20121759505108,117.01220806199086,149.48407991000738
4128167000,경기도 고양시덕양구 대덕동,경기도,고양시덕양구,41281,943162.4773614845,1954660.0829531602,False,True,고양시,경기,845,372,135,16.61106034488283,19.549793831873405,19.549793831873405,46.64143626444566,59.46546815412081
4128165500,경기도 고양시덕양구 행신3동,경기도,고양시덕양구,41281,941719.5020623131,1958631.664804312,False,True,고양시,경기,2023,1192,529,56.70755477052627,65.58298195116743,65.58298195116743,158.65644090301583,200.86779943393603
4128551000,경기도 고양시일산동구 식사동,경기도,고양시일산동구,41285,939687.6546024056,1964593.032027718,False,True,고양시,경기,2727,1274,485,57.686307811829984,67.6182009670067,67.6182009670067,161.8415503931421,206.00737085371674
4128552600,경기도 고양시일산동구 중산2동,경기도,고양시일산동구,41285,937104.1357485341,1964864.3677735685,False,True,고양시,경기,2331,1137,473,53.54690701876402,62.346512480704405,62.346512480704405,149.97132397000195,190.3443980058366
4128553000,경기도 고양시일산동구 정발산동,경기도,고양시일산동구,41285,936326.8392277618,1963701.5511087782,False,True,고양시,경기,2412,1221,492,56.23863979322476,65.59724044624517,65.59724044624517,157.62270426408048,200.24356948460814
4128554000,경기도 고양시일산동구 풍산동,경기도,고양시일산동구,41285,938381.3471819658,1962735.8240528712,False,True,고양시,경기,3577,1824,718,82.9053091980436,96.85138182361328,96.85138182361328,232.4769199445475,295.5546682272086
4128555100,경기도 고양시일산동구 백석1동,경기도,고양시일산동구,41285,937571.7822827452,1961111.3241037342,False,True,고양시,경기,2640,1303,500,58.73491250344293,68.76380239082606,68.76380239082606,164.7755430902422,209.66735716151976
4128556000,경기도 고양시일산동구 마두1동,경기도,고양시일산동구,41285,936799.6379970941,1962610.1630535305,False,True,고양시,경기,2040,1037,454,49.90423255074279,57.86886653912899,57.86886653912899,139.63314328183586,176.9180892856445
4128557000,경기도 고양시일산동구 마두2동,경기도,고양시일산동구,41285,936670.1040680757,1961793.9483131717,False,True,고양시,경기,1246,752,505,45.952707641569305,51.63833620453359,51.63833620453359,127.49822483927545,159.30583797786602
4128558000,경기도 고양시일산동구 장항1동,경기도,고양시일산동구,41285,934973.0344827322,1960490.050837545,False,True,고양시,경기,917,344,103,14.506820381095807,17.32973345967775,17.32973345967775,40.864757425597475,52.4176674156536
4128559000,경기도 고양시일산동구 장항2동,경기도,고양시일산동구,41285,935501.9497400278,1962052.8058094312,False,True,고양시,경기,2078,1228,607,62.122257618887446,71.3013041492882,71.3013041492882,173.418343198124,218.79264726008142
4128560000,경기도 고양시일산동구 고봉동,경기도,고양시일산동구,41285,939520.3610654771,1967693.8950959395,False,True,고양시,경기,2904,1382,684,71.87016925099473,82.70041002402154,82.70041002402154,200.58083297434206,253.19304824759462
4128555200,경기도 고양시일산동구 백석2동,경기도,고양시일산동구,41285,936864.5085640582,1960537.2365201374,False,True,고양시,경기,1949,1064,432,48.68821274361515,56.71057051935828,56.71057051935828,136.4571147323934,173.28672616628927
4128751000,경기도 고양시일산서구 일산1동,경기도,고양시일산서구,41287,935469.9718006061,1965624.2296918177,False,True,고양시,경기,2739,1620,565,67.79450031454772,79.74591915168043,79.74591915168043,190.63946524729482,243.25233422096505
4128752000,경기도 고양시일산서구 일산2동,경기도,고양시일산서구,41287,936034.2769185689,1965349.2866559376,False,True,고양시,경기,2282,1112,459,52.16106651518562,60.766802565356514,60.766802565356514,146.11284332466622,185.4937303721169
4128753000,경기도 고양시일산서구 일산3동,경기도,고양시일산서구,41287,935430.5082212556,1964665.13420299,False,True,고양시,경기,2524,1162,559,59.73921316326884,68.90744627409792,68.90744627409792,166.81266848040931,210.77607305468828
4128754500,경기도 고양시일산서구 탄현1동,경기도,고양시일산서구,41287,935315.4958475531,1966336.8152136665,False,True,고양시,경기,2181,1284,598,62.781394635770496,72.36208563754005,72.36208563754005,175.47343652254006,221.81275616917998
4128755000,경기도 고양시일산서구 주엽1동,경기도,고양시일산서구,41287,935241.6654777295,1963622.6064408887,False,True,고양시,경기,2581,1716,864,86.66913707462069,99.22114521047692,99.22114521047692,241.8750309107126,304.89726242868727
4128756000,경기도 고양시일산서구 주엽2동,경기도,고양시일산서구,41287,934585.9174015521,1963950.3220415427,False,True,고양시,경기,2676,1808,940,92.95088620998834,106.15712422573156,106.15712422573156,259.23618677485905,326.4318798762105
4128757000,경기도 고양시일산서구 대화동,경기도,고양시일산서구,41287,933648.0717745009,1964218.1842276512,False,True,고양시,경기,3197,1640,640,74.14318601989314,86.66181123273627,86.66181123273627,207.94609200260837,264.43815696153587
4128758000,경기도 고양시일산서구 송포동,경기도,고양시일산서구,41287,931475.8070268605,1963117.7348775044,False,True,고양시,경기,1911,955,385,44.08028684717652,51.42181118743865,51.42181118743865,123.5418666873833,156.9490536629441
4128761000,경기도 고양시일산서구 가좌동,경기도,고양시일산서구,41287,929249.1203221204,1965464.9057177594,False,True,고양시,경기,1714,1014,331,41.07362747251372,48.53901188503819,48.53901188503819,115.66090142141468,147.89611612344208
4129051000,경기도 과천시 중앙동,경기도,과천시,41290,953972.1114686029,1937455.547744453,False,True,과천시,경기,1336,535,282,29.56879923594768,18.631693467778433,18.631693467778433,82.40629952524095,56.659206743526546
4129053000,경기도 과천시 별양동,경기도,과천시,41290,955387.1860574043,1936591.7845013258,False,True,과천시,경기,1449,585,263,29.570109063015316,18.670811532671962,18.670811532671962,82.66481406294713,56.27627116712628
4129054000,경기도 과천시 부림동,경기도,과천시,41290,955682.6183513512,1937421.1342937232,False,True,과천시,경기,1330,621,260,29.5371142730451,18.77754154742098,18.77754154742098,82.70908864525515,56.37087442493464
4129055000,경기도 과천시 과천동,경기도,과천시,41290,956581.9894073654,1939153.4398770134,False,True,과천시,경기,870,404,134,17.122308067298196,10.91906216186591,10.91906216186591,48.16980243346644,32.339046815936754
4129056000,경기도 과천시 문원동,경기도,과천시,41290,957471.4188978184,1936298.7693858773,False,True,과천시,경기,777,443,137,17.58267417083628,11.323627033145687,11.323627033145687,49.56312313558121,33.38713725707253
4131051000,경기도 구리시 갈매동,경기도,구리시,41310,966275.1777445964,1959172.1242091046,False,True,구리시,경기,2779,1096,246,40.807677022520856,55.40752203270047,55.40752203270047,115.584182711881,151.86568839979785
4131052000,경기도 구리시 동구동,경기도,구리시,41310,967946.0909204296,1958442.6355648984,False,True,구리시,경기,3483,1739,616,75.17297266172622,100.62974521452585,100.62974521452585,211.24045448325117,276.7399229148317
4131053000,경기도 구리시 인창동,경기도,구리시,41310,967207.1221281989,1956611.2723559365,False,True,구리시,경기,2210,1182,328,45.12143599748798,61.06180726187413,61.06180726187413,127.45004561457401,167.7141955974198
4131054100,경기도 구리시 교문1동,경기도,구리시,41310,966298.9754729093,1953591.3484233613,False,True,구리시,경기,2011,1026,274,38.83566772239285,52.60409596343203,52.60409596343203,109.76191254669273,144.43375203902684
4131054200,경기도 구리시 교문2동,경기도,구리시,41310,967668.3203777111,1954145.8889436452,False,True,구리시,경기,2190,1002,332,42.55447973879633,57.06381201842436,57.06381201842436,119.71516480382084,156.82876108643086
4131057000,경기도 구리시 수택1동,경기도,구리시,41310,968936.0156085236,1955469.5334965184,False,True,구리시,경기,1904,898,249,35.02654040014279,47.321933240366334,47.321933240366334,98.89483873837167,129.93004938858263
4131058000,경기도 구리시 수택2동,경기도,구리시,41310,968525.5482362966,1955041.830674763,False,True,구리시,경기,3099,1511,450,60.445993402991355,81.46847149839374,81.46847149839374,170.44243452639859,223.79931170675877
4131059000,경기도 구리시 수택3동,경기도,구리시,41310,969034.0757869835,1953572.6365450232,False,True,구리시,경기,2074,1127,372,46.46702478304886,62.442612770283105,62.442612770283105,130.79106931647212,171.6883188671515
4136025000,경기도 남양주시 와부읍,경기도,남양주시,41360,977665.903054259,1955018.9834007535,False,True,남양주시,경기,6586,3913,1191,153.22591752689044,229.85533191748675,229.85533191748675,432.1135672032376,695.5730147937134
4136025300,경기도 남양주시 진접읍,경기도,남양주시,41360,972943.0739330784,1969603.371820605,False,True,남양주시,경기,9926,5235,1652,212.26732333584008,317.9504891479977,317.9504891479977,597.976987640488,961.7856906365369
4136025600,경기도 남양주시 화도읍,경기도,남양주시,41360,983730.7696965621,1961496.2385682028,False,True,남양주시,경기,11912,6433,1853,249.2552728036946,373.5781736282464,373.5781736282464,703.5349163626738,1131.6954606265074
4136025900,경기도 남양주시 진건읍,경기도,남양주시,41360,972236.9389996718,1962087.3024945124,False,True,남양주시,경기,2989,1518,535,65.28361362911187,97.70829006185495,97.70829006185495,183.47698564540087,295.048754229756
4136026200,경기도 남양주시 오남읍,경기도,남양주시,41360,976324.9798545865,1966061.547272255,False,True,남양주시,경기,5007,3016,976,121.35006023063174,182.01847026868492,182.01847026868492,341.7917038753362,550.2408898917911
4136031000,경기도 남양주시 별내면,경기도,남양주시,41360,967062.0542240571,1967858.0015696958,False,True,남양주시,경기,2397,1483,478,59.33556894776607,89.02645427215364,89.02645427215364,167.14782199614643,269.13234543468604
4136026500,경기도 남양주시 퇴계원읍,경기도,남양주시,41360,968544.5489659347,1961612.4846315815,False,True,남양주시,경기,3755,1820,560,73.96101882534563,110.67994668400638,110.67994668400638,208.41142594775263,334.9920968782496
4136034000,경기도 남양주시 수동면,경기도,남양주시,41360,982743.4576946448,1969645.123548613,False,True,남양주시,경기,1704,968,381,43.3407640855135,64.91848933431149,64.91848933431149,121.55668802612198,195.63183447850096
4136036000,경기도 남양주시 조안면,경기도,남양주시,41360,982207.7339140921,1952034.6948240998,False,True,남양주시,경기,770,366,136,16.327108813408245,24.413921754553527,24.413921754553527,45.830523275597756,73.6688266259999
4136051000,경기도 남양주시 호평동,경기도,남양주시,41360,977905.5011917773,1962745.0132141698,False,True,남양주시,경기,4645,2732,716,100.20305076710942,150.38935629107345,150.38935629107345,283.4526193299354,456.2205903948536
4136052000,경기도 남양주시 평내동,경기도,남양주시,41360,976649.5374643487,1960806.6136094043,False,True,남양주시,경기,3146,1690,530,68.13029301700143,102.07493962613744,102.07493962613744,191.96356795218534,308.7933158696202
4136053000,경기도 남양주시 금곡동,경기도,남양주시,41360,974622.3262932372,1959229.3346226888,False,True,남양주시,경기,2966,1476,540,64.86697654917982,97.05089315647035,97.05089315647035,182.15865690650762,292.89601537813894
4136054000,경기도 남양주시 양정동,경기도,남양주시,41360,972771.6721653418,1956916.5066797095,False,True,남양주시,경기,502,204,76,9.357466723341522,13.965430854638873,13.965430854638873,26.255764117422025,42.15420613989443
4136056500,경기도 남양주시 다산2동,경기도,남양주시,41360,970785.129387072,1955384.0124774359,False,True,남양주시,경기,2863,1197,357,49.290024910445865,73.62152973195785,73.62152973195785,138.91084023593947,223.0041045878923
4136054500,경기도 남양주시 다산1동,경기도,남양주시,41360,969706.5172165849,1957753.8582773393,False,True,남양주시,경기,8073,3760,1051,147.50370457477874,220.67813467987327,220.67813467987327,416.38146650916246,669.0004200460894
4136057000,경기도 남양주시 별내동,경기도,남양주시,41360,965993.2060022774,1963054.3239626912,False,True,남양주시,경기,7909,3357,1003,137.9365317795978,206.0701485905529,206.0701485905529,388.7443126519987,624.1624339877694
4137051000,경기도 오산시 중앙동,경기도,오산시,41370,963027.6046614023,1906224.7246789963,False,True,오산시,경기,2675,1376,412,54.68221271245392,111.93154751030492,111.93154751030492,154.19881940718759,305.1748715568118
4137052300,경기도 오산시 대원1동,경기도,오산시,41370,962006.4683769059,1904393.7884390694,False,True,오산시,경기,3475,1708,499,67.6519504260317,138.5228803771171,138.5228803771171,190.83949361024023,378.34993703058785
4137053000,경기도 오산시 남촌동,경기도,오산시,41370,959990.1358053804,1906521.4324411175,False,True,오산시,경기,1574,688,229,29.518232805224677,59.93763180232753,59.93763180232753,83.02321903870856,163.5191789085878
4137054300,경기도 오산시 신장1동,경기도,오산시,41370,960119.5211097017,1908280.2893061482,False,True,오산시,경기,2859,1487,474,60.712689608943414,123.92313668390156,123.92313668390156,170.99164341896224,337.1493455716335
4137055000,경기도 오산시 세마동,경기도,오산시,41370,958247.562797543,1909601.5418511692,False,True,오산시,경기,2227,934,330,41.52409878185624,84.01924916658638,84.01924916658638,116.64097173817305,229.02286822974344
4137056000,경기도 오산시 초평동,경기도,오산시,41370,959624.8201918955,1905017.305708136,False,True,오산시,경기,1472,743,239,30.611940572687367,62.42292359785898,62.42292359785898,86.19272413980346,169.89746880813402
4139051000,경기도 시흥시 대야동,경기도,시흥시,41390,938044.4592220351,1939593.9793995772,False,True,시흥시,경기,4234,1715,604,76.61731031416457,101.49655470380674,101.49655470380674,215.21122594861646,318.3385309731824
4139052000,경기도 시흥시 신천동,경기도,시흥시,41390,936313.0297751185,1937947.5912106277,False,True,시흥시,경기,4015,1718,571,73.94460454281338,98.30514918830781,98.30514918830781,207.9705308592347,308.13677011271966
4139053100,경기도 시흥시 신현동,경기도,시흥시,41390,935734.4825828272,1935027.5471940772,False,True,시흥시,경기,1332,593,212,26.23676215791426,34.77042950192975,34.77042950192975,73.69296037628595,109.11420272854969
4139054000,경기도 시흥시 은행동,경기도,시흥시,41390,938756.1474364488,1937303.8868818711,False,True,시흥시,경기,4043,1559,553,70.53854873948956,93.35257268065337,93.35257268065337,198.08269651921228,292.77278086029276
4139055000,경기도 시흥시 매화동,경기도,시흥시,41390,940157.784079873,1934300.50832208,False,True,시흥시,경기,1420,749,264,32.02857201729407,42.55726859322851,42.55726859322851,90.02263104416903,133.59469334254052
4139057000,경기도 시흥시 목감동,경기도,시흥시,41390,942710.4803007039,1931435.0037820693,False,True,시흥시,경기,3779,1474,483,64.1541552050561,85.24148396111377,85.24148396111377,180.43422841613102,267.0501871675075
4139062100,경기도 시흥시 과림동,경기도,시흥시,41390,941114.4643654822,1937190.4149322119,False,True,시흥시,경기,439,193,52,7.537358105994231,10.127830174826233,10.127830174826233,21.28745266079004,31.656979633416917
4139065000,경기도 시흥시 거북섬동,경기도,시흥시,41390,928888.3060781421,1925089.359925384,False,True,시흥시,경기,268,68,22,3.258202381361173,4.301908558963901,4.301908558963901,9.151798649076007,13.451540863418145
4139059300,경기도 시흥시 정왕3동,경기도,시흥시,41390,929704.0092780848,1927681.7777728061,False,True,시흥시,경기,1748,727,242,31.478219972399188,41.82970493908745,41.82970493908745,88.52311099054414,131.1050391099902
4139059400,경기도 시흥시 정왕4동,경기도,시흥시,41390,931935.2359198679,1929554.8534939694,False,True,시흥시,경기,1185,655,253,29.14601725963827,38.557479266908146,38.557479266908146,81.77317824548481,121.21424677742472
4139058900,경기도 시흥시 정왕본동,경기도,시흥시,41390,933784.2088815605,1929083.5688130958,False,True,시흥시,경기,1344,491,148,20.883485195722052,27.83014012176094,27.83014012176094,58.814350867462636,87.06778355651481
4139059100,경기도 시흥시 정왕1동,경기도,시흥시,41390,932200.1831411463,1926252.8043710848,False,True,시흥시,경기,1471,579,201,25.831708902437306,34.23122671931008,34.23122671931008,72.57347917587768,107.33170569936516
4139064000,경기도 시흥시 능곡동,경기도,시흥시,41390,938861.4365382226,1929713.7688786176,False,True,시흥시,경기,1849,882,329,39.39927283860228,52.1412883432628,52.1412883432628,110.58681519522702,163.76223899204513
4139058100,경기도 시흥시 군자동,경기도,시흥시,41390,936305.0005207949,1928690.8266663998,False,True,시흥시,경기,2331,1058,373,46.3425838572731,61.47299332086355,61.47299332086355,130.207955511909,192.88461620847073
4139058200,경기도 시흥시 월곶동,경기도,시흥시,41390,934330.9962518557,1931916.7125939452,False,True,시흥시,경기,1614,745,276,33.341438682753484,44.12418682495583,44.12418682495583,93.58966282918377,138.5542601801357
4139063000,경기도 시흥시 연성동,경기도,시흥시,41390,938470.3304386721,1932366.864405105,False,True,시흥시,경기,1761,991,343,41.602116354837094,55.36860281237641,55.36860281237641,116.99205464577301,173.79901007026317
4139063100,경기도 시흥시 장곡동,경기도,시흥시,41390,936567.3782605267,1931700.953880187,False,True,시흥시,경기,2567,1052,366,46.62612892779784,61.8128309605601,61.8128309605601,131.00393690381128,193.8473356712354
4141051000,경기도 군포시 군포1동,경기도,군포시,41410,951470.5259333326,1928428.236966246,False,True,군포시,경기,3589,1538,529,67.24909489307419,81.39338949114712,81.39338949114712,189.0128391222385,229.33669605965326
4141054000,경기도 군포시 산본1동,경기도,군포시,41410,950427.0967700442,1930601.4463345788,False,True,군포시,경기,2192,1088,346,44.71043403748135,54.20507003845283,54.20507003845283,125.91255457853303,152.710264252034
4141055000,경기도 군포시 산본2동,경기도,군포시,41410,949660.977721837,1930416.2434999929,False,True,군포시,경기,2832,1200,477,56.4335580018864,68.39065788599453,68.39065788599453,158.15832319132141,192.65001760661372
4141056000,경기도 군포시 금정동,경기도,군포시,41410,950899.1667806343,1929777.9120165333,False,True,군포시,경기,2272,856,292,38.207773622735004,46.13353426546334,46.13353426546334,107.3661059849853,130.02366833686068
4141057000,경기도 군포시 재궁동,경기도,군포시,41410,950184.4815128928,1929002.857486539,False,True,군포시,경기,2108,1093,486,52.90625274944504,64.3768922205228,64.3768922205228,147.99017412739818,181.24317938068714
4141058000,경기도 군포시 오금동,경기도,군포시,41410,949468.3228980785,1927944.7395620705,False,True,군포시,경기,1886,991,397,45.26423262460824,55.03747735711484,55.03747735711484,126.8877358527524,154.9752105187386
4141059000,경기도 군포시 수리동,경기도,군포시,41410,948386.0625693363,1928144.2822504682,False,True,군포시,경기,1759,1070,519,53.36115902515037,65.10578998030653,65.10578998030653,149.02343192136652,183.22586588213554
4141060000,경기도 군포시 궁내동,경기도,군포시,41410,948405.4685232417,1929573.1016207605,False,True,군포시,경기,1540,808,406,41.85353151890137,50.98982763476838,50.98982763476838,116.78449464606805,143.52039573133374
4141062000,경기도 군포시 광정동,경기도,군포시,41410,949079.6236828933,1929928.4016910715,False,True,군포시,경기,2285,1224,635,64.4392234223171,78.54718331873778,78.54718331873778,179.69327155643543,221.0668940102471
4143051000,경기도 의왕시 고천동,경기도,의왕시,41430,954500.7935090294,1927241.910193998,False,True,의왕시,경기,1534,701,231,29.70138949737405,30.8379581959275,30.8379581959275,83.56539645055,90.61008110356356
4143052000,경기도 의왕시 부곡동,경기도,의왕시,41430,951518.7479788786,1924682.0800361028,False,True,의왕시,경기,3121,1678,673,76.4461738850831,80.07618541338617,80.07618541338617,214.3024153151422,235.99701558759375
4143053000,경기도 의왕시 오전동,경기도,의왕시,41430,954338.3685773228,1929108.362305084,False,True,의왕시,경기,4121,1609,481,67.24093990747511,69.22113018465033,69.22113018465033,189.44649041064758,203.02910867301387
4143054000,경기도 의왕시 내손1동,경기도,의왕시,41430,953674.8688542328,1930988.9181365652,False,True,의왕시,경기,2136,928,394,44.96745647743701,46.791496480593224,46.791496480593224,125.86584523356014,137.9147960080078
4143055000,경기도 의왕시 내손2동,경기도,의왕시,41430,954189.9421749512,1932021.1732309381,False,True,의왕시,경기,2086,818,341,39.9437714445566,41.38475110119467,41.38475110119467,111.82316388123061,121.90799844222181
4143056000,경기도 의왕시 청계동,경기도,의왕시,41430,956808.1357853363,1932304.9419639895,False,True,의왕시,경기,4134,1614,595,74.20301922558374,76.68847862424812,76.68847862424812,208.22535138250862,225.54100018559922
4145051000,경기도 하남시 천현동,경기도,하남시,41450,976900.1930869449,1945889.1380794183,False,True,하남시,경기,1131,428,178,21.007656957227592,27.338213661719372,27.338213661719372,58.80975598888335,79.09188199783368
4145052000,경기도 하남시 신장1동,경기도,하남시,41450,974144.4160139365,1948883.6527897671,False,True,하남시,경기,939,422,129,17.32861502492222,22.517447423552998,22.517447423552998,48.824432007782264,65.51252350006666
4145053000,경기도 하남시 신장2동,경기도,하남시,41450,975417.4008920706,1949985.2364101284,False,True,하남시,경기,5976,2862,763,109.4862672763629,142.18001867869305,142.18001867869305,309.3818119748455,414.66139506896553
4145054000,경기도 하남시 덕풍1동,경기도,하남시,41450,973316.41878629,1948486.0601517006,False,True,하남시,경기,2178,963,257,37.419025319271654,48.61754113348604,48.61754113348604,105.7026742965669,141.48030094902035
4145055000,경기도 하남시 덕풍2동,경기도,하남시,41450,973430.1338968038,1949181.0970469415,False,True,하남시,경기,2763,1167,333,47.05608993927998,61.163406222377716,61.163406222377716,132.73245397743483,177.70780301037496
4145058000,경기도 하남시 감북동,경기도,하남시,41450,970213.4447313522,1946647.4997888198,False,True,하남시,경기,414,195,77,8.984061751126596,11.6765684380991,11.6765684380991,25.187035819572888,33.96351678734263
4145059000,경기도 하남시 춘궁동,경기도,하남시,41450,972985.4610997335,1945295.1656604358,False,True,하남시,경기,256,114,46,5.358373952994658,6.966562331320555,6.966562331320555,15.014177935046728,20.23571798014155
4145060000,경기도 하남시 초이동,경기도,하남시,41450,971143.5323604684,1948371.998357359,False,True,하남시,경기,505,228,84,10.213014012325488,13.275133840072115,13.275133840072115,28.669744839086995,38.5903468467658
4145063000,경기도 하남시 미사3동,경기도,하남시,41450,972607.5920895757,1950157.6825576087,False,True,하남시,경기,2171,783,246,33.995573974423216,44.239270729360165,44.239270729360165,95.66402619538778,127.91285511747128
4145061000,경기도 하남시 미사1동,경기도,하남시,41450,973948.5916902157,1952013.3850269383,False,True,하남시,경기,3427,1410,379,55.7522957911371,72.47295175011485,72.47295175011485,157.42454140338577,210.46011761011926
4145062000,경기도 하남시 미사2동,경기도,하남시,41450,972437.7822959578,1953457.4833407542,False,True,하남시,경기,4191,1819,481,70.67301529905656,91.83338896311182,91.83338896311182,199.66015151911222,267.11257469224756
4146125000,경기도 용인시처인구 포곡읍,경기도,용인시처인구,41461,974989.1022083288,1921333.9221722342,False,True,용인시,경기,3111,1637,570,69.60647937964445,105.20402661467402,105.20402661467402,195.6908556798851,284.01019772297184
4146125300,경기도 용인시처인구 모현읍,경기도,용인시처인구,41461,975043.276044858,1925311.0308273751,False,True,용인시,경기,3217,1523,514,64.86736480883766,98.11653571285608,98.11653571285608,182.43583889761732,264.60629896477155
4146125900,경기도 용인시처인구 남사읍,경기도,용인시처인구,41461,969502.7274273129,1903844.5534036355,False,True,용인시,경기,2579,1236,397,51.327688221962944,77.6997958244351,77.6997958244351,144.50465591447443,209.57757642942258
4146125600,경기도 용인시처인구 이동읍,경기도,용인시처인구,41461,974362.0048861366,1907344.3640427194,False,True,용인시,경기,2565,1264,497,57.70861330785638,87.05322453454775,87.05322453454775,161.81554028380316,234.84064501234388
4146134000,경기도 용인시처인구 원삼면,경기도,용인시처인구,41461,983441.5296422428,1907202.277080936,False,True,용인시,경기,1441,761,288,33.722417694660486,50.895147399011755,50.895147399011755,94.6447999599501,137.39009676524662
4146135000,경기도 용인시처인구 백암면,경기도,용인시처인구,41461,989325.1562121566,1905033.960346106,False,True,용인시,경기,1547,817,397,41.47392254500255,62.327348522560314,62.327348522560314,115.80452574791076,168.20774455385217
4146136000,경기도 용인시처인구 양지면,경기도,용인시처인구,41461,981259.8768714633,1915931.3231247263,False,True,용인시,경기,2381,999,401,47.2935533948676,71.34698438919287,71.34698438919287,132.51474295411683,192.1657190963327
4146151000,경기도 용인시처인구 중앙동,경기도,용인시처인구,41461,973372.9579561729,1914095.2916205486,False,True,용인시,경기,2786,1330,483,58.61735843662765,88.55083948752089,88.55083948752089,164.6179882477885,238.81977919275118
4146152600,경기도 용인시처인구 삼가동,경기도,용인시처인구,41461,970336.1777472332,1915748.335088511,False,True,용인시,경기,1135,580,177,23.274603006886192,35.25893816570184,35.25893816570184,65.60564512248047,95.16982922184549
4146153000,경기도 용인시처인구 유림동,경기도,용인시처인구,41461,974434.9554903315,1917288.391193276,False,True,용인시,경기,3354,1702,500,67.21304102411528,101.88870185470637,101.88870185470637,189.59960814044638,275.00374505586706
4146154000,경기도 용인시처인구 동부동,경기도,용인시처인구,41461,977899.4126574928,1911775.6590364538,False,True,용인시,경기,1684,822,238,32.46848137741086,49.23487696740266,49.23487696740266,91.6047720045732,132.83427193143478
4146352000,경기도 용인시기흥구 구갈동,경기도,용인시기흥구,41463,966587.8577204347,1919859.8340827755,False,True,용인시,경기,2928,1582,440,60.350406322886656,91.55964612632313,91.55964612632313,170.46359714477447,247.29945451176417
4146353500,경기도 용인시기흥구 보라동,경기도,용인시기흥구,41463,967267.8534515799,1916314.1107378232,False,True,용인시,경기,3039,1936,589,75.05518040413568,113.66197160014497,113.66197160014497,211.7039530248628,307.4393346024424
4146354000,경기도 용인시기흥구 기흥동,경기도,용인시기흥구,41463,965804.1227121761,1914747.0384261003,False,True,용인시,경기,2345,1285,420,52.66566146682018,79.67927194499671,79.67927194499671,148.27169408488652,215.20091300823208
4146355000,경기도 용인시기흥구 서농동,경기도,용인시기흥구,41463,962841.8437329578,1915126.258508068,False,True,용인시,경기,1540,698,203,27.995403675858565,42.45502679172568,42.45502679172568,78.95810129218154,114.44800840995225
4146356000,경기도 용인시기흥구 구성동,경기도,용인시기흥구,41463,968185.5065821366,1921893.4732925368,False,True,용인시,경기,4191,2886,959,115.6022731960622,174.77328668714586,174.77328668714586,325.51513520675087,472.9607517377598
4146357000,경기도 용인시기흥구 마북동,경기도,용인시기흥구,41463,966995.6921808627,1923095.9577934938,False,True,용인시,경기,3424,2426,738,92.75292970157007,140.43904107317846,140.43904107317846,261.69129880449344,380.2097306598978
4146357700,경기도 용인시기흥구 동백3동,경기도,용인시기흥구,41463,968713.0727675599,1920128.618881139,False,True,용인시,경기,2085,1730,611,70.02652202015489,105.72355584288377,105.72355584288377,196.9853365096646,286.44711619378916
4146359000,경기도 용인시기흥구 보정동,경기도,용인시기흥구,41463,965213.1685926605,1923456.5043073127,False,True,용인시,경기,3062,2352,725,89.62692479910493,135.65772240292688,135.65772240292688,252.8447354909544,367.4867502851238
4146358600,경기도 용인시기흥구 상하동,경기도,용인시기흥구,41463,968398.6241026361,1918192.6837865594,False,True,용인시,경기,2461,1347,440,55.200468810623875,83.51530558768607,83.51530558768607,155.40951738521863,225.55910106665112
4146351000,경기도 용인시기흥구 신갈동,경기도,용인시기흥구,41463,964775.1417118971,1920540.7221199283,False,True,용인시,경기,3346,2034,663,82.02236686442576,124.07479226978896,124.07479226978896,230.99194725572966,335.42547477250037
4146351700,경기도 용인시기흥구 영덕2동,경기도,용인시기흥구,41463,963861.55654446,1917610.0971473847,False,True,용인시,경기,1477,748,479,45.10948592948508,67.49083448884784,67.49083448884784,125.26696980932365,182.0407713614148
4146551000,경기도 용인시수지구 풍덕천1동,경기도,용인시수지구,41465,964076.3751098037,1925524.2648265527,False,True,용인시,경기,3017,1952,602,76.00484463753503,115.06993938605578,115.06993938605578,214.3289055280269,311.2818092847376
4146552000,경기도 용인시수지구 풍덕천2동,경기도,용인시수지구,41465,963668.6907032336,1924632.2100370824,False,True,용인시,경기,2066,1550,558,64.04184180516776,96.67124306634412,96.67124306634412,180.04478634142788,261.72545512073043
4146553000,경기도 용인시수지구 신봉동,경기도,용인시수지구,41465,960807.9921189648,1926029.7813356838,False,True,용인시,경기,3309,2449,716,91.3951809777391,138.47035516249233,138.47035516249233,258.10934658494125,375.04727852444904
4146555500,경기도 용인시수지구 죽전3동,경기도,용인시수지구,41465,966817.3846385793,1925127.4404385579,False,True,용인시,경기,2119,1314,405,51.445448842143385,77.89394629695127,77.89394629695127,145.059446562959,210.63669334947863
4146555000,경기도 용인시수지구 죽전2동,경기도,용인시수지구,41465,965204.2905873,1925821.4098157322,False,True,용인시,경기,1514,910,326,38.51688712317694,58.170148012181265,58.170148012181265,108.25256033299131,157.21831058896893
4146556000,경기도 용인시수지구 동천동,경기도,용인시수지구,41465,960777.9632219491,1928005.2297844477,False,True,용인시,경기,4141,2254,590,83.66751706848083,127.06272489380439,127.06272489380439,236.62020746956648,343.24184524829025
4146558500,경기도 용인시수지구 상현3동,경기도,용인시수지구,41465,961813.56266063,1922648.2113271998,False,True,용인시,경기,1971,1208,341,45.49230665063719,68.986017897782,68.986017897782,128.50664691862062,186.55626672778368
4146558000,경기도 용인시수지구 상현2동,경기도,용인시수지구,41465,963459.3237451772,1923009.7317295528,False,True,용인시,경기,2723,2091,558,74.4892446029032,113.03105193363783,113.03105193363783,210.80227243748777,306.3063626234168
4146559000,경기도 용인시수지구 성복동,경기도,용인시수지구,41465,961057.9609059483,1924581.6754154458,False,True,용인시,경기,5197,3635,940,129.25079968815564,196.25749778330368,196.25749778330368,365.925372843906,531.461755645049
4148025000,경기도 파주시 문산읍,경기도,파주시,41480,936724.664401615,1986277.0683042726,False,True,파주시,경기,4619,3076,1067,126.41798859716363,148.77810297752677,148.77810297752677,355.6167518059227,453.29695097609823
4148025300,경기도 파주시 파주읍,경기도,파주시,41480,939751.9355837861,1981162.5981077452,False,True,파주시,경기,2098,1263,504,56.540367904546294,66.0570613218985,66.0570613218985,158.54667510184407,201.32063152732388
4148025600,경기도 파주시 법원읍,경기도,파주시,41480,946597.5140809552,1985465.0401952094,False,True,파주시,경기,1773,1040,408,46.28958241947195,54.15664704797226,54.15664704797226,129.8431592428372,165.0280115794527
4148026200,경기도 파주시 조리읍,경기도,파주시,41480,940366.5236505824,1972525.0630414742,False,True,파주시,경기,3813,2098,753,89.9713525951662,105.9320505820231,105.9320505820231,252.81073340335206,322.61810373463743
4148031000,경기도 파주시 월롱면,경기도,파주시,41480,937433.2493211312,1977772.4332872536,False,True,파주시,경기,1005,507,212,23.826265177347224,27.828095097774312,27.828095097774312,66.72811883629129,84.78253653443716
4148032000,경기도 파주시 탄현면,경기도,파주시,41480,930177.4819243217,1978492.2043270324,False,True,파주시,경기,1781,1032,459,49.255746544613,57.19523389180094,57.19523389180094,137.79853465943086,174.3722719726573
4148035000,경기도 파주시 광탄면,경기도,파주시,41480,945661.4182516233,1975370.6171217274,False,True,파주시,경기,1919,1046,463,50.17378149245684,58.3294246866476,58.3294246866476,140.36951020048707,177.79493300383996
4148036000,경기도 파주시 파평면,경기도,파주시,41480,942926.7723259985,1990679.3909347015,False,True,파주시,경기,711,532,201,22.556179738321028,26.37004695504578,26.37004695504578,63.34629244573705,80.39597798913726
4148037000,경기도 파주시 적성면,경기도,파주시,41480,949876.8068875893,1995509.0557348921,False,True,파주시,경기,1077,751,233,29.042971729630587,34.395166359707844,34.395166359707844,81.90338052124463,104.76192330884516
4148052000,경기도 파주시 금촌2동,경기도,파주시,41480,936198.2834576813,1972641.5999282622,False,True,파주시,경기,2630,1662,549,67.10626482557633,79.26441314512687,79.26441314512687,188.9484971369073,241.41961043426278
4148051000,경기도 파주시 금촌1동,경기도,파주시,41480,936815.8671178304,1973705.13053662,False,True,파주시,경기,2629,1516,530,63.74036335177296,75.11904444233218,75.11904444233218,179.2204208558573,228.78463894917107
4148053000,경기도 파주시 금촌3동,경기도,파주시,41480,933812.9047609996,1975845.560760132,False,True,파주시,경기,2601,1424,524,61.885655519769074,72.75828487197884,72.75828487197884,173.80073307313563,221.60637376314477
4148059000,경기도 파주시 운정5동,경기도,파주시,41480,931171.4978333263,1970231.2870069104,False,True,파주시,경기,2856,1463,552,65.01879081269892,76.39975900393651,76.39975900393651,182.48098825472147,232.67294107552078
4148055000,경기도 파주시 운정1동,경기도,파주시,41480,934676.4539683597,1970505.6382154513,False,True,파주시,경기,3475,1832,641,78.06199365177812,92.10945951561447,92.10945951561447,219.44161760615248,280.4532489406596
4148056000,경기도 파주시 운정2동,경기도,파주시,41480,933039.3164778827,1969963.9953104134,False,True,파주시,경기,3900,2239,691,88.68930359841409,105.32278757456633,105.32278757456633,250.01816911166736,320.6063088215329
4148057000,경기도 파주시 운정3동,경기도,파주시,41480,933558.4612668159,1968184.3308139245,False,True,파주시,경기,4679,2471,762,99.1059596760378,117.83397067835199,117.83397067835199,279.32354430867946,358.59313931134585
4150025000,경기도 이천시 장호원읍,경기도,이천시,41500,1008565.008188265,1903984.382402932,False,True,이천시,경기,2231,1248,464,54.359326532806946,77.66904909360377,77.66904909360377,152.6373822726839,256.7394518854928
4150025300,경기도 이천시 부발읍,경기도,이천시,41500,1000604.1635345687,1919355.859002035,False,True,이천시,경기,3003,1326,486,59.46753152062595,85.14990236054228,85.14990236054228,166.9445070870341,280.86580259116664
4150031000,경기도 이천시 신둔면,경기도,이천시,41500,992075.498306672,1923867.1968248934,False,True,이천시,경기,1867,842,261,34.76979174641089,50.281854346067085,50.281854346067085,97.94022739797325,166.06931956464658
4150032000,경기도 이천시 백사면,경기도,이천시,41500,998473.3406928506,1925182.884931955,False,True,이천시,경기,1528,834,329,37.58736040936711,53.51531237768919,53.51531237768919,105.407990026275,176.78046622470555
4150033000,경기도 이천시 호법면,경기도,이천시,41500,992196.6695116372,1912954.2554707956,False,True,이천시,경기,931,483,202,22.611505446945188,32.08667167307601,32.08667167307601,63.328695263276764,105.90157758118829
4150034000,경기도 이천시 마장면,경기도,이천시,41500,988547.5600523462,1916772.7878883618,False,True,이천시,경기,1422,711,279,32.35722418862505,46.1064595103055,46.1064595103055,90.73621722659291,152.1944795942078
4150035000,경기도 이천시 대월면,경기도,이천시,41500,999802.5264162801,1912669.7063091607,False,True,이천시,경기,1309,735,255,30.901394759499734,44.34077194628547,44.34077194628547,86.89511081720505,146.65347813558492
4150036000,경기도 이천시 모가면,경기도,이천시,41500,996168.8713792308,1908011.9240455301,False,True,이천시,경기,857,504,224,24.002274095596373,33.90730308659927,33.90730308659927,67.15136146559036,111.9708854696961
4150037000,경기도 이천시 설성면,경기도,이천시,41500,1002049.9349214839,1904528.833117315,False,True,이천시,경기,966,577,259,27.58121208504513,38.93569169081972,38.93569169081972,77.14971282617728,128.5805939819563
4150038000,경기도 이천시 율면,경기도,이천시,41500,1004195.3391282225,1897450.3733493388,False,True,이천시,경기,636,332,242,21.720250339594145,29.81186344153645,29.81186344153645,60.1696133722066,97.99865825563697
4150051000,경기도 이천시 창전동,경기도,이천시,41500,995166.2803004872,1920508.7413092956,False,True,이천시,경기,2039,979,278,38.45471092601336,55.886195622114926,55.886195622114926,108.52987722992663,184.811778927297
4150052000,경기도 이천시 중리동,경기도,이천시,41500,995592.0125436097,1916057.0981470891,False,True,이천시,경기,1702,820,269,34.359270623909154,49.50573151027658,49.50573151027658,96.69323869472748,163.5605795204063
4150053000,경기도 이천시 관고동,경기도,이천시,41500,993059.3485785082,1921034.2656159932,False,True,이천시,경기,1246,587,161,22.79475872045615,33.19705871255175,33.19705871255175,64.37280504660552,109.78155697118457
4150051500,경기도 이천시 증포동,경기도,이천시,41500,995919.9293451165,1921234.0162348307,False,True,이천시,경기,3125,1290,443,56.74975050673804,81.606134628532,81.606134628532,159.4915464634153,269.0913712968301
4155025000,경기도 안성시 공도읍,경기도,안성시,41550,970999.8981624063,1888448.622257606,False,True,안성시,경기,5104,2593,890,110.07696985334687,179.31324371144618,179.31324371144618,309.53461297103553,529.6462060237885
4155031000,경기도 안성시 보개면,경기도,안성시,41550,983462.9197410849,1895294.4210004653,False,True,안성시,경기,1042,607,269,28.894031112349495,46.64823717287439,46.64823717287439,80.84095528800509,137.37218895668084
4155032000,경기도 안성시 금광면,경기도,안성시,41550,986171.540009306,1887038.9964747424,False,True,안성시,경기,1285,618,308,32.220784141837825,51.795659176559354,51.795659176559354,89.9128533572927,152.04843089730247
4155033000,경기도 안성시 서운면,경기도,안성시,41550,979352.024938616,1882062.4188986053,False,True,안성시,경기,669,389,214,21.018438032603953,33.67229645206083,33.67229645206083,58.545785522984424,98.8107604738806
4155034000,경기도 안성시 미양면,경기도,안성시,41550,975487.1705801573,1885698.0723599521,False,True,안성시,경기,1061,581,263,28.202191780206988,45.49398054060721,45.49398054060721,78.86441250013482,133.8710365503485
4155035000,경기도 안성시 대덕면,경기도,안성시,41550,976785.6249997065,1892924.802922911,False,True,안성시,경기,1592,727,269,32.57322822268601,52.90741290707034,52.90741290707034,91.43333230954067,155.94760040750242
4155036000,경기도 안성시 양성면,경기도,안성시,41550,975132.4698134807,1898170.0816975078,False,True,안성시,경기,1051,588,324,31.936216897585194,51.16007315120091,51.16007315120091,88.95151466077986,150.09177441870304
4155038000,경기도 안성시 원곡면,경기도,안성시,41550,968664.9817627277,1895326.4956278882,False,True,안성시,경기,867,417,149,18.21035397643547,29.618158378020674,29.618158378020674,51.1586884190464,87.38797877624941
4155039000,경기도 안성시 일죽면,경기도,안성시,41550,997247.2274675005,1899950.1522651594,False,True,안성시,경기,1527,797,363,39.06149116754135,62.99506025884301,62.99506025884301,109.2107926765136,185.28981762555264
4155040000,경기도 안성시 죽산면,경기도,안성시,41550,993053.2402007825,1894472.0307770148,False,True,안성시,경기,1263,731,314,34.22668649962627,55.319693569733076,55.319693569733076,95.82235439403655,162.98447432319819
4155041000,경기도 안성시 삼죽면,경기도,안성시,41550,988182.9149960501,1896646.2571299116,False,True,안성시,경기,711,404,189,19.887747088079067,32.044722979204515,32.044722979204515,55.57871142128963,94.26830817068335
4155042000,경기도 안성시 고삼면,경기도,안성시,41550,979698.5370398851,1899318.1161151791,False,True,안성시,경기,427,199,110,11.069368086065651,17.730628246339457,17.730628246339457,30.825376130025163,51.95668962049812
4155051000,경기도 안성시 안성1동,경기도,안성시,41550,980690.6488606785,1889468.1092090101,False,True,안성시,경기,1683,929,357,41.23596941630349,66.91328871073608,66.91328871073608,115.70526350912712,197.42997397981907
4155052000,경기도 안성시 안성2동,경기도,안성시,41550,979143.1311405284,1888335.65948206,False,True,안성시,경기,2433,1114,362,46.87831388775827,76.48754606056715,76.48754606056715,131.9303901951106,225.8893918295284
4155053000,경기도 안성시 안성3동,경기도,안성시,41550,979024.2937827338,1892094.2676407953,False,True,안성시,경기,2262,1193,408,50.26556290903621,81.89999868473679,81.89999868473679,141.36910496527824,242.00536794626456
4157025000,경기도 김포시 통진읍,경기도,김포시,41570,920615.1818477244,1966660.2540483966,False,True,김포시,경기,4516,2105,835,97.36762724331768,107.47586532147909,107.47586532147909,272.9419071198905,350.1220589999434
4157025300,경기도 김포시 고촌읍,경기도,김포시,41570,934977.5499810835,1956603.5552553872,False,True,김포시,경기,4344,1787,524,73.28219224011347,81.39831820674016,81.39831820674016,206.58171854404083,265.75956835342697
4157025600,경기도 김포시 양촌읍,경기도,김포시,41570,922723.539168025,1960525.846082774,False,True,김포시,경기,4019,1901,635,80.58462687025525,89.3045202587825,89.3045202587825,226.6861149911589,291.28425700243065
4157034000,경기도 김포시 대곶면,경기도,김포시,41570,917828.1030101355,1961160.2579978097,False,True,김포시,경기,1683,905,358,40.93070059207386,45.20052701421873,45.20052701421873,114.77425843985287,147.2376978505922
4157035000,경기도 김포시 월곶면,경기도,김포시,41570,916405.7850906957,1970648.9277324688,False,True,김포시,경기,1127,605,233,26.98923557494052,29.82335769226595,29.82335769226595,75.72256911345488,97.16682839204458
4157036000,경기도 김포시 하성면,경기도,김포시,41570,924673.7556379128,1970881.2628196175,False,True,김포시,경기,1553,896,348,39.75560149312433,43.92990212553387,43.92990212553387,111.53552727718237,143.11187009358463
4157051500,경기도 김포시 김포본동,경기도,김포시,41570,930280.0090014472,1959696.476122978,False,True,김포시,경기,5529,2937,931,119.20522630233242,132.32108063220338,132.32108063220338,335.7879022208095,431.7287091970742
4157054000,경기도 김포시 사우동,경기도,김포시,41570,931708.8056799043,1958005.8077257792,False,True,김포시,경기,2395,1243,379,49.73405403805022,55.25098791613862,55.25098791613862,140.19746351481754,180.32182590599666
4157055000,경기도 김포시 풍무동,경기도,김포시,41570,931338.8700955744,1956594.7663195778,False,True,김포시,경기,5159,2721,746,103.56768792909222,115.34559755400366,115.34559755400366,292.59510998001235,376.7349782543207
4157056000,경기도 김포시 장기동,경기도,김포시,41570,927577.013859384,1960203.5383744761,False,True,김포시,경기,3087,1530,375,56.19331829927884,62.72190695815719,62.72190695815719,159.07056716249278,205.02203616484923
4157057000,경기도 김포시 구래동,경기도,김포시,41570,923083.3637607119,1961069.6839367107,False,True,김포시,경기,2729,1252,294,45.894536596494234,51.25161633869079,51.25161633869079,129.98026963192984,167.5796113858048
4157052500,경기도 김포시 장기본동,경기도,김포시,41570,926218.0961125694,1961280.1180892584,False,True,김포시,경기,2820,1481,415,56.94885934312276,63.392295568503854,63.392295568503854,160.816453448951,207.01641930178272
4157058000,경기도 김포시 운양동,경기도,김포시,41570,928168.9180216235,1962276.0535146734,False,True,김포시,경기,3473,1613,442,62.778188883695755,69.87602626499891,69.87602626499891,177.2806891897447,228.23573009591007
4159025300,경기도 화성시 봉담읍,경기도,화성시,41590,950226.8772723302,1911854.3855551844,False,True,화성시,경기,7423,3340,1114,142.70275023610014,183.35791085689198,183.35791085689198,401.3831393506576,600.4789803630674
4159025600,경기도 화성시 우정읍,경기도,화성시,41590,936529.3767074202,1898200.75262362,False,True,화성시,경기,2454,1337,537,60.84654428127138,78.0242933792556,78.0242933792556,170.5706170080682,255.8921632339697
4159025900,경기도 화성시 향남읍,경기도,화성시,41590,949097.5624253128,1901893.7094567607,False,True,화성시,경기,5508,2545,890,110.70732820824941,142.1504762772872,142.1504762772872,311.11676712134,465.6293970174638
4159026200,경기도 화성시 남양읍,경기도,화성시,41590,939794.0538188681,1912371.3550958307,False,True,화성시,경기,5021,2119,772,95.50067221448367,122.39096187743719,122.39096187743719,268.103676411107,400.5525977480223
4159031000,경기도 화성시 매송면,경기도,화성시,41590,947440.0717963487,1918425.854095303,False,True,화성시,경기,1114,595,242,27.33341231966351,35.03370426352082,35.03370426352082,76.60105709408474,114.8785982851191
4159032000,경기도 화성시 비봉면,경기도,화성시,41590,944219.0531557588,1915041.3559407531,False,True,화성시,경기,1332,663,282,31.503527266517192,40.31239001900633,40.31239001900633,88.19657967983409,132.10758026273066
4159033000,경기도 화성시 마도면,경기도,화성시,41590,934597.1140758418,1910616.9081925692,False,True,화성시,경기,1092,570,229,26.098544517255974,33.452947315513754,33.452947315513754,73.15603122033595,109.67731288801161
4159034000,경기도 화성시 송산면,경기도,화성시,41590,930651.8912389426,1915018.1259320988,False,True,화성시,경기,1863,1070,498,52.45109601939847,67.0646423034286,67.0646423034286,146.5982846466215,219.98075865183196
4159035000,경기도 화성시 서신면,경기도,화성시,41590,928448.3226048462,1907477.7872845763,False,True,화성시,경기,1536,725,375,38.71617505575138,49.31196659862104,49.31196659862104,107.95670605337885,161.50310236401558
4159036000,경기도 화성시 팔탄면,경기도,화성시,41590,945180.1787964695,1906305.7771420463,False,True,화성시,경기,1584,715,343,36.80505350194839,46.933617902943205,46.933617902943205,102.77571921948402,153.66977251556517
4159037000,경기도 화성시 장안면,경기도,화성시,41590,941385.1288539071,1897491.5414147053,False,True,화성시,경기,1715,951,369,42.39884354467138,54.41992278494375,54.41992278494375,118.94529373809854,178.5116211948931
4159040000,경기도 화성시 양감면,경기도,화성시,41590,952037.9227803557,1899046.4545184579,False,True,화성시,경기,743,351,150,16.848118644572107,21.546232584097137,21.546232584097137,47.15914736929547,70.57894276327144
4159041000,경기도 화성시 정남면,경기도,화성시,41590,954383.5081014833,1907109.8989897345,False,True,화성시,경기,1681,836,382,41.31422035868859,52.78366436394222,52.78366436394222,115.49417431151957,172.9623655723867
4159060000,경기도 화성시 동탄6동,경기도,화성시,41590,963491.3128852262,1909310.9654269621,False,True,화성시,경기,1559,579,174,24.50763249584515,31.473590754010218,31.473590754010218,69.02912462417848,102.86784604552922
4159052000,경기도 화성시 진안동,경기도,화성시,41590,959017.2672428228,1913550.5195821964,False,True,화성시,경기,3031,1328,414,55.27091423524021,71.09261600460539,71.09261600460539,155.65668325161192,232.7696103117991
4159053000,경기도 화성시 병점1동,경기도,화성시,41590,958770.9389218434,1911719.5103167342,False,True,화성시,경기,2468,1138,308,44.120469507926,56.953914181542345,56.953914181542345,124.61945882824914,186.59141865035824
4159054000,경기도 화성시 병점2동,경기도,화성시,41590,959719.4033538743,1912518.369782497,False,True,화성시,경기,1555,878,247,33.42643677673393,43.22558255732127,43.22558255732127,94.4063503193113,141.88419194398853
4159055000,경기도 화성시 반월동,경기도,화성시,41590,960995.4626179294,1914328.8156710258,False,True,화성시,경기,1994,612,222,29.3561860453297,37.46806255663121,37.46806255663121,82.34813138828468,122.20456427750513
4159056000,경기도 화성시 기배동,경기도,화성시,41590,954628.2390829265,1914051.4563711933,False,True,화성시,경기,1302,638,147,22.919371709782585,29.709408901789995,29.709408901789995,64.95362759396312,97.40894254777118
4159057000,경기도 화성시 화산동,경기도,화성시,41590,956104.8282857649,1912234.2865340994,False,True,화성시,경기,2703,1201,371,49.652190704665,63.88907946154316,63.88907946154316,139.86420604975316,209.21457202146001
4159058600,경기도 화성시 동탄2동,경기도,화성시,41590,962294.3928881639,1910495.2040181535,False,True,화성시,경기,1699,880,210,31.72125371501815,41.121914295876884,41.121914295876884,89.85861334368929,134.89965499451364
4159058500,경기도 화성시 동탄1동,경기도,화성시,41590,962208.1653656113,1912472.5079160314,False,True,화성시,경기,1904,774,237,32.41898908202582,41.6723593580235,41.6723593580235,91.30936965484483,136.33730390185198
4159058700,경기도 화성시 동탄3동,경기도,화성시,41590,960669.1748403838,1912296.9005252705,False,True,화성시,경기,1799,986,258,36.552394041044025,47.326731596244,47.326731596244,103.37712430966346,155.32083815935408
4161061000,경기도 광주시 능평동,경기도,광주시,41610,970558.4390393837,1928003.2395385364,False,True,광주시,경기,2515,1122,318,44.63546238442763,75.90338177709354,75.90338177709354,125.94597479672021,212.61945552644497
4161025300,경기도 광주시 초월읍,경기도,광주시,41610,983293.88651211,1933121.0696944569,False,True,광주시,경기,5206,2302,759,98.12894409956317,166.96003293489457,166.96003293489457,276.05884762948415,466.13495163855356
4161025900,경기도 광주시 곤지암읍,경기도,광주시,41610,989566.5555542994,1929421.3879431365,False,True,광주시,경기,2986,1328,506,60.64108851801663,103.26481750414763,103.26481750414763,170.1103612743011,287.3714146463419
4161033000,경기도 광주시 도척면,경기도,광주시,41610,983653.1076580522,1923270.7894137136,False,True,광주시,경기,1539,727,275,32.754804817863516,55.84615647533542,55.84615647533542,91.90908086507594,155.41669719542472
4161034000,경기도 광주시 퇴촌면,경기도,광주시,41610,985846.2434953738,1939441.6192547851,False,True,광주시,경기,2757,1407,421,55.97044480041389,95.4938942590802,95.4938942590802,157.82987621029372,267.12161126234173
4161035000,경기도 광주시 남종면,경기도,광주시,41610,984106.4659579084,1944825.0719243959,False,True,광주시,경기,357,216,82,9.411771574010267,16.12172557552217,16.12172557552217,26.41990353382713,44.84037945094538
4161051000,경기도 광주시 경안동,경기도,광주시,41610,978120.0641670028,1934108.417381355,False,True,광주시,경기,2799,1324,372,51.90770117434165,88.3892725714562,88.3892725714562,146.5210617260663,247.6210696289592
4161055000,경기도 광주시 탄벌동,경기도,광주시,41610,975842.4386750491,1936922.8411813313,False,True,광주시,경기,4504,1786,400,66.36357890776317,112.36416975587713,112.36416975587713,187.98161329851456,316.3671791243502
4161057000,경기도 광주시 광남2동,경기도,광주시,41610,975931.3419403322,1931685.5776940617,False,True,광주시,경기,2312,958,256,37.734303499491006,64.02979587172419,64.02979587172419,106.56298328214001,179.60672485696625
4163025000,경기도 양주시 백석읍,경기도,양주시,41630,953977.8608982986,1976781.7631124633,False,True,양주시,경기,3704,1984,708,85.16818926623417,129.84288915820832,129.84288915820832,239.32906888583818,429.9008402223677
4163031000,경기도 양주시 은현면,경기도,양주시,41630,958110.2223152098,1985622.5247472953,False,True,양주시,경기,1067,522,225,25.043675623739574,37.956657080865305,37.956657080865305,70.09088440638732,125.39714591596483
4163032000,경기도 양주시 남면,경기도,양주시,41630,954246.8320280715,1988612.2644541594,False,True,양주시,경기,1149,558,246,27.128239399098483,41.08010299411431,41.08010299411431,75.88958005063357,135.70416416311656
4163033000,경기도 양주시 광적면,경기도,양주시,41630,951864.3909915504,1981256.4859072524,False,True,양주시,경기,1799,851,309,37.55862667635762,57.545412570004174,57.545412570004174,105.47584169229951,189.505109021054
4163034000,경기도 양주시 장흥면,경기도,양주시,41630,952747.1275946742,1968790.1371684491,False,True,양주시,경기,2222,1303,592,62.84858057589746,94.25946450986442,94.25946450986442,175.75081382178286,313.7506456293016
4163051000,경기도 양주시 양주1동,경기도,양주시,41630,959008.9226954805,1976325.8800606104,False,True,양주시,경기,902,534,227,24.790530813178783,37.29263137823568,37.29263137823568,69.42184774347163,124.12303692523557
4163052000,경기도 양주시 양주2동,경기도,양주시,41630,963586.378838218,1977066.6906489327,False,True,양주시,경기,5046,3003,844,113.3610429814955,174.1116960608555,174.1116960608555,320.2235460623932,578.1710019715842
4163053000,경기도 양주시 회천1동,경기도,양주시,41630,962615.0026883418,1984205.6875947737,False,True,양주시,경기,1099,586,206,24.985209515292695,38.12899905741784,38.12899905741784,70.23142615130197,126.20260930337044
4163054000,경기도 양주시 회천2동,경기도,양주시,41630,960176.1434195032,1980711.7499584977,False,True,양주시,경기,4123,2057,557,78.62784321172452,122.02352991905083,122.02352991905083,222.14833856611602,401.74617419645455
4163055000,경기도 양주시 회천3동,경기도,양주시,41630,962215.5858459651,1980755.2189589376,False,True,양주시,경기,2211,1492,528,61.846941590576364,93.41143107201736,93.41143107201736,173.90636177445748,312.12495963379865
4163058000,경기도 양주시 옥정2동,경기도,양주시,41630,963746.3895555225,1979874.5269077672,False,True,양주시,경기,2692,1086,275,42.102957085198454,66.33175546693842,66.33175546693842,119.00591605249326,215.7599696379035
4165025000,경기도 포천시 소흘읍,경기도,포천시,41650,969087.9098272726,1977332.6745545424,False,True,포천시,경기,4945,2312,879,104.60423017001321,125.1772587492938,125.1772587492938,293.4801640767474,418.6881640335852
4165031000,경기도 포천시 군내면,경기도,포천시,41650,976234.1887712169,1986429.921980624,False,True,포천시,경기,1359,616,261,29.618722607774615,35.33808718812023,35.33808718812023,82.91355446812382,118.02076583394187
4165032000,경기도 포천시 내촌면,경기도,포천시,41650,976682.7634786721,1977544.9637961932,False,True,포천시,경기,862,412,167,19.19775409785617,22.927075464072733,22.927075464072733,53.79441942179875,76.6930045935694
4165033000,경기도 포천시 가산면,경기도,포천시,41650,973694.3935366411,1981618.855951326,False,True,포천시,경기,1319,564,264,28.872576821413347,34.360805325638346,34.360805325638346,80.65807941625522,114.52452602963083
4165034000,경기도 포천시 신북면,경기도,포천시,41650,971085.5154303638,1993945.8056006266,False,True,포천시,경기,1988,885,335,40.27329110950033,48.21492503167147,48.21492503167147,112.98964153996616,161.0678607739393
4165035000,경기도 포천시 창수면,경기도,포천시,41650,971599.0681757006,2002537.0794917387,False,True,포천시,경기,498,336,104,13.033612804602354,15.6623219381961,15.6623219381961,36.754820347911036,52.93847518018643
4165036000,경기도 포천시 영중면,경기도,포천시,41650,978148.2245314574,2000283.3939481308,False,True,포천시,경기,982,610,210,25.196442207303992,30.193809696052163,30.193809696052163,70.87968192202457,101.75613111099283
4165037000,경기도 포천시 일동면,경기도,포천시,41650,984521.8778975807,1996142.5366661216,False,True,포천시,경기,1671,928,388,43.04091951511009,51.30993857198088,51.30993857198088,120.55949352302507,172.1788928832613
4165038000,경기도 포천시 이동면,경기도,포천시,41650,989938.1823957321,2005794.3339649192,False,True,포천시,경기,963,588,207,24.61753303726475,29.48290990539558,29.48290990539558,69.21588223260602,99.30052401676997
4165039000,경기도 포천시 영북면,경기도,포천시,41650,981074.392963789,2008197.5317684703,False,True,포천시,경기,1294,873,346,38.41301531279055,45.82004622811775,45.82004622811775,107.74974888689098,154.4427477783425
4165040000,경기도 포천시 관인면,경기도,포천시,41650,975955.7118883972,2014297.6116631795,False,True,포천시,경기,599,419,141,16.857843266544556,20.20401544371032,20.20401544371032,47.45718080356788,68.27599101832335
4165041000,경기도 포천시 화현면,경기도,포천시,41650,981167.2229756372,1988684.65008494,False,True,포천시,경기,483,248,119,12.543981285294802,14.900159903767346,14.900159903767346,35.0334739606522,49.85862598992582
4165051000,경기도 포천시 포천동,경기도,포천시,41650,972001.1422212818,1988318.3882317045,False,True,포천시,경기,2420,1201,420,51.63980219400303,61.926427810245805,61.926427810245805,145.1467549792709,207.5684632592326
4165052000,경기도 포천시 선단동,경기도,포천시,41650,968930.5623920952,1984632.6076072261,False,True,포천시,경기,1878,842,299,37.08757529311123,44.48221874373747,44.48221874373747,104.18613767131811,148.6858274982986
4167025000,경기도 여주시 가남읍,경기도,여주시,41670,1007160.6210209588,1912247.6938789163,False,True,여주시,경기,2282,1114,449,51.59131549604584,74.73412614637859,74.73412614637859,144.5872335326353,208.0563698935925
4167031000,경기도 여주시 점동면,경기도,여주시,41670,1016365.4588731222,1910304.7267356091,False,True,여주시,경기,1011,593,258,27.91630746610922,40.382203690235514,40.382203690235514,78.13614100584013,112.26957313743026
4167034500,경기도 여주시 세종대왕면,경기도,여주시,41670,1006926.5310356698,1921751.3069413803,False,True,여주시,경기,1211,735,300,33.27212970588165,48.25957096853074,48.25957096853074,93.25620885422623,134.34728159415738
4167032000,경기도 여주시 흥천면,경기도,여주시,41670,1002937.3204601861,1927375.3451272894,False,True,여주시,경기,1109,610,258,28.505180764668637,41.25871062075678,41.25871062075678,79.82401464894167,114.76581527183603
4167033000,경기도 여주시 금사면,경기도,여주시,41670,999806.7305917285,1933052.0475513134,False,True,여주시,경기,734,373,148,17.03260979000214,24.696023074260747,24.696023074260747,47.75350049341438,68.77682015006859
4167038000,경기도 여주시 산북면,경기도,여주시,41670,994865.8796418587,1934454.5967482582,False,True,여주시,경기,547,303,117,13.476654823848378,19.574507567040996,19.574507567040996,37.81101127364951,54.54838993463053
4167035000,경기도 여주시 대신면,경기도,여주시,41670,1009064.5219350777,1930978.9792126175,False,True,여주시,경기,1524,869,410,42.96815011816926,61.95290505927049,61.95290505927049,120.05916023064364,171.95593196495105
4167036000,경기도 여주시 북내면,경기도,여주시,41670,1016760.840676688,1928633.4054229695,False,True,여주시,경기,911,562,239,25.967248004513216,37.60899992381722,37.60899992381722,72.72055964335094,104.61185458316294
4167037000,경기도 여주시 강천면,경기도,여주시,41670,1020054.7523540267,1921068.2456532528,False,True,여주시,경기,884,489,206,22.784577599414284,32.98503126370109,32.98503126370109,63.81023150999194,91.75939967405591
4167051000,경기도 여주시 여흥동,경기도,여주시,41670,1013237.0540011567,1917486.9739792338,False,True,여주시,경기,2846,1363,429,56.080713288012355,81.95481550500854,81.95481550500854,157.94994596590368,229.2476512551497
4167052000,경기도 여주시 중앙동,경기도,여주시,41670,1010527.0425998279,1919924.7017015351,False,True,여주시,경기,2554,1141,347,46.79658192404766,68.41344807200247,68.41344807200247,131.86303128724973,191.46507726713156
4167053000,경기도 여주시 오학동,경기도,여주시,41670,1013282.4046341719,1924220.0773657435,False,True,여주시,경기,1813,854,265,35.01060535156543,51.179658108996804,51.179658108996804,98.62965313505575,143.19583527383364
4180025000,경기도 연천군 연천읍,경기도,연천군,41800,966192.8158770477,2011213.5377809706,False,True,연천군,경기,1131,807,313,34.87875092629966,25.242059961857123,25.242059961857123,97.88985018473763,74.33599687919907
4180025300,경기도 연천군 전곡읍,경기도,연천군,41800,959306.5035371138,1999449.0047112845,False,True,연천군,경기,2419,1379,528,60.827723024391496,44.17025497374577,44.17025497374577,170.7014010964245,130.59710285372128
4180031000,경기도 연천군 군남면,경기도,연천군,41800,959480.0224858767,2008391.3406103654,False,True,연천군,경기,650,424,191,20.10670447494109,14.494234717216155,14.494234717216155,56.243749466701516,42.34411513038269
4180032000,경기도 연천군 청산면,경기도,연천군,41800,965028.9611288455,2001322.521271167,False,True,연천군,경기,833,489,183,21.23233560622008,15.42361445345177,15.42361445345177,59.616300331735204,45.64598485166471
4180034000,경기도 연천군 미산면,경기도,연천군,41800,954151.2646320706,2004069.8939885516,False,True,연천군,경기,438,222,95,10.556203360912614,7.649399258080278,7.649399258080278,29.550101522459997,22.50601636936822
4180035000,경기도 연천군 왕징면,경기도,연천군,41800,951154.5747123527,2010901.0218030065,False,True,연천군,경기,251,197,60,7.445086707083929,5.425910956530982,5.425910956530982,21.009705333054974,16.197306998690564
4180036000,경기도 연천군 신서면,경기도,연천군,41800,965477.1895352636,2022283.0962308457,False,True,연천군,경기,587,419,160,17.95778367613968,13.002966514194355,13.002966514194355,50.41693988770655,38.329322360648334
4180037000,경기도 연천군 중면,경기도,연천군,41800,956758.715815928,2018580.7288117837,False,True,연천군,경기,29,17,9,0.8966090095786954,0.6437343448915747,0.6437343448915747,2.499414107924715,1.8650046534404323
4180038000,경기도 연천군 장남면,경기도,연천군,41800,942844.9497130233,1999611.1247601507,False,True,연천군,경기,157,120,47,5.176218833316648,3.741843855164902,3.741843855164902,14.525789039771322,11.003140536145192
4182025000,경기도 가평군 가평읍,경기도,가평군,41820,998901.4290987547,1980978.82251212,False,True,가평군,경기,3095,1756,680,77.9659091578685,50.02447449168302,50.02447449168302,218.74280149021538,198.43958129903444
4182031000,경기도 가평군 설악면,경기도,가평군,41820,999970.0463556851,1961517.3799269074,False,True,가평군,경기,1913,885,365,41.82121746329977,27.04577151134699,27.04577151134699,117.14022717372353,106.98767494722411
4182032500,경기도 가평군 청평면,경기도,가평군,41820,993781.9166357908,1969988.463443865,False,True,가평군,경기,2527,1401,509,60.386020279797144,39.19239000803778,39.19239000803778,169.63850460410566,154.83670177850934
4182033000,경기도 가평군 상면,경기도,가평군,41820,985731.3552501141,1976763.9119062715,False,True,가평군,경기,1295,605,217,26.594861970665363,17.553575280277762,17.553575280277762,74.70258599779325,68.9399273103013
4182034500,경기도 가평군 조종면,경기도,가평군,41820,988724.7584132984,1985256.9371840477,False,True,가평군,경기,1555,732,260,31.984517344935238,21.127417226491787,21.127417226491787,89.86092996694931,82.95308913388116
4182035000,경기도 가평군 북면,경기도,가평군,41820,999516.8138399197,1993818.51552837,False,True,가평군,경기,874,483,195,21.999358253930016,14.056371482162643,14.056371482162643,61.66547637270863,55.843025531049676
4183025000,경기도 양평군 양평읍,경기도,양평군,41830,1001212.9626201352,1943794.7836495193,False,True,양평군,경기,4742,2389,793,99.93071150112098,116.19532992676235,116.19532992676235,281.18941917265226,363.9824397541944
4183031000,경기도 양평군 강상면,경기도,양평군,41830,997119.4529513892,1940221.6931947987,False,True,양평군,경기,1677,808,274,34.39250623619958,39.9881528942304,39.9881528942304,96.72209853530599,125.17105263795045
4183032000,경기도 양평군 강하면,경기도,양평군,41830,992166.7847557587,1941010.7655375218,False,True,양평군,경기,1229,557,170,22.821054207124536,26.520234419727593,26.520234419727593,64.30343136776769,83.05581814231508
4183033000,경기도 양평군 양서면,경기도,양평군,41830,989290.9816774745,1949110.7160121482,False,True,양평군,경기,2628,1342,452,56.4071616104014,65.59338026607705,65.59338026607705,158.6792329896654,205.46480158938323
4183034000,경기도 양평군 옥천면,경기도,양평군,41830,998803.6387227649,1950280.4091996234,False,True,양평군,경기,1567,751,265,32.61422330741918,37.92494272410099,37.92494272410099,91.64620043216216,118.65065025035938
4183035000,경기도 양평군 서종면,경기도,양평군,41830,991739.3760767098,1956653.1389744862,False,True,양평군,경기,1916,842,267,35.29497057604638,41.017586544373245,41.017586544373245,99.36717580256253,128.3561095133586
4183036000,경기도 양평군 단월면,경기도,양평군,41830,1011988.8432492402,1953722.0653366111,False,True,양평군,경기,920,489,195,22.24563812255932,25.88514771999109,25.88514771999109,62.36761676503541,80.94631266514311
4183037000,경기도 양평군 청운면,경기도,양평군,41830,1022299.686472847,1949901.4947862914,False,True,양평군,경기,955,536,254,26.620027445231244,30.995930490920784,30.995930490920784,74.37215217461755,96.76389999707897
4183038000,경기도 양평군 양동면,경기도,양평군,41830,1021421.2997273402,1938208.620096728,False,True,양평군,경기,1115,579,278,29.253945707249187,34.05827141240002,34.05827141240002,81.70193156408698,106.2417309350337
4183039500,경기도 양평군 지평면,경기도,양평군,41830,1013365.5933148215,1938851.791002217,False,True,양평군,경기,1592,874,391,42.132955737746514,49.047724224785526,49.047724224785526,117.84926844076378,153.20199711914154
4183040000,경기도 양평군 용문면,경기도,양평군,41830,1007787.9163635185,1946723.6758387724,False,True,양평군,경기,3125,1793,650,76.82954590514066,89.3887004887606,89.3887004887606,215.8571043177435,280.06354046651745
4183041000,경기도 양평군 개군면,경기도,양평군,41830,1004352.8547530472,1937880.637349354,False,True,양평군,경기,1123,585,238,26.97145015948705,31.384598887870347,31.384598887870347,75.58304033523281,98.10164692952405
4145056000,경기도 하남시 덕풍3동,경기도,하남시,41450,973906.2913600688,1950249.043489248,False,True,하남시,경기,3158,1535,439,60.349820854107165,78.37437368545088,78.37437368545088,170.3069776674384,228.5696926636739
4145058500,경기도 하남시 위례동,경기도,하남시,41450,970115.6628759723,1942227.64703436,False,True,하남시,경기,2259,715,197,30.31609321426148,39.48422851949964,39.48422851949964,85.46710397055841,113.71534295672824
4113162500,경기도 성남시수정구 위례동,경기도,성남시수정구,41131,968760.1186590248,1941033.6235886,False,True,성남시,경기,4356,1569,518,69.64446842047008,105.88726915312029,105.88726915312029,195.7985241709701,267.7535186132033
4111367000,경기도 수원시권선구 권선1동,경기도,수원시권선구,41113,958070.2500869292,1917815.214897816,False,True,수원시,경기,2238,862,280,37.46433152052709,57.08750478904254,57.08750478904254,105.38220836502538,164.8126342412117
2826053900,인천광역시 서구 청라3동,인천광역시,서구,28260,922088.0067380081,1948594.3433685391,False,True,서구,인천,1642,466,163,22.40712190625888,34.39167440171873,34.39167440171873,62.880145517878205,107.79366754512868
4161037000,경기도 광주시 남한산성면,경기도,광주시,41610,976481.3332012072,1940029.2419446383,False,True,광주시,경기,430,254,114,12.156669024937274,20.822975826498947,20.822975826498947,34.00405808882802,57.69775824602514
4111758500,경기도 수원시영통구 영통3동,경기도,수원시영통구,41117,962020.4519019166,1917067.2049422988,False,True,수원시,경기,1629,697,295,33.80175663949954,51.07000481286049,51.07000481286049,94.61586681761352,147.0773542808272
4159051500,경기도 화성시 새솔동,경기도,화성시,41590,939756.1172517553,1920504.3456578343,False,True,화성시,경기,1065,275,98,13.655081664238669,17.387614973672374,17.387614973672374,38.29516589347213,56.58731173101323
4159059000,경기도 화성시 동탄5동,경기도,화성시,41590,966601.4490177279,1912344.1348570401,False,True,화성시,경기,2395,1031,281,40.62546492044429,52.38395163576614,52.38395163576614,114.70220617361413,171.49390760157297
4159058800,경기도 화성시 동탄4동,경기도,화성시,41590,965556.6935016171,1910834.311003601,False,True,화성시,경기,1563,521,160,22.798059418179548,29.2187572494733,29.2187572494733,64.16247136820753,95.37816532360274
4139059700,경기도 시흥시 배곧2동,경기도,시흥시,41390,930615.5499839404,1929643.9363613212,False,True,시흥시,경기,1197,351,112,16.096757049077326,21.31923215616355,21.31923215616355,45.24958934899095,66.69231743711104
2820065000,인천광역시 남동구 장수서창동,인천광역시,남동구,28200,934596.4248854782,1939358.5993567822,False,True,남동구,인천,2420,1068,322,43.73361938586538,72.64015318490164,72.64015318490164,123.24820847124859,216.36019292507072
2818583000,인천광역시 연수구 송도2동,인천광역시,연수구,28185,923866.8398031989,1933827.0791763419,False,True,연수구,인천,1706,623,231,29.0936112104152,32.868694627129436,32.868694627129436,81.61819766178814,103.41475644565902
4111759600,경기도 수원시영통구 망포2동,경기도,수원시영통구,41117,959869.6513624497,1915779.9138541187,False,True,수원시,경기,1274,477,160,21.154825100507157,32.19681342652225,32.19681342652225,59.46417377909498,92.91070080582647
4159061000,경기도 화성시 동탄7동,경기도,화성시,41590,965581.3912310536,1908087.0705080729,False,True,화성시,경기,2538,777,210,32.9798562236849,42.3007989354346,42.3007989354346,92.99331589788989,137.91712034321304
4157057500,경기도 김포시 마산동,경기도,김포시,41570,924260.5673540345,1960333.0604930473,False,True,김포시,경기,2772,1439,340,51.64647254763683,57.707998148283274,57.707998148283274,146.33166139222286,188.67840900223925
4122063500,경기도 평택시 용이동,경기도,평택시,41220,967993.1924792564,1889237.1985439928,False,True,평택시,경기,1106,444,146,19.24635265914447,23.797237931741744,23.797237931741744,54.13173609468842,77.52396703203252
4159062000,경기도 화성시 동탄8동,경기도,화성시,41590,965530.703431125,1906316.4210571023,False,True,화성시,경기,1476,442,146,20.46231225533157,26.148635816769684,26.148635816769684,57.491110949228,85.25050806636142
1153078000,서울특별시 구로구 오류2동,서울특별시,구로구,11530,941507.2004864977,1943097.7992637982,True,True,구로구,서울,4471,2693,702,98.18304443141469,116.47628874338145,114.63866956969267,277.7910608018507,309.21123443448755
4115057800,경기도 의정부시 송산3동,경기도,의정부시,41150,966186.4521708054,1972773.7369097022,False,True,의정부시,경기,3308,1541,495,64.30751369304201,78.1791796493531,78.1791796493531,181.03229715620222,254.50090288725073
4146351600,경기도 용인시기흥구 영덕1동,경기도,용인시기흥구,41463,962857.7015808981,1919687.881599686,False,True,용인시,경기,2456,1052,346,45.051825478718435,68.18958454213538,68.18958454213538,126.73547613132895,183.70130582162005
4146353000,경기도 용인시기흥구 상갈동,경기도,용인시기흥구,41463,965505.120425894,1918597.250807519,False,True,용인시,경기,1138,804,239,30.415252002211194,46.071123751009935,46.071123751009935,85.85521800762595,124.7316973163405
4146357500,경기도 용인시기흥구 동백2동,경기도,용인시기흥구,41463,969997.3551983532,1918689.435174302,False,True,용인시,경기,1838,1171,335,44.12100895282143,66.88703294009093,66.88703294009093,124.61182200835398,180.94047663747705
4146357200,경기도 용인시기흥구 동백1동,경기도,용인시기흥구,41463,970267.7643617006,1920830.7413409848,False,True,용인시,경기,2005,1369,438,53.87917369328211,81.5124462409741,81.5124462409741,151.83537705318906,220.58697156552554
4145058200,경기도 하남시 감일동,경기도,하남시,41450,970140.0695154237,1944805.3176098955,False,True,하남시,경기,2474,993,325,42.954058979384044,55.86089462314167,55.86089462314167,120.82218569841106,161.98593081924872
2818586000,인천광역시 연수구 송도5동,인천광역시,연수구,28185,921860.4556664203,1936012.4820893144,False,True,연수구,인천,2293,540,168,26.026513124859868,28.80550542511381,28.80550542511381,73.12844246041071,91.37550618882301
4161054000,경기도 광주시 쌍령동,경기도,광주시,41610,979740.7908454915,1933731.3203301888,False,True,광주시,경기,1783,708,168,26.865517901818894,45.50446518204555,45.50446518204555,76.02114473380425,127.96825262147817
4161052000,경기도 광주시 송정동,경기도,광주시,41610,978993.8251954552,1936232.9163659036,False,True,광주시,경기,2605,1135,294,43.69604511151719,74.22939376641405,74.22939376641405,123.49713475919262,208.3424099948959
4161056000,경기도 광주시 광남1동,경기도,광주시,41610,973917.6624192613,1933289.8762964592,False,True,광주시,경기,3770,1540,401,60.20680752224276,102.10964987262466,102.10964987262466,170.09848679044666,286.5862120060653
2826074000,인천광역시 서구 아라동,인천광역시,서구,28260,930373.6002070378,1954921.2340208231,False,True,서구,인천,3180,938,273,41.374210345960364,63.968635695683375,63.968635695683375,116.49527957944754,200.35047321414226
1174051500,서울특별시 강동구 강일동,서울특별시,강동구,11740,971159.0164421528,1952228.2722824088,True,True,강동구,서울,4096,1788,579,75.7630418011142,101.1847142037706,99.11101735909341,213.20618702135098,252.09041599045523
2811061500,인천광역시 중구 개항동,인천광역시,중구,28110,921132.7075202569,1942249.5779806832,False,True,중구,인천,1189,733,221,28.426064440857786,45.008688215593814,45.008688215593814,80.18833260832884,134.00011801580237
4141061000,경기도 군포시 대야동,경기도,군포시,41410,946850.7269065022,1926366.9390278673,False,True,군포시,경기,1126,538,196,23.74539537724136,28.806996235979625,28.806996235979625,66.68120529310187,81.14222006005416
4141052000,경기도 군포시 군포2동,경기도,군포시,41410,950295.8562674146,1927108.2387093438,False,True,군포시,경기,4002,1729,596,75.5687149775161,91.47758095703583,91.47758095703583,212.39177174968341,257.745070878009
4141063000,경기도 군포시 송부동,경기도,군포시,41410,949403.3267574026,1924874.8239378992,False,True,군포시,경기,1789,689,202,28.63719520005754,34.53560061447637,34.53560061447637,80.7087295391989,97.36051728363302
4148039000,경기도 파주시 장단면,경기도,파주시,41480,933331.6862601138,1991458.8348385957,False,True,파주시,경기,114,108,35,4.128492892329454,4.860663332454305,4.860663332454305,11.638458287222932,14.818249074333503
4180033000,경기도 연천군 백학면,경기도,연천군,41800,947931.7689624765,2003676.6472092,False,True,연천군,경기,528,373,133,15.438380494567891,11.205980964867095,11.205980964867095,43.40745117413715,33.17600936673952
4139059600,경기도 시흥시 배곧1동,경기도,시흥시,41390,931877.8755649854,1931141.0066132152,False,True,시흥시,경기,1534,477,159,21.970654764919075,29.071026614335935,29.071026614335935,61.72713426906197,91.01794638142333
4146152500,경기도 용인시처인구 역북동,경기도,용인시처인구,41461,972191.1906834894,1915893.828968492,False,True,용인시,경기,2439,1116,314,44.048046360994476,66.83425317697774,66.83425317697774,124.31740343791049,180.18960082872394
4146554000,경기도 용인시수지구 죽전1동,경기도,용인시수지구,41465,967146.6668861252,1926056.3177759652,False,True,용인시,경기,2476,1681,578,68.61723503921212,103.67946024609967,103.67946024609967,193.06573430520717,280.5187937840243
4146557000,경기도 용인시수지구 상현1동,경기도,용인시수지구,41465,962638.0833757598,1923184.229780044,False,True,용인시,경기,1544,1159,341,43.30809705648305,65.60630038190158,65.60630038190158,122.29379196051957,177.71206637701619
4122062000,경기도 평택시 비전1동,경기도,평택시,41220,966542.2502602576,1890794.6895671736,False,True,평택시,경기,3519,1632,586,71.86509334864382,88.1028117047146,88.1028117047146,201.85468036993632,288.18829356625463
4122051000,경기도 평택시 중앙동,경기도,평택시,41220,961343.4840126397,1895111.162658826,False,True,평택시,경기,3641,1906,639,79.62745575238333,97.71709188432241,97.71709188432241,224.0353864875765,320.62188711586964
4122066000,경기도 평택시 고덕동,경기도,평택시,41220,959034.6759698285,1893919.5277384196,False,True,평택시,경기,1380,427,137,19.370444404867467,24.160952522494007,24.160952522494007,54.457945067777096,78.05438431789814
4122064000,경기도 평택시 세교동,경기도,평택시,41220,962102.595292572,1890686.1943692518,False,True,평택시,경기,2558,1170,419,51.57282631283976,63.25609080543139,63.25609080543139,144.8606383037252,206.83870443852447
4122060000,경기도 평택시 원평동,경기도,평택시,41220,961839.8416134907,1888488.7123321528,False,True,평택시,경기,1381,756,253,31.343526169850463,38.43011644155084,38.43011644155084,88.19930054210731,126.23114915924648
4122061000,경기도 평택시 통복동,경기도,평택시,41220,963252.7199487584,1889110.7615668632,False,True,평택시,경기,619,338,117,14.251909233676976,17.442497145294045,17.442497145294045,40.07592594427197,57.28715978591336
4121065000,경기도 광명시 소하2동,경기도,광명시,41210,944850.9176080327,1937478.1319537705,False,True,광명시,경기,3339,1649,474,64.795335251572,60.016485461917384,60.016485461917384,182.84341161002862,186.12149435929132
4115051000,경기도 의정부시 의정부1동,경기도,의정부시,41150,960272.8873137042,1971380.8288552442,False,True,의정부시,경기,4007,1991,645,82.51422473598029,100.03363784643287,100.03363784643287,232.2883935597681,326.06710860021644
4128157600,경기도 고양시덕양구 삼송1동,경기도,고양시덕양구,41281,947402.0767397173,1962761.1109114904,False,True,고양시,경기,1763,858,256,34.3628816991368,40.940089306737825,40.940089306737825,96.89049145392345,124.26813938224063
4128157700,경기도 고양시덕양구 삼송2동,경기도,고양시덕양구,41281,944899.876489663,1961543.2653794247,False,True,고양시,경기,2763,1646,495,64.06973476152257,76.14312275267932,76.14312275267932,180.73034425502937,231.70606158391234
4128165600,경기도 고양시덕양구 행신4동,경기도,고양시덕양구,41281,942497.5939469942,1958025.5268470272,False,True,고양시,경기,2235,1105,459,51.89619766416764,60.42083813754287,60.42083813754287,145.3558494583931,184.48978354921616
4128552500,경기도 고양시일산동구 중산1동,경기도,고양시일산동구,41285,936760.9392657939,1965942.5052986674,False,True,고양시,경기,2442,1304,681,68.94660976586374,78.92575353938325,78.92575353938325,192.23627461075202,242.17059463761404
4128754600,경기도 고양시일산서구 탄현2동,경기도,고양시일산서구,41287,935700.277751142,1967004.441808764,False,True,고양시,경기,1535,912,330,38.85814609982639,45.588082566309225,45.588082566309225,109.18611787148859,139.15270676519972
4128760000,경기도 고양시일산서구 덕이동,경기도,고양시일산서구,41287,933323.1659278867,1966514.1126492766,False,True,고양시,경기,2685,1241,456,55.30199766170025,64.99107275504564,64.99107275504564,155.259125643242,197.85322959997592
4161059000,경기도 광주시 오포2동,경기도,광주시,41610,978817.3132273906,1929935.380079557,False,True,광주시,경기,3056,1456,426,58.02356311941795,98.83699757214148,98.83699757214148,163.65740149396473,276.63985369448744
4161058000,경기도 광주시 오포1동,경기도,광주시,41610,974567.767223054,1928985.496942837,False,True,광주시,경기,2442,1033,318,43.03494134155442,73.11867417792712,73.11867417792712,121.21322343495393,204.46632069436114
4161060000,경기도 광주시 신현동,경기도,광주시,41610,970003.2170570679,1929529.1124909562,False,True,광주시,경기,3546,1462,412,58.92525494346359,100.00459687721728,100.00459687721728,166.23672680880367,280.1997094123591
4148058000,경기도 파주시 운정4동,경기도,파주시,41480,936200.376983747,1969668.0369695402,False,True,파주시,경기,1893,1058,351,43.546693731273194,51.5067191095751,51.5067191095751,122.56672677672589,156.82131778112557
4148060000,경기도 파주시 운정6동,경기도,파주시,41480,931460.1705155551,1968637.9389187193,False,True,파주시,경기,1175,543,151,21.285698277501524,25.51305444625607,25.51305444625607,60.090798235136816,77.5725186434071
4148054000,경기도 파주시 교하동,경기도,파주시,41480,930332.2359090595,1970831.759618539,False,True,파주시,경기,1107,566,241,26.80842294773519,31.270014959410247,31.270014959410247,75.05380052514803,95.28031257906697
4159063000,경기도 화성시 동탄9동,경기도,화성시,41590,967950.7039667857,1909506.5557285293,False,True,화성시,경기,1682,484,132,20.95523965099151,26.84425119440713,26.84425119440713,59.0610049369467,87.45085121975708
4139059200,경기도 시흥시 정왕2동,경기도,시흥시,41390,931057.219315158,1927158.447976621,False,True,시흥시,경기,1779,889,330,39.33002888332102,52.08809055758512,52.08809055758512,110.41439345795203,163.60781423439323
4163057000,경기도 양주시 옥정1동,경기도,양주시,41630,964885.4223567686,1981969.17620648,False,True,양주시,경기,2636,1210,301,45.362132398582446,71.01543073242777,71.01543073242777,128.33248983539968,232.61434337984826
4137054600,경기도 오산시 신장2동,경기도,오산시,41370,961401.3380794841,1908418.8386383336,False,True,오산시,경기,1871,831,255,34.255727669375574,69.8407749100686,69.8407749100686,96.50672205781186,190.94148550781995
4137052600,경기도 오산시 대원2동,경기도,오산시,41370,963356.7343118868,1904584.715782287,False,True,오산시,경기,1327,679,168,24.88802413692413,51.40185595183486,51.40185595183486,70.44841030753575,140.94484438668184
4119253000,경기도 부천시원미구 심곡3동,경기도,부천시원미구,41192,935878.5474299606,1943627.9599239016,False,True,부천시,경기,1421,580,161,23.27773002678793,28.691722539705303,28.691722539705303,65.6860696753323,90.58924108663527
4119254000,경기도 부천시원미구 원미1동,경기도,부천시원미구,41192,937520.7503137848,1944347.2552915148,False,True,부천시,경기,2132,878,254,35.79028163561339,44.13522851918877,44.13522851918877,100.91882334231167,139.27773895463693
4119267000,경기도 부천시원미구 상동,경기도,부천시원미구,41192,934525.6630786437,1943822.9565124908,False,True,부천시,경기,2276,988,373,45.09188483042729,55.763603617093835,55.763603617093835,126.50809466640732,175.3613851059517
4119266000,경기도 부천시원미구 중4동,경기도,부천시원미구,41192,934886.4658350131,1945745.5639968945,False,True,부천시,경기,1979,833,274,35.790346667924936,44.19400542709103,44.19400542709103,100.67659575835668,139.23041518318863
4119268000,경기도 부천시원미구 상1동,경기도,부천시원미구,41192,933826.2219360052,1943991.1409930354,False,True,부천시,경기,2647,978,337,44.02876034499372,54.2553873129026,54.2553873129026,123.6925743828537,170.71558050222984
4119459000,경기도 부천시소사구 송내1동,경기도,부천시소사구,41194,934296.9911161698,1942976.4608307004,False,True,부천시,경기,2732,1111,318,45.199035631646545,55.7200000458441,55.7200000458441,127.4687980106075,175.84974270429262
4119453000,경기도 부천시소사구 소사본동,경기도,부천시소사구,41194,937461.739277419,1941923.2902442724,False,True,부천시,경기,3500,1618,466,64.38570412598806,79.5642717261317,79.5642717261317,181.64011514121205,251.24306416039238
4119457000,경기도 부천시소사구 괴안동,경기도,부천시소사구,41194,938690.5257440663,1942397.344136066,False,True,부천시,경기,2453,1071,503,54.75391531591533,67.82127337696731,67.82127337696731,152.95418385566455,212.62505088508306
4119655000,경기도 부천시오정구 고강1동,경기도,부천시오정구,41196,939102.7807857839,1948580.0225248707,False,True,부천시,경기,1656,747,266,32.91317093662582,40.71213401084546,40.71213401084546,92.45572356323393,128.1549313110667
4119657000,경기도 부천시오정구 신흥동,경기도,부천시오정구,41196,935668.0255109032,1947336.3519971946,False,True,부천시,경기,2025,833,213,32.28413525863297,39.775532882351456,39.775532882351456,91.2439070881064,125.72897692023867
4119251000,경기도 부천시원미구 심곡1동,경기도,부천시원미구,41192,936516.3411933625,1943917.2293056159,False,True,부천시,경기,1488,605,190,25.62449374660349,31.610532333477746,31.610532333477746,72.13740776129671,99.63469384436023
4119252000,경기도 부천시원미구 심곡2동,경기도,부천시원미구,41192,936711.2147938295,1943271.2784330053,False,True,부천시,경기,1900,828,273,35.38810253501142,43.72485558658122,43.72485558658122,99.55057564737581,137.76934968702824
4119256000,경기도 부천시원미구 소사동,경기도,부천시원미구,41192,937685.1901505297,1943197.0113850639,False,True,부천시,경기,1092,537,168,21.93510424749111,27.14888602980688,27.14888602980688,61.79194655654507,85.65119413906893
4119255000,경기도 부천시원미구 원미2동,경기도,부천시원미구,41192,937282.9422719165,1943737.4902763336,False,True,부천시,경기,1840,811,239,32.88658618234669,40.61091355373503,40.61091355373503,92.72040698302044,128.1672246303791
4119260000,경기도 부천시원미구 도당동,경기도,부천시원미구,41192,936851.34848627,1946249.3678323454,False,True,부천시,경기,2337,908,282,38.61800146339047,47.59451251025169,47.59451251025169,108.72305222101544,150.00423571749775
4119258000,경기도 부천시원미구 역곡2동,경기도,부천시원미구,41192,938463.8986806192,1943379.1705820512,False,True,부천시,경기,2212,1049,292,40.943178936319235,50.60715514373447,50.60715514373447,115.59347781142947,159.90150087415395
4119259000,경기도 부천시원미구 춘의동,경기도,부천시원미구,41192,938335.4300455867,1945027.4972191064,False,True,부천시,경기,1755,816,264,34.176831865126914,42.269829962060285,42.269829962060285,96.19704477452076,133.258673958934
4119257000,경기도 부천시원미구 역곡1동,경기도,부천시원미구,41192,939021.2010786382,1943912.6382564616,False,True,부천시,경기,2254,1093,308,42.71466355902971,52.82132072360446,52.82132072360446,120.57504490762261,166.88630844188378
4119262000,경기도 부천시원미구 중동,경기도,부천시원미구,41192,935214.259472355,1943789.20335627,False,True,부천시,경기,2557,935,328,42.53093506579937,52.4069719222132,52.4069719222132,119.44057784725618,164.85181136168183
4119261000,경기도 부천시원미구 약대동,경기도,부천시원미구,41192,935422.010074136,1946259.3454969288,False,True,부천시,경기,1787,557,182,25.420990570813935,31.20337475564429,31.20337475564429,71.44705298640554,98.16406520314874
4119263000,경기도 부천시원미구 중1동,경기도,부천시원미구,41192,935133.9301256293,1944856.7279699575,False,True,부천시,경기,3456,1096,397,52.15114708405605,64.09841165777785,64.09841165777785,146.30919158637602,201.40519513741123
4119265000,경기도 부천시원미구 중3동,경기도,부천시원미구,41192,935726.648656142,1945531.546049022,False,True,부천시,경기,2385,1103,415,49.73021098682988,61.56140692440695,61.56140692440695,139.55028744040396,193.65004877747367
4119264000,경기도 부천시원미구 중2동,경기도,부천시원미구,41192,936022.2830593174,1944425.2533075635,False,True,부천시,경기,3537,1213,452,57.505840915275996,70.80815301024975,70.80815301024975,161.28299213801745,222.48967463964829
4119270000,경기도 부천시원미구 상3동,경기도,부천시원미구,41192,933898.4938602282,1945984.4130323895,False,True,부천시,경기,2160,737,281,35.35905441026216,43.54280536892712,43.54280536892712,99.12548866764209,136.77344536618023
4119269000,경기도 부천시원미구 상2동,경기도,부천시원미구,41192,933571.4772447399,1944686.2551123614,False,True,부천시,경기,1951,726,308,36.108100581261446,44.57618448800514,44.57618448800514,101.04065124714762,139.87016881511278
4119460000,경기도 부천시소사구 송내2동,경기도,부천시소사구,41194,935329.1474088646,1942533.5219934233,False,True,부천시,경기,2912,1171,403,51.820241822078074,63.95649649098159,63.95649649098159,145.62072407450984,201.32254008430496
4119451000,경기도 부천시소사구 심곡본1동,경기도,부천시소사구,41194,935971.5940456804,1942343.4229078982,False,True,부천시,경기,2347,1130,345,45.81180950667523,56.672398579288654,56.672398579288654,129.10851413296328,178.8408201121449
4119452000,경기도 부천시소사구 심곡본동,경기도,부천시소사구,41194,936596.0270262377,1942375.1796003105,False,True,부천시,경기,2263,1153,343,45.75887228332917,56.65130390856024,56.65130390856024,129.04898358859614,178.88682719075888
4119454000,경기도 부천시소사구 소사본1동,경기도,부천시소사구,41194,938136.2925044742,1941589.2381269347,False,True,부천시,경기,3969,1593,473,66.00522652848383,81.37074637978355,81.37074637978355,186.0072357521076,256.6564931901538
4119455000,경기도 부천시소사구 범박동,경기도,부천시소사구,41194,938878.1213307122,1941312.4237771323,False,True,부천시,경기,2449,879,281,38.493881364996476,47.378919333522546,47.378919333522546,108.28552880930842,149.20629058764467
4119458000,경기도 부천시소사구 역곡3동,경기도,부천시소사구,41194,939515.3430471803,1942834.2465817237,False,True,부천시,경기,3050,1490,446,59.721225916740195,73.88840264013342,73.88840264013342,168.38273158447458,233.2513675481116
4119456000,경기도 부천시소사구 옥길동,경기도,부천시소사구,41194,940057.5822070746,1941152.4998529227,False,True,부천시,경기,2288,958,260,37.89353258899356,46.72240332954996,46.72240332954996,106.9858378579473,147.58374801535803
4119654000,경기도 부천시오정구 고강본동,경기도,부천시오정구,41196,940000.8778997898,1947951.9710361727,False,True,부천시,경기,3228,1672,509,66.87215373082364,82.82356933692881,82.82356933692881,188.51375619154103,261.46041554408873
4119651000,경기도 부천시오정구 성곡동,경기도,부천시오정구,41196,938861.2690469958,1946264.0393674094,False,True,부천시,경기,4794,2017,729,90.60269059479012,111.95146850290456,111.95146850290456,254.39127320033958,352.2295954450475
4119656000,경기도 부천시오정구 오정동,경기도,부천시오정구,41196,936330.6880226269,1948832.1670286497,False,True,부천시,경기,2401,900,268,37.87156399873295,46.6265092147063,46.6265092147063,106.69232754952448,147.0087431022789
4119653000,경기도 부천시오정구 원종2동,경기도,부천시오정구,41196,938222.6737171664,1947582.0002582252,False,True,부천시,경기,2127,1042,337,43.251163993129055,53.53912525166032,53.53912525166032,121.75711130515046,168.82431587952607
4119652000,경기도 부천시오정구 원종1동,경기도,부천시오정구,41196,938511.560680421,1948128.3393173872,False,True,부천시,경기,2524,1099,391,48.69711187090242,60.20018360338231,60.20018360338231,136.78442060105857,189.47512589290295
4115063000,경기도 의정부시 고산동,경기도,의정부시,41150,965117.3804100255,1969452.8856780708,False,True,의정부시,경기,1689,638,223,28.784495818645716,35.127887167295825,35.127887167295825,80.84925152207164,113.85575516240347
2826071000,인천광역시 서구 당하동,인천광역시,서구,28260,927175.2459415329,1953956.043798492,False,True,서구,인천,2260,975,315,41.359010337129085,64.7613248878198,64.7613248878198,116.39036161650715,201.4956396621842
2826072000,인천광역시 서구 오류왕길동,인천광역시,서구,28260,922370.0529756851,1954227.944388329,False,True,서구,인천,2315,1023,399,47.31647219298654,73.59129833592664,73.59129833592664,132.66859919187172,229.01114818389271
2826073000,인천광역시 서구 마전동,인천광역시,서구,28260,927044.4794730779,1955532.5073121567,False,True,서구,인천,1704,801,266,33.896764089469706,53.179018271925315,53.179018271925315,95.36185822403988,165.26300226223748
2826051500,인천광역시 서구 검암경서동,인천광역시,서구,28260,925083.9168041364,1951644.5825193638,False,True,서구,인천,3743,1536,462,63.71614193720095,99.8550688366944,99.8550688366944,179.52624780538451,310.8746538489583
2811062200,인천광역시 중구 영종1동,인천광역시,중구,28110,916588.4218903702,1943487.4983554438,False,True,중구,인천,1904,831,186,30.22557047027518,47.33623694763352,47.33623694763352,85.6594694242578,142.92260039126546
2811062300,인천광역시 중구 영종2동,인천광역시,중구,28110,917686.5693520829,1944386.0576910027,False,True,중구,인천,1289,477,130,19.404779785261837,30.232521028772762,30.232521028772762,54.754058822364655,90.91419009402293
4129052000,경기도 과천시 갈현동,경기도,과천시,41290,954338.0183231464,1934740.231558312,False,True,과천시,경기,594,262,129,13.731177711609362,8.690930002376774,8.690930002376774,38.322660763865315,26.332280010028036
4129051500,경기도 과천시 원문동,경기도,과천시,41290,953728.8320335791,1935936.3140808179,False,True,과천시,경기,1209,601,223,26.60439180492265,16.986334254740253,16.986334254740253,74.68848148477284,50.63518358137521
