행정동코드,행정동,지역,수요_2024,A100_2024,부족_2024,수요_2029,A100_2029,부족_2029,수요_2034,A100_2034,부족_2034,견고한우선동,소수요,하락비율,하락속도_상위10%,새_하위10%,최근입주,인구변화_5년
1111053000,사직동,종로구,31.11594715766185,40.55492790379182,8.372268855473353,34.81046920222053,31.905666023026765,12.37719078506603,38.814201154968146,26.4862130444751,15.904272839366284,False,False,0.6530948127267828,False,False,False,-0.04339502233567327
1111054000,삼청동,종로구,9.612553671489955,54.247535744350486,1.2702099406381424,11.209507832930067,42.23701976297301,2.827552372525612,12.739046038626789,34.93176250583826,4.143992196392332,False,False,0.6439327063713888,False,False,False,-0.19626168224299068
1111055000,부암동,종로구,28.397811047437127,68.86380073836956,0.0,33.42752469044453,53.50813165506306,4.664302281997672,40.27961590626255,44.18848529923637,9.37432507385236,False,False,0.6416794429793273,False,False,False,-0.09786937475109514
1111056000,평창동,종로구,55.399014194339,78.73467964219091,0.0,63.468372567342264,60.91863371414501,4.152720306108518,76.14318761378901,50.09397947403676,13.224267183542205,False,False,0.6362378014578636,False,False,False,-0.07507764806683093
1111057000,무악동,종로구,21.85975931825048,52.05515253102144,3.367814432641384,27.572583656899138,40.712264377255245,7.375485586556515,32.255572657967356,33.698041507286355,10.890632234958634,False,False,0.6473526609532946,False,False,False,-0.09147393855712804
1111058000,교남동,종로구,22.973109292963763,37.26039831595392,6.938157273868586,29.372850207288995,29.38538578495027,11.184072182955605,36.196345119390564,24.41166870882272,15.582505175175447,False,False,0.6551639223451426,False,False,False,-0.09200376293508938
1111060000,가회동,종로구,13.018475694453647,50.756069006814776,2.1748067404961424,16.123342215362726,39.46636991356551,4.513768297100851,18.12922639070556,32.58948651935376,6.3220461387884885,False,False,0.6420805857714893,False,False,False,-0.13021549747822103
1111061500,종로1·2·3·4가동,종로구,22.64787099845976,44.12647782091915,5.284910540463942,29.328724691670384,34.32804733305248,9.71765125498942,35.78410249098787,28.29979995656695,14.013702096682664,False,False,0.6413337604559681,False,False,False,-0.08463008463008459
1111063000,종로5·6가동,종로구,14.356676381710088,47.07527965255798,2.926799415278155,19.32763703780858,36.26551411842191,6.0294681027847545,23.381977030505855,29.67881439161936,8.834364494852997,False,False,0.6304543405937402,False,False,False,0.019976949673453648
1111064000,이화동,종로구,20.329870459237725,52.500827312628715,3.0415076567517048,25.317785552499245,40.40730331164523,6.8495512463617665,29.05331481329643,33.111285298917196,9.9799078557816,False,False,0.6306812100645222,False,False,False,-0.12176426237748172
1111067000,창신1동,종로구,15.169242028039159,53.78700832824461,2.0743333618198343,20.374400131319977,41.27986274644668,5.334373863348479,25.615481997437488,33.697231376594395,8.648908222894262,False,False,0.6264938769405273,False,False,False,-0.1536571536571537
1111068000,창신2동,종로구,24.024571541709708,52.972864228713256,3.48085899490537,32.22947105473985,40.6638195247359,8.636785992510807,40.313974341907944,33.22520380686212,13.802055843151496,False,False,0.627211767583691,False,False,False,-0.1422299248989024
1111069000,창신3동,종로구,17.779249274431287,56.63791488718771,1.9243716619807136,23.009492711953854,43.38967371811359,5.538830330151127,28.453492496133048,35.42692312060481,9.114987110832018,False,False,0.6254983643230637,False,False,False,-0.11924686192468614
1111070000,숭인1동,종로구,17.298970693738365,58.7760019539492,1.5025207195960952,22.858807570467672,44.99074793943144,5.136571024212158,27.494441231350816,36.69943116829389,8.457889067738707,False,False,0.6243948201350574,False,False,False,-0.08030012771392081
1111071000,숭인2동,종로구,20.463725618760698,59.83411668621065,1.5608692194959073,29.242854189925858,45.78275780538045,6.339515017532198,37.13639378737996,37.31151405130647,11.196658206654819,False,False,0.6235825999902371,False,False,False,0.05894692678833646
1111051500,청운효자동,종로구,33.83727099664482,53.616838808573654,4.6846926082979135,40.69140511285647,41.88812793333992,10.406209022520759,46.81134418652934,34.690996365396316,15.340364548774835,False,False,0.647016816661877,False,False,False,-0.13254695017848828
1111065000,혜화동,종로구,43.29171997294918,59.310026935665675,3.528960336234489,52.405260605412266,45.79548657555101,11.354188229000732,58.41919146519396,37.65522512285098,17.412648810926907,False,False,0.6348880125058124,False,False,False,-0.06194429723841488
1114052000,소공동,중구,3.452100539202879,31.056052311988452,1.256756439106535,4.5671276455820164,24.558009253009185,1.9594621919572448,5.884289212643787,20.384912453773712,2.770129011277232,False,False,0.6563909749052232,False,False,False,0.06553398058252435
1114054000,회현동,중구,17.143753810405304,29.310050997599614,6.540609279975658,20.946338160771845,23.224716961498597,9.266009121859215,25.314239402217574,19.258731488438126,12.202191961480036,False,False,0.6570691907023753,False,False,False,-0.1759364358683314
1114055000,명동,중구,9.865920306664426,33.927678159074034,3.3084309507023315,12.08613588977507,26.649430104069815,4.932615472292139,14.569940947885913,22.01388962394832,6.621705961266981,False,False,0.6488475138420474,False,False,False,-0.08516678495386798
1114057000,필동,중구,12.98072884791781,36.05731703601424,4.076506063086682,15.47926048420496,28.197750203205512,6.0777550706898635,17.85988585111556,23.19701006951372,7.905606946876889,False,False,0.6433371081476867,False,False,False,0.06754082137555661
1114058000,장충동,중구,13.10482994860529,38.00676484981139,3.860007314874824,16.000958682348802,29.54004470860438,6.067813928430078,18.260227577121526,24.209946767237938,7.897852062391659,False,False,0.6369904637478788,False,False,False,-0.03679424825544508
1114059000,광희동,중구,13.695405358846683,42.947399359431024,3.357320461645818,19.15698712163793,33.21340413248363,6.560924308957794,23.635016938253894,27.193996414269144,9.517257194800026,False,False,0.6331930878207527,False,False,False,0.16862110796603313
1114060500,을지로동,중구,6.08985732956865,39.60500535429667,1.6964274548389353,8.104891391928687,30.7609121355912,2.9745516687894824,9.816992285938042,25.254290990680467,4.143489211031996,False,False,0.6376540228883134,False,False,True,0.7392996108949417
1114065000,신당5동,중구,25.43242586301826,51.52634509089694,4.052724329902235,33.4866278526019,39.517818339525874,9.357433384075312,42.28736600616302,32.16634914263726,14.925435968357714,False,False,0.6242699552218003,False,False,False,-0.007042942384818507
1114067000,황학동,중구,26.85614326703462,55.11631896316169,3.315468937572623,35.32491717550183,42.23771914667924,8.91031840767014,45.13404478766812,34.40946436092748,14.91777003113794,False,False,0.6243062854746498,False,False,False,0.02387941293137641
1114068000,중림동,중구,30.9447925058464,29.12061652782352,11.864540747883394,38.64125791737517,23.129263647913138,17.130576136444542,47.12984761184309,19.228988348670754,22.73196089040639,False,False,0.6603221580249947,False,False,False,-0.047465618860510816
1114061500,신당동,중구,20.536478439401503,47.71866742928577,4.054505060212861,27.563327988199667,36.71556704854963,8.474632549191055,33.49570250836048,29.974049330606604,12.556721662249924,False,False,0.6281409550051896,False,False,False,-0.025283118251250958
1114062500,다산동,중구,39.115545243928246,39.325417488390826,11.005624951564972,51.47538608168295,30.441270457598517,19.05636249733819,62.51046428548049,24.873803680050077,26.621835203535078,False,False,0.632512132576673,False,False,False,-0.10114438429383954
1114063500,약수동,중구,61.116643107037234,37.32553481970539,18.41815726405189,73.7481755395157,28.89137665256692,28.444843092964977,85.87073945927933,23.545226020520307,37.71132331519624,False,False,0.6308074655661732,False,False,False,-0.08438674410659375
1114064500,청구동,중구,42.486337973025385,42.62832050397331,10.550755131061386,53.14169863458614,32.86168977832226,18.386985114322446,62.25389899970593,26.79433872574391,25.316961729995977,False,False,0.6285572222636934,False,False,False,-0.11280846063454764
1114066500,동화동,중구,30.05944810761202,46.87438903202521,6.18840488053278,37.30318512085085,36.038068393599296,11.7219817441551,44.717622054275886,29.36002617172469,17.038122069840735,False,False,0.6263553889025738,False,False,False,-0.09831281349749199
1117051000,후암동,용산구,43.769957413286356,28.861975191284056,16.895043538160504,54.21749461003961,22.863192712403876,24.180144266969762,64.69264597691917,18.926042277545754,31.398942734569303,False,False,0.6557431413516416,False,False,False,-0.11748739821636289
1117052000,용산2가동,용산구,30.861383056666828,27.35215491674903,12.378332448763754,37.17559787708259,21.604290701726022,17.047732467250626,42.68049211677947,17.798907086191402,21.19628582727203,False,False,0.6507314374448897,False,False,False,-0.16644562334217505
1117053000,남영동,용산구,18.623213535374674,28.820421140275208,7.196231037666137,24.840677192899573,22.863209075299597,11.078544705143031,32.22912340140714,18.933869151964327,15.640065349805635,False,False,0.6569601831912553,False,False,False,-0.13245625239494185
1117057000,원효로2동,용산구,36.290440049497974,24.101982058302667,15.735399635207491,43.017986177856145,19.112852711036176,20.79866155151351,52.52830719826884,15.82633337181555,27.123136514752563,False,False,0.6566403266557774,False,False,False,-0.07913718018508442
1117058000,효창동,용산구,23.812019379888753,28.142452878308827,9.362685216282852,29.801327426460016,22.368201778003343,13.438434109909807,35.866507299157036,18.56600603924595,17.537145216627806,False,False,0.6597152749807372,False,False,False,0.07253414264036429
1117059000,용문동,용산구,29.852939628132308,26.17637683341546,12.324855610265056,39.779758095486535,20.80886409405844,18.558349303332417,49.010804410046134,17.264514751284526,24.601999971105464,False,False,0.659545622419582,False,False,False,-0.10066309818646646
1117063000,이촌1동,용산구,73.75769097381148,18.32702951615956,36.24053173240994,83.77159060740192,14.290948549477605,44.54190849041874,93.14335635507858,11.6500309566291,51.98477757421243,True,False,0.6356748073307175,False,False,False,-0.12057764282183459
1117064000,이촌2동,용산구,25.021958007178096,23.185956112050633,11.078635420746677,30.734643813337538,18.146563765507796,15.156803680653024,37.23122249516391,14.879651161951063,19.576905934796144,False,False,0.6417527528320274,False,False,False,-0.131096196868009
1117065000,이태원1동,용산구,21.481803512827103,25.73170848419305,8.964335361724206,24.628422649772325,20.195650208745906,11.640860245974045,28.667303913513685,16.498168189281014,14.609844631233248,False,False,0.6411610095542554,False,False,False,-0.11987290583477761
1117066000,이태원2동,용산구,29.731494075527138,29.385816082619304,11.320502290964368,35.68347022015049,23.09596072769843,15.831203099884974,39.6175896925674,18.967172660300992,19.212327046672318,False,False,0.6454533237046773,False,False,False,-0.06910569105691056
1117069000,서빙고동,용산구,38.30734187931703,18.26723599750151,18.845056877605398,42.00649201019063,14.28118638903653,22.33923022305021,45.51640677695907,11.578549071655166,25.435961145108667,True,False,0.6338424200157493,False,False,False,-0.06321667907669393
1117070000,보광동,용산구,23.09251211238417,21.361698403888095,10.645627574534755,29.737146262884124,16.625076294018694,15.1173342613133,36.982185605091736,13.411650686850471,19.98885612117232,True,False,0.6278363467770608,False,False,False,-0.48327163033045384
1117055500,청파동,용산구,44.59490533113617,29.435117241891014,16.957878263552228,59.475341238029934,23.383740375394623,26.215463126054196,71.40107388910477,19.40665471162338,34.31175384034388,False,False,0.6593027828679587,False,False,False,-0.06087914288575147
1117056000,원효로1동,용산구,25.02856845909085,27.054261908729426,10.113380677000185,33.66069041327104,21.484381925696734,15.47625226480767,43.877409545756144,17.800477243074422,21.790018425079207,False,False,0.6579546432693791,False,False,False,0.07569796954314723
1117062500,한강로동,용산구,44.45510949555456,23.943073827923545,19.346212724053938,54.63632023075009,18.962399829578004,26.498183554284967,67.62698540963636,15.66670262639871,35.02733417545396,True,False,0.6543313001076521,False,False,False,0.171152983400628
1117068500,한남동,용산구,34.84155476023021,28.34321928718562,13.62945537880167,44.42360048934055,22.019999197293156,20.186799456939408,54.4561289942023,17.857666219678595,27.012387388150238,False,False,0.6300507376645216,False,False,False,-0.2925913280983271
1120052000,왕십리2동,성동구,35.432501853829436,53.2613303022787,5.031514221998957,46.602608771841794,40.768711609018496,12.439586816112216,58.90884979129245,33.109062126301104,20.23669058508588,False,False,0.6216341563080445,False,False,False,-0.08839433092378624
1120054000,마장동,성동구,54.66643285262851,64.3144826889089,1.7204220143696918,72.53526456783545,48.832284650945255,13.512830132007448,88.78012818223418,39.4695460301762,24.851389909585127,False,False,0.6136960818155311,False,False,False,-0.08746492048643595
1120055000,사근동,성동구,21.93928019024166,58.06389788214846,2.0617903031360414,28.963871014545887,43.99889890761896,6.795709258665679,34.03628863618999,35.358205126486205,10.926807405368155,False,False,0.6089533499499517,False,False,False,0.0256955670892538
1120056000,행당1동,성동구,30.176066132183486,55.25187874341779,3.6844164549353917,39.731464318347506,42.130838746752474,10.064286179290962,48.94741016583287,34.076982120583125,16.340910539967815,False,False,0.6167569844788807,False,False,False,-0.15319096407850885
1120057000,행당2동,성동구,55.727564344498354,50.36906328294103,9.525259741581015,72.53963424363035,38.56572898521427,20.960966102450044,90.59485988309893,31.279357223501837,32.779260834305916,False,False,0.6210033537410555,False,False,False,-0.08100682800694925
1120058000,응봉동,성동구,36.46889494406074,47.938849044462685,7.119735033664441,47.899985261987304,36.65313968916119,14.757252542118824,57.27480230305536,29.602617262342957,21.683663009801613,False,False,0.6175078845736763,False,False,False,-0.08385821909349145
1120059000,금호1가동,성동구,37.58852841688252,45.6341884229561,8.204606408182872,47.40550652122564,35.04369639128737,15.367875955632435,59.69105998067556,28.44729481298921,23.288058034810966,False,False,0.6233768101522522,False,False,False,-0.08088604417670686
1120062000,금호4가동,성동구,34.930965384186514,40.051147436579996,9.574739046583021,44.828875085518185,30.810884918873636,16.430107580918566,56.00652999513409,24.927003640561985,23.82215683958665,False,False,0.6223792634164422,False,False,False,-0.0727500164592797
1120065000,성수1가1동,성동구,28.803503824048647,40.46329744014787,7.776459872615422,39.821708240257706,30.826236797911793,14.588831266140142,53.89789665445216,24.657017978901795,23.070774550104943,False,False,0.6093674895224181,False,False,False,-0.1004742666432461
1120066000,성수1가2동,성동구,25.935158184210724,49.868248227007385,4.562866099505747,34.5672745135226,37.87016909322617,10.228954469150525,43.5445637969085,30.36585794454244,16.15318324135649,False,False,0.60892168913399,False,False,False,-0.20503161576752316
1120067000,성수2가1동,성동구,34.307500600943,38.006801590818576,10.105208431449855,48.730772804502536,28.632457787439808,18.921745746997253,64.09905776573862,22.605189589854366,28.75254256776751,False,False,0.5947669533790808,False,False,False,-0.17037548157092752
1120069000,성수2가3동,성동구,24.629650965886224,48.585487987080526,4.649122866784392,32.311738813253825,36.47334835042558,10.01284603461692,39.34918829609543,28.853448223951776,15.191998113728998,False,False,0.5938696804202988,False,False,False,-0.13305285301078096
1120072000,송정동,성동구,22.073933586691844,56.422587436777484,2.4367464188023735,30.654490712651416,42.14482562836325,7.76073118837283,40.64690744733667,33.25701250603211,13.903110919601854,False,False,0.589427284654345,False,False,False,-0.13598777637965132
1120079000,용답동,성동구,31.33493127220288,61.15535172110549,1.9760615691793104,40.84108583487842,45.92492567936027,8.795815562078534,49.2048492889779,36.561103913287276,15.204547247936514,False,False,0.5978398109787925,False,False,False,-0.0535477324174537
1120053500,왕십리도선동,성동구,54.77762290763676,59.1476378412485,4.554196093376664,72.18783036564668,45.16776832088301,16.093440317597786,88.61731030117669,36.677740969676876,27.279836378298803,False,False,0.6201049155694004,False,False,False,-0.04338442404067744
1120061500,금호2·3가동,성동구,54.299353896807595,41.7505851812792,13.960920134382276,71.95588045873517,32.14081930138778,25.41538563741459,88.15814537665692,26.10821036928553,36.456389803505616,False,False,0.6253375912199753,False,False,False,-0.09726481558226274
1120064500,옥수동,성동구,59.05460824514744,35.26934634437941,19.011014945161413,76.25282023118075,27.18477037624195,30.712225800744424,94.23263655954258,21.958503601025566,42.87877649023454,False,False,0.622594572255942,False,False,False,-0.05822944027227994
1121571000,화양동,광진구,31.29311362282799,45.36638194936741,6.914284690918831,40.48087937305558,33.70777132262654,13.66385055293813,50.24608631430254,26.321387828210657,20.671351336505875,False,False,0.5801958784720254,False,False,False,0.06216761415734462
1121573000,군자동,광진구,41.693484885545466,56.14942356180836,4.716444572039658,56.48136559985414,41.76949129277283,14.511259266008178,71.06428487570699,32.795786227432195,24.635019469141593,False,False,0.5840805505568749,False,False,False,-0.052813896279933714
1121574000,중곡1동,광진구,33.54474756874377,65.12049472252167,0.7853210727112573,45.56254157268794,48.33996710419927,8.712306307138505,58.615779365015385,37.97071549425052,17.28631741614686,False,False,0.5830839531555109,False,False,False,-0.05426162972213555
1121575000,중곡2동,광진구,41.68987138891133,62.17818618992054,2.2026524205755544,59.322714589399254,45.98864051183435,12.73834816032472,78.70653901570205,35.8899610860359,24.848951847957473,False,False,0.5772114512380853,False,False,False,-0.0885456423151183
1121576000,중곡3동,광진구,37.53152651711989,72.31307973034772,0.0,52.32030308793099,53.53313801468054,7.287418543912686,68.43115110273068,41.98005425346227,17.43732163591956,False,False,0.5805319647566393,False,False,False,-0.10182238935493204
1121577000,중곡4동,광진구,66.90878472015031,70.50000894762924,0.0,93.17291609278686,51.92665690072793,14.474368434566582,122.75587106845046,40.31442503216685,33.324762874971924,False,False,0.5718357434835835,False,False,False,-0.09214002642007924
1121578000,능동,광진구,20.615926538387637,52.19434876893339,3.1474872753696923,29.315793878701516,38.64097405282611,8.448998108715724,36.69489486304847,30.10559837338651,13.707749041097628,False,False,0.5767980458318444,False,False,False,-0.04470874207830544
1121585000,구의1동,광진구,44.64103781277031,45.399772886847394,9.848632865007446,59.34886147809049,33.53850926763901,20.13297381960634,75.992828958771,25.939813344761998,31.55358760152796,False,False,0.5713643856636325,False,False,False,0.02671602515498872
1121586000,구의2동,광진구,60.02558493920982,57.587009956180644,5.927286190822233,79.26097233790244,42.414495493129095,19.852586176050377,103.40208186257357,32.72481609146816,35.918567650159,False,False,0.5682673248076132,False,False,False,-0.08046101596936195
1121587000,구의3동,광진구,59.46275374293409,48.88547298370508,11.045882365367245,76.53733973001819,36.0421157480427,24.047644743547817,97.53753941911418,27.603085273065076,38.87702386786038,False,False,0.5646480148052566,False,False,False,-0.07336602942648385
1121581000,광장동,광진구,59.64057694541586,62.09609123095515,3.200026105662259,72.53463379956517,45.60203588665267,15.855761736131365,87.54309118606176,34.90671245884382,28.499563281373277,False,False,0.5621402533859117,False,False,False,-0.05906398598481688
1121582000,자양1동,광진구,47.73100492466057,41.45475604651467,12.413332545762874,65.84999737611038,30.69140221770754,24.21318059008309,82.96133405714298,23.700628862142974,36.30469340861948,False,False,0.5717227918444262,False,False,False,-0.05529834278049417
1121583000,자양2동,광진구,51.355121461427146,39.79206499413588,14.209728235215508,70.6954890726327,29.46263312017664,26.863562258191926,93.30231786682532,22.616446569380273,41.84157654973207,False,False,0.568365742584941,False,False,False,-0.11656877782350084
1121584000,자양3동,광진구,65.58270177281894,36.53460557767105,20.282764808910635,79.04820147941116,27.140045676154728,31.87347108255185,97.69641158134881,20.98540404271305,45.405585059224464,False,False,0.5743979909157347,False,False,False,-0.07489451476793252
1121584700,자양4동,광진구,50.18201213822034,35.54906832403938,16.014355331880427,68.32744780354761,26.560028973102607,27.947006147083634,86.51827096568479,20.7471901797163,40.416507965748615,False,False,0.5836212074701942,False,False,False,0.047128754909245396
1123071000,회기동,동대문구,22.98641664821384,80.30333856868688,0.0,28.735270701061122,60.467994276626754,2.0096342921925925,32.68014786051825,48.661164062741605,6.144013396862427,False,False,0.6059668866832931,False,False,False,0.0011618900077459138
1123072000,휘경1동,동대문구,30.24199843122685,86.91760709714072,0.0,39.17542913438115,64.97687490966857,0.9734054740123176,46.67464033372086,51.84320717008357,7.2898331555379565,False,False,0.5964638109760966,False,False,False,-0.02923479861258582
1123073000,휘경2동,동대문구,54.828963148491425,84.84232385414018,0.0,72.61448104337849,63.30870346112011,3.0156112339674177,90.97091238435982,50.39360285110149,15.526921456529006,False,False,0.5939677340490758,False,False,False,-0.009687704381948992
1123070500,청량리동,동대문구,76.97816328435425,75.01810011559493,0.0,98.48046164226261,56.72434125944772,10.574111420052525,116.8458354097133,45.84775523238634,25.254888688815,False,False,0.6111559098636171,False,False,False,-0.1351439182915506
1123053600,용신동,동대문구,88.26736267581566,67.57244658297252,0.0,116.0948967153025,51.435086372996544,18.60597557625402,141.4920966358864,41.7504956623325,36.37919416520989,False,False,0.6178627202889105,False,False,True,0.26658159091652767
1123054500,제기동,동대문구,77.45466485269138,72.08956204788257,0.0,100.60540872288988,54.71302248121708,12.825768167548569,119.84256099589476,44.35743278245693,27.68863718361261,False,False,0.6153100604633207,False,False,False,-0.09022257551669322
1123056000,전농1동,동대문구,82.88496774591263,73.31448576119676,0.0,106.23630695605618,55.301341253194,12.918619997353552,132.47387413652842,44.52130734966718,30.389907116876824,False,False,0.6072648111409249,False,False,False,0.07932715907975263
1123057000,전농2동,동대문구,52.2351462478309,77.73166794619344,0.0,69.79101553019606,58.25082040833106,6.428303308484602,84.247080496495,46.5677133138967,17.602497614887618,False,False,0.5990829033300982,False,False,False,-0.09983293676909832
1123061000,답십리2동,동대문구,77.4356924212949,71.10758726033507,0.0,104.40795045374344,53.31807599824205,14.76697354526881,127.37187201231892,42.547750452190535,31.73324877480076,False,False,0.5983573918267979,False,False,False,-0.09405710491367858
1123065000,장안1동,동대문구,81.82635337836945,68.3785380733903,0.0,114.86533359543485,51.031467805378526,18.87253717152382,151.90398791730453,40.42179835347848,41.074551594137,False,False,0.591147449073772,False,False,False,-0.03314173269121223
1123066000,장안2동,동대문구,66.64268202216974,78.7635570318119,0.0,92.38855613292725,58.602527033107066,8.184778461271538,122.5022401796759,46.385706941959945,25.81845288237976,False,False,0.5889234652419922,False,False,False,0.03279673613966283
1123074000,이문1동,동대문구,48.44055289573699,87.61894528547029,0.0,61.18151138380177,65.55545143250912,1.1662163703398274,70.45761439833183,52.35986327634543,10.640330185343853,False,False,0.5975860940319739,False,False,False,-0.09502495241035136
1123075000,이문2동,동대문구,54.688291183108014,90.18500124376064,0.0,73.82959705907777,67.18446957294503,0.2046113581481661,91.48654685211373,53.363807253947904,12.897592539621566,False,False,0.5917148807229166,False,False,False,-0.07837292047312239
1123060000,답십리1동,동대문구,55.86594762378628,68.25491604941632,0.0,74.7456471892936,51.484453954898676,11.942228382167508,94.31201155115612,41.37399854927775,24.603750738487744,False,False,0.606168770602884,False,False,False,-0.05655954888239689
1126052000,면목2동,중랑구,62.447579314249346,90.43256873069578,0.0,85.12487202664526,67.00040904345718,0.39259637533863895,109.34509833279198,52.87239322162512,15.952592984378771,False,False,0.5846609685397391,False,False,False,-0.09648987165610023
1126054000,면목4동,중랑구,47.245551449569625,79.28858537030257,0.0,69.05622959594704,58.53795095279916,6.16234219711373,89.36634557365218,45.82186768742376,19.33864653022591,False,False,0.5779125390296883,False,False,False,-0.10255132549332269
1126055000,면목5동,중랑구,29.63371920342256,87.389058344621,0.0,41.15213403981256,64.70585355691124,1.1340524166957424,54.780902505139785,50.97593500155778,9.031001323807264,False,False,0.5833217106028636,False,False,True,0.4677173360447382
1126057000,면목7동,중랑구,56.102141338464314,88.41853837380837,0.0,77.06699950458497,65.07394255360333,1.840103343389684,99.37726008861057,50.75658720289138,16.600993545856976,False,False,0.5740491545823456,False,False,False,-0.028622787610619427
1126058000,상봉1동,중랑구,51.40053199545865,101.08682005014116,0.0,71.44716397818826,74.54397908591964,0.0,93.45520122013853,58.41652426587821,8.453102690529237,False,False,0.5778846761318874,False,False,False,-0.10042038266609044
1126059000,상봉2동,중랑구,39.073934435696046,96.6285719614949,0.0,53.877184081694125,71.39516560359418,0.0,69.98559408231763,56.133750018887405,7.927869817906943,False,False,0.5809228976420753,False,False,False,0.07327878250899045
1126060000,중화1동,중랑구,45.64761638887371,98.01704676649577,0.0,65.6666740317152,72.49169431397252,0.0,85.27868928050948,57.041050899895005,8.886515866936193,False,False,0.581950311518596,False,False,False,-0.1080768675046958
1126061000,중화2동,중랑구,67.64341493218905,91.71712215686412,0.0,91.92550753337053,68.04264767236047,0.0,114.8743953839926,53.78622027620216,15.709520791047876,False,False,0.5864359784884157,False,False,False,-0.14986856793057501
1126062000,묵1동,중랑구,79.82525635452922,91.58449487668621,0.0,108.15370028165503,67.93469112925582,0.0,137.4181030543791,53.55830592966353,19.10565615242143,False,False,0.5847966514613312,False,False,False,-0.06800881130970637
1126063000,묵2동,중랑구,46.011100856487985,90.92272580506419,0.0,65.30210444579238,67.62923082254744,0.0,82.30385459549808,53.55567324780461,11.445121627520685,False,False,0.5890240616259844,False,False,False,-0.09608612536472483
1126066000,망우3동,중랑구,46.15400824130535,107.14468215289187,0.0,60.80159861163621,78.51517236918139,0.0,78.52466732532352,60.95666432973634,5.107986625600438,False,False,0.5689191764342837,False,False,False,-0.12805221109485765
1126068000,신내1동,중랑구,98.63016559118998,109.84056564951547,0.0,128.62356592662474,80.44204269057927,0.0,162.9144949641107,62.31913565014716,8.377835448361472,False,False,0.5673599301099562,False,False,False,-0.08384643689439475
1126069000,신내2동,중랑구,59.08191735771471,99.11926099507627,0.0,75.15998144259981,73.11862888530123,0.0,93.98991660749302,57.24496680587966,9.602614033220094,False,False,0.5775362551252606,False,False,False,-0.11683724300335119
1126056500,면목본동,중랑구,79.68387609852067,97.04474946460984,0.0,111.89202242327903,71.49099351055915,0.0,142.70102860952105,55.95546324448192,16.419389188887227,False,False,0.5765944428027783,False,False,False,-0.08223424642092214
1126057500,면목3·8동,중랑구,65.61299357596927,100.70865851062707,0.0,89.96797792638942,73.93756131871237,0.0,117.80094101838974,57.52860759426945,11.701169822772068,False,False,0.5712379495969442,False,False,False,-0.08645303363960821
1126065500,망우본동,중랑구,90.92115862667542,112.14098859326332,0.0,121.58706975460619,82.06739559240022,0.0,155.2539153850916,63.56298716668145,6.052763958844697,False,False,0.5668131515874641,False,False,True,0.22487360319453842
1129058000,돈암1동,성북구,40.98604178208488,69.32284478872185,0.0,53.76162800607013,52.789615357100864,7.887902960757739,66.48835093552792,43.011150667682855,16.25670693385779,False,False,0.6204469940431577,False,False,False,-0.11844162341316988
1129059000,돈암2동,성북구,53.109921553143124,67.16042194273541,0.15996052338206726,66.78549175655724,51.42936375140721,10.707214223165922,81.66449007831118,42.07964378952086,20.72805294310798,False,False,0.6265541902848708,False,False,False,-0.0628429526975608
1129060000,안암동,성북구,31.60824677639521,68.84274566653369,0.0,39.519890354417456,52.416257501184106,5.94590664907903,46.656347069650806,42.640887629530646,11.580442183238361,False,False,0.6193955109820602,False,False,False,-0.02656534164718105
1129061000,보문동,성북구,35.04007279782745,62.21637062849934,1.8379355506565693,45.568424288803115,47.53331744608092,9.081008717818072,57.90981989584678,38.75416883626414,16.6244272374048,False,False,0.6228934353575438,False,False,False,-0.021175899520660124
1129062000,정릉1동,성북구,45.288773230848946,71.41597719320409,0.0,60.20261930155682,54.530752924881575,7.7847144107489665,71.83015845052631,44.53975738129857,16.46480276156549,False,False,0.6236665677878165,False,False,False,-0.06598046978094485
1129063000,정릉2동,성북구,63.18013492411279,72.75457726565648,0.0,83.85972982780783,55.76704250471304,9.807032362556683,101.69320963706295,45.67952197059656,22.15090402649647,False,False,0.6278577058293129,False,False,False,-0.061418648705535706
1129064000,정릉3동,성북구,48.66641723417903,76.32436167695421,0.0,61.88778000057114,58.784646680479256,5.369979716399183,73.44724725022557,48.314187459626915,14.063254474405168,False,False,0.633011353100057,False,False,False,-0.05663000884843883
1129065000,정릉4동,성북구,68.16488741028681,75.12607057224099,0.0,90.86546796588428,57.63841659826867,8.925890281457253,110.55410706509683,47.24963022452835,22.345173308078643,False,False,0.6289378622444156,False,False,False,-0.09832982244959376
1129066000,길음1동,성북구,65.74592236815342,73.79670760102043,0.0,86.7330422333331,56.23749355664831,9.73501729983892,108.61522596626456,45.877449332795926,23.443684436675703,False,False,0.6216733892903584,False,False,False,-0.04644388704587754
1129068500,길음2동,성북구,39.14723100324534,74.48894531576232,0.0,53.25309863189317,56.61288231320982,5.777283437206772,68.56388798126858,46.068092099881,14.668227367426265,False,False,0.6184554218695952,False,False,True,0.3146702722635364
1129071500,월곡1동,성북구,65.32176984519883,76.15834677348174,0.0,87.40882568434603,57.737414780434946,8.499804490615073,109.57673926339507,46.843767136766274,22.592359467113805,False,False,0.6150838236561778,False,False,False,-0.07689784613141881
1129072500,월곡2동,성북구,52.59390861510058,78.92177205772504,0.0,67.80742923726397,59.62487561635839,5.313887843934903,81.41490567842943,48.16829974259314,15.707630014807886,False,False,0.6103296781952874,False,False,False,-0.061922135039232384
1129076000,장위1동,성북구,53.17294059626444,80.12958128324955,0.0,74.45991512561098,60.6071149310136,5.1038509056401145,94.1253576783523,48.99783062532067,17.379097991785223,False,False,0.6114824243511088,False,False,False,0.12085262345679015
1129077000,장위2동,성북구,41.889934756609414,81.55400255106242,0.0,56.378179672058515,61.44476731389369,3.3921861492114944,69.10207052798563,49.438306961870374,12.454475293812342,False,False,0.6062033182358666,False,False,False,-0.07934248914822462
1129078000,장위3동,성북구,27.6840060336355,80.99106678095028,0.0,37.97236428138702,61.08571753957693,2.4210769557119782,50.75396874149035,49.140773340363445,9.298551503503731,False,False,0.6067431297487458,False,False,False,0.21256076525011758
1129052500,성북동,성북구,48.17925099811112,64.32741112839634,1.5100333437692208,58.12432142990396,49.68784469941356,10.330880235410097,66.5212991745022,40.896471304356204,17.671475115353925,False,False,0.6357549695685343,False,False,False,-0.07397691500524661
1129055500,삼선동,성북구,60.05574892116805,59.85849068579567,4.566109999504018,76.11914739532763,45.84897484571439,16.45135329729186,90.61635237042638,37.47648862573333,27.171422872006207,False,False,0.6260847575066981,False,False,False,-0.1555615157668876
1129057500,동선동,성북구,32.818722427173505,65.26838630078191,0.7197878636153051,41.61748025859763,49.82493817349465,7.339938245188364,48.847722972669615,40.65767679466376,13.093110837823053,False,False,0.6229306268933552,False,False,False,-0.0318491828593489
1129070500,종암동,성북구,106.51918032164417,73.12531700245714,0.0,129.62595984014425,55.508903649882235,15.49380980221641,155.03726904048773,45.07808412539359,34.70280659586865,False,False,0.6164497601272468,False,False,False,-0.08123366697894585
1129081000,석관동,성북구,97.12502790601873,87.72119412620893,0.0,132.75821951228255,65.62992045390969,2.4317178845535605,165.136512453779,52.37387389684891,24.91536053251096,False,False,0.5970492583753018,False,False,False,-0.053921706582613305
1130559500,번1동,강북구,46.07827313963742,102.568348991559,0.0,61.3097652912076,78.08551585178968,0.0,77.33726353641278,63.288470363408514,3.227391681690184,False,False,0.6170370390637459,False,False,False,-0.15547539293996393
1130560300,번2동,강북구,55.84679318759857,94.158331603135,0.0,76.2416239436974,71.57189157343308,0.0,93.35779266012477,58.028170776108745,8.80685024892998,False,False,0.6162829118583989,False,False,False,-0.14476356251813172
1130560800,번3동,강북구,67.0178160760471,86.71644962206767,0.0,92.01207889545958,65.7767285709999,1.5502940528297777,111.12821340284974,53.24707845781727,15.796354491188461,False,False,0.6140366526752602,False,False,False,-0.12653436435407994
1130561500,수유1동,강북구,62.50380197479127,79.80160341088292,0.0,81.46394204021227,60.814157152432955,5.415276801184925,100.1499823449773,49.57330675541822,17.915132131011937,False,False,0.6212069010715853,False,False,False,-0.09206831468949961
1130562500,수유2동,강북구,74.25622262695924,92.93553927480013,0.0,96.65613000075656,70.77968936081469,0.0,113.81662129242403,57.39348186427817,11.459202805233998,False,False,0.6175622621026815,False,False,False,-0.07420896881402228
1130563500,수유3동,강북구,65.59990323468286,96.77573735531078,0.0,88.51632277342674,73.66401678150349,0.0,108.52591230465436,59.7385254076607,8.381547567332683,False,False,0.6172882484824841,False,False,False,-0.0434346390201078
1130553400,삼양동,강북구,65.12132917635742,81.43896305238113,0.0,89.11679171259635,62.01979833507196,4.849567601769154,112.06696836375197,50.545582387500396,18.957278853834218,False,False,0.6206560163958588,False,False,False,-0.13734022300788684
1130553500,미아동,강북구,63.97430155439733,89.36451227441722,0.0,85.8008301731914,67.91029578120714,0.0,104.21403551278266,55.14032870121544,12.84050404144456,False,False,0.6170271318875726,False,False,False,-0.08079911209766921
1130554500,송중동,강북구,77.78955096048529,80.18514164295851,0.0,108.1706378822371,60.841441829797645,7.161077695476314,136.05418590281417,49.398752042439476,24.575273787610566,False,False,0.6160586740919906,False,False,False,-0.010136438567570405
1130555500,송천동,강북구,82.84291671641252,79.4947785703953,0.0,110.08100801859638,60.410192536274465,7.7622709727344095,139.2381203317652,49.145270295757854,25.503326547394856,False,False,0.6182201042580182,False,False,False,-0.14497083011175937
1130557500,삼각산동,강북구,63.78050481000919,78.27381778516825,0.0,85.54250846412269,59.630271209933206,6.699123296932108,107.33470302392092,48.637748136626946,20.20453578900049,False,False,0.6213795303829308,False,False,False,-0.08118662025124868
1130564500,우이동,강북구,72.73759034009879,51.826898037107405,11.372312440462185,93.05358611093655,39.465931275107025,26.050982628426272,110.21506851131582,32.01984086934978,39.062169677485365,False,False,0.6178228310408231,False,False,False,-0.07268041237113398
1130566000,인수동,강북구,100.17613344124018,71.79017415441417,0.0,130.47082076598602,54.69769375002922,16.653185758761452,158.88848134059992,44.55573897167256,36.39478996387781,False,False,0.6206384020720885,False,False,False,-0.11945371589552012
1132066000,쌍문1동,도봉구,66.96707555794652,98.1965818074025,0.0,88.21926288001711,74.88871950136202,0.0,105.69094881329363,60.6488719395203,7.200447063334737,False,False,0.6176271192257358,False,False,False,-0.07335699204887469
1132067000,쌍문2동,도봉구,57.770575410378626,126.67559921601696,0.0,71.802521307796,96.8255952887538,0.0,89.10455199667757,78.23911240308995,0.0,False,False,0.6176336475793621,False,False,False,-0.11629644386891125
1132068000,쌍문3동,도봉구,47.54960814444822,114.52155173521044,0.0,64.51766926543621,87.37155274884807,0.0,79.47686207300883,70.71054740788743,0.0,False,False,0.6174431479183929,False,False,False,-0.05084647158066202
1132068100,쌍문4동,도봉구,44.05403738439205,119.46194647005233,0.0,58.911829014350694,91.24630368237182,0.0,73.7203088986676,73.78205496341852,0.0,False,False,0.6176197286548883,False,False,False,-0.09755606959670116
1132069000,방학1동,도봉구,79.23904633402456,124.59013675104977,0.0,108.56071983436107,95.36783178459804,0.0,137.59125041629983,76.97575170442629,0.0,False,False,0.6178318261118507,False,False,False,-0.08814630091438069
1132070000,방학2동,도봉구,60.09138315939457,112.05739623534872,0.0,82.82035380376215,85.7392059685295,0.0,101.5155479251919,69.23668432550791,0.0,False,False,0.6178680448731243,False,False,False,-0.13520686223401734
1132071000,방학3동,도봉구,76.6840566407414,105.91529909595758,0.0,94.03554106963819,80.91687401368073,0.0,117.19582562450415,65.43073290380777,2.380102700222424,False,False,0.6177646993615961,False,False,False,-0.10091902202184844
1132051100,창1동,도봉구,68.99565619003222,121.02186572517171,0.0,88.50265197760868,92.42017069649482,0.0,108.49697135335606,74.69801591495934,0.0,False,False,0.6172274362766056,False,False,False,-0.09368720379146922
1132051200,창2동,도봉구,75.11539223746286,113.9007479722194,0.0,100.87534018192183,86.85827939240937,0.0,125.06649602293827,70.2915350791897,0.0,False,False,0.6171297057358563,False,False,False,-0.09119968686802793
1132051300,창3동,도봉구,39.35491332888552,106.73585642596979,0.0,55.94256335360718,81.30562479713494,0.0,68.3112078342427,65.79103143238068,1.141192117531861,False,False,0.6163910951331734,False,False,False,-0.12311625403659854
1132051400,창4동,도봉구,66.22135180228217,123.60805482469384,0.0,81.91384780086135,94.52540232687056,0.0,102.69292121749503,76.30384022275103,0.0,False,False,0.6173047568054393,False,False,False,-0.059035328508787566
1132051500,창5동,도봉구,63.97882594770431,128.18898833161637,0.0,82.71962358059658,98.00735063670581,0.0,102.91073844112748,79.1680053811967,0.0,False,False,0.6175881907765303,False,False,False,-0.07929873447114821
1132052100,도봉1동,도봉구,81.60882142980614,78.47884049023705,0.0,108.01179072834935,59.78161831266854,8.29529610681739,131.199880986034,48.00363959633189,25.528833474465284,False,False,0.6116762084718065,False,False,False,-0.11494921472996555
1132052200,도봉2동,도봉구,92.85315272909304,104.3696194328075,0.0,120.02097591486051,79.7075516023341,0.0,148.43672801057357,64.05134252043806,5.062088855016668,False,False,0.6136971933836926,False,False,False,-0.0915515020712222
1135056000,월계1동,노원구,57.31276846225773,83.12305005746585,0.0,74.97423294410903,62.650888983758556,3.6068008738848736,93.84342742888914,50.26454759418233,16.138312394285634,False,False,0.6047004718839445,False,False,False,-0.13103978145808437
1135057000,월계2동,노원구,79.79805699310604,99.47989523647777,0.0,106.35145827534866,75.6796033962954,0.0,130.60201178637237,61.10203850402437,8.305727779740971,False,False,0.6142149462338715,False,False,False,-0.029514088007034478
1135058000,월계3동,노원구,86.18222680087727,84.38557674758188,0.0,112.51915770119008,63.534143411302615,4.419151863676366,138.94434380698237,50.80979014825252,23.13676125576207,False,False,0.6021146279563527,False,False,False,-0.10874600889000186
1135060000,공릉2동,노원구,77.5882733512492,97.22735768316659,0.0,102.1655352788991,71.94385620536265,0.0,132.5919110079279,56.0366533084417,15.148567866018,False,False,0.5763465617470296,False,False,False,0.01901599015990163
1135061100,하계1동,노원구,68.06706712201623,81.10307165146644,0.0,85.59482650784703,61.48272061095995,5.117619649015688,105.23263921255403,49.15697104736415,19.26245423711469,False,False,0.606104923604029,False,False,False,-0.10888675228349698
1135061200,하계2동,노원구,50.11734314444459,88.04761725238016,0.0,63.25195155908427,66.86373877914009,0.3781649558997774,78.19472388013278,53.720225118528106,10.745037645057696,False,False,0.6101269607846873,False,False,False,-0.10606318657923874
1135061900,중계본동,노원구,36.91269479413545,112.08065378004176,0.0,46.782027167985184,83.86592801458241,0.0,59.90353226948294,65.60085773329746,1.114656089151464,False,False,0.5853004557061124,False,False,False,-0.13781187103634218
1135062100,중계1동,노원구,35.49872984540457,108.6992247243264,0.0,46.82440424796444,82.42501699158798,0.0,60.44691368677679,65.5953263580764,1.1281106145702655,False,False,0.6034571683876644,False,False,False,-0.06391326057493407
1135062400,중계4동,노원구,60.10058735562008,125.28840597647452,0.0,75.5263692376661,94.12836069321227,0.0,92.54701397988046,73.8506796672945,0.0,False,False,0.589445440635277,False,False,False,-0.11377413037396256
1135063000,상계1동,노원구,99.12987792371983,98.32415889849993,0.0,131.66788120768658,74.88339939884612,0.0,167.21689360210686,59.909223235406,12.62886585558625,False,False,0.6093031855706014,False,False,False,-0.09179726244792696
1135064000,상계2동,노원구,47.8653565021565,113.98870539753602,0.0,64.01464161533457,86.90040747848028,0.0,80.07217986336231,69.57770421489442,0.0,False,False,0.6103912135175317,False,False,False,-0.10498019241652523
1135067000,상계5동,노원구,75.47840281185123,121.76066647450337,0.0,97.34757827964019,92.53159885761306,0.0,117.64051817549978,73.71030548270319,0.0,False,False,0.6053704173682237,False,False,False,-0.11417230912911513
1135070000,상계8동,노원구,42.57126278536381,117.7714165500124,0.0,53.38731065808837,90.23642834549659,0.0,67.12895156298976,72.7580974020091,0.0,False,False,0.6177907979149754,False,False,False,-0.10175962815405049
1135071000,상계9동,노원구,50.77661825442178,111.34082421315006,0.0,63.78779307037586,85.20098616822388,0.0,80.26590785983754,68.48062710016765,0.0,False,False,0.6150540700962375,False,False,False,-0.11582344652029641
1135072000,상계10동,노원구,39.245168583936085,116.75191938435458,0.0,48.722156508427496,89.41701142053246,0.0,63.22954192336661,72.08882584085742,0.0,False,False,0.6174530253634335,False,False,False,0.07714388231072844
1135066500,상계3·4동,노원구,87.29488638775894,132.63953456297904,0.0,116.99443201658661,99.27873297014634,0.0,141.34078110502404,77.50707959261918,0.0,False,False,0.5843437241241055,False,False,False,0.05192107995846307
1135069500,상계6·7동,노원구,75.71375235407807,110.10166214958441,0.0,92.73937521588597,84.15833901148224,0.0,115.38841044349937,67.83810910573592,0.0,False,False,0.6161406447576685,False,False,False,-0.10523596279710645
1135062500,중계2·3동,노원구,113.50179979475313,96.22320247896124,0.0,141.95935299266193,73.39657300369713,0.0,168.24255540281632,59.05563801651239,14.142421382278366,False,False,0.6137359440871305,False,False,False,-0.13405484184389505
1135059500,공릉1동,노원구,85.39367306426962,83.62297732141383,0.0,117.37260035103232,62.689006216308755,5.601728684567017,148.46311929029739,49.876696477515864,26.10711053181942,False,False,0.5964472693409308,False,False,False,-0.07185783856595174
1138051000,녹번동,은평구,100.97794717199939,102.07529268098507,0.0,133.20160387462573,78.33977507482426,0.0,162.94639576365213,63.99956164688153,5.641282343510529,False,False,0.6269838661829631,False,False,False,-0.04703471039182283
1138052000,불광1동,은평구,115.8848801121558,104.40025052616215,0.0,148.79910547404413,80.05469841018797,0.0,178.02681253960947,65.28887676513624,3.86804699375064,False,False,0.6253708821203948,False,False,False,-0.08267312206572774
1138055100,갈현1동,은평구,40.10123842157497,86.76451011157548,0.0,53.66308605178887,65.78814901291618,0.8980305897173394,67.84119132931687,53.0232008429353,9.795188503250346,False,False,0.611116236059533,False,False,False,-0.417872132349945
1138055200,갈현2동,은평구,71.43674580759284,90.44652884992614,0.0,94.83875453443667,68.62070897861892,0.0,120.05453898957192,55.37442729250667,14.511210984518971,False,False,0.6122338579116393,False,False,False,-0.08566468585163922
1138056000,구산동,은평구,85.97901259419993,85.37521359769113,0.0,115.15471681417992,64.77735975484663,3.0910402966724346,143.67516771902413,52.31065641267028,21.76815738907891,False,False,0.612714794005329,False,False,False,-0.07468388166661732
1138057000,대조동,은평구,73.27836490186034,101.68914322111378,0.0,96.51671067262757,77.60132381749145,0.0,117.20676783506259,63.04493468541303,5.17664190187262,False,False,0.6199770465990412,False,False,False,-0.12570607946385826
1138058000,응암1동,은평구,74.29888423864685,93.81488940988714,0.0,97.99143124186423,71.90098816180638,0.0,122.64892828297118,58.67798759146869,10.773018246069526,False,False,0.6254656159652694,False,False,True,0.27270588235294113
1138059000,응암2동,은평구,54.854318877179,85.68422495138448,0.0,72.09359366285337,65.64153939671203,1.3121540097884774,90.47310404363013,53.54221849706027,12.593305186082365,False,False,0.624878366203803,False,False,True,0.22384439153676827
1138063100,신사1동,은평구,69.03189489474474,81.27072649285988,0.0,93.70648438490495,61.90421460801912,5.207639461336319,118.96651413307013,50.225494734635504,20.505205015829674,False,False,0.6180022857190542,False,False,False,-0.07617606699271662
1138063200,신사2동,은평구,51.929785652889706,79.57730898528197,0.0,68.50243704470563,60.65706496435534,4.661278898608884,85.87335068204627,49.22478354308886,15.660573584849335,False,False,0.6185781370439796,False,False,False,-0.14129493780471136
1138064000,증산동,은평구,44.94616481744782,72.15443579524782,0.0,59.97028492120647,55.10385096025821,7.4109830603480304,75.96417469812798,44.77117751532209,17.236599461243134,False,False,0.6204909929913245,False,False,False,0.069147954475546
1138065000,수색동,은평구,41.30570304469607,66.8345585372467,0.2590078459383084,54.634996470413775,50.96122585892796,9.014984069273536,69.00703100069899,41.31466334207708,18.04323130328985,False,False,0.6181631815380741,False,False,True,1.3015768725361365
1138069000,진관동,은평구,118.71973433391209,70.51871318686914,0.0,154.58372624826345,53.826669223219156,21.07739889125755,193.92686129124806,43.634056967596955,46.20802492384808,False,False,0.6187585535199724,False,False,False,-0.06754198579343162
1138053000,불광2동,은평구,82.68043938871266,97.19359235189397,0.0,112.00875527910203,74.1451730654141,0.0,138.20578528846124,60.1587664639162,10.092951691288375,False,False,0.618958153600379,False,False,False,-0.0912344080158135
1138060000,응암3동,은평구,83.86472690400217,81.60477016472821,0.0,108.93387085027558,62.42401968234247,5.487641684368154,126.77665284073136,50.83405132562399,21.07986181717683,False,False,0.62292990009052,False,False,False,-0.10041679530719361
1138062500,역촌동,은평구,117.24887825383666,90.67173491378358,0.0,160.2099493799438,69.09266466620248,0.0,199.212787819812,56.07823507551826,22.677137718989563,False,False,0.618475373045867,False,False,False,-0.10607741617357003
1141052000,천연동,서대문구,51.45222042053413,42.82215348655926,12.67754726494917,62.908364699249375,33.6240837493823,21.286634161246052,72.70665731592996,27.859993263106688,28.79301147462665,False,False,0.6505976695415657,False,False,False,-0.1071428571428571
1141062000,홍제1동,서대문구,67.69971759779256,71.8944278921913,0.0,89.68896765505694,55.70729086211438,10.542327122250015,107.16488286790064,45.81601972945571,23.196471020506053,False,False,0.637268020244333,False,False,False,-0.0028377994891960467
1141064000,홍제3동,서대문구,59.08080685195571,73.83969792481156,0.0,74.77343596726408,57.1794580053413,7.688318031482236,87.30943619581821,47.09553503980458,17.781504865311412,False,False,0.637807796664612,False,False,False,0.07014223795861052
1141065500,홍제2동,서대문구,39.913214602428845,66.63078247955836,0.331609807710085,51.71352593933128,51.76946398052794,8.114961790379,63.19665555205784,42.70159290203846,15.647502461151658,False,False,0.6408688493961312,False,False,False,-0.10074960456639848
1141066000,홍은1동,서대문구,67.28623377824627,89.43772137992411,0.0,86.21006910253428,69.01349604142247,0.0,102.20343813601548,56.659258631917666,11.040374079048595,False,False,0.633505167145681,False,False,False,-0.022006730428622
1141068500,홍은2동,서대문구,78.2365586641008,83.36036308971164,0.0,97.98364364791475,64.11387996734084,3.2802274641164137,120.10350471826956,52.45772417865274,18.02019222337559,False,False,0.6292885759410408,False,False,False,0.023233161369457855
1141069000,남가좌1동,서대문구,32.52447176346147,64.44195448967263,0.9821268705775325,42.071506354456176,49.487250041077736,7.562083819949792,50.43936128362311,40.33576261601293,13.68210395663451,False,False,0.6259239486983139,False,False,False,-0.002029850746268602
1141070000,남가좌2동,서대문구,71.57169703020377,73.13833364367756,0.0,91.93178158318761,56.15290614758381,10.396292548904958,111.32131496246852,45.80836671489866,24.104674700982457,False,False,0.6263249985715058,False,False,False,0.15935011405018207
1141071000,북가좌1동,서대문구,43.24398195027365,64.57825243283762,1.246878448761627,56.62386819225304,49.41230337773847,10.2202153594519,69.5270281011779,40.17131217197807,18.97413275497459,False,False,0.6220563526979437,False,False,False,-0.0880096048441823
1141072000,북가좌2동,서대문구,88.26128360816438,73.40815300536914,0.0,117.88615584585544,56.17525426161026,13.305050432168894,145.9353491299282,45.724499122210275,31.722128052454906,False,False,0.6228803920303776,False,False,False,-0.10013932944001425
1141056500,충현동,서대문구,50.82110642462898,33.123542604639205,17.450985566974403,61.69738356001514,26.197949069380073,25.458598902532557,75.1060457801882,21.765852743306056,34.32027605715307,False,False,0.6571112577873112,False,False,False,0.09735307312696273
1141055500,북아현동,서대문구,32.89882453284923,31.78967940794073,11.735645718195151,42.12678214376383,25.17432710558765,17.814271366878753,51.74653287589279,20.909601484063455,24.089050179113883,False,False,0.657748107986281,False,False,False,-0.09862105079420491
1141058500,신촌동,서대문구,33.40729792101418,46.4977303193294,7.003465603875486,40.748036592477284,36.30910062299296,12.69403575349817,46.33102113872401,29.907832763976792,17.399048279821617,False,False,0.6432105945511908,False,False,False,0.0934195064629848
1141061500,연희동,서대문구,89.56021064001665,65.2123979694428,2.0143986654346704,112.27427703106213,50.418347102021265,19.1351997412904,131.21451889981032,41.30948109918831,34.315389581753344,False,False,0.6334605440907891,False,False,False,-0.11021922783377636
1144059000,용강동,마포구,46.44468210946578,26.651077687126985,18.954321809639467,56.213836250923535,21.10965339205043,26.056212756418482,66.60392362675836,17.486220346093102,33.285570084427846,False,False,0.656116820166687,False,False,False,-0.02993656733445904
1144060000,대흥동,마포구,28.139387816837758,33.22651233222209,9.633546786939487,37.147247720291936,26.18508735350662,15.333091965645933,42.19565160104512,21.649959306528707,19.330524346455356,False,False,0.651586874061808,False,False,True,0.2374267998622115
1144061000,염리동,마포구,30.360291032665785,30.545840140513192,11.207735041921923,39.74559937729783,24.185479485309695,17.200357297552138,48.024857424674515,20.05147357302852,22.768650227168504,False,False,0.6564387648462184,False,False,True,0.3527523671962767
1144063000,신수동,마포구,48.32193865978079,30.119950346275154,18.04421367447185,62.03319379833855,23.724250835658253,27.131680518579763,76.4116536671916,19.588872881967305,36.5803497746248,False,False,0.6503620575984715,False,False,False,0.05715100798782813
1144066000,서교동,마포구,51.20618056708953,40.912193032246726,13.594942182257107,61.088609609560834,31.773884362958103,21.80113514270132,72.65540336835325,26.027947114488992,30.103794602127316,False,False,0.6361904651254928,False,False,False,-0.01876126495166308
1144068000,합정동,마포구,36.8141819067652,32.70695850424582,12.794640471904236,47.231199723172274,25.175790269694588,19.97209977792404,57.24649108004653,20.367253737164493,26.959866222705895,False,False,0.6227192826419656,False,False,False,-0.14522360412807622
1144069000,망원1동,마포구,46.01686092116699,39.90481757428793,12.680770656371902,60.48422649469054,30.504508722526115,22.353216594772903,76.37357167707856,24.533853589683797,32.78546049853911,False,False,0.6148093157927833,False,False,False,-0.13018078108468656
1144070000,망원2동,마포구,42.57443605000902,43.56428217619442,10.17415237760591,57.77622737373113,33.33989921786111,19.714236968621925,70.90701994909115,26.91911120101633,28.747477420793057,False,False,0.6179170149560321,False,False,False,-0.08092786186092471
1144071000,연남동,마포구,34.20685563108292,53.0189432401236,4.94038202770493,42.788949049449975,40.97545232141362,11.333148338967373,49.817389881061054,33.500119627785615,16.91872786407393,False,False,0.6318518925596662,False,False,False,-0.11498562679665036
1144072000,성산1동,마포구,40.601577436118326,49.66635381166769,7.225154554941757,54.42151407040152,38.2224580788765,15.912388953888922,67.37196631169951,31.12486092869082,24.48078206710781,False,False,0.6266789997654091,False,False,False,-0.07567784293088764
1144073000,성산2동,마포구,89.22631080128257,54.24089826796201,11.796352974664673,117.53037752279472,41.496628439406145,30.516740370440523,143.54892288185596,33.637166214161674,48.55462413731837,False,False,0.6201439741647833,False,False,False,-0.06440235771572134
1144074000,상암동,마포구,60.21797928940426,46.173999156179164,12.818968842465083,75.67573158451629,35.113879490969694,24.479381403699655,94.68301906569968,28.055947884928113,37.31047018552078,False,False,0.6076135573622622,False,False,False,-0.09020499738758947
1144058500,도화동,마포구,58.44735925170503,24.656330569951546,25.01855520775383,70.94918903909127,19.601735936038068,33.95619223287629,83.40942046630718,16.271707690861703,42.6972005116441,False,False,0.6599403607401294,False,False,False,-0.07687500000000003
1144065500,서강동,마포구,48.73402249581887,31.677806052063946,17.438886866213643,62.952463010402845,24.785121661744277,26.8659002774019,75.74096007433766,20.36651278059288,35.670278471657646,False,False,0.6429268727486863,False,False,False,-0.028960885025681504
1144056500,공덕동,마포구,89.4015333366146,28.392280424237114,34.928579338844536,112.48461753959494,22.576792807958405,50.48851449103424,137.18038425279337,18.768447390628246,66.79746701043025,False,False,0.6610405050313088,False,False,False,-0.09283892583887587
1144055500,아현동,마포구,49.55390959386982,29.482574646812953,18.820096640550357,64.1096105522575,23.398335136850477,28.24879364871839,79.64907141475241,19.4348237914996,38.25288891914582,False,False,0.6591969671685539,False,False,False,0.1702717915728531
1147051000,목1동,양천구,42.47651886043635,63.726724000675695,1.5864493819186833,58.39706229868216,47.1546480903134,11.85866895815259,78.83977543464685,36.23878967766045,24.616001103537844,False,False,0.5686592280700983,False,False,False,-0.055513760892733965
1147052000,목2동,양천구,52.75041580843679,58.0097614797089,4.985889179951214,72.71506442518005,43.29172901640702,17.5751442308402,99.00439850362076,33.43952224634913,33.683362933316104,False,False,0.5764464702728671,False,False,False,-0.08598542944785281
1147053000,목3동,양천구,47.080988361762486,67.38372130319301,0.036670575417052605,61.08299368974228,50.11538745291796,10.595591773623422,80.43441049305129,38.506967723119516,23.289495496290446,False,False,0.5714580165416724,False,False,False,-0.08169308482842708
1147054000,목4동,양천구,44.875938287401716,74.5231944514868,0.0,59.402399091092285,55.19730119919822,7.285293416281231,79.93202342441558,42.32626481433684,20.091189674179784,False,False,0.5679609566641758,False,False,False,-0.10147457564164464
1147056000,신월1동,양천구,51.20271901994452,112.8921268816867,0.0,73.77415200995472,82.76580489859396,0.0,98.74915176888523,62.91839881187058,4.48638210683252,False,False,0.5573320350125954,False,False,False,-0.1169070549744251
1147057000,신월2동,양천구,49.0414697249209,113.06627726577463,0.0,67.70293804713509,82.96934716217575,0.0,92.04516849280857,63.26852422333597,3.8595324911261017,False,False,0.5595702428109169,False,False,False,-0.07788036932958653
1147058000,신월3동,양천구,38.53805936783776,110.94156989866039,0.0,53.923249149343526,81.26144567050441,0.0,69.48993659093559,61.686977037855705,4.01278849909592,False,False,0.5560312252134497,False,False,False,-0.152284873596349
1147059000,신월4동,양천구,43.686530260730756,117.75215134877408,0.0,59.22516924258105,86.22370722390876,0.0,77.45442318783135,65.63550771942889,1.414396670953184,False,False,0.5574038942610982,False,False,False,-0.09157855978117935
1147060000,신월5동,양천구,31.091427341374,113.6164191235804,0.0,44.11996666537327,83.894707127068,0.0,58.33776612752509,63.912118631716694,2.0706937341719533,False,False,0.5625253737507744,False,False,False,-0.09591612193385546
1147061000,신월6동,양천구,22.690660253363998,116.27867215000968,0.0,33.098321088657165,85.04405763646616,0.0,44.866197441816816,64.77869683459221,1.2037209341952155,False,False,0.5570986977820147,False,False,True,1.069312885280409
1147061100,신월7동,양천구,58.786948462137026,123.16701136952916,0.0,78.06587488873272,89.79095659673017,0.0,97.47485428004651,68.09811433583684,0.0,False,False,0.5528924797202958,True,False,False,-0.15277969058440066
1147062000,신정1동,양천구,37.17287792595085,95.80605858621936,0.0,47.371814842253045,70.48953267394525,0.0,62.59626164726379,53.99212930177948,8.431391123967531,False,False,0.5635565234446003,False,False,False,-0.08245104469221398
1147063000,신정2동,양천구,35.257645970345784,70.48397057392316,0.0,47.14332901056254,52.04611574899073,7.267376980240509,61.31931691833055,40.06821896838211,16.797440010167886,False,False,0.5684727838418071,False,False,False,-0.09699645785821731
1147064000,신정3동,양천구,102.3511011422543,118.61770182657641,0.0,138.31436702932677,86.56010622848488,0.0,182.12312905638478,65.86749145583902,2.903257827447937,False,False,0.5552922577453051,False,False,False,0.01816861972415218
1147067000,신정6동,양천구,38.07354838340409,80.67332432877538,0.0,49.390297301920995,59.46703820531175,3.9485425750904586,67.52007971831802,45.72823986498305,14.674388564052437,False,False,0.566832224225973,False,False,False,-0.05217046580773044
1147068000,신정7동,양천구,73.00384800597202,88.17001415806257,0.0,93.10125836509536,64.85770354461272,2.4242692952370675,117.28686501908288,49.854204512875185,20.651173426594724,False,False,0.5654326472433298,False,False,False,-0.08355601903148013
1147055000,목5동,양천구,61.868265883807304,52.47617248316567,9.271230073330742,78.77174354736293,39.11761147560392,22.32706150602636,108.38504632858164,30.248655831213483,40.333277172086426,False,False,0.5764264884394387,False,False,False,-0.053006089167813686
1147065000,신정4동,양천구,73.44293982223556,97.8449665343036,0.0,104.21525928273375,72.05292791876666,0.0,137.1025423913519,55.102190619718485,16.945077633550866,False,False,0.56315815285603,False,False,False,-0.09659366701881622
1150051000,염창동,강서구,55.93783936501436,56.69795304702815,6.020956907011763,78.13758200221791,42.5210589890396,19.487943177912683,105.49184960661758,33.057257548287666,36.293787314355974,False,False,0.5830414639637573,False,False,False,-0.016891490019746436
1150052000,등촌1동,강서구,51.4563985638318,65.11103413429163,1.2095214752190049,57.77700019780748,48.6046280746745,10.894998247619098,67.48654202809573,37.42395495036754,20.271374422873887,False,False,0.5747713186858707,False,False,False,0.07042494127695931
1150053000,등촌2동,강서구,40.77337643043935,71.97394765693103,0.0,55.561069030449275,53.41915222001643,7.802139433108931,74.12091398446827,40.928923749635075,19.666269249774153,False,False,0.5686630382527539,False,False,False,-0.12142889897739262
1150053500,등촌3동,강서구,107.82723663236695,80.23078008457507,0.0,127.93317799689657,60.20343791649486,9.285609686848352,152.5520126627211,46.195534936900934,32.441824898211145,False,False,0.5757831955292474,False,False,False,-0.1057709979783128
1150059000,화곡본동,강서구,63.222943973138044,89.27990228490192,0.0,87.09596271340202,65.9519136619741,1.3148842028741834,116.35341076528567,50.29845855589096,19.969911623404087,False,False,0.5633794086756847,False,False,False,-0.08672025993669641
1150055000,화곡2동,강서구,34.96226016394073,96.71885267705153,0.0,49.70219985329722,71.28667847141647,0.0,66.71771026262167,54.440486594884284,8.687395113062205,False,False,0.5628735772607172,False,False,False,-0.1272755401990614
1150056000,화곡3동,강서구,51.00892871119841,109.81083684598794,0.0,70.78669479208685,81.32829924331122,0.0,94.1466121467188,62.053980966210446,5.091099147114603,False,False,0.5650988804797334,False,False,False,-0.07034617606541349
1150057000,화곡4동,강서구,49.68542842914225,84.91981972075827,0.0,68.4542948090527,62.73378195439586,3.2364010679879014,89.05818640805336,47.945396789006516,17.380785176423245,False,False,0.5645960736452963,False,False,False,-0.11327038000091239
1150059100,화곡6동,강서구,49.73172363008354,79.11424497550014,0.0,68.16487461206889,58.893836658948196,5.840211675744774,91.39488216113365,45.070069163420364,20.464721987265612,False,False,0.5696833633105837,False,False,False,0.04108761329305133
1150059300,화곡8동,강서구,54.18365229833439,101.58641439827254,0.0,76.9538298600005,74.79665959976157,0.0,101.16142023325652,57.040176053766444,10.542470174284624,False,False,0.5614941367074808,False,False,False,-0.12545267411275873
1150060300,가양1동,강서구,39.63896444940425,92.92061231250966,0.0,53.92450683024007,70.56855960367349,0.0,75.41759506215412,54.559694614588004,9.730313991692402,False,False,0.587164604889746,False,False,False,-0.005890362301681273
1150060400,가양2동,강서구,60.356843704695606,65.77562113239969,1.0176094184513225,75.46681834737515,49.513702852674776,13.544714174886476,90.18919947129815,38.22733597518963,26.3661573447726,False,False,0.5811778789324066,False,False,False,-0.12993388754336588
1150060500,가양3동,강서구,50.05026956556472,60.38313896595575,3.542793628634475,66.24086805096269,45.283580654847185,14.690918883478473,81.63193636572588,35.046104351249156,26.461404609420867,False,False,0.5803955367575092,False,False,False,-0.14462352362204722
1150061100,발산1동,강서구,68.95463486481502,113.64902742717426,0.0,89.81472750371304,84.78260834960271,0.0,119.4079839551537,64.87306139312771,3.090933216024552,False,False,0.5708193273778612,False,False,False,-0.08122025434969182
1150062000,공항동,강서구,55.90343947166641,78.17262771295393,0.0,74.61486755217013,58.827272034072045,6.442499531632789,97.00305869232704,45.11859137783147,21.673411070337988,False,False,0.5771661091335543,False,False,False,0.06763477945180618
1150063000,방화1동,강서구,87.22148737876113,101.02571688306372,0.0,115.82667509682301,76.86091695727548,0.0,154.23134068213497,59.43095071543901,12.385792848402073,False,False,0.588275466376841,False,False,False,-0.08925482295749665
1150064000,방화2동,강서구,68.95961708368488,92.28211798147935,0.0,87.42623860614809,70.78717290390296,0.0,109.64158391786951,55.11549241422537,13.536478424271978,False,False,0.5972499723650343,False,False,False,-0.05735140771637126
1150064100,방화3동,강서구,78.2150647742016,105.79715754130332,0.0,96.89107065291358,81.05129770681943,0.0,117.7345074269851,63.22526072102743,4.9876444741993184,False,False,0.5976083118900829,False,False,False,-0.10844851558027313
1150054000,화곡1동,강서구,104.1156397016167,108.3325159059938,0.0,144.85540479966548,79.6074609490903,0.0,194.2315638424662,60.607417321220005,13.31300483312328,False,False,0.5594573043407619,False,False,False,-0.06364586833949437
1150061500,우장산동,강서구,72.01303046996281,98.07736390462306,0.0,102.5437370419373,73.04346318801358,0.0,140.94560258857945,55.87139376108817,16.33589954188645,False,False,0.5696665523700375,False,False,False,-0.04494529828330884
1153051000,신도림동,구로구,61.28145804259715,69.01682930996691,0.0,82.1937891943458,51.01030749725457,13.521948562133447,109.94705029926327,39.543369369878256,30.69528161788405,False,False,0.5729525648343236,False,False,False,-0.027541001294777767
1153052000,구로1동,구로구,33.988446801779396,89.89982844205308,0.0,45.60489359057264,66.14521459624356,0.6003405362991884,63.50126256950605,51.20970912896682,10.320161984525111,False,False,0.5696307770150548,False,False,False,-0.04931341621822227
1153054000,구로3동,구로구,47.010719523569314,105.24955223457826,0.0,62.5602353199558,77.6123653605638,0.0,78.91933685392893,60.51476675953259,5.482402294375015,False,False,0.5749646005586646,False,False,False,-0.057990532158014974
1153055000,구로4동,구로구,63.159520293476334,92.84501967464755,0.0,84.54209866803095,68.52184950344123,0.0,101.3856935554243,53.39587059730424,14.26064703180703,False,False,0.5751075371023334,False,False,False,-0.13129547387319285
1153056000,구로5동,구로구,64.01570630718035,74.8049987183926,0.0,86.6118568529547,55.322055940355696,10.514292829930811,110.73407294107986,43.091058015647725,26.986504356887224,False,False,0.5760451674876208,False,False,False,-0.03157334397977174
1153072000,고척1동,구로구,56.65827272280122,89.8310741175568,0.0,79.1587625500357,65.96485324742065,1.1848137994612793,102.29991521881848,50.757231272566095,17.088564856935573,False,False,0.5650297713922802,False,False,False,0.11205851619644713
1153073000,고척2동,구로구,73.28893860601507,102.6968466030031,0.0,97.9669759499808,75.174180446121,0.0,122.99200836555266,57.512317802970145,12.236833787461826,False,False,0.5600202898663137,False,False,False,-0.10253173434322183
1153075000,개봉2동,구로구,81.68032701284238,101.2563978302872,0.0,114.07589533230065,73.97853722767384,0.0,148.87906881819043,56.64122194686188,16.109292366161018,False,False,0.5593841294038183,False,False,False,-0.10644427596664141
1153076000,개봉3동,구로구,54.557567854136785,104.9979401633482,0.0,76.0028565271181,76.4374666097921,0.0,98.48090121539161,58.304007496316125,9.01848907193563,False,False,0.5552871552109591,False,False,False,-0.10694866832549998
1153077000,오류1동,구로구,55.360120937376124,124.49333176521473,0.0,73.59066988495532,90.41163415072143,0.0,91.33785977427911,68.62587702121009,0.0,False,False,0.5512413881783921,True,False,False,0.024328364970778837
1153080000,항동,구로구,21.294949294025518,149.70067280368755,0.0,29.909270729595974,107.67823171485276,0.0,40.41062588369881,80.64162585010655,0.0,False,False,0.5386857943908995,True,False,False,0.07160453610766138
1153079000,수궁동,구로구,58.969803822527126,159.411095366364,0.0,82.02678107348864,115.0709625573859,0.0,106.53503110065708,86.555386986272,0.0,False,False,0.5429696520643527,True,False,False,-0.09011193275952645
1153059500,가리봉동,구로구,25.927687172243232,111.66993703068738,0.0,32.50703946406568,82.18462735999609,0.0,42.099333382597216,63.87660275468142,1.5092639795419271,False,False,0.5720125259596758,False,False,False,-0.08492747529955857
1153053000,구로2동,구로구,75.03745649395303,85.46178711455359,0.0,101.86255598142716,62.985720479309336,4.559255051412286,127.06911275172916,48.84096230852392,23.661091289660202,False,False,0.571494745868784,False,False,False,-0.130350118783347
1153074000,개봉1동,구로구,83.75643800860443,109.32850797113547,0.0,115.73448712154051,79.75896233455622,0.0,149.7040971168027,60.861832576672604,9.880136590065502,False,False,0.5566876719175673,False,False,False,-0.007540568257223823
1154551000,가산동,금천구,33.133636952506045,118.0517192032023,0.0,46.29874781587266,86.69857587555178,0.0,62.812942344293425,67.19680299557822,0.16633281370521583,False,False,0.5692149462043194,False,False,False,0.19923169267707075
1154561000,독산1동,금천구,77.93512804827849,119.1259157249325,0.0,109.88471633957005,87.41246118125487,0.0,142.7175997490729,67.75034332887495,0.0,False,False,0.5687288355064045,False,False,False,0.14727662476858616
1154562000,독산2동,금천구,44.454021980295586,113.50009203862719,0.0,61.73159664413594,83.41097857160248,0.0,82.76500722753532,64.84552819751619,2.16519995386677,False,False,0.5713257763301856,False,False,False,-0.10823278921220725
1154563000,독산3동,금천구,60.52905579502593,108.71346149035881,0.0,82.91496922014254,80.12207408709541,0.0,107.48968918746918,62.54747424157738,5.282188812659785,False,False,0.575342495622075,False,False,False,-0.07973421926910296
1154564000,독산4동,금천구,33.989524862992795,112.63567627097464,0.0,50.84629305104288,82.88197601042846,0.0,68.81602285941352,64.56704031950531,1.9919274511140734,False,False,0.5732379158817529,False,False,False,-0.11720483115602665
1154567000,시흥1동,금천구,86.55700341465038,114.1240983447874,0.0,114.63277996419666,83.68528690356743,0.0,145.0541687092292,64.718044867067,3.9796550023747597,False,False,0.5670848296346954,False,False,False,-0.08179039049431847
1154568000,시흥2동,금천구,57.09977103693841,92.57677396311,0.0,75.18900298608492,67.95061208728241,0.0,96.60725572590528,52.63328559166717,14.325236885284582,False,False,0.5685366138664595,False,False,False,-0.10499669821703717
1154569000,시흥3동,금천구,29.687225308527122,116.13166614562145,0.0,42.522490745287776,85.0282466761114,0.0,53.42163797143937,65.24460407618969,1.1843606595878013,False,False,0.5618157927259673,False,False,False,-0.11090782366265906
1154570000,시흥4동,금천구,53.92545440866824,108.98316695074308,0.0,74.78429425618496,80.10157946845933,0.0,98.36987504917718,62.27414230642868,5.102905085421827,False,False,0.5714106503674518,False,False,False,-0.11366390157517015
1154571000,시흥5동,금천구,62.63795042688149,105.17342569303696,0.0,82.02325387615774,77.12786753549936,0.0,99.28813502941834,59.59174269176708,7.813844072912095,False,False,0.5666045609819133,False,False,False,-0.12311767302692889
1156054000,여의동,영등포구,102.43440228730627,24.576198975646445,43.92941403164054,119.31872917838602,19.0638237961408,57.74762296014178,139.5808866198759,15.49925641779554,72.52951326681902,False,False,0.630661252098194,False,False,False,-0.011835012889617968
1156055000,당산1동,영등포구,46.6613358267613,34.12351307248337,15.55600117445701,60.17405224949888,25.43430826728329,25.28953025720352,75.24381397777616,19.82412228163433,35.84426233426552,False,False,0.5809519740691697,False,False,False,0.010874230934325269
1156056000,당산2동,영등포구,65.56981796345569,25.530853617024796,27.493920362417814,84.88271481273766,19.350886070908537,40.83768823936211,105.89957141585498,15.3251079625499,55.21233177507292,False,False,0.6002583459383678,False,False,False,0.021741563601768377
1156061000,양평1동,영등포구,33.291918255556766,45.35128462385816,7.360951313886307,43.95281489662122,33.68399851202819,14.846210873760537,53.11218088541402,26.062111245486992,21.98817644658382,False,False,0.5746719516689583,False,False,False,0.019069455318197148
1156062000,양평2동,영등포구,35.91466477185499,37.576872740165754,10.733003057698879,47.41275773663653,28.34817764791086,18.54475672935841,61.450373610170296,22.280329316847343,27.764065529932726,False,False,0.5929266512120365,False,False,False,0.004804090087707769
1156063000,신길1동,영등포구,51.966848547235934,37.43924045450499,15.601679099122746,65.63899169624415,28.096876556927636,25.838613847064444,79.65028497323368,22.285182484396433,35.983152930626495,False,False,0.5952359666985418,False,False,False,0.0978112175102599
1156065000,신길3동,영등포구,39.634886923145665,56.276261239268344,4.433300170915778,56.105486942450746,41.86496094387515,14.361124364059492,71.36076974018559,32.893656504607904,24.667957405420125,False,False,0.5845032306740277,False,False,False,-0.07826589595375721
1156066000,신길4동,영등포구,31.516695710816546,49.5291269289877,5.651725993780171,41.99548052108873,36.950470242725196,12.813299581498914,54.40867759689407,29.147777966843137,20.846049123057046,False,False,0.5884977138529761,False,False,True,0.3313818623660665
1156067000,신길5동,영등포구,25.53441333607201,65.17472850503849,0.5839416688308698,35.107125457736764,48.411633387308434,6.687899045274898,44.80022178667539,38.02876873796991,13.185977979990708,False,False,0.5834894845021105,False,False,False,0.051409439464304985
1156068000,신길6동,영등포구,43.78919286108859,62.544191908973566,2.153297512288307,57.791727262569516,46.544651866424545,12.088271159444714,72.79289521315862,36.69554211636375,22.395511257556986,False,False,0.5867138257980887,False,False,False,-0.04189624133980685
1156069000,신길7동,영등포구,34.405361095894655,46.39513242995762,7.247997537221188,45.48919228552582,34.68801670468812,14.908442686639452,59.08592651761923,27.45886194185463,23.635994080625526,False,False,0.5918479052368061,False,False,False,0.16393152302243208
1156070000,대림1동,영등포구,43.25245935608353,77.90459963974904,0.0,57.94672690919956,57.737296199934654,5.63492132414547,69.99568612639345,45.31414022251237,15.50227314365893,False,False,0.5816619356502266,False,False,False,0.044681177191906896
1156071000,대림2동,영등포구,39.49879524927572,90.06264518750214,0.0,52.13457586520259,66.59592192696587,0.4513225916287818,63.887519923198056,52.121768085901834,9.800244297348785,False,False,0.5787279285145257,False,False,False,-0.08683451555070543
1156072000,대림3동,영등포구,61.963673878443274,71.99624898843186,0.0,82.7097544350619,53.3562020491446,11.666547939405344,103.86176904532378,41.75498170316266,26.69935848554343,False,False,0.579960515857871,False,False,False,-0.11027121319101219
1156051500,영등포본동,영등포구,55.316418950668606,41.68823156875048,14.256909764173988,73.74006358791043,31.11260822215286,26.80377672248761,92.72414098460129,24.493987234424218,39.841358731050505,False,False,0.5875516017998932,False,False,False,-0.06619043313138617
1156053500,영등포동,영등포구,43.1911496459797,29.32008872138876,16.473761355770666,56.72802958237514,21.967319256388027,25.808014478948202,72.5409589479218,17.290969385471055,36.39426351493925,False,False,0.5897311413269168,False,True,False,0.17890622034991832
1156058500,도림동,영등포구,45.372602001541395,54.41557160822798,5.919326890603444,60.580995380436704,40.439133363626475,16.370485074598058,73.89299318534601,31.684664307963473,26.436655739447474,False,False,0.5822720109618871,False,False,False,-0.06075088949073337
1156060500,문래동,영등포구,65.4967488490266,49.97214432698366,11.455031138592446,84.22830296103523,37.07554735167384,25.593664560330712,103.74816251447267,28.837274256622546,40.07203819218255,False,False,0.5770669769127992,False,False,False,0.0077977612878883384
1159052000,노량진2동,동작구,24.81196931350837,32.114988714236894,8.770192725146224,31.446258043485948,24.37374073224866,13.549522426561039,38.96901631990939,19.54182436898936,18.673868923382106,False,False,0.6084954456274267,False,False,False,-0.3363138826794111
1159053000,상도1동,동작구,105.48691230746643,27.492808422804295,42.16185423796687,131.8388288690647,20.71826600640359,61.625876755333444,164.41587160935194,16.55250116523215,83.70265434572673,False,False,0.6020665808554665,False,False,False,-0.044156181648872805
1159054000,상도2동,동작구,62.76925659308728,32.922392781447165,21.68000962403028,78.24664076613695,24.778707172098162,33.39793732377943,97.46783792982363,19.766429789709782,46.48746054843736,False,False,0.60039468944216,False,False,False,-0.055517241379310356
1159055000,상도3동,동작구,62.47851740483774,48.3732263097071,11.926138870305902,85.51712582539264,36.17021056048065,26.759505080909047,105.42560296218001,28.703993282708883,40.86045068611116,False,False,0.593385958979313,False,False,False,-0.07312806158152552
1159056000,상도4동,동작구,72.33690729572963,39.46644176050986,20.25083860036383,96.14314408545256,29.591995836587024,36.409037315895915,121.53493670609149,23.553195920343832,53.36406276250501,False,False,0.5967904596839325,False,False,False,-0.04535078885532062
1159062000,사당1동,동작구,46.60178944583297,18.838614592451016,22.659185751184218,64.15158296384286,14.207534752196086,34.163332001432764,85.35331301381443,11.091537052496063,48.113724459358686,True,False,0.5887660686545734,False,False,False,-0.04603471749489452
1159064000,사당3동,동작구,57.333679791978916,17.146028116903462,28.847774367464794,80.29702286610386,12.955247146707633,43.76698631486232,104.03951478056575,10.328953538692415,59.440538137406236,True,False,0.6024108597203096,False,False,False,-0.09829174150647757
1159065000,사당4동,동작구,36.745365810104815,17.486864222601675,18.36340299805182,49.049335120068775,13.170778935270896,26.629291467484503,62.60987344454907,10.444443088533982,35.698375788462144,False,False,0.597273642408374,False,False,False,-0.07085444106720706
1159065100,사당5동,동작구,31.861798844320347,20.551785915871676,14.946313657391364,42.28525398605382,15.473327686870295,21.98337704587698,53.21782368677835,12.361104877912652,29.323289448396114,False,False,0.601461348834237,False,False,False,0.09239593829935666
1159066000,대방동,동작구,80.26136710520169,40.22691947082109,21.858934616808558,101.43970572020208,30.176020651956144,37.822391695162786,124.91219549866099,23.966198007362834,54.33107354950274,False,False,0.5957751257773269,False,False,False,-0.10519297539375028
1159067000,신대방1동,동작구,53.90878163260274,80.82911771494807,0.0,71.02639022662693,59.90552395659948,5.366814868094028,89.45346967194406,47.076496913452466,18.2351905860306,False,False,0.5824200268951645,False,False,False,-0.032127508657737724
1159068000,신대방2동,동작구,48.16855525780431,61.75082278345108,2.750803498742128,62.33172681950149,45.98391180750676,13.387419909127255,76.66777728967199,36.34553199443338,23.856005072527825,False,False,0.5885837687036262,False,False,False,0.0676629508835127
1159060500,흑석동,동작구,74.1627176795849,18.994811199574805,35.94429485889287,93.01446149881266,14.473611669605052,49.28650092499382,113.083588266349,11.644605681898783,63.1198708824581,True,False,0.6130414016518072,False,False,False,-0.07864311643940092
1159051000,노량진1동,동작구,84.93978577663417,25.844750070988994,35.34927132271794,107.54502342927354,19.828945639318807,51.22655960613618,130.64909584439684,16.03492863573096,67.18849369000765,False,False,0.6204327219913934,False,False,False,0.013095975232198187
1159063000,사당2동,동작구,76.28334004619263,15.848418242046394,39.37226626492742,101.25061470867595,12.032233376953533,56.12258414526035,128.43290590790377,9.568429627355899,74.3538933489806,True,False,0.6037466629931894,False,False,False,-0.0006059093987240693
1162052500,보라매동,관악구,62.23854777271694,56.06871332763438,7.090773183173609,82.17784757585561,41.79509661250507,21.092187912980194,103.33240652559498,33.10310950415287,35.50346498517818,False,False,0.590402517545154,False,False,False,-0.06514580440388806
1162054500,청림동,관악구,41.776627591861335,25.00381119606942,17.737436318886754,52.43631081098216,18.8168708675167,25.50750638990118,61.880000275758356,15.027176696072209,32.44642721957865,False,False,0.600995447383416,False,False,False,-0.09770540340488532
1162057500,행운동,관악구,55.99546865484495,24.217856193305725,24.21454237862691,77.6951102597789,18.165108790612493,38.30097065057791,99.9846799745493,14.479697468047787,52.97379527989248,False,False,0.5978934449222739,False,False,False,-0.034330603376232616
1162058500,낙성대동,관악구,27.590990471595052,24.428602397230286,11.873232914297693,37.31545544224946,18.219168896332064,18.375041015856734,44.775894999510044,14.372869934961816,23.770958324665088,False,False,0.5883623508724106,False,False,False,0.03239153564251085
1162061500,중앙동,관악구,31.646437261437427,35.89304559063083,9.990325800511542,44.2582456537041,26.85258686789392,17.972841034078296,52.831650539346434,21.35825921301541,24.357160958290034,False,False,0.5950528538762551,False,False,False,-0.008576998050682239
1162062500,인헌동,관악구,52.428972937719045,18.509556245929705,25.665058800410026,73.92501514611793,13.86566775032349,39.62080812295277,91.31363491212893,10.977571386790224,51.57762842883667,False,False,0.5930758815033298,False,False,False,-0.06246742610378975
1162063000,남현동,관악구,37.056079489417186,25.420520711815765,15.5787793130505,51.292512114458326,19.10219659887119,24.804757767141187,65.45427027620516,14.762128331902883,34.4940608970697,False,False,0.580716992356544,False,False,False,-0.0666701969921627
1162064500,서원동,관악구,43.20060691737039,65.55757359413542,0.8225551062949396,60.31033398028082,48.664186027532246,11.336788930430426,75.31547993363574,38.40042653333448,21.887569493792462,False,False,0.5857511867518183,False,False,False,-0.009068248237923293
1162065500,신원동,관악구,43.82975576374585,75.58716826495223,0.0,60.39890541947857,56.002021569727624,6.9214657300446545,73.17128013588733,44.09571502749947,17.097124166847966,False,False,0.5833756712903014,False,False,False,-0.06189813824095869
1162066500,서림동,관악구,47.21355641838232,57.82465610284868,4.5499484718402075,64.01369193548297,42.87079219733892,15.741490090386744,79.84163208389323,33.80283202188644,26.873717350157982,False,False,0.5845747177772005,False,False,False,-0.024592901878914386
1162068500,신사동,관악구,45.77016574526032,77.96632243538237,0.0,64.44166448899244,57.806338160882085,6.2220176200867785,80.12422928410736,45.51419255153609,17.58519875012785,False,False,0.5837673386385225,False,False,False,-0.03509304645816158
1162069500,신림동,관악구,24.695327967775363,67.53949787753032,0.0,34.35295064801771,50.19079244793284,5.933035289447958,43.812107504120604,39.62715015722695,12.194863290035823,False,False,0.5867255665578539,False,False,False,0.05889666605267996
1162071500,난향동,관악구,35.8317289174028,98.09202625688833,0.0,49.681802924543135,72.18967520974432,0.0,64.04877610380991,56.26936410363428,7.168496252782798,False,False,0.5736385132495198,False,False,False,-0.1012890219317002
1162072500,조원동,관악구,39.23088449256611,97.114861098476,0.0,52.80721055595168,71.75132678216059,0.0,66.80043967341878,56.1856938306011,7.53236130472438,False,False,0.5785488770212823,False,False,False,0.12139025225430888
1162073500,대학동,관악구,42.624343940448966,37.7308366712276,12.672546905205564,56.44579819290697,27.942779377642573,22.30671915006897,70.80339161280634,21.794363272954495,32.33395924889868,False,False,0.5776273519419255,False,False,False,0.025216805590637437
1162060500,은천동,관악구,77.67897341115507,46.060230207835964,16.624371800172568,107.36846130269421,34.39267540440184,35.50560580466569,133.76071654947773,27.30076918844259,53.719427893899116,False,False,0.592718904470392,False,False,False,-0.07980320929035212
1162056500,성현동,관악구,72.97960430895438,33.94182610582502,24.462605352233084,99.24194495733215,25.455731949473638,41.6874499672144,124.07935116740632,20.27876145299181,58.544171831151175,False,False,0.597456406433937,False,False,False,-0.13220097766227334
1162059500,청룡동,관악구,59.67230271325188,44.02687848611428,13.9840436845631,82.35431097450935,32.784887626834376,28.55777544160925,105.43918721737924,25.973508010677822,43.74471709753933,False,False,0.5899466167893247,False,False,False,0.16655860995850613
1162077500,난곡동,관악구,71.05825398523349,91.75906428350115,0.0,98.12080866206462,67.70759939549882,0.0,124.87104706288872,53.018252295853294,18.035571484686724,False,False,0.5777985282418177,False,False,False,-0.1270095902353967
1162074500,삼성동,관악구,74.59484505323289,74.14758393480304,0.0,96.98228641560708,54.654284156652245,12.420837034298968,121.74998978625716,42.734447975490916,30.10531674053644,False,False,0.5763430945108978,False,False,False,-0.22469301007556675
1162076500,미성동,관악구,73.08958432535657,95.06058249588338,0.0,102.68499708843865,70.17750122706548,0.0,133.64867853882802,54.97275009952588,16.69119567407304,False,False,0.5782917446556409,False,False,False,-0.0965064420218038
1165051000,서초1동,서초구,40.85259467634077,43.96653838509146,9.59834620840669,52.78721797615808,33.17160632586778,18.100738767260115,69.20777052652556,25.240032533399244,29.22061216226272,False,False,0.5740736810418954,False,False,False,-0.04828558008454675
1165052000,서초2동,서초구,38.717039022323476,44.889280734692264,8.739337371296708,51.804190464448084,33.86505201571994,17.40442467546536,67.95324906875855,25.762747124994757,28.33573186992985,False,False,0.5739175746044926,False,False,True,0.3553610503282276
1165053000,서초3동,서초구,68.15127099330495,38.95257497140498,19.4292694407403,87.9144652977165,29.393180348609377,33.46765601512608,112.65182457207824,22.378937580091833,50.786452585414594,False,False,0.5745175407921087,False,False,False,0.04428152492668613
1165053100,서초4동,서초구,57.92758215114873,39.241777665002324,16.34706632147863,75.0816368912263,29.70813201615215,28.34592894607854,97.11056962754266,22.745227121210586,43.42433373262324,False,False,0.5796176543117173,False,False,False,-0.042296359661629146
1165054000,잠원동,서초구,46.14520277605719,25.782944903357336,19.232704334171093,58.93558620110385,19.78660675758214,28.097542390891487,78.62476477830963,15.569081928079074,40.800377811988945,False,False,0.603851964406585,False,False,False,-0.22747611212147456
1165055000,반포본동,서초구,0.3920129523101134,17.299368766128048,0.19664248119998717,0.5802558273383892,13.226371706855112,0.31470312828988445,0.8179851250034562,10.378607595579052,0.46693046522274806,False,True,0.599941404561549,False,False,False,-0.981965734896303
1165056000,반포1동,서초구,51.37122054508415,33.621236355697654,17.38421276765888,69.49072269725197,25.54209786152294,29.130171651529338,91.17646994199032,19.68456928513258,43.561418793069805,False,False,0.5854802326981267,False,False,False,0.027903859627745442
1165057000,반포2동,서초구,44.03739958533603,21.366578857316117,20.299052872894716,57.89564322073251,16.329984425763023,29.602983278258314,77.78773352485787,12.743111405857316,42.56427955656645,True,False,0.5964039208595135,False,False,True,0.5229176934450468
1165058000,반포3동,서초구,44.48632558601969,23.850649985825477,19.400913480861494,58.10786551138991,18.28102250564318,28.577789400900215,74.48310894673817,14.328182303068335,39.5754285335306,True,False,0.6007459885405061,False,False,False,0.17525569445130684
1165058100,반포4동,서초구,38.577274746512884,30.504914050781156,14.256885975536248,49.43213795440349,23.15549528128861,21.9014595474967,66.08109982999346,17.830169533322277,32.797001451155566,False,False,0.5845015496074046,False,False,False,-0.06405136241848242
1165059000,방배본동,서초구,47.04236650177986,21.411753104724585,21.662942261517042,57.19743815259888,16.24230122620504,29.296132223777395,70.06942315756498,12.595632350615965,38.44427376165071,True,False,0.5882578735618192,False,False,False,-0.0605748042571147
1165060000,방배1동,서초구,39.623917207918616,30.091480977091955,14.807508822214697,53.44174929217318,22.727291617150982,23.90680205880682,66.6582938080469,17.3856252459038,33.3797967716003,False,False,0.57775904280481,False,True,False,-0.05537085864954716
1165061000,방배2동,서초구,44.80218762074753,27.053884903304464,18.10354462757049,59.76186580894312,20.377016052885867,28.138631606552597,78.73888977397573,15.616191954624734,40.822506245060275,False,False,0.577225489442269,False,False,False,-0.14814463769489594
1165062000,방배3동,서초구,37.424282330918096,33.02016127615509,12.8894648559659,49.768193174839425,24.88383566006387,21.19018877917703,63.84473488487999,18.979569335939487,30.95323006721664,False,False,0.5747872997108963,False,False,False,-0.2945245213976527
1165062100,방배4동,서초구,51.559443994758425,25.0190981273547,21.883122927738004,66.03389222532124,18.937979802574276,32.0420413978814,81.1040273367307,14.584888046969546,42.885150695319716,True,False,0.5829501915987578,False,False,False,-0.05597869063969696
1165065100,양재1동,서초구,91.83374469448002,41.70144280009681,23.656525803044065,120.57588627277305,31.39318914216094,43.48981762000813,160.92200459695565,23.79330387151653,70.27191293629262,False,False,0.5705630854446431,False,False,False,-0.09481892446813156
1165065200,양재2동,서초구,34.90457862472254,22.6102764673382,15.655168834161952,51.14425457001616,16.98220597398411,25.817314690986084,70.15894965109449,12.818259260032821,38.33720064592659,False,False,0.5669218277162382,False,False,False,-0.08326474028505826
1165066000,내곡동,서초구,43.809297715273075,20.657685161107096,20.50447059564356,56.278207675555365,15.349031113136622,29.32802514049948,73.26619800247008,11.49255990136906,41.00639476523819,False,False,0.5563333844881362,False,False,False,-0.08279290964115871
1168051000,신사동,강남구,47.13512809315955,25.419483996110557,19.81660975193728,56.75525073061303,19.59473290090406,27.166965882015027,67.33836471119562,15.63238465530803,34.900952513752365,False,False,0.6149764746483424,False,False,False,-0.11424614851999304
1168052100,논현1동,강남구,39.143649884238705,31.23122723296173,14.181894021701623,50.74331546288188,23.786702072579455,22.162096099870144,64.23373530338547,18.44917906157216,31.482514891618344,False,False,0.5907285975013087,False,False,False,-0.10268473756906082
1168053100,논현2동,강남구,41.29226051567432,28.818835751311163,15.95647484410358,55.12577410748769,21.951812843444642,25.087627751482266,69.90066165664732,17.0720021900762,35.22266897898646,False,False,0.5923904191479866,False,True,False,-0.06785664995169527
1168058000,삼성1동,강남구,27.565954254516765,26.412113964127858,11.315685186037472,37.42842817687358,19.792285928598844,17.841878569144303,48.07111504124058,15.15675264517961,25.14352795427478,False,False,0.5738560974621364,False,False,False,-0.18364019294789047
1168059000,삼성2동,강남구,50.56760832069884,29.328660946280046,19.282920111472436,70.26037692533768,22.16721597479299,31.82401168034464,89.58754712627037,17.04877288103866,45.16362384465448,False,False,0.5813007594266274,False,True,False,0.014032987496674698
1168060000,대치1동,강남구,31.79269991569122,36.15865783744488,9.952053515558442,42.966745544670125,27.12072308321759,17.333166055988762,58.90645933678143,20.499046241328095,27.663983282708685,False,False,0.5669194452261961,False,False,False,-0.05579331114281183
1168063000,대치4동,강남구,26.283957728011718,33.51312768216937,8.92300463405097,36.263949838154225,25.186019553444982,15.330798764771194,48.145782103632925,19.125066024380384,23.272006941704948,False,False,0.5706738626653417,False,False,False,-0.10314991250243044
1168064000,역삼1동,강남구,46.35409833668244,37.922623109860204,13.692530840830981,62.511033701514755,28.685186464887547,24.23954292820709,82.37822813935641,21.94594884033071,37.49499485179601,False,False,0.5787033448808181,False,False,False,-0.04960372443606942
1168065000,역삼2동,강남구,48.26622839651478,37.4104114774718,14.504579917056565,65.17240105340424,28.2058598269828,25.583914672310065,86.34201690300515,21.474059244178353,39.7065784931796,False,False,0.5740129123441968,False,False,False,-0.012747528123552954
1168065500,도곡1동,강남구,37.09425771089342,42.70604697330153,9.182892194953881,49.31102355622992,32.190114783502196,17.39273511284489,67.60750380326527,24.462387541793852,29.070700681859968,False,False,0.5728085195308983,False,False,False,-0.09042458696038369
1168065600,도곡2동,강남구,68.42458569036178,41.20448694004744,17.966327387687652,86.82034102655393,30.99062302010978,31.664234916041377,112.2113783082295,23.48496757201926,49.34679614245801,False,False,0.5699614123624427,False,False,False,-0.05434687381362613
1168066000,개포1동,강남구,40.23295343797409,37.43161242739821,12.08195477600003,57.64590615328681,27.94631441137976,22.77894997507018,81.98430685969639,20.992999646107748,38.09696777013253,False,False,0.5608361030886782,False,False,True,2.642177064089811
1168069000,개포4동,강남구,40.425400756331555,37.44569974804404,12.134051844416069,55.38992925792393,28.101649900667198,21.801453828069146,77.20309343640865,21.21284809109801,35.70547455345831,False,False,0.5664962394568699,False,False,True,0.2560822946715289
1168072000,일원본동,강남구,39.366917868265034,36.28840426698655,12.271930136558709,51.053845058176876,26.896332350282847,20.71013378956973,70.32562553823338,20.074434255908717,33.32532747885348,False,False,0.5531914301939002,False,False,False,-0.07234094816998282
1168073000,일원1동,강남구,42.3967156651134,36.4178622127486,13.16152930748271,56.210003058609296,26.980709343514008,22.75431526690565,72.72600225827965,20.135593785404843,34.41831932306668,False,False,0.5529043321591811,True,False,False,-0.130088710657431
1168067500,개포3동,강남구,41.906063277129455,28.870580275687026,16.171981163903133,56.98903480041245,21.42728844108269,26.234515299896223,75.55956001185055,16.020219946478147,38.86888767890005,False,False,0.5548977468932054,False,True,False,-0.07431609259054162
1168075000,수서동,강남구,62.85463922026757,52.54234704410954,9.377448647771283,80.0307406729707,38.77230094717453,22.96026620109727,102.89111709494983,28.887400180726853,39.68943497211852,False,False,0.5497927254082454,True,False,False,-0.13787085514834208
1168070000,세곡동,강남구,102.39339461906663,70.51680114719794,0.0,123.72056057689244,51.36354863427598,19.91661125687907,154.5250152618817,38.25778675854921,45.12721168791109,False,False,0.5425343483560644,True,False,False,0.02948370169431236
1168054500,압구정동,강남구,76.94803380293153,29.501879718794456,29.20926577307504,95.3642414893562,22.620582361140734,42.762305493182225,114.62695616077534,18.04366150252255,56.64628969020206,False,False,0.6116105710724481,False,False,False,-0.07953765577027272
1168056500,청담동,강남구,48.09130376498259,24.530338284281598,20.64620809397578,64.43918498740581,18.59615956281148,31.48849773818141,84.28163442871468,14.599783147119375,44.552811315235104,False,False,0.5951725156792695,False,False,False,-0.1839134210702118
1168061000,대치2동,강남구,58.91091626965939,30.502408752466543,21.77300385954765,82.93084181325982,22.81249291174294,37.0278883237631,117.74065766416146,17.223776001439887,59.15035566382352,False,False,0.5646693722195663,False,True,False,-0.0157919182535996
1168067000,개포2동,강남구,54.13015049524287,35.40018227406514,17.35489885723422,78.22473255897025,26.41134458170172,32.11146001777279,114.6101677024898,19.83099859811387,54.58952313593575,False,False,0.5601948160770472,False,False,True,1.2764699500976349
1171051000,풍납1동,송파구,33.40659736036157,60.332193813470205,2.3816952227322266,46.03843613267278,44.24767921090018,10.687330511631501,59.606009448795426,33.606674720044126,20.179575677685012,False,False,0.5570272286790415,False,False,False,-0.21452634415846916
1171052000,풍납2동,송파구,48.81869120386755,57.03915186658899,5.0881074520222285,65.67414047639109,41.92682248460539,16.769751954181782,88.07082623906363,31.77048658955577,31.43346692081024,False,False,0.556994372284233,False,False,False,-0.05326404676843133
1171053100,거여1동,송파구,32.20296655889521,72.75859772451548,0.0,42.70756964441001,53.39959607057237,6.005544217370365,56.121080768700445,39.67251925926784,15.595537829600298,False,False,0.5452622851457247,True,False,False,-0.09855623100303956
1171053200,거여2동,송파구,55.345491690909896,70.26758592824054,0.0,74.38851929766535,51.5275231648567,11.853130955543438,99.10089807599725,38.2730160649608,28.926158319424648,False,False,0.5446752661183836,True,False,True,0.3735864533895823
1171054000,마천1동,송파구,55.31150176411032,66.59331090706262,0.48026904153070143,75.47002393510127,48.79574811850228,14.087130120505128,93.84720987642913,36.240690484012376,29.299961479085788,False,False,0.5442091704163764,True,False,False,-0.14809285301483333
1171055000,마천2동,송파구,53.34223281705524,71.70179995842965,0.0,72.86610544710184,52.53906130815845,10.873479766704882,92.98771021462254,39.0219564533124,26.445382245123188,False,False,0.5442256188259716,True,False,False,-0.14449836585124298
1171056100,방이1동,송파구,29.137518434715307,60.45239000290962,2.0423126494235184,39.04507706662084,44.51085302518189,8.96114058824699,51.310433080493155,33.15622202046307,17.602242932056637,False,False,0.5484683404389344,True,False,False,-0.07986556675832568
1171056200,방이2동,송파구,43.65789874831033,54.50218694612119,5.657811616388111,60.34709633346161,40.16941261712001,16.470048398960238,80.28696580028146,30.04822093337828,30.03807455575864,False,False,0.5513213802426463,True,False,False,0.02406687402799368
1171056600,오륜동,송파구,34.606522098067714,70.14785813500896,0.0,47.2755843084222,51.48187363119047,7.554513545641241,65.9766518286804,38.446234735881504,19.143372844526866,False,False,0.5480742499918753,True,False,False,-0.06424684313414697
1171057000,오금동,송파구,88.26063479898339,70.0630741484602,0.0,113.91562703059874,51.49626957550135,18.18701718549522,151.6094738097048,38.282160905275305,44.23880861203227,False,False,0.5463956780451468,True,False,False,-0.06953585671992368
1171058000,송파1동,송파구,41.87121520096064,49.43761428198858,7.546865863379947,59.05806885356788,36.483369201952506,18.29515053821046,77.20232255890119,27.198797563825416,31.08382601201058,False,False,0.5501640392411624,True,False,False,-0.09644906187005742
1171059000,송파2동,송파구,34.20130160041111,58.5993759170278,3.0309992671501105,47.46578287641885,43.20174813925281,11.51513316250337,65.28439221483559,32.14161333542228,23.058444885339878,False,False,0.5484975365767091,True,False,False,-0.09990816375851908
1171060000,석촌동,송파구,56.49086725002857,43.92103952339993,13.298272186427322,77.74504387992981,32.45912738647997,27.212695148472452,105.43658649910572,24.194634948170542,45.61922114415999,False,False,0.5508666281744152,True,False,False,-0.08521318234784425
1171061000,삼전동,송파구,48.996385646777675,32.714663833606046,17.024747543456638,68.58334729098173,24.229458999527452,29.650055981072043,92.19452939502665,18.097819946627187,45.51071355359191,False,False,0.5532020759460243,False,False,False,-0.11146006527495533
1171062000,가락본동,송파구,49.197904973829544,68.5304567040968,0.0,65.54628402614179,50.45899964153624,11.144579008914159,89.47963271192236,37.52390762803005,26.78814575828431,False,False,0.5475508180260944,True,False,False,-0.09446737634875801
1171063100,가락1동,송파구,36.16626665227944,58.489834159450616,3.244756225786985,55.472352980523034,43.14994459483275,13.486252621762059,81.58245306224049,32.12180281086985,28.8310812781654,False,False,0.5491860811795396,True,False,False,0.03089792381024159
1171063200,가락2동,송파구,54.28044597836468,73.96346267573001,0.0,73.59463425036057,54.37632827131278,9.630064927384788,100.29770456148796,40.42068625736098,27.121425395231498,False,False,0.5464953207311698,True,False,False,-0.08149486215167756
1171064100,문정1동,송파구,36.610115467002665,78.83886898341606,0.0,50.75596793286865,57.91262341053145,4.846680363348686,69.72150104722903,43.06641158889145,17.008698230068656,False,False,0.5462586176616837,True,False,False,-0.060782366018636735
1171064200,문정2동,송파구,55.85230768622544,85.23757366920692,0.0,69.77269457903,62.32655477710997,3.5828661113158913,89.4236907303106,46.36994208218734,18.86094752237522,False,False,0.5440082358766042,True,False,False,-0.03423991414869709
1171065000,잠실본동,송파구,45.32070462313624,26.713646834895442,18.467263840350416,63.21974760467377,19.83269896982447,30.110877081159277,86.38248602215228,14.89263171263241,45.4103899672178,False,False,0.5574915250125452,False,False,False,-0.04618404738944759
1171069000,잠실4동,송파구,34.7487936667665,51.392352758886496,5.583872900152089,47.52235471099361,37.858821824305075,14.067941806528035,65.53544355419798,28.54497842557083,25.504186850196923,False,False,0.5554324115008528,False,False,False,-0.0791712104689204
1171071000,잠실6동,송파구,38.22271726094087,41.92503575120749,9.760772416671296,49.06407392454838,30.964415731695293,17.907010175201805,64.39768430131879,23.409746855949003,28.368379492557374,False,False,0.5583715418841301,False,False,False,-0.05159165751920969
1171072000,잠실7동,송파구,32.72983977024018,26.984074002987047,13.248232540689663,38.62326550782661,20.093059583384072,18.295280836402576,47.82769646059333,15.173416536877257,25.00823825834957,False,False,0.5623100698285074,False,False,False,-0.08270676691729328
1171067000,잠실2동,송파구,44.8776497433272,32.91901113797138,15.501906345707674,63.8178888399849,24.434545628619066,27.4589638502141,86.22196202699489,18.606126122700122,42.124156403591904,False,False,0.5652091444884974,False,False,False,-0.05029835699299745
1171068000,잠실3동,송파구,68.40779539029569,35.408448876754015,21.92686059708737,94.75181349185576,26.19810185773488,39.097921887016014,132.22568265271795,19.754464694536964,63.0810980126255,False,False,0.5579025718775825,False,False,False,-0.060792216817234235
1171064600,장지동,송파구,57.034365897782514,88.53495189522089,0.0,77.62218384043072,64.68046528657305,2.1587849443544687,103.60297388054921,48.084284467115005,20.075485086186347,False,False,0.5431107538638714,True,False,False,-0.17457111072076814
1171064700,위례동,송파구,43.389393687214714,86.16551673408767,0.0,58.37659179093445,62.79102813700654,2.726526269288216,84.15587575617322,46.65174146591058,17.51272676383655,False,False,0.5414200858317935,True,False,True,0.5877310568646819
1174052600,상일제2동,강동구,28.003741683522723,111.9340145957288,0.0,35.022674057637566,80.78507242679397,0.0,43.705312049681346,59.49739088593674,3.4807866370880047,False,False,0.5315398639173534,True,False,True,3.8138539959949025
1174052500,상일제1동,강동구,49.90847749715637,115.24664907818504,0.0,73.9115760589782,83.30334794934093,0.0,107.96507082636327,61.52245143901044,6.412216304596085,False,False,0.5338328873863629,True,False,True,3.8138539959949025
1174053000,명일1동,강동구,49.040556196703115,102.29068443935634,0.0,67.23446589314408,74.17760935368575,0.0,93.43901677278137,55.181605745234585,11.474314852546495,False,False,0.5394587595896803,True,False,False,0.021254028474686937
1174054000,명일2동,강동구,29.57691992042866,109.70549011814768,0.0,41.19493831498338,79.4402035958083,0.0,58.63013098126356,58.8740692526978,5.034886148041169,False,False,0.5366556330890385,True,False,False,-0.0608025036325025
1174055000,고덕1동,강동구,36.90329339950928,104.93253122879011,0.0,48.94053793993883,75.94962938360786,0.0,65.49772366312096,56.451624621403575,7.21128953031933,False,False,0.5379802046166124,True,False,False,-0.1260726072607261
1174056000,고덕2동,강동구,37.020610359741355,105.61283773511924,0.0,51.07867394323694,76.28463247971219,0.0,72.13989148813897,56.45732763798669,7.938477059492174,False,False,0.5345687972098967,True,False,True,2.5072666294019004
1174058000,암사2동,강동구,31.8337115874454,74.37506582795257,0.0,43.93533661091415,54.28824758463969,5.787760940188223,56.78538495630628,41.11251230360145,14.962436326798445,False,False,0.5527727854211866,True,False,False,0.012796697626418885
1174059000,암사3동,강동구,32.696792797800434,92.79224331467876,0.0,45.81166505448892,67.33477278631473,0.05810605183580122,60.93436144933985,50.38538354323544,10.405289301462217,False,False,0.5429913292684132,True,False,False,-0.09018046709129512
1174060000,천호1동,강동구,64.66827969244922,90.72781245074314,0.0,91.11735350183169,65.93861523085603,1.3877121543637179,120.99278576679232,49.2453708310871,22.040334736776472,False,False,0.5427814195103933,True,False,False,-0.09538385757511791
1174062000,천호3동,강동구,58.8756472791487,80.77405010547596,0.0,80.84748515084351,58.85860348084599,6.955314086916847,105.98931870198655,44.10849487821135,24.75180717910151,False,False,0.5460725916382033,True,False,False,-0.053027846824453384
1174064000,성내1동,강동구,38.81237724091596,67.94789525145355,0.0,53.50959782674103,49.77298854348076,9.465109983282247,71.42725443166138,37.40651808906464,21.467526676300068,False,False,0.550517686392419,True,False,False,-0.06277656212010696
1174065000,성내2동,강동구,56.851655774182994,68.81589161357725,0.0,77.82728542262322,50.30892071275763,13.349472130427442,101.52971129468962,37.84368691190487,30.070991386921595,False,False,0.5499265652824642,True,False,False,-0.02855291401725324
1174066000,성내3동,강동구,49.10714834108104,76.73539835222257,0.0,69.15517980359212,56.05821994007742,7.886034616358285,92.81313999857825,41.94276869025689,23.6848375306287,False,False,0.5465895739243537,True,False,False,-0.06437334007841156
1174069000,둔촌1동,강동구,0.0540212115645071,81.43186216837967,0.0,0.07061299836216477,59.45533448063891,0.005653470912098938,0.18327187147604318,44.301858257484895,0.04244530969696112,False,True,0.5440359225223207,False,False,False,-0.8118081180811808
1174070000,둔촌2동,강동구,52.83108519232099,98.62173499865348,0.0,71.2267341309169,71.67637257742085,0.0,94.61402340975533,53.26319496243794,13.433691339877882,False,False,0.5400756229158326,True,False,False,-0.1358033564523664
1174057000,암사1동,강동구,80.25910383101272,85.77598922157291,0.0,109.4277049065424,62.396865448319126,5.5422332740257065,142.98509197284488,46.76128381737028,29.598379845190262,False,False,0.5451558675304636,True,False,False,-0.09220473080987346
1174061000,천호2동,강동구,74.55181495456645,66.88271578873426,0.4315758357727228,103.82844111991093,48.91509426311379,19.25655774634683,137.03800680076537,37.03414667182789,41.69718870360069,False,False,0.5537177465820838,False,False,False,-0.08056845204393615
1174068500,길동,강동구,102.88820843208318,101.67388115291212,0.0,142.95539906153,73.81126954731737,0.0,191.66920405310896,54.87839694698933,24.11814351786194,False,False,0.539749209184364,True,False,False,-0.009799477648988808
1153078000,오류2동,구로구,98.18304443141434,121.4628608195337,0.0,130.14990081931907,87.90117303554673,0.0,164.96711279777134,66.47928170027878,1.6205179584770089,False,False,0.547321883016175,True,False,False,0.07160453610766138
1174051500,강일동,강동구,75.76304180111396,104.40415363927838,0.0,98.67168175622871,75.23804359390175,0.0,129.14368537634292,55.52144725959253,15.419965673873117,False,False,0.5317934710856613,True,False,False,0.06926687665987274
