장기요양기관코드,기관유형코드,정원,현원,장기요양기관이름,시도,시군구,기관별 상세주소,방법,결과주소,후보수,lon,lat,행정동코드,시도일치,시군구일치,분석범위
11111000006,A03,38.0,35,청운노인요양원,서울특별시,종로구,서울특별시 종로구 비봉길 76 (구기동),원주소,서울 종로구 비봉길 76,1.0,126.954959734242,37.6151805464846,1111056000,True,True,True
11111000033,A04,9.0,8,청운실버센터,서울특별시,종로구,서울특별시 종로구 자하문로28길 29 (청운동),원주소,서울 종로구 자하문로28길 29,1.0,126.972534905228,37.5864670481034,1111051500,True,True,True
11111000056,A03,42.0,37,인자인케어센터,서울특별시,종로구,서울특별시 종로구 평창17길 26 (평창동),원주소,서울 종로구 평창17길 26,1.0,126.96665593924,37.6128604208543,1111056000,True,True,True
11111000060,A03,68.0,68,평창동시니어센터,서울특별시,종로구,서울특별시 종로구 평창15길 10 (평창동),원주소,서울 종로구 평창15길 10,1.0,126.965674555075,37.6106070363139,1111056000,True,True,True
11111000068,A03,38.0,37,아름다운뜰안에 요양원,서울특별시,종로구,서울특별시 종로구 평창21길 70 (평창동),원주소,서울 종로구 평창21길 70,1.0,126.968296057272,37.6115368696487,1111056000,True,True,True
11111000076,A03,38.0,36,서울여자간호대학교 휴먼캐슬,서울특별시,종로구,서울특별시 종로구 평창길 318 (평창동),원주소,서울 종로구 평창길 318,1.0,126.97721677298,37.6140072780999,1111056000,True,True,True
11111000078,A03,23.0,21,세검정실버홈,서울특별시,종로구,서울특별시 종로구 평창2길 5 (평창동),원주소,서울 종로구 평창2길 5,1.0,126.963694614383,37.6056807340288,1111056000,True,True,True
11111000087,A03,77.0,74,해피움시니어스타워(종로점),서울특별시,종로구,서울특별시 종로구 홍지문길 29 (홍지동),원주소,서울 종로구 홍지문길 29,1.0,126.957430835877,37.6020217019898,1111055000,True,True,True
11111000088,A04,9.0,8,아름다운실버홈,서울특별시,종로구,서울특별시 종로구 평창길 123 (평창동),원주소,서울 종로구 평창길 123,1.0,126.965403081046,37.61255705766,1111056000,True,True,True
11111000135,A03,58.0,58,아름다운재활요양원,서울특별시,종로구,서울특별시 종로구 평창25길 8 (평창동),원주소,서울 종로구 평창25길 8,1.0,126.974564979511,37.6103175470142,1111056000,True,True,True
11114000030,A03,14.0,14,남산실버복지센터,서울특별시,중구,서울특별시 중구 동호로5길 189 (신당동),원주소,서울 중구 동호로5길 189,1.0,127.008808739144,37.5468266344165,1114063500,True,True,True
11114000040,A03,60.0,60,구립중구노인요양센터,서울특별시,중구,서울특별시 중구 필동로 96 (장충동2가),원주소,서울 중구 필동로 96,1.0,126.996815956939,37.5533462746415,1114057000,True,True,True
11114000043,A04,9.0,7,효심원,서울특별시,중구,서울특별시 중구 청구로17길 98 (신당동),원주소,서울 중구 청구로17길 98,1.0,127.011055228055,37.5569908762567,1114062500,True,True,True
11117000054,A03,91.0,91,구립용산노인전문요양원,서울특별시,용산구,서울특별시 용산구 효창원로93길 51 (효창동),원주소,서울 용산구 효창원로93길 51,1.0,126.961629126778,37.5470833698179,1117058000,True,True,True
11117000092,A03,81.0,80,구립한남노인요양원,서울특별시,용산구,서울특별시 용산구 독서당로 103 (한남동),원주소,서울 용산구 독서당로 103,1.0,127.010775094877,37.5356019057174,1117068500,True,True,True
11120000010,A03,232.0,228,시립동부노인전문요양센터,서울특별시,성동구,서울특별시 성동구 마장로23길 12 (홍익동),원주소,서울 성동구 마장로23길 12,1.0,127.032963032956,37.5676299945366,1120053500,True,True,True
11120000056,A04,9.0,10,한마음너싱홈,서울특별시,성동구,서울특별시 성동구 용답중앙길 91 (용답동),원주소,서울 성동구 용답중앙길 91,1.0,127.055253261477,37.5621814522914,1120079000,True,True,True
11120000065,A03,46.0,35,금호노인요양원,서울특별시,성동구,서울특별시 성동구 금호로 45 B2 201 301호 (금호동4가),원주소,서울 성동구 금호로 45,1.0,127.02530593576,37.5475130649896,1120062000,True,True,True
11120000093,A03,49.0,20,이암요양원,서울특별시,성동구,서울특별시 성동구 마장로 125 (상왕십리동 천리혜성교회 5층 6층),원주소,서울 성동구 마장로 125,1.0,127.023982880837,37.5680806759969,1120053500,True,True,True
11120000110,A04,9.0,8,서울숲 요양원,서울특별시,성동구,서울특별시 성동구 뚝섬로 401-2 4층 (성수동2가 일산빌딩),원주소,서울 성동구 뚝섬로 401-2,1.0,127.055403120183,37.5389478799426,1120067000,True,True,True
11120000126,A04,9.0,9,서울숲재활요양원,서울특별시,성동구,서울특별시 성동구 뚝섬로 401-2 3층층 (성수동2가),원주소,서울 성동구 뚝섬로 401-2,1.0,127.055403120183,37.5389478799426,1120067000,True,True,True
11120000180,A03,48.0,48,송정요양원,서울특별시,성동구,서울특별시 성동구 고산자로8길 5 (행당동),원주소,서울 성동구 고산자로8길 5,1.0,127.034571260094,37.5575836036945,1120056000,True,True,True
11120000190,A04,9.0,9,금호무지개요양원,서울특별시,성동구,서울특별시 성동구 금호로13길 17 (금호동2가),원주소,서울 성동구 금호로13길 17,1.0,127.019142228139,37.5540149281483,1120061500,True,True,True
11121500005,A03,29.0,28,광진소규모요양시설,서울특별시,광진구,서울특별시 광진구 자양로51길 11-25 (구의동),원주소,서울 광진구 자양로51길 11-25,1.0,127.092418412379,37.553096432473,1121586000,True,True,True
11121500009,A04,9.0,9,사랑이있는집노인요양공동생활가정,서울특별시,광진구,서울특별시 광진구 용마산로8마길 7-10 (중곡동),원주소,서울 광진구 용마산로8마길 7-10,1.0,127.090240159836,37.5608246181539,1121577000,True,True,True
11121500093,A04,9.0,8,실버밸리노인요양공동생활가정,서울특별시,광진구,서울특별시 광진구 자양로 65 2층 (자양동 화성빌딩),원주소,서울 광진구 자양로 65,1.0,127.08436627899,37.5336235776274,1121582000,True,True,True
11121500095,A04,9.0,9,광진노인보호센터,서울특별시,광진구,서울특별시 광진구 뚝섬로58길 13 (자양동),원주소,서울 광진구 뚝섬로58길 13,1.0,127.084613258342,37.5313148564127,1121583000,True,True,True
11121500101,A03,93.0,90,광진한울촌노인요양시설,서울특별시,광진구,서울특별시 광진구 군자로 79 (군자동),원주소,서울 광진구 군자로 79,1.0,127.070652659392,37.5501803357493,1121573000,True,True,True
11121500112,A04,9.0,8,밝은요양원,서울특별시,광진구,서울특별시 광진구 긴고랑로 12 4층 (중곡동),원주소,서울 광진구 긴고랑로 12,1.0,127.077547587888,37.5637117798954,1121574000,True,True,True
11121500118,A03,39.0,32,므두셀라실버타운,서울특별시,광진구,서울특별시 광진구 능동로 360 (중곡동),원주소,서울 광진구 능동로 360,1.0,127.082084294026,37.5613314340904,1121575000,True,True,True
11121500142,A03,122.0,119,워커힐실버타운,서울특별시,광진구,서울특별시 광진구 워커힐로 93 (구의동),원주소,서울 광진구 워커힐로 93,1.0,127.097917377384,37.5505366803029,1121586000,True,True,True
11121500148,A03,15.0,15,광진원광실버센터,서울특별시,광진구,서울특별시 광진구 아차산로63길 35 (구의동),원주소,서울 광진구 아차산로63길 35,1.0,127.092021339382,37.5409775001268,1121587000,True,True,True
11121500196,A04,9.0,9,성동실버케어요양원,서울특별시,광진구,서울특별시 광진구 뚝섬로 613 4층층 (자양동),원주소,서울 광진구 뚝섬로 613,1.0,127.077942462278,37.532708250351,1121582000,True,True,True
11121500252,A04,9.0,8,강변케어센터2,서울특별시,광진구,서울특별시 광진구 구의강변로 35 6층 (구의동),원주소,서울 광진구 구의강변로 35,1.0,127.091388161972,37.5339461365711,1121587000,True,True,True
11121500254,A04,9.0,8,강변케어센터,서울특별시,광진구,서울특별시 광진구 구의강변로 35 6층 (구의동),원주소,서울 광진구 구의강변로 35,1.0,127.091388161972,37.5339461365711,1121587000,True,True,True
11121500260,A04,9.0,8,노블레스요양원2,서울특별시,광진구,서울특별시 광진구 용마산로 105 2층 (중곡동),원주소,서울 광진구 용마산로 105,1.0,127.086731501804,37.5630418968561,1121575000,True,True,True
11121500268,A03,78.0,77,워커힐케어센터1,서울특별시,광진구,서울특별시 광진구 아차산로 634 6 7층 (광장동),도로명번호,서울 광진구 아차산로 634,1.0,127.108301050472,37.548989068599,1121581000,True,True,True
11121500269,A03,39.0,39,워커힐케어센터2,서울특별시,광진구,서울특별시 광진구 아차산로 634 5층 (광장동),원주소,서울 광진구 아차산로 634,1.0,127.108301050472,37.548989068599,1121581000,True,True,True
11121500271,A04,9.0,9,노블레스요양원1,서울특별시,광진구,서울특별시 광진구 용마산로 105 3층 (중곡동),원주소,서울 광진구 용마산로 105,1.0,127.086731501804,37.5630418968561,1121575000,True,True,True
11121500282,A04,9.0,9,광진늘푸른요양원,서울특별시,광진구,서울특별시 광진구 뚝섬로 613 6층 (자양동),원주소,서울 광진구 뚝섬로 613,1.0,127.077942462278,37.532708250351,1121582000,True,True,True
11121500294,A03,74.0,74,사랑재 요양원,서울특별시,광진구,서울특별시 광진구 자양로 188 (구의동),원주소,서울 광진구 자양로 188,1.0,127.085239314535,37.5442983580253,1121585000,True,True,True
11121500303,A04,9.0,9,중곡요양원,서울특별시,광진구,서울특별시 광진구 면목로 203 3층 (중곡동),원주소,서울 광진구 면목로 203,1.0,127.083229831295,37.5712175286905,1121576000,True,True,True
11123000008,A03,120.0,120,유자원,서울특별시,동대문구,서울특별시 동대문구 망우로 82 (휘경동),원주소,서울 동대문구 망우로 82,1.0,127.06355328121,37.5862119387672,1123073000,True,True,True
11123000009,A03,46.0,46,은천요양원,서울특별시,동대문구,서울특별시 동대문구 장한로27가길 53 (장안동),원주소,서울 동대문구 장한로27가길 53,1.0,127.070917015727,37.5754966426096,1123066000,True,True,True
11123000022,A03,29.0,30,은천노인요양센터,서울특별시,동대문구,서울특별시 동대문구 장한로27가길 66 (장안동),원주소,서울 동대문구 장한로27가길 66,1.0,127.07141220377,37.5760076583931,1123066000,True,True,True
11123000061,A04,9.0,6,은파요양원,서울특별시,동대문구,서울특별시 동대문구 한천로 77 (답십리동 일신빌딩 3층),원주소,서울 동대문구 한천로 77,1.0,127.063206133523,37.5686489562943,1123061000,True,True,True
11123000090,A04,9.0,8,은나무요양원,서울특별시,동대문구,서울특별시 동대문구 한천로 77 (답십리동 일신빌딩 3층),원주소,서울 동대문구 한천로 77,1.0,127.063206133523,37.5686489562943,1123061000,True,True,True
11123000113,A03,29.0,19,한사랑실버케어요양원,서울특별시,동대문구,서울특별시 동대문구 장한로28길 56 (장안동),원주소,서울 동대문구 장한로28길 56,1.0,127.075070322342,37.5726545900529,1123066000,True,True,True
11123000241,A04,9.0,9,도우누리편안한요양원,서울특별시,동대문구,서울특별시 동대문구 한천로37길 19 A동5층 (답십리동 창승빌딩),원주소,서울 동대문구 한천로37길 19,1.0,127.066515708691,37.5763184787421,1123061000,True,True,True
11123000284,A04,9.0,9,서울팔팔요양원,서울특별시,동대문구,서울특별시 동대문구 고산자로 476 5층 (제기동),원주소,서울 동대문구 고산자로 476,1.0,127.03889333663,37.5821360952478,1123054500,True,True,True
11123000285,A04,9.0,9,서울백세요양원,서울특별시,동대문구,서울특별시 동대문구 고산자로 476 5층 (제기동),원주소,서울 동대문구 고산자로 476,1.0,127.03889333663,37.5821360952478,1123054500,True,True,True
11123000292,A04,9.0,9,정든요양원,서울특별시,동대문구,서울특별시 동대문구 제기로 72 4층 (제기동),원주소,서울 동대문구 제기로 72,1.0,127.041066815849,37.5864675144777,1123054500,True,True,True
11123000303,A04,9.0,9,평화요양원,서울특별시,동대문구,서울특별시 동대문구 제기로 72 3층 (제기동),원주소,서울 동대문구 제기로 72,1.0,127.041066815849,37.5864675144777,1123054500,True,True,True
11123000307,A04,9.0,9,미소지움요양원,서울특별시,동대문구,서울특별시 동대문구 한천로37길 19 3층 (답십리동 창승빌딩),원주소,서울 동대문구 한천로37길 19,1.0,127.066515708691,37.5763184787421,1123061000,True,True,True
11123000332,A04,9.0,8,성창요양원,서울특별시,동대문구,서울특별시 동대문구 한천로37길 23 4층 (답십리동),원주소,서울 동대문구 한천로37길 23,1.0,127.066194771869,37.5763174878464,1123061000,True,True,True
11123000340,A04,9.0,8,우리집요양원,서울특별시,동대문구,서울특별시 동대문구 제기로 72 2층 (제기동),원주소,서울 동대문구 제기로 72,1.0,127.041066815849,37.5864675144777,1123054500,True,True,True
11123000347,A04,9.0,9,맑은샘요양원,서울특별시,동대문구,서울특별시 동대문구 한천로37길 19 2층 (답십리동),원주소,서울 동대문구 한천로37길 19,1.0,127.066515708691,37.5763184787421,1123061000,True,True,True
11123000371,A04,9.0,9,소망요양원,서울특별시,동대문구,서울특별시 동대문구 한천로37길 19 4층 (답십리동),원주소,서울 동대문구 한천로37길 19,1.0,127.066515708691,37.5763184787421,1123061000,True,True,True
11123000373,A04,9.0,9,홍릉요양원,서울특별시,동대문구,서울특별시 동대문구 제기로 72 5층 (제기동),원주소,서울 동대문구 제기로 72,1.0,127.041066815849,37.5864675144777,1123054500,True,True,True
11123000375,A04,9.0,6,경동노인요양원,서울특별시,동대문구,서울특별시 동대문구 약령시로 122-5 4~6층 (제기동),원주소,서울 동대문구 약령시로 122-5,1.0,127.043383322952,37.5827948685791,1123054500,True,True,True
11123000376,A04,9.0,7,경동노인요양원2,서울특별시,동대문구,서울특별시 동대문구 약령시로 122-5 1~3층 (제기동),원주소,서울 동대문구 약령시로 122-5,1.0,127.043383322952,37.5827948685791,1123054500,True,True,True
11123000377,A04,9.0,9,보은요양원,서울특별시,동대문구,서울특별시 동대문구 한천로 213 4층 (전농동),원주소,서울 동대문구 한천로 213,1.0,127.068052045954,37.5799623941533,1123066000,True,True,True
11123000381,A03,77.0,25,시립동대문실버케어센터,서울특별시,동대문구,서울특별시 동대문구 황물로 12 (답십리동),원주소,서울 동대문구 황물로 12,1.0,127.044918304374,37.5758489828215,1123060000,True,True,True
11123000383,A03,47.0,46,메디컬요양원,서울특별시,동대문구,서울특별시 동대문구 약령시로 124 2 4~10층 (청량리동),도로명번호,서울 동대문구 약령시로 124,1.0,127.043771397652,37.5829448308128,1123070500,True,True,True
11123000387,A03,25.0,25,안암고운너싱홈,서울특별시,동대문구,서울특별시 동대문구 제기로 8 (제기동),원주소,서울 동대문구 제기로 8,1.0,127.033946642075,37.5862720990664,1123054500,True,True,True
11126000011,A03,200.0,175,서울꽃동네신내노인요양원,서울특별시,중랑구,서울특별시 중랑구 신내로 194 (신내동),원주소,서울 중랑구 신내로 194,1.0,127.094974939359,37.616207421698,1126068000,True,True,True
11126000036,A04,9.0,10,로뎀노인요양공동생활가정,서울특별시,중랑구,서울특별시 중랑구 동일로169길 40 (묵동 순창빌딩 2 3층),원주소,서울 중랑구 동일로169길 40,1.0,127.074426582856,37.6137246308204,1126063000,True,True,True
11126000074,A04,9.0,8,동우너싱홈,서울특별시,중랑구,서울특별시 중랑구 망우로 422 6층 (망우동),원주소,서울 중랑구 망우로 422,1.0,127.098975506863,37.5993115759551,1126065500,True,True,True
11126000111,A03,87.0,86,유린원광노인요양원,서울특별시,중랑구,서울특별시 중랑구 신내로 56 (신내동),원주소,서울 중랑구 신내로 56,1.0,127.09591571136,37.6044704692153,1126068000,True,True,True
11126000113,A04,9.0,9,효원노인복지센터A,서울특별시,중랑구,서울특별시 중랑구 상봉중앙로1길 12 (상봉동 세광빌딩3층),원주소,서울 중랑구 상봉중앙로1길 12,1.0,127.087415682008,37.5996244278284,1126058000,True,True,True
11126000118,A04,9.0,9,축복재가장기노인요양원,서울특별시,중랑구,서울특별시 중랑구 용마산로 389 (면목동 석주빌딩4층),원주소,서울 중랑구 용마산로 389,1.0,127.094934121888,37.5864975696368,1126057500,True,True,True
11126000119,A04,9.0,9,두레노인요양원,서울특별시,중랑구,서울특별시 중랑구 신내로 45 (신내동 해성빌딩701호),원주소,서울 중랑구 신내로 45,1.0,127.095551052144,37.6031407236909,1126069000,True,True,True
11126000162,A03,36.0,22,한세노인복지센터,서울특별시,중랑구,서울특별시 중랑구 신내로 50-5 (신내동 3층),원주소,서울 중랑구 신내로 50-5,1.0,127.096204145256,37.6037610653226,1126068000,True,True,True
11126000163,A04,9.0,8,베스트그린요양원1호점,서울특별시,중랑구,서울특별시 중랑구 동일로 775 (중화동 그린프라자6층),원주소,서울 중랑구 동일로 775,1.0,127.079466740593,37.599688702066,1126061000,True,True,True
11126000164,A04,9.0,6,베스트그린요양원2호점,서울특별시,중랑구,서울특별시 중랑구 동일로 775 (중화동 그린프라자6층),원주소,서울 중랑구 동일로 775,1.0,127.079466740593,37.599688702066,1126061000,True,True,True
11126000218,A04,9.0,9,면목요양원,서울특별시,중랑구,서울특별시 중랑구 상봉로 61 3층 (면목동),원주소,서울 중랑구 상봉로 61,1.0,127.093246196202,37.5914594177925,1126056500,True,True,True
11126000230,A04,9.0,9,효원노인복지센터B,서울특별시,중랑구,서울특별시 중랑구 상봉중앙로1길 12 (상봉동 세광빌딩3층),원주소,서울 중랑구 상봉중앙로1길 12,1.0,127.087415682008,37.5996244278284,1126058000,True,True,True
11126000231,A04,9.0,9,효원노인복지센터C,서울특별시,중랑구,서울특별시 중랑구 상봉중앙로1길 12 (상봉동 세광빌딩4층),원주소,서울 중랑구 상봉중앙로1길 12,1.0,127.087415682008,37.5996244278284,1126058000,True,True,True
11126000232,A04,9.0,9,효원노인복지센터D,서울특별시,중랑구,서울특별시 중랑구 상봉중앙로1길 12 (상봉동 세광빌딩4층),원주소,서울 중랑구 상봉중앙로1길 12,1.0,127.087415682008,37.5996244278284,1126058000,True,True,True
11126000234,A04,9.0,9,두레노인요양원C,서울특별시,중랑구,서울특별시 중랑구 신내로 45 5층층 (신내동 해성빌딩),원주소,서울 중랑구 신내로 45,1.0,127.095551052144,37.6031407236909,1126069000,True,True,True
11126000253,A04,9.0,6,효심(가)요양원,서울특별시,중랑구,서울특별시 중랑구 망우로 171 5층층 (중화동),원주소,서울 중랑구 망우로 171,1.0,127.071741182082,37.5931206498144,1126061000,True,True,True
11126000254,A04,9.0,5,효심(나)요양원,서울특별시,중랑구,서울특별시 중랑구 망우로 171 5층층 (중화동),원주소,서울 중랑구 망우로 171,1.0,127.071741182082,37.5931206498144,1126061000,True,True,True
11126000271,A03,194.0,194,서울시립중랑노인전문요양원,서울특별시,중랑구,서울특별시 중랑구 양원역로 38 (망우동 시립중랑노인전문요양원),원주소,서울 중랑구 양원역로 38,1.0,127.10768066266,37.6043947292607,1126065500,True,True,True
11126000287,A03,54.0,51,상봉요양원요양센터,서울특별시,중랑구,서울특별시 중랑구 용마산로 485 (망우동),원주소,서울 중랑구 용마산로 485,1.0,127.099265994613,37.594473911561,1126066000,True,True,True
11126000291,A04,9.0,9,효심(다)요양원,서울특별시,중랑구,서울특별시 중랑구 망우로 171 6층층 (중화동),원주소,서울 중랑구 망우로 171,1.0,127.071741182082,37.5931206498144,1126061000,True,True,True
11126000292,A04,9.0,9,효심(라)요양원,서울특별시,중랑구,서울특별시 중랑구 망우로 171 6층층 (중화동),원주소,서울 중랑구 망우로 171,1.0,127.071741182082,37.5931206498144,1126061000,True,True,True
11126000300,A04,9.0,9,카멜리아요양원,서울특별시,중랑구,서울특별시 중랑구 동일로 933 7층층 (묵동 수정빌딩),원주소,서울 중랑구 동일로 933,1.0,127.076566670532,37.6137342537603,1126063000,True,True,True
11126000315,A04,9.0,9,우리가족요양원 1호점,서울특별시,중랑구,서울특별시 중랑구 용마산로 488 6층 (망우동 유진빌딩),원주소,서울 중랑구 용마산로 488,1.0,127.099820049228,37.5944802918229,1126066000,True,True,True
11126000316,A04,9.0,8,우리가족요양원 2호점,서울특별시,중랑구,서울특별시 중랑구 용마산로 488 5층 (망우동 유진빌딩),원주소,서울 중랑구 용마산로 488,1.0,127.099820049228,37.5944802918229,1126066000,True,True,True
11126000322,A03,37.0,34,영지요양원,서울특별시,중랑구,서울특별시 중랑구 봉우재로 47 (면목동),원주소,서울 중랑구 봉우재로 47,1.0,127.078334141,37.5909676829886,1126052000,True,True,True
11126000326,A04,9.0,9,평강요양원,서울특별시,중랑구,서울특별시 중랑구 용마산로112길 90 3층 (망우동 성공빌딩),원주소,서울 중랑구 용마산로112길 90,1.0,127.105413256553,37.5988807341502,1126065500,True,True,True
11126000333,A04,9.0,9,가천요양원,서울특별시,중랑구,서울특별시 중랑구 신내로14길 13 4층 (신내동),원주소,서울 중랑구 신내로14길 13,1.0,127.096079861027,37.6058331727345,1126068000,True,True,True
11126000336,A04,9.0,9,엘림요양원,서울특별시,중랑구,서울특별시 중랑구 봉우재로 79 3층 (상봉동 화성빌딩),원주소,서울 중랑구 봉우재로 79,1.0,127.081968450451,37.5919509903381,1126059000,True,True,True
11126000342,A04,9.0,9,정원요양원,서울특별시,중랑구,서울특별시 중랑구 용마산로112길 90 4층 (망우동),원주소,서울 중랑구 용마산로112길 90,1.0,127.105413256553,37.5988807341502,1126065500,True,True,True
11126000361,A04,9.0,6,효심요양원1호,서울특별시,중랑구,서울특별시 중랑구 망우로 171 4층 (중화동),원주소,서울 중랑구 망우로 171,1.0,127.071741182082,37.5931206498144,1126061000,True,True,True
11126000362,A04,9.0,7,효심요양원2호,서울특별시,중랑구,서울특별시 중랑구 망우로 171 4층 (중화동),원주소,서울 중랑구 망우로 171,1.0,127.071741182082,37.5931206498144,1126061000,True,True,True
11126000438,A04,9.0,9,조은노인요양센터,서울특별시,중랑구,서울특별시 중랑구 상봉로 7 3층 (면목동 서일타운),원주소,서울 중랑구 상봉로 7,1.0,127.09437858522,37.5864359367373,1126056500,True,True,True
11126000442,A03,94.0,92,골든시니어케어센터,서울특별시,중랑구,서울특별시 중랑구 동일로 917-4 (묵동),원주소,서울 중랑구 동일로 917-4,1.0,127.076834297592,37.6124034097244,1126063000,True,True,True
11126000446,A03,29.0,25,A+평화요양원,서울특별시,중랑구,서울특별시 중랑구 중랑천로 52 (면목동),원주소,서울 중랑구 중랑천로 52,1.0,127.073557464994,37.5898533460024,1126052000,True,True,True
11126000450,A03,25.0,25,중랑삼성 요양원,서울특별시,중랑구,서울특별시 중랑구 동일로91가길 27 (면목동),원주소,서울 중랑구 동일로91가길 27,1.0,127.078810934949,37.5843047062602,1126055000,True,True,True
11126000468,A03,48.0,48,장원서울요양원,서울특별시,중랑구,서울특별시 중랑구 용마공원로2길 12 (망우동),원주소,서울 중랑구 용마공원로2길 12,1.0,127.100139015347,37.594388661117,1126066000,True,True,True
11126000472,A04,9.0,9,새솔요양원,서울특별시,중랑구,서울특별시 중랑구 봉우재로 79 5층 (상봉동),원주소,서울 중랑구 봉우재로 79,1.0,127.081968450451,37.5919509903381,1126059000,True,True,True
11126000476,A04,9.0,9,존엄케어노인전문요양원,서울특별시,중랑구,서울특별시 중랑구 용마산로51길 1 2층 (면목동),원주소,서울 중랑구 용마산로51길 1,1.0,127.090908179423,37.5785386618958,1126057000,True,True,True
11126000483,A04,9.0,9,*(ABC)우림요양센터,서울특별시,중랑구,서울특별시 중랑구 용마산로 494 5층 (망우동 상아프라자),원주소,서울 중랑구 용마산로 494,1.0,127.100268095195,37.5949757275537,1126066000,True,True,True
11126000487,A04,9.0,9,늘푸른요양원,서울특별시,중랑구,서울특별시 중랑구 용마산로 488 4층 (망우동),원주소,서울 중랑구 용마산로 488,1.0,127.099820049228,37.5944802918229,1126066000,True,True,True
11126000488,A04,9.0,9,늘푸른요양원 2호점,서울특별시,중랑구,서울특별시 중랑구 용마산로 488 3층 (망우동),원주소,서울 중랑구 용마산로 488,1.0,127.099820049228,37.5944802918229,1126066000,True,True,True
11126000508,A04,9.0,9,사랑채요양원,서울특별시,중랑구,서울특별시 중랑구 면목로 220 2층 (면목동),원주소,서울 중랑구 면목로 220,1.0,127.084131848552,37.5725809054602,1126054000,True,True,True
11126000509,A04,9.0,9,예원요양원,서울특별시,중랑구,서울특별시 중랑구 용마산로 554 2층 (망우동 동화빌딩),원주소,서울 중랑구 용마산로 554,1.0,127.100711968645,37.6004362550004,1126065500,True,True,True
11126000510,A04,9.0,9,예원요양원 2호점,서울특별시,중랑구,서울특별시 중랑구 용마산로 554 2층 (망우동 동화빌딩),원주소,서울 중랑구 용마산로 554,1.0,127.100711968645,37.6004362550004,1126065500,True,True,True
11126000525,A03,19.0,17,나눔요양원,서울특별시,중랑구,서울특별시 중랑구 봉우재로1길 14 (면목동),원주소,서울 중랑구 봉우재로1길 14,1.0,127.074176055489,37.5901219050484,1126052000,True,True,True
11126000530,A04,9.0,9,효마을 중랑요양원,서울특별시,중랑구,서울특별시 중랑구 용마공원로3길 24-10 (망우동),원주소,서울 중랑구 용마공원로3길 24-10,1.0,127.102118419357,37.5955420359146,1126065500,True,True,True
11126000554,A04,9.0,9,사랑과섬김요양원,서울특별시,중랑구,서울특별시 중랑구 동일로 905 2층 (묵동 창성빌딩),원주소,서울 중랑구 동일로 905,1.0,127.0772952912,37.6111164065523,1126063000,True,True,True
11126000567,A04,9.0,9,굿데이요양원,서울특별시,중랑구,서울특별시 중랑구 용마산로 495 5층 (망우동 상아프라자),원주소,서울 중랑구 용마산로 495,1.0,127.099659148452,37.5951613969904,1126066000,True,True,True
11126000568,A04,9.0,9,금강요양원,서울특별시,중랑구,서울특별시 중랑구 망우로 262 2층 (상봉동),원주소,서울 중랑구 망우로 262,1.0,127.081747458018,37.5950836210377,1126059000,True,True,True
11129000018,A03,23.0,16,일광노인요양센터,서울특별시,성북구,서울특별시 성북구 보문로31길 70 (삼선동3가),원주소,서울 성북구 보문로31길 70,1.0,127.013486435291,37.5869401515944,1129055500,True,True,True
11129000020,A03,114.0,71,순애노인전문요양원,경기도,고양시,경기도 고양시 덕양구 고골길178번길 73 (관산동),원주소,경기 고양시 덕양구 고골길178번길 73,1.0,126.87383455412,37.7128729439204,4128160000,True,True,True
11129000078,A03,120.0,120,진각노인요양센터,서울특별시,성북구,서울특별시 성북구 화랑로13길 17 (하월곡동),원주소,서울 성북구 화랑로13길 17,1.0,127.041090226562,37.6047479919616,1129072500,True,True,True
11129000100,A03,60.0,57,길음안나의집 노인전문요양원,서울특별시,성북구,서울특별시 성북구 길음로9길 46 (길음동),원주소,서울 성북구 길음로9길 46,1.0,127.017876249919,37.6054387238333,1129066000,True,True,True
11129000104,A03,29.0,29,부모섬김노인요양원,서울특별시,성북구,서울특별시 성북구 오패산로 98 (하월곡동 로만프라자3층),원주소,서울 성북구 오패산로 98,1.0,127.035639686915,37.6108634286384,1129071500,True,True,True
11129000115,A03,110.0,107,케어윌,서울특별시,성북구,서울특별시 성북구 보문로 50 (보문동7가),원주소,서울 성북구 보문로 50,1.0,127.022673438284,37.5799229795399,1129061000,True,True,True
11129000139,A04,9.0,7,명성노인복지센터,서울특별시,성북구,서울특별시 성북구 보국문로4길 8 (정릉동),원주소,서울 성북구 보국문로4길 8,1.0,127.011986699343,37.6052296283947,1129063000,True,True,True
11129000149,A03,49.0,42,성신노인요양원,서울특별시,성북구,서울특별시 성북구 동소문로13나길 110 (동소문동7가),원주소,서울 성북구 동소문로13나길 110,1.0,127.015026854321,37.5961845050025,1129057500,True,True,True
11129000169,A03,36.0,24,청화요양원,서울특별시,성북구,서울특별시 성북구 서경로 67 (정릉동),원주소,서울 성북구 서경로 67,1.0,127.015238373166,37.609488592017,1129063000,True,True,True
11129000170,A03,29.0,29,보문요양원,서울특별시,성북구,서울특별시 성북구 고려대로7길 32 (안암동1가 (안암동1가 2층~5층)),원주소,서울 성북구 고려대로7길 32,1.0,127.020722287938,37.5873860856007,1129060000,True,True,True
11129000192,A04,6.0,6,유민복지센터,서울특별시,성북구,서울특별시 성북구 장위로26길 20 (장위동),원주소,서울 성북구 장위로26길 20,1.0,127.045503496789,37.6129205091563,1129076000,True,True,True
11129000215,A03,15.0,14,종암요양원,서울특별시,성북구,서울특별시 성북구 종암로9길 56 (종암동),원주소,서울 성북구 종암로9길 56,1.0,127.032771862431,37.5965807718111,1129070500,True,True,True
11129000216,A03,20.0,16,둥지요양원,서울특별시,성북구,서울특별시 성북구 오패산로 49 2층1호 (하월곡동),원주소,서울 성북구 오패산로 49,1.0,127.036435972117,37.6063976114138,1129071500,True,True,True
11129000227,A03,29.0,27,한솔요양원,서울특별시,성북구,서울특별시 성북구 오패산로10길 30 4층401호 (하월곡동),원주소,서울 성북구 오패산로10길 30,1.0,127.038511863008,37.6050974545329,1129072500,True,True,True
11129000231,A04,9.0,8,우리엄마요양원,서울특별시,성북구,서울특별시 성북구 보문로 123 3층 (보문동2가),원주소,서울 성북구 보문로 123,1.0,127.018731048851,37.5859942042235,1129061000,True,True,True
11129000250,A03,68.0,39,정진요양원,서울특별시,성북구,서울특별시 성북구 서경로 110 44232층 (정릉동 정진빌딩),도로명번호,서울 성북구 서경로 110,1.0,127.013370917256,37.6127018356867,1129065000,True,True,True
11129000273,A04,9.0,7,우리엄마요양원2호점,서울특별시,성북구,서울특별시 성북구 보문로 123 4층 2층층 (보문동2가),원주소,서울 성북구 보문로 123,1.0,127.018731048851,37.5859942042235,1129061000,True,True,True
11129000318,A04,9.0,9,늘푸른요양원,서울특별시,성북구,서울특별시 성북구 장월로1길 60 4층 (상월곡동),원주소,서울 성북구 장월로1길 60,1.0,127.044908733601,37.6060849311554,1129072500,True,True,True
11129000320,A03,15.0,14,성북힐요양원,서울특별시,성북구,서울특별시 성북구 성북로31가길 21 (성북동),원주소,서울 성북구 성북로31가길 21,1.0,126.988727916158,37.5953661022704,1129052500,True,True,True
11129000330,A03,49.0,36,더 프라임 요양원,서울특별시,성북구,서울특별시 성북구 종암로9길 78 (종암동),원주소,서울 성북구 종암로9길 78,1.0,127.032963688887,37.5973628688991,1129070500,True,True,True
11129000345,A03,44.0,43,정릉노인요양원,서울특별시,성북구,서울특별시 성북구 정릉로12길 69 (정릉동),원주소,서울 성북구 정릉로12길 69,1.0,127.002540191036,37.6058723453355,1129064000,True,True,True
11129000351,A03,25.0,18,백마요양원,서울특별시,성북구,서울특별시 성북구 종암로18길 14 (종암동),원주소,서울 성북구 종암로18길 14,1.0,127.035464325549,37.5988538248296,1129070500,True,True,True
11129000365,A03,35.0,27,e포근한요양원,서울특별시,성북구,서울특별시 성북구 솔샘로15다길 32 (정릉동),원주소,서울 성북구 솔샘로15다길 32,1.0,127.003773843339,37.6108144202173,1129064000,True,True,True
11129000374,A03,36.0,36,다애요양원,서울특별시,성북구,서울특별시 성북구 성북로4길 52 한진스포츠센터동제지하층5305 5306호 (돈암동 한신아파트),원주소,서울 성북구 성북로4길 52,1.0,127.012706037821,37.5944725333435,1129057500,True,True,True
11129000376,A04,9.0,0,석관실버홈,서울특별시,성북구,서울특별시 성북구 화랑로 278 2층 (석관동 한우리빌딩),원주소,서울 성북구 화랑로 278,1.0,127.059721006106,37.6119868729428,1129081000,True,True,True
11129000382,A03,29.0,29,한솔요양원,서울특별시,성북구,서울특별시 성북구 오패산로10길 30 4층401 402호 (하월곡동),원주소,서울 성북구 오패산로10길 30,1.0,127.038511863008,37.6050974545329,1129072500,True,True,True
11130500001,A03,80.0,52,강북노인전문요양원,서울특별시,강북구,서울특별시 강북구 삼양로92길 20 (수유동),원주소,서울 강북구 삼양로92길 20,1.0,127.018013536465,37.6365423267144,1130566000,True,True,True
11130500047,A04,9.0,9,효노인복지센터,서울특별시,강북구,서울특별시 강북구 오현로 194 2층 (번동),원주소,서울 강북구 오현로 194,1.0,127.03987378053,37.6288359683906,1130560800,True,True,True
11130500064,A04,9.0,9,참사랑노인요양센터,서울특별시,강북구,서울특별시 강북구 오현로 32 (미아동 청우빌딩 6층),원주소,서울 강북구 오현로 32,1.0,127.033715530906,37.6163201113602,1130554500,True,True,True
11130500126,A03,29.0,20,푸른요양원1호점,서울특별시,강북구,서울특별시 강북구 도봉로81길 43 지 1 2~4 8층 (수유동),도로명번호,서울 강북구 도봉로81길 43,1.0,127.020604050898,37.6348859817979,1130566000,True,True,True
11130500169,A04,9.0,8,거목실버홈,서울특별시,강북구,서울특별시 강북구 한천로 1160 3층 (수유동),원주소,서울 강북구 한천로 1160,1.0,127.016587093993,37.6475610342655,1130562500,True,True,True
11130500170,A04,7.0,5,거목요양홈,서울특별시,강북구,서울특별시 강북구 한천로 1160 3층 (수유동),원주소,서울 강북구 한천로 1160,1.0,127.016587093993,37.6475610342655,1130562500,True,True,True
11130500171,A04,9.0,7,거목노인요양원,서울특별시,강북구,서울특별시 강북구 한천로 1160 4층 (수유동),원주소,서울 강북구 한천로 1160,1.0,127.016587093993,37.6475610342655,1130562500,True,True,True
11130500172,A03,100.0,95,강북실버종합복지센터,서울특별시,강북구,서울특별시 강북구 오패산로 290 (미아동),원주소,서울 강북구 오패산로 290,1.0,127.029788280949,37.6271241880413,1130553500,True,True,True
11130500219,A04,9.0,7,가온요양원1,서울특별시,강북구,서울특별시 강북구 한천로 1075 3층 (수유동),원주소,서울 강북구 한천로 1075,1.0,127.023420323196,37.6421582966892,1130563500,True,True,True
11130500220,A04,9.0,8,가온요양원2,서울특별시,강북구,서울특별시 강북구 한천로 1075 5층 (수유동),원주소,서울 강북구 한천로 1075,1.0,127.023420323196,37.6421582966892,1130563500,True,True,True
11130500229,A04,9.0,9,사랑나눔요양원2,서울특별시,강북구,서울특별시 강북구 도봉로 243 4층 (미아동),원주소,서울 강북구 도봉로 243,1.0,127.024299843617,37.6301317673735,1130553500,True,True,True
11130500234,A03,181.0,174,봄날북한산요양원,서울특별시,강북구,서울특별시 강북구 4.19로 77 (수유동 봄날북한산요양원),원주소,서울 강북구 4.19로 77,1.0,127.006662254726,37.6452256713267,1130564500,True,True,True
11130500246,A03,20.0,20,가족사랑요양원,서울특별시,강북구,서울특별시 강북구 한천로 1108-1 2 3층 (수유동 은승빌딩),원주소,서울 강북구 한천로 1108-1,1.0,127.021006888252,37.6444186897337,1130562500,True,True,True
11130500248,A04,9.0,7,행복한노인요양원2,서울특별시,강북구,서울특별시 강북구 덕릉로 46 4층2호 (수유동),원주소,서울 강북구 덕릉로 46,1.0,127.018655647874,37.6340697427662,1130561500,True,True,True
11130500250,A04,9.0,7,행복한노인요양원1,서울특별시,강북구,서울특별시 강북구 덕릉로 46 2층2호 (수유동),원주소,서울 강북구 덕릉로 46,1.0,127.018655647874,37.6340697427662,1130561500,True,True,True
11130500273,A04,9.0,7,가족사랑노인요양센터,서울특별시,강북구,서울특별시 강북구 월계로 75 4층 (미아동 동구빌딩),원주소,서울 강북구 월계로 75,1.0,127.037339190636,37.6132853920915,1130554500,True,True,True
11130500276,A04,9.0,9,행복한노인요양원3,서울특별시,강북구,서울특별시 강북구 덕릉로 46 2층 4층층 (수유동 신우빌딩),원주소,서울 강북구 덕릉로 46,1.0,127.018655647874,37.6340697427662,1130561500,True,True,True
11130500280,A03,29.0,22,푸른요양원2호점,서울특별시,강북구,서울특별시 강북구 도봉로81길 43 지 1 5~8층 (수유동),도로명번호,서울 강북구 도봉로81길 43,1.0,127.020604050898,37.6348859817979,1130566000,True,True,True
11130500290,A03,71.0,71,길재활요양원,서울특별시,강북구,서울특별시 강북구 인수봉로 225 (수유동),원주소,서울 강북구 인수봉로 225,1.0,127.012362664784,37.6393082672602,1130566000,True,True,True
11130500302,A04,9.0,9,강북효심요양원1,서울특별시,강북구,서울특별시 강북구 삼양로77가길 9 4층 (수유동),원주소,서울 강북구 삼양로77가길 9,1.0,127.017036799373,37.6295503718109,1130561500,True,True,True
11130500303,A04,9.0,9,강북효심요양원2,서울특별시,강북구,서울특별시 강북구 삼양로77가길 9 지하 2층 (수유동),원주소,서울 강북구 삼양로77가길 9,1.0,127.017036799373,37.6295503718109,1130561500,True,True,True
11130500307,A04,9.0,9,강북유진요양원,서울특별시,강북구,서울특별시 강북구 삼양로77가길 9 5층 (수유동),원주소,서울 강북구 삼양로77가길 9,1.0,127.017036799373,37.6295503718109,1130561500,True,True,True
11130500309,A04,9.0,8,가인요양원,서울특별시,강북구,서울특별시 강북구 삼양로 437 2층 (수유동 성아빌딩),원주소,서울 강북구 삼양로 437,1.0,127.016293394321,37.6424082579862,1130566000,True,True,True
11130500329,A04,7.0,7,북부성모요양원,서울특별시,강북구,서울특별시 강북구 한천로 1152 (수유동 수유빌딩 3층),원주소,서울 강북구 한천로 1152,1.0,127.017428866175,37.6469479737772,1130562500,True,True,True
11130500341,A04,9.0,9,강북하루정요양원,서울특별시,강북구,서울특별시 강북구 삼양로 433 5층 (수유동),원주소,서울 강북구 삼양로 433,1.0,127.016298558465,37.6421890477822,1130566000,True,True,True
11130500352,A04,9.0,9,강북중앙요양원,서울특별시,강북구,서울특별시 강북구 도봉로 243 3층 (미아동),원주소,서울 강북구 도봉로 243,1.0,127.024299843617,37.6301317673735,1130553500,True,True,True
11130500391,A03,29.0,29,번동자연재활요양원,서울특별시,강북구,서울특별시 강북구 오현로28길 11 (번동),원주소,서울 강북구 오현로28길 11,1.0,127.039215198838,37.6278618623783,1130560800,True,True,True
11130500395,A04,9.0,8,수호천사요양원,서울특별시,강북구,서울특별시 강북구 삼양로112길 5 3층 (수유동),원주소,서울 강북구 삼양로112길 5,1.0,127.016836048526,37.6425670253301,1130562500,True,True,True
11130500403,A03,49.0,18,민영재활요양원,서울특별시,강북구,서울특별시 강북구 덕릉로40길 66 3 4층 (번동),도로명번호,서울 강북구 덕릉로40길 66,1.0,127.033037300442,37.6337330474474,1130560300,True,True,True
11130500410,A04,9.0,7,햇살요양원 1호점,서울특별시,강북구,서울특별시 강북구 도봉로 403 2층 (수유동 테일빌딩),원주소,서울 강북구 도봉로 403,1.0,127.030122114029,37.6425386131072,1130563500,True,True,True
11130500411,A04,9.0,5,햇살요양원 2호점,서울특별시,강북구,서울특별시 강북구 도봉로 403 3층 (수유동 태일빌딩),원주소,서울 강북구 도봉로 403,1.0,127.030122114029,37.6425386131072,1130563500,True,True,True
11130500415,A03,29.0,6,현인요양원,서울특별시,강북구,서울특별시 강북구 삼각산로 20 (수유동),원주소,서울 강북구 삼각산로 20,1.0,127.006730440816,37.6386559594616,1130566000,True,True,True
11132000003,A03,119.0,116,도봉실버센터,서울특별시,도봉구,서울특별시 도봉구 시루봉로 133 (방학동),원주소,서울 도봉구 시루봉로 133,1.0,127.026991273706,37.6629252764639,1132071000,True,True,True
11132000113,A04,9.0,7,(주)도봉늘푸른요양원,서울특별시,도봉구,서울특별시 도봉구 방학로 115 (방학동 그린빌딩 3층),원주소,서울 도봉구 방학로 115,1.0,127.039515337134,37.6626096459287,1132069000,True,True,True
11132000152,A04,6.0,4,성호요양원,서울특별시,도봉구,서울특별시 도봉구 도봉로179길 6-1 (도봉동),원주소,서울 도봉구 도봉로179길 6-1,1.0,127.045309232893,37.6828324829733,1132052100,True,True,True
11132000156,A03,25.0,21,행복드림요양원,서울특별시,도봉구,서울특별시 도봉구 도봉로154길 23 (도봉동 신성빌딩 2 3층),원주소,서울 도봉구 도봉로154길 23,1.0,127.045419371341,37.6714009098025,1132052200,True,True,True
11132000216,A04,9.0,9,동그라미요양센터1호점,서울특별시,도봉구,서울특별시 도봉구 방학로3길 103 3. 4층 (쌍문동 춘광빌딩),도로명번호,서울 도봉구 방학로3길 103,1.0,127.039129219623,37.6585407619914,1132067000,True,True,True
11132000240,A04,9.0,9,동그라미요양센터2호점,서울특별시,도봉구,서울특별시 도봉구 방학로3길 103 4층 (쌍문동 춘광빌딩),원주소,서울 도봉구 방학로3길 103,1.0,127.039129219623,37.6585407619914,1132067000,True,True,True
11132000257,A03,63.0,62,희망요양원,서울특별시,도봉구,서울특별시 도봉구 덕릉로59길 20 (창동),원주소,서울 도봉구 덕릉로59길 20,1.0,127.038515421113,37.640757628379,1132051200,True,True,True
11132000274,A04,9.0,9,수노인요양공동생활가정1호점,서울특별시,도봉구,서울특별시 도봉구 도당로 80 5층 (방학동),원주소,서울 도봉구 도당로 80,1.0,127.036344945016,37.6648346469578,1132069000,True,True,True
11132000275,A04,7.0,7,수노인요양공동생활가정2호점,서울특별시,도봉구,서울특별시 도봉구 도당로 80 5층 (방학동),원주소,서울 도봉구 도당로 80,1.0,127.036344945016,37.6648346469578,1132069000,True,True,True
11132000281,A03,71.0,69,참빛요양센터,서울특별시,도봉구,서울특별시 도봉구 도봉로141길 11 (쌍문동 참빛빌딩),원주소,서울 도봉구 도봉로141길 11,1.0,127.041408313912,37.6614601553805,1132067000,True,True,True
11132000286,A04,9.0,9,가원노인요양공동생활가정1호점,서울특별시,도봉구,서울특별시 도봉구 방학로 169 5층 (방학동),원주소,서울 도봉구 방학로 169,1.0,127.033409166237,37.6621584299644,1132071000,True,True,True
11132000289,A04,9.0,9,가원노인요양공동생활가정2호점,서울특별시,도봉구,서울특별시 도봉구 방학로 169 4층 (방학동),원주소,서울 도봉구 방학로 169,1.0,127.033409166237,37.6621584299644,1132071000,True,True,True
11132000295,A04,9.0,7,도봉효드림요양원,서울특별시,도봉구,서울특별시 도봉구 마들로13길 175 6층 (창동),원주소,서울 도봉구 마들로13길 175,1.0,127.045809557658,37.6580004707369,1132051400,True,True,True
11132000319,A04,9.0,9,도봉요양원,서울특별시,도봉구,서울특별시 도봉구 도봉로 601 401호 (쌍문동),원주소,서울 도봉구 도봉로 601,1.0,127.040092682995,37.6584191663127,1132067000,True,True,True
11132000322,A04,9.0,9,사랑채요양종합복지센터,서울특별시,도봉구,서울특별시 도봉구 도봉로133길 34 1층 (쌍문동),원주소,서울 도봉구 도봉로133길 34,1.0,127.037808384425,37.657913658864,1132067000,True,True,True
11132000330,A03,24.0,23,love사랑맞이요양원,서울특별시,도봉구,서울특별시 도봉구 마들로 649-20 8층 (방학동),원주소,서울 도봉구 마들로 649-20,1.0,127.044851810275,37.6683516698836,1132069000,True,True,True
11132000333,A04,9.0,8,사랑재활요양원,서울특별시,도봉구,서울특별시 도봉구 덕릉로59아길 54 4층 (창동 이순빌딩),원주소,서울 도봉구 덕릉로59아길 54,1.0,127.039498704525,37.6431930243689,1132051200,True,True,True
11132000337,A03,41.0,37,A+도봉재활요양원,서울특별시,도봉구,서울특별시 도봉구 도봉로152길 26 6층 (방학동),원주소,서울 도봉구 도봉로152길 26,1.0,127.045274099296,37.6692305048563,1132069000,True,True,True
11132000339,A03,58.0,50,다사랑요양원,서울특별시,도봉구,서울특별시 도봉구 도봉로191길 88-6 (도봉동),원주소,서울 도봉구 도봉로191길 88-6,1.0,127.040601361546,37.6901428373108,1132052100,True,True,True
11132000340,A04,9.0,9,사랑재활요양원2호점,서울특별시,도봉구,서울특별시 도봉구 덕릉로59아길 54 3층층 (창동 이순빌딩),원주소,서울 도봉구 덕릉로59아길 54,1.0,127.039498704525,37.6431930243689,1132051200,True,True,True
11132000343,A04,9.0,9,사랑방요양원,서울특별시,도봉구,서울특별시 도봉구 도봉로 727-1 2층 (방학동 금천빌딩),원주소,서울 도봉구 도봉로 727-1,1.0,127.043160675894,37.6694684351132,1132069000,True,True,True
11132000345,A04,9.0,9,꿈에그린요양원1,서울특별시,도봉구,서울특별시 도봉구 방학로 106 4층층 (방학동 스마트빌딩),원주소,서울 도봉구 방학로 106,1.0,127.04048901097,37.6630372817803,1132069000,True,True,True
11132000346,A04,9.0,9,도봉은빛요양원,서울특별시,도봉구,서울특별시 도봉구 방학로 106 (방학동 신우빌딩 5층),원주소,서울 도봉구 방학로 106,1.0,127.04048901097,37.6630372817803,1132069000,True,True,True
11132000352,A04,9.0,9,그린요양원,서울특별시,도봉구,서울특별시 도봉구 방학로 115 2층 (방학동 그린빌딩),원주소,서울 도봉구 방학로 115,1.0,127.039515337134,37.6626096459287,1132069000,True,True,True
11132000370,A04,9.0,8,쌍문늘푸른요양원,서울특별시,도봉구,서울특별시 도봉구 해등로26길 7 501호 (쌍문동),원주소,서울 도봉구 해등로26길 7,1.0,127.032591971352,37.6584184138328,1132068100,True,True,True
11132000380,A04,9.0,9,도봉하루요양원2호점,서울특별시,도봉구,서울특별시 도봉구 방학로3길 103 (쌍문동),원주소,서울 도봉구 방학로3길 103,1.0,127.039129219623,37.6585407619914,1132067000,True,True,True
11132000395,A04,9.0,9,강북재활요양원,서울특별시,도봉구,서울특별시 도봉구 도봉로 669 601호 (방학동),원주소,서울 도봉구 도봉로 669,1.0,127.042312187739,37.6643162151208,1132069000,True,True,True
11132000396,A04,9.0,9,강북재활요양원 2호점,서울특별시,도봉구,서울특별시 도봉구 도봉로 669 601동 (방학동),원주소,서울 도봉구 도봉로 669,1.0,127.042312187739,37.6643162151208,1132069000,True,True,True
11132000401,A03,29.0,29,큰사랑요양원,서울특별시,도봉구,서울특별시 도봉구 도봉로180길 46 5층 (도봉동),원주소,서울 도봉구 도봉로180길 46,1.0,127.047755299754,37.682232817909,1132052200,True,True,True
11132000402,A03,29.0,28,청춘요양원,서울특별시,도봉구,서울특별시 도봉구 도봉로180길 46 4층 (도봉동),원주소,서울 도봉구 도봉로180길 46,1.0,127.047755299754,37.682232817909,1132052200,True,True,True
11132000403,A03,29.0,26,행복요양원,서울특별시,도봉구,서울특별시 도봉구 도봉로180길 46 2층 (도봉동),원주소,서울 도봉구 도봉로180길 46,1.0,127.047755299754,37.682232817909,1132052200,True,True,True
11132000404,A03,29.0,24,미소사랑요양원,서울특별시,도봉구,서울특별시 도봉구 도봉로180길 46 3층 (도봉동),원주소,서울 도봉구 도봉로180길 46,1.0,127.047755299754,37.682232817909,1132052200,True,True,True
11132000405,A03,29.0,29,효심요양원,서울특별시,도봉구,서울특별시 도봉구 도봉로180길 46 7층 (도봉동),원주소,서울 도봉구 도봉로180길 46,1.0,127.047755299754,37.682232817909,1132052200,True,True,True
11132000406,A03,29.0,29,은나무요양원,서울특별시,도봉구,서울특별시 도봉구 도봉로180길 46 6층 (도봉동),원주소,서울 도봉구 도봉로180길 46,1.0,127.047755299754,37.682232817909,1132052200,True,True,True
11132000412,A04,9.0,9,도봉하루요양원3호점,서울특별시,도봉구,서울특별시 도봉구 방학로3길 103 (쌍문동),원주소,서울 도봉구 방학로3길 103,1.0,127.039129219623,37.6585407619914,1132067000,True,True,True
11132000413,A04,9.0,9,강북실버요양원,서울특별시,도봉구,서울특별시 도봉구 도봉로 669 201동 (방학동 이정빌딩),원주소,서울 도봉구 도봉로 669,1.0,127.042312187739,37.6643162151208,1132069000,True,True,True
11132000415,A04,9.0,9,강북실버요양원2호점,서울특별시,도봉구,서울특별시 도봉구 도봉로 669 201호 (방학동 이정빌딩),원주소,서울 도봉구 도봉로 669,1.0,127.042312187739,37.6643162151208,1132069000,True,True,True
11132000416,A03,28.0,28,큰사랑노인요양원,서울특별시,도봉구,서울특별시 도봉구 도봉로152길 26 7층 (방학동 렉시온프라자),원주소,서울 도봉구 도봉로152길 26,1.0,127.045274099296,37.6692305048563,1132069000,True,True,True
11132000418,A04,9.0,9,강북요양원,서울특별시,도봉구,서울특별시 도봉구 도봉로 669 5층501호 (방학동 이정빌딩),원주소,서울 도봉구 도봉로 669,1.0,127.042312187739,37.6643162151208,1132069000,True,True,True
11132000419,A04,9.0,9,강북요양원2호점,서울특별시,도봉구,서울특별시 도봉구 도봉로 669 5층501호 (방학동 이정빌딩),원주소,서울 도봉구 도봉로 669,1.0,127.042312187739,37.6643162151208,1132069000,True,True,True
11132000426,A04,9.0,7,사랑재활요양원3호점,서울특별시,도봉구,서울특별시 도봉구 덕릉로59아길 54 (창동 이순빌딩 3 4층),원주소,서울 도봉구 덕릉로59아길 54,1.0,127.039498704525,37.6431930243689,1132051200,True,True,True
11132000451,A03,78.0,75,실버빌요양원,서울특별시,도봉구,서울특별시 도봉구 노해로 277 (창동),원주소,서울 도봉구 노해로 277,1.0,127.038946988708,37.6518209357097,1132051500,True,True,True
11132000454,A03,29.0,27,참존vip요양원,서울특별시,도봉구,서울특별시 도봉구 도봉로136가길 4 4층 (창동 창동리더스빌딩),원주소,서울 도봉구 도봉로136가길 4,1.0,127.041497636895,37.6588415111877,1132051500,True,True,True
11132000463,A04,9.0,7,기쁨과나눔노인요양원,서울특별시,도봉구,서울특별시 도봉구 도봉로137길 48 2층 (쌍문동),원주소,서울 도봉구 도봉로137길 48,1.0,127.040116458453,37.6611130932788,1132067000,True,True,True
11132000464,A04,9.0,7,기쁨과나눔노인요양원2호점,서울특별시,도봉구,서울특별시 도봉구 도봉로137길 48 2층 (쌍문동),원주소,서울 도봉구 도봉로137길 48,1.0,127.040116458453,37.6611130932788,1132067000,True,True,True
11132000482,A04,9.0,8,굿모닝요양원,서울특별시,도봉구,서울특별시 도봉구 도봉로 765 2층 (도봉동),원주소,서울 도봉구 도봉로 765,1.0,127.043783062754,37.6727524575616,1132052100,True,True,True
11132000483,A04,9.0,9,굿모닝요양원2호점,서울특별시,도봉구,서울특별시 도봉구 도봉로 765 4층 (도봉동),원주소,서울 도봉구 도봉로 765,1.0,127.043783062754,37.6727524575616,1132052100,True,True,True
11132000489,A04,7.0,6,하루정요양센터,서울특별시,도봉구,서울특별시 도봉구 해등로17길 42 4층 (쌍문동),원주소,서울 도봉구 해등로17길 42,1.0,127.037597977982,37.6553059234892,1132067000,True,True,True
11132000496,A03,26.0,26,TOP동그라미요양원,서울특별시,도봉구,서울특별시 도봉구 마들로 649-20 방학동7층 (방학동),원주소,서울 도봉구 마들로 649-20,1.0,127.044851810275,37.6683516698836,1132069000,True,True,True
11132000517,A03,29.0,28,참존요양원,서울특별시,도봉구,서울특별시 도봉구 도봉로136가길 4 6층601호 (창동),원주소,서울 도봉구 도봉로136가길 4,1.0,127.041497636895,37.6588415111877,1132051500,True,True,True
11132000531,A03,29.0,28,A플러스노아재활요양원,서울특별시,도봉구,서울특별시 도봉구 마들로 649-20 6층 (방학동),원주소,서울 도봉구 마들로 649-20,1.0,127.044851810275,37.6683516698836,1132069000,True,True,True
11132000537,A03,48.0,24,실버케어너싱홈,서울특별시,도봉구,서울특별시 도봉구 도봉로163길 10 (도봉동),원주소,서울 도봉구 도봉로163길 10,1.0,127.043958576977,37.6762898174062,1132052100,True,True,True
11132000553,A03,39.0,35,선한노인전문요양원,서울특별시,도봉구,서울특별시 도봉구 덕릉로62길 52-6 (창동),원주소,서울 도봉구 덕릉로62길 52-6,1.0,127.042084243972,37.6391796862086,1132051300,True,True,True
11135000011,A03,230.0,182,시립중계노인전문요양원,서울특별시,노원구,서울특별시 노원구 섬밭로 313 (중계동),원주소,서울 노원구 섬밭로 313,1.0,127.061588190976,37.6435604425625,1135062500,True,True,True
11135000016,A03,80.0,75,구립하계실버센터,서울특별시,노원구,서울특별시 노원구 한글비석로 4 (하계동),원주소,서울 노원구 한글비석로 4,1.0,127.064189901872,37.6331080823382,1135061200,True,True,True
11135000020,A03,83.0,40,영기노인요양원,서울특별시,노원구,서울특별시 노원구 동일로248길 30 (상계동),원주소,서울 노원구 동일로248길 30,1.0,127.056929215041,37.6804837316788,1135063000,True,True,True
11135000175,A03,87.0,81,노원실버센터,서울특별시,노원구,서울특별시 노원구 동일로 1097 (공릉동),원주소,서울 노원구 동일로 1097,1.0,127.071240373585,37.6278011928661,1135059500,True,True,True
11135000188,A03,80.0,79,늘사랑실버센터,서울특별시,노원구,서울특별시 노원구 한글비석로 444 5층 4층1-2호 (상계동),원주소,서울 노원구 한글비석로 444,1.0,127.068492606148,37.663613046348,1135067000,True,True,True
11135000223,A03,45.0,41,서울실버케어노인요양원,서울특별시,노원구,서울특별시 노원구 한글비석로44길 31 2 3 4층 (상계동),도로명번호,서울 노원구 한글비석로44길 31,1.0,127.069937286633,37.6641842313888,1135067000,True,True,True
11135000268,A03,45.0,40,노원요양복지원,서울특별시,노원구,서울특별시 노원구 노원로 464 (상계동),원주소,서울 노원구 노원로 464,1.0,127.066259402389,37.6578698448928,1135064000,True,True,True
11135000273,A03,80.0,72,길요양원,서울특별시,노원구,서울특별시 노원구 한글비석로15길 48 (중계동),원주소,서울 노원구 한글비석로15길 48,1.0,127.073458233624,37.6564594192251,1135062400,True,True,True
11135000292,A04,9.0,8,수요양원,서울특별시,노원구,서울특별시 노원구 동일로237다길 16 3층 (상계동),원주소,서울 노원구 동일로237다길 16,1.0,127.052793291811,37.6742634053094,1135063000,True,True,True
11135000355,A03,20.0,11,A+행복한그린요양원,서울특별시,노원구,서울특별시 노원구 동일로230나길 23 (상계동),원주소,서울 노원구 동일로230나길 23,1.0,127.057596723278,37.6725997512949,1135063000,True,True,True
11135000372,A04,9.0,9,가온요양원,서울특별시,노원구,서울특별시 노원구 노원로 479 5층 (상계동 대광빌딩),원주소,서울 노원구 노원로 479,1.0,127.064602846615,37.6588801335954,1135064000,True,True,True
11135000400,A03,82.0,82,상계요양원,서울특별시,노원구,서울특별시 노원구 동일로242바길 27 (상계동),원주소,서울 노원구 동일로242바길 27,1.0,127.061210277241,37.6743001518189,1135063000,True,True,True
11135000407,A04,9.0,9,효누리요양원,서울특별시,노원구,서울특별시 노원구 한글비석로 422 3층 (상계동),원주소,서울 노원구 한글비석로 422,1.0,127.070299634066,37.6620264368073,1135067000,True,True,True
11135000425,A03,28.0,28,러빙케어,서울특별시,노원구,서울특별시 노원구 상계로1길 54-4 207 307호 (상계동 상계동센트럴타워),도로명번호,서울 노원구 상계로1길 54-4,1.0,127.061721168928,37.6581574674605,1135072000,True,True,True
11135000441,A04,9.0,9,노원행복한요양원,서울특별시,노원구,서울특별시 노원구 한글비석로47길 58 4층 (상계동),원주소,서울 노원구 한글비석로47길 58,1.0,127.066592534371,37.6616155780956,1135067000,True,True,True
11135000460,A04,9.0,9,성모요양원,서울특별시,노원구,서울특별시 노원구 노원로 479 3층 (상계동),원주소,서울 노원구 노원로 479,1.0,127.064602846615,37.6588801335954,1135064000,True,True,True
11135000465,A04,9.0,9,늘봄요양원,서울특별시,노원구,서울특별시 노원구 한글비석로47길 58 2층 (상계동),원주소,서울 노원구 한글비석로47길 58,1.0,127.066592534371,37.6616155780956,1135067000,True,True,True
11135000487,A04,9.0,9,가족마음요양원,서울특별시,노원구,서울특별시 노원구 한글비석로47길 58 5층 (상계동),원주소,서울 노원구 한글비석로47길 58,1.0,127.066592534371,37.6616155780956,1135067000,True,True,True
11135000601,A04,9.0,8,사랑과섬김요양원,서울특별시,노원구,서울특별시 노원구 한글비석로 422 5층 (상계동),원주소,서울 노원구 한글비석로 422,1.0,127.070299634066,37.6620264368073,1135067000,True,True,True
11135000602,A04,9.0,8,돌봄간호요양원2,서울특별시,노원구,서울특별시 노원구 동일로 1550 6층601호 (상계동),원주소,서울 노원구 동일로 1550,1.0,127.057549710711,37.666911617005,1135071000,True,True,True
11135000603,A04,9.0,8,돌봄간호요양원1,서울특별시,노원구,서울특별시 노원구 동일로 1550 6층601호 (상계동),원주소,서울 노원구 동일로 1550,1.0,127.057549710711,37.666911617005,1135071000,True,True,True
11135000605,A04,9.0,9,노블레스요양원,서울특별시,노원구,서울특별시 노원구 노원로 479 2층 (상계동 대광빌딩),원주소,서울 노원구 노원로 479,1.0,127.064602846615,37.6588801335954,1135064000,True,True,True
11135000608,A04,9.0,9,늘품실버요양원,서울특별시,노원구,서울특별시 노원구 한글비석로47길 58 3층 (상계동),원주소,서울 노원구 한글비석로47길 58,1.0,127.066592534371,37.6616155780956,1135067000,True,True,True
11135000627,A03,67.0,2,태릉참실버케어,서울특별시,노원구,서울특별시 노원구 화랑로51가길 11-8 (공릉동),원주소,서울 노원구 화랑로51가길 11-8,1.0,127.09033628835,37.6244604146147,1135060000,True,True,True
11138000003,A03,50.0,0,자유의 집,서울특별시,은평구,서울특별시 은평구 역말로4길 15 (역촌동),원주소,서울 은평구 역말로4길 15,1.0,126.913104263712,37.6043436581553,1138062500,True,True,True
11138000006,A03,168.0,94,정원치매노인요양센터,경기도,파주시,경기도 파주시 광탄면 장지산로200번길 32-83 (광탄면),원주소,경기 파주시 광탄면 장지산로200번길 32-83,1.0,126.88677968714,37.7545018855002,4148035000,True,True,True
11138000008,A03,112.0,59,정원노인요양원,경기도,파주시,경기도 파주시 광탄면 장지산로200번길 32-83 (광탄면),원주소,경기 파주시 광탄면 장지산로200번길 32-83,1.0,126.88677968714,37.7545018855002,4148035000,True,True,True
11138000031,A04,9.0,9,시온노인요양원,서울특별시,은평구,서울특별시 은평구 갈현로 270 4층 (갈현동),원주소,서울 은평구 갈현로 270,1.0,126.916757953768,37.621016473697,1138055100,True,True,True
11138000065,A03,247.0,250,붓다마을,서울특별시,은평구,서울특별시 은평구 연서로48길 41 (진관동),원주소,서울 은평구 연서로48길 41,1.0,126.938086655176,37.6392836600475,1138069000,True,True,True
11138000090,A03,21.0,21,해피안,서울특별시,은평구,서울특별시 은평구 연서로15길 27-2 (구산동),원주소,서울 은평구 연서로15길 27-2,1.0,126.913619918485,37.6111646163802,1138056000,True,True,True
11138000093,A03,13.0,13,녹번실버,서울특별시,은평구,서울특별시 은평구 통일로57길 5-10 (녹번동),원주소,서울 은평구 통일로57길 5-10,1.0,126.933980525469,37.604198067744,1138051000,True,True,True
11138000128,A03,36.0,36,엘림요양원,서울특별시,은평구,서울특별시 은평구 응암로 348 (녹번동),원주소,서울 은평구 응암로 348,1.0,126.922716544161,37.6021954459976,1138051000,True,True,True
11138000195,A03,38.0,18,써니요양원,서울특별시,은평구,서울특별시 은평구 증산로15길 26 (신사동),원주소,서울 은평구 증산로15길 26,1.0,126.910581911952,37.5896709375404,1138063200,True,True,True
11138000216,A03,115.0,115,마추미실버케어 응암점,서울특별시,은평구,서울특별시 은평구 응암로13길 11-7 전층 (응암동),원주소,서울 은평구 응암로13길 11-7,1.0,126.916425263251,37.5892399502197,1138060000,True,True,True
11138000217,A03,158.0,156,노블케어스,서울특별시,은평구,서울특별시 은평구 응암로 353 (녹번동),원주소,서울 은평구 응암로 353,1.0,126.92227295644,37.6027498042819,1138051000,True,True,True
11138000224,A03,99.0,72,노블타운 요양원,서울특별시,은평구,서울특별시 은평구 서오릉로 35 (녹번동),원주소,서울 은평구 서오릉로 35,1.0,126.924670091395,37.6039067883796,1138051000,True,True,True
11138000243,A03,60.0,59,은평요양원,서울특별시,은평구,서울특별시 은평구 진흥로 47 (역촌동),원주소,서울 은평구 진흥로 47,1.0,126.920077245523,37.6014837979416,1138062500,True,True,True
11138000257,A04,9.0,6,(협)노인돌봄은평요양원,서울특별시,은평구,서울특별시 은평구 가좌로 306 3층 (신사동),원주소,서울 은평구 가좌로 306,1.0,126.911150315554,37.5951836340311,1138063100,True,True,True
11138000258,A03,49.0,48,수색실버케어,서울특별시,은평구,서울특별시 은평구 수색로 272-1 (수색동),원주소,서울 은평구 수색로 272-1,1.0,126.894412069395,37.5831339441681,1138065000,True,True,True
11138000271,A04,9.0,9,참좋은요양원,서울특별시,은평구,서울특별시 은평구 가좌로 306 2층 (신사동),원주소,서울 은평구 가좌로 306,1.0,126.911150315554,37.5951836340311,1138063100,True,True,True
11138000280,A04,9.0,9,주안요양원,서울특별시,은평구,서울특별시 은평구 서오릉로13길 10 (구산동),원주소,서울 은평구 서오릉로13길 10,1.0,126.913406723011,37.6121797843896,1138056000,True,True,True
11138000355,A03,43.0,38,은평실버랜드요양원,서울특별시,은평구,서울특별시 은평구 연서로21길 27-20 (갈현동),원주소,서울 은평구 연서로21길 27-20,1.0,126.914230301201,37.6150770638031,1138055200,True,True,True
11138000379,A03,49.0,49,실비아요양원,서울특별시,은평구,서울특별시 은평구 증산로15길 35-8 상가11동 (신사동 101 201 301호),원주소,서울 은평구 증산로15길 35-8,1.0,126.908967797194,37.5900242441139,1138063200,True,True,True
11138000397,A03,29.0,29,갈현효요양원,서울특별시,은평구,서울특별시 은평구 갈현로 270 1~3층 (갈현동),도로명번호,서울 은평구 갈현로 270,1.0,126.916757953768,37.621016473697,1138055100,True,True,True
11138000402,A04,9.0,9,백련실버케어,서울특별시,은평구,서울특별시 은평구 가좌로 306 4층 (신사동),원주소,서울 은평구 가좌로 306,1.0,126.911150315554,37.5951836340311,1138063100,True,True,True
11138000430,A04,9.0,7,사랑가득요양원1호,서울특별시,은평구,서울특별시 은평구 수색로14길 5-3 5층 (수색동),원주소,서울 은평구 수색로14길 5-3,1.0,126.896625096056,37.5818992898928,1138065000,True,True,True
11138000431,A04,9.0,8,사랑가득요양원2호,서울특별시,은평구,서울특별시 은평구 수색로14길 5-3 6층 (수색동),원주소,서울 은평구 수색로14길 5-3,1.0,126.896625096056,37.5818992898928,1138065000,True,True,True
11138000481,A04,9.0,9,사랑가득요양원3호,서울특별시,은평구,서울특별시 은평구 수색로14길 5-3 (수색동),원주소,서울 은평구 수색로14길 5-3,1.0,126.896625096056,37.5818992898928,1138065000,True,True,True
11138000482,A03,75.0,47,시립은평실버케어센터,서울특별시,은평구,서울특별시 은평구 수색로 322-3 (수색동),원주소,서울 은평구 수색로 322-3,1.0,126.895961949157,37.5856820666794,1138065000,True,True,True
11141000021,A03,20.0,20,중앙소규모요양시설,서울특별시,서대문구,서울특별시 서대문구 서소문로 43-49 (합동),원주소,서울 서대문구 서소문로 43-49,1.0,126.965028578952,37.5609065430604,1141056500,True,True,True
11141000023,A03,21.0,18,효림노인요양센터,서울특별시,서대문구,서울특별시 서대문구 경기대로9길 62 (충정로3가),원주소,서울 서대문구 경기대로9길 62,1.0,126.960893058142,37.564328942266,1141056500,True,True,True
11141000073,A03,78.0,69,구립서대문노인전문요양센터,서울특별시,서대문구,서울특별시 서대문구 홍지문2길 59 (홍은동),원주소,서울 서대문구 홍지문2길 59,1.0,126.955942525308,37.5982821343352,1141066000,True,True,True
11141000097,A03,24.0,22,서대문노인복지관요양센터,서울특별시,서대문구,서울특별시 서대문구 독립문로8길 57 (천연동),원주소,서울 서대문구 독립문로8길 57,1.0,126.959117752095,37.5680044944284,1141052000,True,True,True
11141000098,A03,20.0,20,홍은노인요양시설,서울특별시,서대문구,서울특별시 서대문구 홍은중앙로9길 43 3 4층 (홍은동),도로명번호,서울 서대문구 홍은중앙로9길 43,1.0,126.948389353017,37.6011723347407,1141066000,True,True,True
11141000133,A04,9.0,8,연궁너싱홈,서울특별시,서대문구,서울특별시 서대문구 증가로 49 (연희동 2층),원주소,서울 서대문구 증가로 49,1.0,126.928880709081,37.572261860046,1141061500,True,True,True
11141000149,A03,49.0,40,연희시니어스,서울특별시,서대문구,서울특별시 서대문구 연희로31길 8-7 (연희동),원주소,서울 서대문구 연희로31길 8-7,1.0,126.934805812216,37.5763566973242,1141061500,True,True,True
11141000210,A03,29.0,29,효드림요양원,서울특별시,서대문구,서울특별시 서대문구 응암로 62 4~7층 (북가좌동),도로명번호,서울 서대문구 응암로 62,1.0,126.910619284001,37.5785852383996,1141072000,True,True,True
11141000224,A03,25.0,24,행복가득요양원,서울특별시,서대문구,서울특별시 서대문구 거북골로 202-2 (북가좌동),원주소,서울 서대문구 거북골로 202-2,1.0,126.908924974754,37.5786125949817,1141072000,True,True,True
11141000292,A03,28.0,28,해든케어스요양원,서울특별시,서대문구,서울특별시 서대문구 연희로 237 지1 4~7층 (연희동),도로명번호,서울 서대문구 연희로 237,1.0,126.93568571991,37.5782396270709,1141061500,True,True,True
11144000012,A03,234.0,234,시립서부노인전문요양센터,서울특별시,마포구,서울특별시 마포구 월드컵로36길 15 (성산동),원주소,서울 마포구 월드컵로36길 15,1.0,126.9025023151,37.5664628675331,1144073000,True,True,True
11144000211,A03,26.0,26,노아 케어링하우스,서울특별시,마포구,서울특별시 마포구 숭문6길 12 (염리동),원주소,서울 마포구 숭문6길 12,1.0,126.946788782769,37.5497850256027,1144061000,True,True,True
11144000219,A03,120.0,120,서울특별시립마포실버케어센터,서울특별시,마포구,서울특별시 마포구 백범로31길 21 (공덕동),원주소,서울 마포구 백범로31길 21,1.0,126.950577944061,37.5474587622726,1144055500,True,True,True
11147000005,A03,22.0,22,두엄자리,서울특별시,양천구,서울특별시 양천구 목동중앙남로16다길 6-13 (목동),원주소,서울 양천구 목동중앙남로16다길 6-13,1.0,126.86576275138,37.5439534213804,1147053000,True,True,True
11147000013,A03,41.0,37,양천사랑마루,서울특별시,양천구,서울특별시 양천구 곰달래로6길 17-1 (신월동),원주소,서울 양천구 곰달래로6길 17-1,1.0,126.835977332166,37.5283354491083,1147056000,True,True,True
11147000076,A04,9.0,9,신목동 노인복지센터,서울특별시,양천구,서울특별시 양천구 중앙로 294 7층 (신정동 명성빌딩),원주소,서울 양천구 중앙로 294,1.0,126.852048644467,37.5225662999628,1147065000,True,True,True
11147000093,A04,9.0,8,나이팅게일 너싱홈,서울특별시,양천구,서울특별시 양천구 오목로 22 (신월동 뉴스타빌딩 202호),원주소,서울 양천구 오목로 22,1.0,126.840401660064,37.5213486586755,1147059000,True,True,True
11147000121,A03,21.0,21,신목행복자리어르신요양센터,서울특별시,양천구,서울특별시 양천구 신목로 10 (신정동),원주소,서울 양천구 신목로 10,1.0,126.876286101182,37.5184259572781,1147063000,True,True,True
11147000124,A04,9.0,8,나눔의집,서울특별시,양천구,서울특별시 양천구 목동로23길 34 205호 (신정동),원주소,서울 양천구 목동로23길 34,1.0,126.859714008753,37.5279445415474,1147065000,True,True,True
11147000126,A04,9.0,7,보람의집,서울특별시,양천구,서울특별시 양천구 목동로23길 34 205호 (신정동),원주소,서울 양천구 목동로23길 34,1.0,126.859714008753,37.5279445415474,1147065000,True,True,True
11147000136,A03,17.0,17,양천어르신종합복지관 병설양천어르신요양센터,서울특별시,양천구,서울특별시 양천구 목동로3길 106 (신정동),원주소,서울 양천구 목동로3길 106,1.0,126.858627933542,37.5104425347921,1147068000,True,True,True
11147000183,A03,82.0,82,구립양천어르신요양센터,서울특별시,양천구,서울특별시 양천구 신월로 26 (신정동),원주소,서울 양천구 신월로 26,1.0,126.827072440547,37.5129556180448,1147064000,True,True,True
11147000221,A03,36.0,36,정다운요양원,서울특별시,양천구,서울특별시 양천구 오목로 208 (신정동),원주소,서울 양천구 오목로 208,1.0,126.860552846599,37.5254101171695,1147065000,True,True,True
11147000294,A04,9.0,9,목동조은요양원,서울특별시,양천구,서울특별시 양천구 중앙로 294 8층 (신정동 명성빌딩),원주소,서울 양천구 중앙로 294,1.0,126.852048644467,37.5225662999628,1147065000,True,True,True
11147000322,A03,75.0,74,신월실버요양원,서울특별시,양천구,서울특별시 양천구 곰달래로 30 (신월동 승욱빌딩),원주소,서울 양천구 곰달래로 30,1.0,126.83608967949,37.5297799092428,1147056000,True,True,True
11147000330,A03,37.0,37,실버캐슬요양타운,서울특별시,양천구,서울특별시 양천구 신월로 107 (신월동),원주소,서울 양천구 신월로 107,1.0,126.835833586938,37.5161816366741,1147061100,True,True,True
11147000350,A03,24.0,23,올리사랑 요양원,서울특별시,양천구,서울특별시 양천구 신월로 191 (신월동 정세빌딩 3.4.5층),원주소,서울 양천구 신월로 191,1.0,126.843898276617,37.5199253335917,1147059000,True,True,True
11147000362,A03,36.0,36,하늘정원 요양원,서울특별시,양천구,서울특별시 양천구 등촌로 32 8층 (목동 태영프라자),원주소,서울 양천구 등촌로 32,1.0,126.864166285292,37.5328851583631,1147054000,True,True,True
11147000366,A03,66.0,65,목동평강 요양원,서울특별시,양천구,서울특별시 양천구 은행정로 5 6층 (신정동 에벤에셀프라자),원주소,서울 양천구 은행정로 5,1.0,126.859571734011,37.5201952169014,1147062000,True,True,True
11147000383,A03,70.0,69,늘푸른 소망요양원,서울특별시,양천구,서울특별시 양천구 지양로 29 2 3 4층 (신월동 오윤빌딩),도로명번호,서울 양천구 지양로 29,1.0,126.836562158875,37.5189280917324,1147061100,True,True,True
11147000473,A03,119.0,109,사랑초 요양원,서울특별시,양천구,서울특별시 양천구 지양로 152 1 2 3 4층 (신월동),도로명번호,서울 양천구 지양로 152,1.0,126.826136847288,37.5237597842348,1147061100,True,True,True
11150000002,A03,49.0,48,행복한집,서울특별시,강서구,서울특별시 강서구 개화동로11길 3-12 (개화동),원주소,서울 강서구 개화동로11길 3-12,1.0,126.80051295736,37.578825063179,1150064000,True,True,True
11150000003,A03,60.0,59,호선실버센터,서울특별시,강서구,서울특별시 강서구 수명로2길 96 1층 (내발산동),원주소,서울 강서구 수명로2길 96,1.0,126.827858315253,37.551305765179,1150061100,True,True,True
11150000004,A03,161.0,126,천사노인요양원,서울특별시,강서구,서울특별시 강서구 강서로45다길 30-22 (화곡동),원주소,서울 강서구 강서로45다길 30-22,1.0,126.833485621837,37.54669189732,1150056000,True,True,True
11150000008,A03,56.0,54,시니어스너싱홈,서울특별시,강서구,서울특별시 강서구 화곡로68길 102 (등촌동 서울 시니어스 가양타워),원주소,서울 강서구 화곡로68길 102,1.0,126.859331594729,37.5569887781271,1150052000,True,True,True
11150000068,A03,26.0,14,한마음노인전문요양원,서울특별시,강서구,서울특별시 강서구 초록마을로14길 44 (화곡동),원주소,서울 강서구 초록마을로14길 44,1.0,126.848099888962,37.541007379347,1150059000,True,True,True
11150000154,A03,124.0,111,봄날서울요양원,서울특별시,강서구,서울특별시 강서구 양천로1길 100 (방화동),원주소,서울 강서구 양천로1길 100,1.0,126.809261517254,37.5741538182864,1150063000,True,True,True
11150000195,A04,9.0,7,온누리요양원,서울특별시,강서구,서울특별시 강서구 강서로5나길 74 (화곡동 3층),원주소,서울 강서구 강서로5나길 74,1.0,126.844055605198,37.5285767780783,1150054000,True,True,True
11150000238,A03,87.0,87,요안나요양원,서울특별시,강서구,서울특별시 강서구 화곡로 254 4층 (화곡동),원주소,서울 강서구 화곡로 254,1.0,126.84626490569,37.5475680580372,1150059000,True,True,True
11150000249,A03,37.0,27,봄날강서요양원,서울특별시,강서구,서울특별시 강서구 양천로11길 15-11 1층 (방화동),원주소,서울 강서구 양천로11길 15-11,1.0,126.809330476268,37.5738798474581,1150063000,True,True,True
11150000257,A03,42.0,42,선화요양원,서울특별시,강서구,서울특별시 강서구 등촌로 183 3층 (등촌동),원주소,서울 강서구 등촌로 183,1.0,126.862263586062,37.5462537856239,1150053000,True,True,True
11150000336,A03,56.0,33,강서사랑요양원,서울특별시,강서구,서울특별시 강서구 곰달래로 71 (화곡동),원주소,서울 강서구 곰달래로 71,1.0,126.840822039101,37.5303911340557,1150054000,True,True,True
11150000339,A03,41.0,36,참사랑실버케어,서울특별시,강서구,서울특별시 강서구 까치산로 106 (화곡동),원주소,서울 강서구 까치산로 106,1.0,126.849281947719,37.5475444670864,1150059000,True,True,True
11150000340,A03,46.0,44,햇살요양원,서울특별시,강서구,서울특별시 강서구 공항대로41길 34 (등촌동),원주소,서울 강서구 공항대로41길 34,1.0,126.84571196058,37.5592796685251,1150053500,True,True,True
11150000376,A03,29.0,29,한가람요양원,서울특별시,강서구,서울특별시 강서구 등촌로 183 4층 5층 (등촌동),원주소,서울 강서구 등촌로 183,1.0,126.862263586062,37.5462537856239,1150053000,True,True,True
11150000391,A03,29.0,26,행복마지요양원,서울특별시,강서구,서울특별시 강서구 강서로12길 8-8 1 2층 (화곡동 근상프리즘주상복합아파트),원주소,서울 강서구 강서로12길 8-8,1.0,126.847540389537,37.5312646884143,1150059300,True,True,True
11150000399,A04,9.0,9,푸른솔요양원,서울특별시,강서구,서울특별시 강서구 강서로17길 25 (화곡동 3층),원주소,서울 강서구 강서로17길 25,1.0,126.844466327817,37.5326384897099,1150054000,True,True,True
11150000400,A04,9.0,8,푸른요양원,서울특별시,강서구,서울특별시 강서구 강서로17길 25 (화곡동 3층),원주소,서울 강서구 강서로17길 25,1.0,126.844466327817,37.5326384897099,1150054000,True,True,True
11150000401,A04,9.0,8,솔요양원,서울특별시,강서구,서울특별시 강서구 강서로17길 25 (화곡동 3층),원주소,서울 강서구 강서로17길 25,1.0,126.844466327817,37.5326384897099,1150054000,True,True,True
11150000429,A04,8.0,6,가족사랑노인요양원,서울특별시,강서구,서울특별시 강서구 곰달래로 97 2층 (화곡동 BS타운),원주소,서울 강서구 곰달래로 97,1.0,126.843621578813,37.5304972278465,1150054000,True,True,True
11150000437,A03,37.0,37,늘푸른요양원,서울특별시,강서구,서울특별시 강서구 수명로 80 6층 7층 (내발산동 베스트프라자),원주소,서울 강서구 수명로 80,1.0,126.826392872773,37.5532272483636,1150061100,True,True,True
11150000468,A03,42.0,35,봄날실버센터,서울특별시,강서구,서울특별시 강서구 금낭화로 39 (방화동),원주소,서울 강서구 금낭화로 39,1.0,126.811486208497,37.5689222567249,1150064000,True,True,True
11150000518,A03,46.0,46,백영실버스테이,서울특별시,강서구,서울특별시 강서구 금낭화로 135 7층701호 (방화동 금강프라자),원주소,서울 강서구 금낭화로 135,1.0,126.812438073591,37.5774450106613,1150064100,True,True,True
11150000532,A04,9.0,9,다복요양원,서울특별시,강서구,서울특별시 강서구 화곡로 225 4층 (화곡동 두산빌딩),원주소,서울 강서구 화곡로 225,1.0,126.844307266134,37.5454212976649,1150061500,True,True,True
11150000553,A03,20.0,20,한솔요양원,서울특별시,강서구,서울특별시 강서구 수명로 82 9층901호 (내발산동 발산로얄타워),원주소,서울 강서구 수명로 82,1.0,126.826445722129,37.5534716764145,1150061100,True,True,True
11150000554,A04,9.0,9,밝은햇살요양원,서울특별시,강서구,서울특별시 강서구 강서로29길 38 1층 (화곡동),원주소,서울 강서구 강서로29길 38,1.0,126.83973210362,37.53921540436,1150054000,True,True,True
11150000560,A04,8.0,8,맑은요양원,서울특별시,강서구,서울특별시 강서구 화곡로 225 6층 (화곡동 두산빌딩),원주소,서울 강서구 화곡로 225,1.0,126.844307266134,37.5454212976649,1150061500,True,True,True
11150000561,A03,46.0,38,나오미요양원,서울특별시,강서구,서울특별시 강서구 금낭화로 135 8층 (방화동 금강프라자),원주소,서울 강서구 금낭화로 135,1.0,126.812438073591,37.5774450106613,1150064100,True,True,True
11150000568,A03,26.0,26,경희요양원,서울특별시,강서구,서울특별시 강서구 수명로 74 6층 9층 (내발산동),원주소,서울 강서구 수명로 74,1.0,126.826197321696,37.5525909469274,1150061100,True,True,True
11150000571,A03,65.0,63,수명산요양원,서울특별시,강서구,서울특별시 강서구 수명로2가길 25-16 (내발산동),원주소,서울 강서구 수명로2가길 25-16,1.0,126.825261198928,37.5477875196397,1150061100,True,True,True
11150000573,A04,9.0,8,88소망요양원,서울특별시,강서구,서울특별시 강서구 화곡로 225 3층 (화곡동 두산빌딩),원주소,서울 강서구 화곡로 225,1.0,126.844307266134,37.5454212976649,1150061500,True,True,True
11150000582,A04,9.0,9,세반요양원,서울특별시,강서구,서울특별시 강서구 강서로74길 36 4층 (가양동 서령빌딩),원주소,서울 강서구 강서로74길 36,1.0,126.842805327669,37.566860235203,1150060300,True,True,True
11153000103,A04,9.0,8,행복요양원,서울특별시,구로구,서울특별시 구로구 경인로23길 8 (오류동 대서프라자 7층),원주소,서울 구로구 경인로23길 8,1.0,126.844061756641,37.4968070489532,1153077000,True,True,True
11153000130,A04,9.0,0,효효마을,서울특별시,구로구,서울특별시 구로구 고척로45길 36-14 (고척동 외 1필지),원주소,서울 구로구 고척로45길 36-14,1.0,126.853780541431,37.5049539332277,1153073000,True,True,True
11153000136,A03,170.0,168,효도로 노인전문요양원,서울특별시,구로구,서울특별시 구로구 경인로 393-7 (고척동 일이삼전타운2동 (8 9 10층)),원주소,서울 구로구 경인로 393-7,1.0,126.86304887653,37.4974421887122,1153072000,True,True,True
11153000208,A03,75.0,75,미소들실버케어센터,서울특별시,구로구,서울특별시 구로구 고척로21나길 88-41 (개봉동),원주소,서울 구로구 고척로21나길 88-41,1.0,126.841198898052,37.5028978149919,1153074000,True,True,True
11153000210,A03,99.0,53,구로푸른요양원,서울특별시,구로구,서울특별시 구로구 개봉로3길 9 (개봉동),원주소,서울 구로구 개봉로3길 9,1.0,126.855789032801,37.4861927709787,1153076000,True,True,True
11153000215,A03,100.0,100,삼농실버마을,서울특별시,구로구,서울특별시 구로구 오류로8길 84 (오류동),원주소,서울 구로구 오류로8길 84,1.0,126.844756449835,37.4923751941495,1153078000,True,True,True
11153000234,A03,144.0,108,휴림실버요양센터,서울특별시,구로구,서울특별시 구로구 디지털로27길 119 B2 2 3층 (가리봉동),원주소,서울 구로구 디지털로27길 119,1.0,126.887439102718,37.4846208468504,1153059500,True,True,True
11153000246,A03,21.0,21,구로 미가 요양원,서울특별시,구로구,서울특별시 구로구 천왕로 36 6층층 (천왕동 센터프라자),원주소,서울 구로구 천왕로 36,1.0,126.83937984931,37.4808996260751,1153078000,True,True,True
11153000267,A03,29.0,28,늘봄시니어케어센터,서울특별시,구로구,서울특별시 구로구 새말로 38-12 (구로동),원주소,서울 구로구 새말로 38-12,1.0,126.884987741184,37.5025204967202,1153056000,True,True,True
11153000309,A03,42.0,41,그린케어요양센터,서울특별시,구로구,서울특별시 구로구 중앙로 60 6층 7층층 (고척동 강산메디칼프라자),원주소,서울 구로구 중앙로 60,1.0,126.862560988844,37.5031383188753,1153072000,True,True,True
11153000320,A04,9.0,9,소망요양원1,서울특별시,구로구,서울특별시 구로구 구로동로28길 87 2층 (구로동),원주소,서울 구로구 구로동로28길 87,1.0,126.888688931661,37.4916362842035,1153053000,True,True,True
11153000321,A04,9.0,9,소망요양원2,서울특별시,구로구,서울특별시 구로구 구로동로28길 87 2층 (구로동),원주소,서울 구로구 구로동로28길 87,1.0,126.888688931661,37.4916362842035,1153053000,True,True,True
11153000336,A04,7.0,7,강이보이는요양원,서울특별시,구로구,서울특별시 구로구 개봉로 4 5층 (개봉동),원주소,서울 구로구 개봉로 4,1.0,126.85677550399,37.4861022483827,1153076000,True,True,True
11153000356,A03,49.0,48,보라매요양원,서울특별시,구로구,서울특별시 구로구 목동남로 32 (고척동 보광빌딩 (B1 3 4 6 7층)),원주소,서울 구로구 목동남로 32,1.0,126.863588692529,37.5079778147488,1147068000,True,False,True
11153000358,A03,168.0,166,메디치피아요양센터,서울특별시,구로구,서울특별시 구로구 중앙로 10-15 (고척동),원주소,서울 구로구 중앙로 10-15,1.0,126.86574878652,37.5000380217121,1153072000,True,True,True
11153000390,A03,41.0,33,우리함께요양원 서울본점,서울특별시,구로구,서울특별시 구로구 경인로11길 8-1 (오류동),원주소,서울 구로구 경인로11길 8-1,1.0,126.838290830532,37.4938645340182,1153077000,True,True,True
11154500002,A03,28.0,26,남부실버요양원,서울특별시,금천구,서울특별시 금천구 범안로12가길 59 (독산동),원주소,서울 금천구 범안로12가길 59,1.0,126.894426866145,37.4651462993579,1154561000,True,True,True
11154500008,A03,96.0,86,노인요양센터 인영실버,서울특별시,금천구,서울특별시 금천구 금하로 596 (시흥동 인영실버빌딩),원주소,서울 금천구 금하로 596,1.0,126.897950094773,37.4534356982059,1154567000,True,True,True
11154500029,A03,63.0,57,남부실버요양센터 다솔관,서울특별시,금천구,서울특별시 금천구 범안로12가길 59 (독산동),원주소,서울 금천구 범안로12가길 59,1.0,126.894426866145,37.4651462993579,1154561000,True,True,True
11154500096,A03,0.0,3,로뎀복지요양원,서울특별시,금천구,서울특별시 금천구 시흥대로59길 20 (시흥동),원주소,서울 금천구 시흥대로59길 20,1.0,126.899616168232,37.453479833103,1154567000,True,True,True
11154500098,A03,35.0,35,나눔노인복지센터,서울특별시,금천구,서울특별시 금천구 시흥대로 214 (시흥동 비즈메드 11 12층),원주소,서울 금천구 시흥대로 214,1.0,126.901712234507,37.4530428916984,1154567000,True,True,True
11154500157,A03,75.0,60,임원요양원,서울특별시,금천구,서울특별시 금천구 독산로 359 (독산동),원주소,서울 금천구 독산로 359,1.0,126.903649374668,37.4789411645269,1154563000,True,True,True
11154500164,A04,9.0,8,대한실버하우스,서울특별시,금천구,서울특별시 금천구 독산로78길 21 (독산동),원주소,서울 금천구 독산로78길 21,1.0,126.903966439685,37.4695356919555,1154564000,True,True,True
11154500170,A03,72.0,71,금천구립사랑채요양원,서울특별시,금천구,서울특별시 금천구 금하로 764 (시흥동),원주소,서울 금천구 금하로 764,1.0,126.914294242315,37.4496122565838,1154568000,True,True,True
11154500184,A04,9.0,7,주은요양원,서울특별시,금천구,서울특별시 금천구 시흥대로 487 3층층 (독산동 신건빌딩),원주소,서울 금천구 시흥대로 487,1.0,126.898321755369,37.4771017048216,1154561000,True,True,True
11154500190,A04,9.0,9,실버캐슬요양원,서울특별시,금천구,서울특별시 금천구 시흥대로139길 14 (독산동),원주소,서울 금천구 시흥대로139길 14,1.0,126.897266465278,37.4729970538554,1154561000,True,True,True
11154500200,A03,29.0,29,가족사랑요양원,서울특별시,금천구,서울특별시 금천구 시흥대로 214 10층 (시흥동),원주소,서울 금천구 시흥대로 214,1.0,126.901712234507,37.4530428916984,1154567000,True,True,True
11154500209,A03,49.0,42,하나요양원,서울특별시,금천구,서울특별시 금천구 시흥대로153길 99 4 7 8층 (가산동),도로명번호,서울 금천구 시흥대로153길 99,1.0,126.893363692133,37.4757727604356,1154551000,True,True,True
11154500213,A04,9.0,9,금천햇살요양원,서울특별시,금천구,서울특별시 금천구 시흥대로 487 독산동2층 (독산동),원주소,서울 금천구 시흥대로 487,1.0,126.898321755369,37.4771017048216,1154561000,True,True,True
11154500241,A03,23.0,22,섬기는요양원,서울특별시,금천구,서울특별시 금천구 시흥대로 214 11층 (시흥동),원주소,서울 금천구 시흥대로 214,1.0,126.901712234507,37.4530428916984,1154567000,True,True,True
11154500251,A03,23.0,22,이삭요양원,서울특별시,금천구,서울특별시 금천구 시흥대로 214 8층 (시흥동 비즈메드빌딩),원주소,서울 금천구 시흥대로 214,1.0,126.901712234507,37.4530428916984,1154567000,True,True,True
11154500252,A04,9.0,6,강남가정요양원 3,서울특별시,금천구,서울특별시 금천구 독산로 290 3층 (독산동),원주소,서울 금천구 독산로 290,1.0,126.903395780982,37.4726211867774,1154563000,True,True,True
11154500253,A04,9.0,7,강남가정요양원 4,서울특별시,금천구,서울특별시 금천구 독산로 290 4층 (독산동),원주소,서울 금천구 독산로 290,1.0,126.903395780982,37.4726211867774,1154563000,True,True,True
11154500268,A03,82.0,70,금천에이스요양원,서울특별시,금천구,서울특별시 금천구 시흥대로 202 (시흥동 5~7층),원주소,서울 금천구 시흥대로 202,1.0,126.902116324348,37.4519657055732,1154567000,True,True,True
11154500269,A04,9.0,8,시니어실버타운2,서울특별시,금천구,서울특별시 금천구 독산로 217 5층 (독산동),원주소,서울 금천구 독산로 217,1.0,126.901601602577,37.4661443243598,1154562000,True,True,True
11154500283,A03,44.0,41,사랑가득요양원,서울특별시,금천구,서울특별시 금천구 독산로 194 (독산동),원주소,서울 금천구 독산로 194,1.0,126.903193452311,37.4643593846438,1154562000,True,True,True
11154500285,A03,48.0,45,서울조은요양원,서울특별시,금천구,서울특별시 금천구 시흥대로152길 11-43 2층 (독산동),원주소,서울 금천구 시흥대로152길 11-43,1.0,126.900571559567,37.4785459548905,1154563000,True,True,True
11154500289,A04,9.0,9,샘물요양원,서울특별시,금천구,서울특별시 금천구 독산로 217 4층 (독산동),원주소,서울 금천구 독산로 217,1.0,126.901601602577,37.4661443243598,1154562000,True,True,True
11156000001,A04,9.0,9,서울성모원 노인요양공동생활가정,서울특별시,영등포구,서울특별시 영등포구 대림로12가길 7-1 (대림동),원주소,서울 영등포구 대림로12가길 7-1,1.0,126.904627561748,37.4914741693588,1156070000,True,True,True
11156000018,A03,162.0,160,서울특별시립 남부노인전문요양원,경기도,군포시,경기도 군포시 고산로 589 (산본동),원주소,경기 군포시 고산로 589,1.0,126.925695047816,37.3653387374068,4141062000,True,True,True
11156000023,A03,118.0,118,구립영등포노인케어센터,서울특별시,영등포구,서울특별시 영등포구 도림로 482 (문래동3가),원주소,서울 영등포구 도림로 482,1.0,126.890541520829,37.5168563355065,1156060500,True,True,True
11156000049,A04,9.0,9,참노인요양원(공동생활가정),서울특별시,영등포구,서울특별시 영등포구 가마산로 373 (대림동 주현라이프 5층),원주소,서울 영등포구 가마산로 373,1.0,126.899205468434,37.5019553985423,1156072000,True,True,True
11156000057,A04,8.0,7,주현노인요양원(공동생활가정),서울특별시,영등포구,서울특별시 영등포구 가마산로 373 (대림동 주현라이프 5층),원주소,서울 영등포구 가마산로 373,1.0,126.899205468434,37.5019553985423,1156072000,True,True,True
11156000148,A04,9.0,8,미래요양원,서울특별시,영등포구,서울특별시 영등포구 대림로 88 (대림동 재상빌딩4층),원주소,서울 영등포구 대림로 88,1.0,126.904554178297,37.4901385471167,1156071000,True,True,True
11156000150,A04,9.0,9,미래요양원2,서울특별시,영등포구,서울특별시 영등포구 대림로 88 (대림동 재상빌딩 402호),원주소,서울 영등포구 대림로 88,1.0,126.904554178297,37.4901385471167,1156071000,True,True,True
11156000190,A04,8.0,7,가족사랑2,서울특별시,영등포구,서울특별시 영등포구 도신로 204 3층 (신길동),원주소,서울 영등포구 도신로 204,1.0,126.913931066839,37.5111754050247,1156063000,True,True,True
11156000191,A04,9.0,6,가족사랑1,서울특별시,영등포구,서울특별시 영등포구 도신로 204 4층 (신길동),원주소,서울 영등포구 도신로 204,1.0,126.913931066839,37.5111754050247,1156063000,True,True,True
11156000193,A04,7.0,7,대림실버1 노인요양공동생활가정,서울특별시,영등포구,서울특별시 영등포구 디지털로 398 2층 (대림동 대성빌딩),원주소,서울 영등포구 디지털로 398,1.0,126.903149066375,37.4921005179699,1156070000,True,True,True
11156000194,A04,7.0,6,대림실버2 노인요양공동생활가정,서울특별시,영등포구,서울특별시 영등포구 디지털로 398 5층 (대림동 대성빌딩),원주소,서울 영등포구 디지털로 398,1.0,126.903149066375,37.4921005179699,1156070000,True,True,True
11156000213,A04,9.0,9,21세기요양원 노인요양공동생활가정,서울특별시,영등포구,서울특별시 영등포구 도신로 69 4층층 (도림동),원주소,서울 영등포구 도신로 69,1.0,126.900078687919,37.5063440353853,1156058500,True,True,True
11156000264,A04,8.0,8,은빛사랑1,서울특별시,영등포구,서울특별시 영등포구 디지털로 392 4층 (대림동),원주소,서울 영등포구 디지털로 392,1.0,126.902761155076,37.4916195120765,1156071000,True,True,True
11156000265,A04,8.0,8,은빛사랑2,서울특별시,영등포구,서울특별시 영등포구 디지털로 392 5층 (대림동),원주소,서울 영등포구 디지털로 392,1.0,126.902761155076,37.4916195120765,1156071000,True,True,True
11156000266,A04,8.0,7,은빛사랑3,서울특별시,영등포구,서울특별시 영등포구 디지털로 392 6층 (대림동),원주소,서울 영등포구 디지털로 392,1.0,126.902761155076,37.4916195120765,1156071000,True,True,True
11156000287,A04,8.0,7,어버이사랑노인의료실버타운,서울특별시,영등포구,서울특별시 영등포구 도림로 323 2층203 205호 (신길동 건영상가),원주소,서울 영등포구 도림로 323,1.0,126.901326584166,37.5062023652128,1156065000,True,True,True
11156000295,A04,9.0,8,어버이사랑노인의료복지센터1,서울특별시,영등포구,서울특별시 영등포구 도림로 318 4층 (신길동),원주소,서울 영등포구 도림로 318,1.0,126.902248322545,37.505955895835,1156065000,True,True,True
11156000296,A04,9.0,9,어버이사랑노인의료복지센터2,서울특별시,영등포구,서울특별시 영등포구 도림로 318 5층 (신길동),원주소,서울 영등포구 도림로 318,1.0,126.902248322545,37.505955895835,1156065000,True,True,True
11156000297,A04,8.0,7,어버이사랑노인의료복지센터3,서울특별시,영등포구,서울특별시 영등포구 도림로 318 6층 (신길동),원주소,서울 영등포구 도림로 318,1.0,126.902248322545,37.505955895835,1156065000,True,True,True
11159000002,A04,9.0,9,청남노인요양공동생활가정,서울특별시,동작구,서울특별시 동작구 강남초등8길 20 4층 (상도1동),원주소,서울 동작구 강남초등8길 20,1.0,126.951022639812,37.5052799801875,1159053000,True,True,True
11159000004,A03,100.0,93,청운노인복지센터,서울특별시,동작구,서울특별시 동작구 국사봉1길 145 (상도동),원주소,서울 동작구 국사봉1길 145,1.0,126.933354447054,37.4957113004494,1159055000,True,True,True
11159000054,A04,9.0,9,정성요양원,서울특별시,동작구,서울특별시 동작구 보라매로 89 (신대방동 6층),원주소,서울 동작구 보라매로 89,1.0,126.927645309245,37.4973758849409,1159068000,True,True,True
11159000060,A04,9.0,8,정성노인요양원,서울특별시,동작구,서울특별시 동작구 보라매로 89 (신대방동 5층),원주소,서울 동작구 보라매로 89,1.0,126.927645309245,37.4973758849409,1159068000,True,True,True
11159000110,A03,70.0,70,동작실버센터,서울특별시,동작구,서울특별시 동작구 노량진로32길 53 (본동),원주소,서울 동작구 노량진로32길 53,1.0,126.957219718476,37.5116042870058,1159051000,True,True,True
11159000178,A03,84.0,64,서울시립 영보노인요양원,경기도,용인시,경기도 용인시 처인구 이동면 이원로 483 (이동면),원주소,경기 용인시 처인구 이동읍 이원로 483,1.0,127.239856092332,37.1690512282661,4146125600,True,True,True
11159000189,A03,22.0,19,나이팅게일 너싱홈,서울특별시,동작구,서울특별시 동작구 남부순환로255길 8 101 301호 (사당동 장미빌라),도로명번호,서울 동작구 남부순환로255길 8,1.0,126.971221381639,37.4764832205689,1159062000,True,True,True
11159000214,A04,9.0,8,신상도요양원,서울특별시,동작구,서울특별시 동작구 양녕로20길 108 (상도동),원주소,서울 동작구 양녕로20길 108,1.0,126.945220330939,37.4970084508263,1159056000,True,True,True
11159000264,A03,39.0,38,동작요양원,서울특별시,동작구,서울특별시 동작구 여의대방로22카길 34 (신대방동),원주소,서울 동작구 여의대방로22카길 34,1.0,126.925584595834,37.4968734650983,1159068000,True,True,True
11159000281,A03,23.0,23,은미요양원,서울특별시,동작구,서울특별시 동작구 상도로68길 1-20 (상도동 4층 5층),원주소,서울 동작구 상도로68길 1-20,1.0,126.956012999631,37.4924834207039,1159053000,True,True,True
11159000289,A03,38.0,38,보라매실버홈,서울특별시,동작구,서울특별시 동작구 보라매로5길 51 206호 (신대방동 롯데타워),원주소,서울 동작구 보라매로5길 51,1.0,126.923271180059,37.4909420086406,1159068000,True,True,True
11162000002,A03,90.0,90,동명노인복지센타,서울특별시,관악구,서울특별시 관악구 봉천로23라길 15 (봉천동),원주소,서울 관악구 봉천로23라길 15,1.0,126.937222323844,37.488437966233,1162052500,True,True,True
11162000078,A03,75.0,64,미성요양원,서울특별시,관악구,서울특별시 관악구 난곡로63가길 42 (신림동),원주소,서울 관악구 난곡로63가길 42,1.0,126.91420790507,37.4791865384536,1162076500,True,True,True
11162000099,A03,26.0,20,법화노인요양원,서울특별시,관악구,서울특별시 관악구 법원단지길 153 (신림동),원주소,서울 관악구 법원단지길 153,1.0,126.924941639068,37.4763738656462,1162065500,True,True,True
11162000113,A03,23.0,23,관악노인종합사회복지관 병설 관악치매전문요양센터,서울특별시,관악구,서울특별시 관악구 보라매로 35 (봉천동),원주소,서울 관악구 보라매로 35,1.0,126.926330084488,37.4930406894254,1162052500,True,True,True
11162000189,A04,9.0,8,에덴요양원,서울특별시,관악구,서울특별시 관악구 조원로16길 33 401호 (신림동 중앙빌딩),원주소,서울 관악구 조원로16길 33,1.0,126.911379220656,37.4827014482824,1162072500,True,True,True
11162000193,A03,53.0,51,강남한보리전문요양원,서울특별시,관악구,서울특별시 관악구 남부순환로 1529-1 (신림동),원주소,서울 관악구 남부순환로 1529-1,1.0,126.920593350252,37.4832179709588,1162068500,True,True,True
11162000223,A04,9.0,9,인애요양원,서울특별시,관악구,서울특별시 관악구 신림로 169 201호 (신림동 영창빌딩),원주소,서울 관악구 신림로 169,1.0,126.933711993359,37.474237411225,1162066500,True,True,True
11162000231,A04,9.0,9,효사랑요양원,서울특별시,관악구,서울특별시 관악구 관악로 111 301호 (봉천동 송호빌딩),원주소,서울 관악구 관악로 111,1.0,126.952431360159,37.4750032782962,1162059500,True,True,True
11162000246,A04,9.0,9,가나안요양원,서울특별시,관악구,서울특별시 관악구 조원로 24 601호호 (신림동 새한빌딩),도로명번호,서울 관악구 조원로 24,1.0,126.905063377424,37.4832397601818,1162072500,True,True,True
11162000250,A04,9.0,9,효사랑요양원,서울특별시,관악구,서울특별시 관악구 관악로 111 3층층 (봉천동 송호빌딩),원주소,서울 관악구 관악로 111,1.0,126.952431360159,37.4750032782962,1162059500,True,True,True
11162000253,A03,26.0,26,삼성요양원,서울특별시,관악구,서울특별시 관악구 호암로 401 (신림동 주공2300프라자 4층 ~ 5층),원주소,서울 관악구 호암로 401,1.0,126.925959852782,37.4610796710672,1162074500,True,True,True
11162000268,A04,9.0,7,다원요양원,서울특별시,관악구,서울특별시 관악구 조원중앙로 24 3층 (신림동 우진빌딩),원주소,서울 관악구 조원중앙로 24,1.0,126.905888016012,37.4816590599151,1162072500,True,True,True
11162000269,A04,9.0,8,다원요양센터,서울특별시,관악구,서울특별시 관악구 조원중앙로 24 5층 (신림동 우진빌딩),원주소,서울 관악구 조원중앙로 24,1.0,126.905888016012,37.4816590599151,1162072500,True,True,True
11162000337,A03,28.0,28,당신의 의자 요양원,서울특별시,관악구,서울특별시 관악구 난곡로10길 10 (신림동),원주소,서울 관악구 난곡로10길 10,1.0,126.920052327692,37.4651845248685,1162071500,True,True,True
11162000349,A04,9.0,9,은빛요양원Ⅱ,서울특별시,관악구,서울특별시 관악구 신림로 134 5층 (신림동 오성빌딩),원주소,서울 관악구 신림로 134,1.0,126.934841782503,37.4716792610292,1162066500,True,True,True
11162000358,A03,17.0,16,관악실버케어,서울특별시,관악구,서울특별시 관악구 대학18길 34-7 (신림동),원주소,서울 관악구 대학18길 34-7,1.0,126.93631347759,37.4645576626925,1162073500,True,True,True
11162000367,A04,9.0,8,난향요양원1,서울특별시,관악구,서울특별시 관악구 남부순환로 1470 3층 (신림동),원주소,서울 관악구 남부순환로 1470,1.0,126.913882072153,37.4813531376638,1162076500,True,True,True
11162000368,A04,9.0,9,난향요양원2,서울특별시,관악구,서울특별시 관악구 남부순환로 1470 4층 (신림동),원주소,서울 관악구 남부순환로 1470,1.0,126.913882072153,37.4813531376638,1162076500,True,True,True
11162000372,A04,9.0,9,중앙요양원,서울특별시,관악구,서울특별시 관악구 남부순환로 1432-7 5층 (신림동),원주소,서울 관악구 남부순환로 1432-7,1.0,126.910123169474,37.4804599612785,1162076500,True,True,True
11162000386,A04,9.0,9,신림요양원 1,서울특별시,관악구,서울특별시 관악구 난곡로 272 (신림동),원주소,서울 관악구 난곡로 272,1.0,126.915411966806,37.4783914551329,1162076500,True,True,True
11162000387,A04,9.0,9,신림요양원 2,서울특별시,관악구,서울특별시 관악구 난곡로 272 (신림동),원주소,서울 관악구 난곡로 272,1.0,126.915411966806,37.4783914551329,1162076500,True,True,True
11162000391,A04,9.0,8,벧엘의집요양원,서울특별시,관악구,서울특별시 관악구 문성로 96 3층 (신림동),원주소,서울 관악구 문성로 96,1.0,126.914369980953,37.477446537001,1162076500,True,True,True
11162000393,A04,9.0,9,효사랑요양원,서울특별시,관악구,서울특별시 관악구 관악로 111 3층 (봉천동 송호빌딩),원주소,서울 관악구 관악로 111,1.0,126.952431360159,37.4750032782962,1162059500,True,True,True
11162000394,A04,9.0,8,벧엘의집요양원2,서울특별시,관악구,서울특별시 관악구 문성로 96 2층 (신림동),원주소,서울 관악구 문성로 96,1.0,126.914369980953,37.477446537001,1162076500,True,True,True
11162000418,A03,19.0,18,나은요양원,서울특별시,관악구,서울특별시 관악구 난곡로 280-1 (신림동),원주소,서울 관악구 난곡로 280-1,1.0,126.915294145111,37.4790068500583,1162076500,True,True,True
11162000422,A03,99.0,84,서울숲요양원,서울특별시,관악구,서울특별시 관악구 난향7길 68 (신림동),원주소,서울 관악구 난향7길 68,1.0,126.915085567495,37.4596064112992,1162071500,True,True,True
11162000428,A04,9.0,7,나눔요양원,서울특별시,관악구,서울특별시 관악구 남부순환로 1468 4층 (신림동),원주소,서울 관악구 남부순환로 1468,1.0,126.91373002303,37.4813369887873,1162076500,True,True,True
11162000431,A04,9.0,9,은빛요양원1,서울특별시,관악구,서울특별시 관악구 신림로 134 4층 (신림동),원주소,서울 관악구 신림로 134,1.0,126.934841782503,37.4716792610292,1162066500,True,True,True
11162000437,A04,9.0,8,엔젤요양원,서울특별시,관악구,서울특별시 관악구 남부순환로 1432-7 4층 (신림동),원주소,서울 관악구 남부순환로 1432-7,1.0,126.910123169474,37.4804599612785,1162076500,True,True,True
11165000083,A04,9.0,9,사랑의집,서울특별시,서초구,서울특별시 서초구 탑성말길 26 (염곡동),원주소,서울 서초구 탑성말길 26,1.0,127.057826946472,37.4569181112864,1165066000,True,True,True
11165000086,A03,45.0,39,장생시니어타운,서울특별시,서초구,서울특별시 서초구 강남대로89길 10 (반포동),원주소,서울 서초구 강남대로89길 10,1.0,127.021255286197,37.5094996987665,1165056000,True,True,True
11165000098,A03,200.0,197,구립서초노인요양센터,서울특별시,서초구,서울특별시 서초구 남부순환로340길 21 (서초동),원주소,서울 서초구 남부순환로340길 21,1.0,127.024624698871,37.4817426297404,1165051000,True,True,True
11165000189,A03,68.0,67,KB골든라이프케어 서초 빌리지,서울특별시,서초구,서울특별시 서초구 형촌2길 33 (우면동),원주소,서울 서초구 형촌2길 33,1.0,127.020710879724,37.4651312758781,1165065100,True,True,True
11168000067,A03,14.0,14,구립 역삼노인요양센터,서울특별시,강남구,서울특별시 강남구 도곡로27길 27 (역삼동),원주소,서울 강남구 도곡로27길 27,1.0,127.041831743296,37.4945376886831,1168065000,True,True,True
11168000082,A03,22.0,22,강남실버센터,서울특별시,강남구,서울특별시 강남구 삼성로 628 (삼성동),원주소,서울 강남구 삼성로 628,1.0,127.05214255205,37.5159106576619,1168058000,True,True,True
11168000104,A03,29.0,29,강남구립 논현요양센터,서울특별시,강남구,서울특별시 강남구 강남대로128길 59 (논현동),원주소,서울 강남구 강남대로128길 59,1.0,127.026088997835,37.5120654214586,1168052100,True,True,True
11168000175,A03,122.0,116,국민건강보험공단 서울요양원,서울특별시,강남구,서울특별시 강남구 헌릉로590길 50 (세곡동),원주소,서울 강남구 헌릉로590길 50,1.0,127.104020538506,37.4613703663442,1168070000,True,True,True
11168000180,A04,9.0,9,강남유명요양원,서울특별시,강남구,서울특별시 강남구 개포로140길 32 5층 (일원동 원효빌딩),원주소,서울 강남구 개포로140길 32,1.0,127.086608834834,37.4935906267977,1168073000,True,True,True
11168000303,A04,9.0,8,한마음요양원,서울특별시,강남구,서울특별시 강남구 논현로12길 19-4 2~3층 (개포동),원주소,서울 강남구 논현로12길 19-4,1.0,127.049235046692,37.4752081160325,1168069000,True,True,True
11168000312,A03,49.0,45,강남 성은실버케어스,서울특별시,강남구,서울특별시 강남구 논현로 88 (개포동),원주소,서울 강남구 논현로 88,1.0,127.045132028081,37.4778176367596,1168069000,True,True,True
11168000332,A03,49.0,10,오아시스 메디홈,서울특별시,강남구,서울특별시 강남구 논현제1동[논현동] 94번지 17호 ,지번정규화,서울 강남구 논현동 94-17,1.0,127.038895855,37.5218691411899,1168053100,True,True,True
11171000016,A03,70.0,70,청암노인요양원,서울특별시,송파구,서울특별시 송파구 성내천로 193 (마천동),원주소,서울 송파구 성내천로 193,1.0,127.149804368074,37.501481563891,1171055000,True,True,True
11171000116,A03,49.0,46,굿모닝케어노인전문요양원,서울특별시,송파구,서울특별시 송파구 성내천로16길 17 (오금동),원주소,서울 송파구 성내천로16길 17,1.0,127.139450621575,37.4983965832752,1171057000,True,True,True
11171000123,A03,130.0,129,구립송파노인요양센터,서울특별시,송파구,서울특별시 송파구 충민로 184 (장지동),원주소,서울 송파구 충민로 184,1.0,127.134322169385,37.4857949194391,1171064600,True,True,True
11171000136,A03,93.0,89,시립송파노인전문요양원,서울특별시,송파구,서울특별시 송파구 백제고분로32길 37 (삼전동),원주소,서울 송파구 백제고분로32길 37,1.0,127.09493737654,37.4990236029703,1171061000,True,True,True
11171000139,A03,28.0,28,송파치매케어센터,서울특별시,송파구,서울특별시 송파구 백제고분로32길 41 (삼전동),원주소,서울 송파구 백제고분로32길 41,1.0,127.094895649961,37.4986684599392,1171061000,True,True,True
11171000141,A04,9.0,9,수실버간호센터,서울특별시,송파구,서울특별시 송파구 성내천로 212 3층 (마천동),원주소,서울 송파구 성내천로 212,1.0,127.151182041019,37.5000178377774,1171055000,True,True,True
11171000144,A04,9.0,9,에덴실버요양원,서울특별시,송파구,서울특별시 송파구 송이로 198-1 (문정동),원주소,서울 송파구 송이로 198-1,1.0,127.12786544719,37.4901264685485,1171064100,True,True,True
11171000156,A04,9.0,9,포도나무실버타운1호점,서울특별시,송파구,서울특별시 송파구 가락로 2 (석촌동 6층),원주소,서울 송파구 가락로 2,1.0,127.096944619299,37.4976564080527,1171060000,True,True,True
11171000172,A04,9.0,8,송파그린요양원,서울특별시,송파구,서울특별시 송파구 성내천로 208 (마천동 신안빌딩 3층),원주소,서울 송파구 성내천로 208,1.0,127.150837054109,37.5002110038083,1171055000,True,True,True
11171000175,A04,9.0,9,포도나무실버타운3호점,서울특별시,송파구,서울특별시 송파구 가락로 2 5층 (석촌동),원주소,서울 송파구 가락로 2,1.0,127.096944619299,37.4976564080527,1171060000,True,True,True
11171000191,A04,9.0,7,송파그린요양원2,서울특별시,송파구,서울특별시 송파구 성내천로 208 2층 (마천동),원주소,서울 송파구 성내천로 208,1.0,127.150837054109,37.5002110038083,1171055000,True,True,True
11171000216,A03,110.0,93,보눔케어요양원,서울특별시,송파구,서울특별시 송파구 가락로 27 (석촌동),원주소,서울 송파구 가락로 27,1.0,127.099524430898,37.498834040136,1171060000,True,True,True
11171000280,A03,46.0,41,경복궁요양센터,서울특별시,송파구,서울특별시 송파구 성내천로47길 40 (마천동),원주소,서울 송파구 성내천로47길 40,1.0,127.157436264244,37.4964780870974,1171054000,True,True,True
11171000318,A03,101.0,101,KB골든라이프케어 위례 빌리지,서울특별시,송파구,서울특별시 송파구 위례광장로 220 (장지동),원주소,서울 송파구 위례광장로 220,1.0,127.143874511844,37.4809054361333,1171064700,True,True,True
11171000385,A03,38.0,37,봄날요양원,서울특별시,송파구,서울특별시 송파구 마천로 96 (오금동),원주소,서울 송파구 마천로 96,1.0,127.130500847139,37.5063545753789,1171057000,True,True,True
11171000408,A04,9.0,8,가족사랑요양원,서울특별시,송파구,서울특별시 송파구 오금로36길 57 2층 (가락동),원주소,서울 송파구 오금로36길 57,1.0,127.122358342727,37.4988422395501,1171062000,True,True,True
11171000409,A04,9.0,9,가락사랑요양원,서울특별시,송파구,서울특별시 송파구 오금로36길 57 3층 (가락동),원주소,서울 송파구 오금로36길 57,1.0,127.122358342727,37.4988422395501,1171062000,True,True,True
11171000435,A04,9.0,9,A+은빛요양원1,서울특별시,송파구,서울특별시 송파구 거마로 99 3층 (마천동),원주소,서울 송파구 거마로 99,1.0,127.148024721245,37.5016357167545,1171055000,True,True,True
11171000436,A04,9.0,9,A+은빛요양원2,서울특별시,송파구,서울특별시 송파구 거마로 99 4층 (마천동),원주소,서울 송파구 거마로 99,1.0,127.148024721245,37.5016357167545,1171055000,True,True,True
11171000437,A04,9.0,9,은빛요양원1,서울특별시,송파구,서울특별시 송파구 거마로 99 B1 1층 (마천동),원주소,서울 송파구 거마로 99,1.0,127.148024721245,37.5016357167545,1171055000,True,True,True
11171000438,A04,9.0,9,은빛요양원2,서울특별시,송파구,서울특별시 송파구 거마로 99 B1 2층 (마천동),원주소,서울 송파구 거마로 99,1.0,127.148024721245,37.5016357167545,1171055000,True,True,True
11171000442,A04,9.0,7,A+은빛요양원3,서울특별시,송파구,서울특별시 송파구 거마로 99 5층 (마천동),원주소,서울 송파구 거마로 99,1.0,127.148024721245,37.5016357167545,1171055000,True,True,True
11171000463,A04,9.0,9,신아노인요양안심가정,서울특별시,송파구,서울특별시 송파구 양산로8길 17 (거여동),원주소,서울 송파구 양산로8길 17,1.0,127.145473666627,37.4914720254353,1171053200,True,True,True
11174000123,A04,9.0,9,흰돌장기요양센터1호점,서울특별시,강동구,서울특별시 강동구 구천면로 323 (암사동 개나리프라자 6층),원주소,서울 강동구 구천면로 323,1.0,127.135241872797,37.5484151003879,1174057000,True,True,True
11174000126,A03,20.0,19,그랜드너싱홈,서울특별시,강동구,서울특별시 강동구 양재대로 1465 301호 (길동 마루빌딩),원주소,서울 강동구 양재대로 1465,1.0,127.139314330701,37.5368399179472,1174068500,True,True,True
11174000156,A03,100.0,64,성암장수마을,서울특별시,강동구,서울특별시 강동구 구천면로68길 46 (천호동),원주소,서울 강동구 구천면로68길 46,1.0,127.142465612824,37.5486544703182,1174060000,True,True,True
11174000191,A03,25.0,22,강동노인복지관 치매요양원,서울특별시,강동구,서울특별시 강동구 동남로71길 32-5 5층 (명일동 강동노인종합복지관),원주소,서울 강동구 동남로71길 32-5,1.0,127.15462055421,37.5522111843463,1174054000,True,True,True
11174000195,A04,9.0,9,늘편한요양센터,서울특별시,강동구,서울특별시 강동구 구천면로 318 4층 (천호동),원주소,서울 강동구 구천면로 318,1.0,127.135343675704,37.5477651839025,1174060000,True,True,True
11174000204,A04,9.0,9,늘편한요양센터2호,서울특별시,강동구,서울특별시 강동구 구천면로 318 2층 (천호동),원주소,서울 강동구 구천면로 318,1.0,127.135343675704,37.5477651839025,1174060000,True,True,True
11174000208,A03,132.0,132,대한연세요양원,서울특별시,강동구,서울특별시 강동구 고덕로 421 (강일동),원주소,서울 강동구 고덕로 421,1.0,127.172575598882,37.5574052401914,1174051500,True,True,True
11174000217,A04,9.0,9,흰돌장기요양센터2호점,서울특별시,강동구,서울특별시 강동구 구천면로 323 6층 (암사동 개나리프라자),원주소,서울 강동구 구천면로 323,1.0,127.135241872797,37.5484151003879,1174057000,True,True,True
11174000218,A04,9.0,9,흰돌장기요양센터3호점,서울특별시,강동구,서울특별시 강동구 구천면로 323 5층 (암사동 개나리프라자),원주소,서울 강동구 구천면로 323,1.0,127.135241872797,37.5484151003879,1174057000,True,True,True
11174000222,A04,9.0,9,늘편한요양원,서울특별시,강동구,서울특별시 강동구 구천면로 318 3층 (천호동 성산빌딩),원주소,서울 강동구 구천면로 318,1.0,127.135343675704,37.5477651839025,1174060000,True,True,True
11174000228,A04,9.0,9,은혜요양원,서울특별시,강동구,서울특별시 강동구 양재대로124길 41 (길동),원주소,서울 강동구 양재대로124길 41,1.0,127.144501765029,37.5427974887767,1174068500,True,True,True
11174000261,A03,78.0,78,강일성모노인요양원,서울특별시,강동구,서울특별시 강동구 고덕로 476 (강일동),원주소,서울 강동구 고덕로 476,1.0,127.178556364456,37.5578196350096,1174052600,True,True,True
11174000290,A03,29.0,29,마더노인요양센터,서울특별시,강동구,서울특별시 강동구 명일로 230 2층 (길동 삼보프리빌),원주소,서울 강동구 명일로 230,1.0,127.146795933858,37.5391455227,1174068500,True,True,True
11174000310,A04,9.0,9,정원실버요양원,서울특별시,강동구,서울특별시 강동구 양재대로124길 41 (길동),원주소,서울 강동구 양재대로124길 41,1.0,127.144501765029,37.5427974887767,1174068500,True,True,True
11174000311,A04,9.0,9,정원실버요양원 2호점,서울특별시,강동구,서울특별시 강동구 양재대로124길 41 3층 (길동 성원빌딩),원주소,서울 강동구 양재대로124길 41,1.0,127.144501765029,37.5427974887767,1174068500,True,True,True
11174000335,A04,9.0,9,(A+)강동포도나무요양원 1호점,서울특별시,강동구,서울특별시 강동구 상암로 195 2층201호 (명일동),원주소,서울 강동구 상암로 195,1.0,127.144190381388,37.5466249508301,1174053000,True,True,True
11174000336,A04,9.0,9,(A+)강동포도나무요양원 2호점,서울특별시,강동구,서울특별시 강동구 상암로 195 2층203호 (명일동),원주소,서울 강동구 상암로 195,1.0,127.144190381388,37.5466249508301,1174053000,True,True,True
11174000376,A03,81.0,77,서울케어링하우스,서울특별시,강동구,서울특별시 강동구 올림픽로 831 (암사동),원주소,서울 강동구 올림픽로 831,1.0,127.129016199491,37.555159636828,1174058000,True,True,True
11174000386,A03,56.0,56,종근당산업(주) 벨포레스트,서울특별시,강동구,서울특별시 강동구 고덕로 463 (강일동),원주소,서울 강동구 고덕로 463,1.0,127.177234262769,37.5580711128511,1174051500,True,True,True
11174000401,A03,29.0,27,강동힐링요양원,서울특별시,강동구,서울특별시 강동구 천호대로 1240-9 1층 (둔촌동),원주소,서울 강동구 천호대로 1240-9,1.0,127.148913022771,37.5360555068254,1174070000,True,True,True
11174000422,A03,89.0,87,시립강동실버케어센터,서울특별시,강동구,서울특별시 강동구 고덕로 185 (고덕동),원주소,서울 강동구 고덕로 185,1.0,127.146596070078,37.5553030101673,1174055000,True,True,True
12811000009,A03,43.0,36,다정노인요양원,인천광역시,중구,인천광역시 중구 개항로 72 (경동),원주소,인천 제물포구 개항로 72,1.0,126.630380608699,37.4717673171801,2811058500,True,True,True
12811000029,A03,29.0,24,예지요양원,인천광역시,중구,인천광역시 중구 개항로 82 (경동 경동빌딩 5층),원주소,인천 제물포구 개항로 82,1.0,126.631818419453,37.4717267557301,2811058500,True,True,True
12811000052,A04,9.0,9,섭리노인요양공동생활가정,인천광역시,중구,인천광역시 중구 동화마을길 31 (송월동3가),원주소,인천 제물포구 동화마을길 31,1.0,126.620443556098,37.4781024954515,2811061500,True,True,True
12811000060,A03,60.0,40,가족같은효성요양원,인천광역시,중구,인천광역시 중구 연안부두로55번길 5 (항동7가),원주소,인천 제물포구 연안부두로55번길 5,1.0,126.600391581452,37.4534527120535,2811052000,True,True,True
12811000076,A03,48.0,38,예봄요양원,인천광역시,중구,인천광역시 중구 우현로67번길 1-6 (내동),원주소,인천 제물포구 우현로67번길 1-6,1.0,126.629092403626,37.4733312101023,2811058500,True,True,True
12811000081,A04,9.0,5,늘단비요양원,인천광역시,중구,인천광역시 중구 인항로 34 4층403호 (신흥동3가),원주소,인천 제물포구 인항로 34,1.0,126.634082456976,37.4571727088398,2811054000,True,True,True
12811000082,A03,100.0,76,수 요양원,인천광역시,중구,인천광역시 중구 큰우물로 16 (용동),원주소,인천 제물포구 큰우물로 16,1.0,126.631850279251,37.4733671354057,2811058500,True,True,True
12811000083,A03,26.0,22,한우리요양원,인천광역시,중구,인천광역시 중구 신도시남로141번길 9 7층 (운서동 골드프라자),원주소,인천 영종구 신도시남로141번길 9,1.0,126.489061304218,37.4937387961282,2811062800,True,True,True
12811000095,A03,72.0,29,성모시니어요양원,인천광역시,중구,인천광역시 중구 제물량로 159 (신생동),원주소,인천 제물포구 제물량로 159,1.0,126.626296344679,37.4699071390294,2811053000,True,True,True
12811000105,A03,19.0,14,정성요양원,인천광역시,중구,인천광역시 중구 개항로 73 (경동),원주소,인천 제물포구 개항로 73,1.0,126.630651112657,37.4720003521467,2811058500,True,True,True
12811000112,A03,44.0,34,인천그린힐요양원,인천광역시,중구,인천광역시 중구 송학로19번길 7-7 (송학동3가),원주소,인천 제물포구 송학로19번길 7-7,1.0,126.626321075391,37.4744765757654,2811053000,True,True,True
12811000121,A03,49.0,47,영종요양원,인천광역시,중구,인천광역시 중구 백운로185번길 10-16 (운남동 영종요양원),원주소,인천 영종구 백운로185번길 10-16,1.0,126.536568563696,37.5037645164028,2811062000,True,True,True
12811000125,A03,67.0,60,영종국제도시 믿음요양원,인천광역시,중구,인천광역시 중구 영종대로 106 4층 (운서동),원주소,인천 영종구 영종대로 106,1.0,126.490903520408,37.4948814658129,2811062800,True,True,True
12811000134,A03,81.0,61,소망드림요양원,인천광역시,중구,인천광역시 중구 신포로23번길 49 3층 (중앙동3가 중앙프라자),원주소,인천 제물포구 신포로23번길 49,1.0,126.622407839431,37.4720930503606,2811053000,True,True,True
12811000138,A03,28.0,28,국제공항요양원,인천광역시,중구,인천광역시 중구 운중로48번길 21-46 (운남동),원주소,인천 영종구 운중로48번길 21-46,1.0,126.539627165336,37.4899360504733,2811062000,True,True,True
12811000148,A03,29.0,18,다우요양원,인천광역시,중구,인천광역시 중구 참외전로 52-6 (전동),원주소,인천 제물포구 참외전로 52-6,1.0,126.625619924777,37.4792606730227,2811058500,True,True,True
12811000152,A03,11.0,11,희망나무요양원,인천광역시,중구,인천광역시 중구 논골길 49 2층 (운북동),원주소,인천 영종구 논골길 49,1.0,126.537619667179,37.5127668043274,2811062000,True,True,True
12811000154,A03,29.0,29,중부요양원,인천광역시,중구,인천광역시 중구 자유공원로 37 (내동),원주소,인천 제물포구 자유공원로 37,1.0,126.626962909613,37.4750358754056,2811058500,True,True,True
12811000159,A03,45.0,41,중구요양원,인천광역시,중구,인천광역시 중구 인중로 96 3층 (신흥동2가 신흥동누리타워),원주소,인천 제물포구 인중로 96,1.0,126.632612268975,37.465597970526,2811054000,True,True,True
12811000161,A03,49.0,49,꿈꾸는요양원,인천광역시,중구,인천광역시 중구 연안부두로55번길 6 (항동7가),원주소,인천 제물포구 연안부두로55번길 6,1.0,126.600052700282,37.4531014341962,2811052000,True,True,True
12811000167,A03,84.0,79,(인천)골드VIP요양원,인천광역시,중구,인천광역시 중구 참외전로 178 (경동),원주소,인천 제물포구 참외전로 178,1.0,126.635636216861,37.4720306959676,2811058500,True,True,True
12811000176,A03,60.0,45,인천중구 구립해송노인요양원,인천광역시,중구,인천광역시 중구 백운로 494 (운북동),원주소,인천 영종구 백운로 494,1.0,126.510331059166,37.5158450896358,2811062000,True,True,True
12811000183,A03,49.0,48,우리들요양원,인천광역시,중구,인천광역시 중구 우현로90번길 1-6 (인현동),원주소,인천 제물포구 우현로90번길 1-6,1.0,126.631155052673,37.4743744535079,2811058500,True,True,True
12811000189,A03,49.0,31,(주)행복노인복지센터 행복요양원,인천광역시,중구,인천광역시 중구 자유공원남로 13 (송학동1가),원주소,인천 제물포구 자유공원남로 13,1.0,126.621148367794,37.4744255052209,2811053000,True,True,True
12811000190,A03,44.0,41,축복요양원,인천광역시,중구,인천광역시 중구 인중로 96 4층 (신흥동2가 신흥동누리타워),원주소,인천 제물포구 인중로 96,1.0,126.632612268975,37.465597970526,2811054000,True,True,True
12811000194,A03,83.0,49,우리들효요양원,인천광역시,중구,인천광역시 중구 인중로 178 5~6층 (사동),도로명번호,인천 제물포구 인중로 178,1.0,126.624546721246,37.468854263686,2811053000,True,True,True
12814000023,A03,60.0,52,금곡노인요양원,인천광역시,동구,인천광역시 동구 샛골로141번길 21 (송림동),원주소,인천 제물포구 샛골로141번길 21,1.0,126.643343788228,37.4748544469747,2814059000,True,True,True
12814000024,A03,20.0,10,인천요양원,인천광역시,동구,인천광역시 동구 샛골로 142 (송림동),원주소,인천 제물포구 샛골로 142,1.0,126.644641650668,37.4749663879276,2814060500,True,True,True
12814000044,A03,20.0,12,행복한효요양원,인천광역시,동구,인천광역시 동구 송림로 24 2층203호 (금곡동 두손피카디리빌딩),원주소,인천 제물포구 송림로 24,1.0,126.637837272002,37.4732188611687,2814064000,True,True,True
12814000076,A03,16.0,16,행복한효요양원2호점,인천광역시,동구,인천광역시 동구 송림로 24 2층206호 (금곡동 두손피카디리),원주소,인천 제물포구 송림로 24,1.0,126.637837272002,37.4732188611687,2814064000,True,True,True
12814000081,A04,9.0,9,미래간호요양원,인천광역시,동구,인천광역시 동구 송림로 24 5층502-2호 (금곡동 두손피카디리),원주소,인천 제물포구 송림로 24,1.0,126.637837272002,37.4732188611687,2814064000,True,True,True
12814000082,A04,9.0,9,미래간호요양원 2호점,인천광역시,동구,인천광역시 동구 송림로 24 5층501호 (금곡동 두손피카디리),원주소,인천 제물포구 송림로 24,1.0,126.637837272002,37.4732188611687,2814064000,True,True,True
12814000103,A03,99.0,96,시니어빌리지요양원,인천광역시,동구,인천광역시 동구 송림로 129 (송림동),원주소,인천 제물포구 송림로 129,1.0,126.648639317016,37.4775860327168,2814063000,True,True,True
12814000111,A03,32.0,30,아가페요양원,인천광역시,동구,인천광역시 동구 송림로 24 3층304호 (금곡동),원주소,인천 제물포구 송림로 24,1.0,126.637837272002,37.4732188611687,2814064000,True,True,True
12817000004,A03,60.0,58,인천은혜요양원,인천광역시,미추홀구,인천광역시 미추홀구 길파로29번길 53 (주안동),원주소,인천 미추홀구 길파로29번길 53,1.0,126.676670913958,37.4687199721156,2817766000,True,True,True
12817000005,A03,55.0,48,주안해피타운,인천광역시,미추홀구,인천광역시 미추홀구 주승로 129 (주안동),원주소,인천 미추홀구 주승로 129,1.0,126.684722155577,37.4457963605745,2817769000,True,True,True
12817000044,A03,95.0,86,햇살노인전문요양원,인천광역시,미추홀구,인천광역시 미추홀구 인중로 13 (숭의동),원주소,인천 미추홀구 인중로 13,1.0,126.641016347592,37.4624793757723,2817752000,True,True,True
12817000102,A03,60.0,56,천사의집노인요양원,인천광역시,미추홀구,인천광역시 미추홀구 소성로318번길 30 (문학동),원주소,인천 미추홀구 소성로318번길 30,1.0,126.682073060667,37.4363882908058,2817771000,True,True,True
12817000111,A03,60.0,52,인천사랑노인요양원,인천광역시,미추홀구,인천광역시 미추홀구 낙섬서로 3-14 (용현동),원주소,인천 미추홀구 낙섬서로 3-14,1.0,126.633138924006,37.4505557518101,2817757000,True,True,True
12817000153,A03,42.0,33,행복한요양원,인천광역시,미추홀구,인천광역시 미추홀구 경원대로 858 (주안동 씨티프라자 7층),원주소,인천 미추홀구 경원대로 858,1.0,126.689843349722,37.4593647035016,2817767000,True,True,True
12817000182,A03,42.0,31,효다함요양원,인천광역시,미추홀구,인천광역시 미추홀구 독배로 443 411호 (숭의동),원주소,인천 미추홀구 독배로 443,1.0,126.648195623169,37.4588572017472,2817751000,True,True,True
12817000192,A03,106.0,83,온유한요양원,인천광역시,미추홀구,인천광역시 미추홀구 주안로 150 (주안동),원주소,인천 미추홀구 주안로 150,1.0,126.686438814131,37.4634839598047,2817767000,True,True,True
12817000210,A03,79.0,78,노아요양원,인천광역시,미추홀구,인천광역시 미추홀구 경원대로 892 2~4층 (주안동),도로명번호,인천 미추홀구 경원대로 892,1.0,126.690111195321,37.462439737746,2817767000,True,True,True
12817000227,A03,46.0,38,햇살누리요양센터,인천광역시,미추홀구,인천광역시 미추홀구 독배로 431 (용현동),원주소,인천 미추홀구 독배로 431,1.0,126.648999288425,37.4579291204763,2817755000,True,True,True
12817000229,A04,9.0,8,노인요양원 행복의집,인천광역시,미추홀구,인천광역시 미추홀구 아암대로29번길 86 5층 (용현동 백제당빌딩),원주소,인천 미추홀구 아암대로29번길 86,1.0,126.640903617026,37.45631794274,2817755000,True,True,True
12817000231,A03,29.0,26,인일효요양원,인천광역시,미추홀구,인천광역시 미추홀구 한나루로 604 1801호 (도화동 롯데월드타워),원주소,인천 미추홀구 한나루로 604,1.0,126.672964247388,37.4598490814435,2817760000,True,True,True
12817000240,A03,41.0,20,주안愛요양원,인천광역시,미추홀구,인천광역시 미추홀구 주안중로50번길 3 (주안동 부건프라자 5 6층),원주소,인천 미추홀구 주안중로50번길 3,1.0,126.683083372154,37.4630877554132,2817762000,True,True,True
12817000242,A04,9.0,8,노인요양원 행복의집Ⅱ,인천광역시,미추홀구,인천광역시 미추홀구 아암대로29번길 86 4층 (용현동 백제당빌딩),원주소,인천 미추홀구 아암대로29번길 86,1.0,126.640903617026,37.45631794274,2817755000,True,True,True
12817000251,A03,29.0,24,남구늘푸른노인요양원,인천광역시,미추홀구,인천광역시 미추홀구 소성로 193-26 (학익동 동남빌딩 2~5층),원주소,인천 미추홀구 소성로 193-26,1.0,126.670171235345,37.4414108043874,2817759000,True,True,True
12817000267,A04,9.0,9,행복드림요양원,인천광역시,미추홀구,인천광역시 미추홀구 인주대로 495 5층 (주안동),원주소,인천 미추홀구 인주대로 495,1.0,126.691831280322,37.4509094244284,2817765000,True,True,True
12817000268,A04,9.0,9,행복드림요양원2,인천광역시,미추홀구,인천광역시 미추홀구 인주대로 495 4층 (주안동),원주소,인천 미추홀구 인주대로 495,1.0,126.691831280322,37.4509094244284,2817765000,True,True,True
12817000300,A03,80.0,80,제일요양원,인천광역시,미추홀구,인천광역시 미추홀구 학익소로 19 B1 2 5~7층 (학익동),원주소,인천 미추홀구 학익소로 19,1.0,126.668982716678,37.4454837448221,2817759000,True,True,True
12817000302,A03,55.0,51,예사랑요양원,인천광역시,미추홀구,인천광역시 미추홀구 미추로 1 (숭의동),원주소,인천 미추홀구 미추로 1,1.0,126.647868074644,37.4603026140735,2817751000,True,True,True
12817000305,A03,34.0,28,주안요양원,인천광역시,미추홀구,인천광역시 미추홀구 석바위로 68 601호호 (주안동 주안필프라자),원주소,인천 미추홀구 석바위로 68,1.0,126.680623527687,37.460857444548,2817762000,True,True,True
12817000309,A03,80.0,69,효담채요양원,인천광역시,미추홀구,인천광역시 미추홀구 경인로 109 (숭의동),원주소,인천 미추홀구 경인로 109,1.0,126.654683555977,37.4664868781783,2817752000,True,True,True
12817000331,A03,39.0,35,믿음요양원,인천광역시,미추홀구,인천광역시 미추홀구 매소홀로 507 3층 (문학동 스카이빌딩),원주소,인천 미추홀구 매소홀로 507,1.0,126.67865269254,37.4396789073812,2817771000,True,True,True
12817000341,A03,95.0,88,세심요양원,인천광역시,미추홀구,인천광역시 미추홀구 경인로 270-1 (도화동),원주소,인천 미추홀구 경인로 270-1,1.0,126.671269272532,37.4619914812067,2817760000,True,True,True
12817000387,A03,89.0,75,인하요양원,인천광역시,미추홀구,인천광역시 미추홀구 한나루로456번길 8 (학익동),원주소,인천 미추홀구 한나루로456번길 8,1.0,126.66807795283,37.4472042995824,2817759000,True,True,True
12817700408,A03,49.0,48,참사랑요양원,인천광역시,미추홀구,인천광역시 미추홀구 주안로 157-1 (주안동),원주소,인천 미추홀구 주안로 157-1,1.0,126.687370167717,37.4639298135361,2817767000,True,True,True
12817700428,A03,46.0,41,성심요양원,인천광역시,미추홀구,인천광역시 미추홀구 미추홀대로657번길 1 2~5층 (주안동),도로명번호,인천 미추홀구 미추홀대로657번길 1,1.0,126.67976164277,37.4560139018086,2817763000,True,True,True
12817700434,A03,15.0,13,포도나무요양원,인천광역시,미추홀구,인천광역시 미추홀구 주승로 22 2층 (학익동),원주소,인천 미추홀구 주승로 22,1.0,126.672779925025,37.4436537339191,2817759000,True,True,True
12817700443,A03,41.0,29,생명수요양원,인천광역시,미추홀구,인천광역시 미추홀구 인하로 193 (주안동),원주소,인천 미추홀구 인하로 193,1.0,126.669484245869,37.4489507041035,2817764000,True,True,True
12817700445,A03,41.0,36,주안하주요양원,인천광역시,미추홀구,인천광역시 미추홀구 경인로435번길 23 (주안동),원주소,인천 미추홀구 경인로435번길 23,1.0,126.688572316339,37.4591548495729,2817767000,True,True,True
12817700459,A03,29.0,19,자미원요양원,인천광역시,미추홀구,인천광역시 미추홀구 참외전로 341 (숭의동),원주소,인천 미추홀구 참외전로 341,1.0,126.652106185039,37.4664822015722,2817752000,True,True,True
12817700475,A03,45.0,45,미추홀효요양원,인천광역시,미추홀구,인천광역시 미추홀구 경원대로864번길 10 3층 4층 (주안동),원주소,인천 미추홀구 경원대로864번길 10,1.0,126.690200482844,37.459565033529,2817767000,True,True,True
12817700482,A03,68.0,55,도화요양원,인천광역시,미추홀구,인천광역시 미추홀구 한나루로 604 10층 (도화동 롯데월드타워),원주소,인천 미추홀구 한나루로 604,1.0,126.672964247388,37.4598490814435,2817760000,True,True,True
12817700486,A04,9.0,7,센트럴힐링요양원,인천광역시,미추홀구,인천광역시 미추홀구 한나루로 432 4층 (학익동 성원빌딩),원주소,인천 미추홀구 한나루로 432,1.0,126.666659335538,37.4457032784259,2817759000,True,True,True
12817700509,A03,42.0,42,매화요양원,인천광역시,미추홀구,인천광역시 미추홀구 제물량로4번길 34-33 (숭의동),원주소,인천 미추홀구 제물량로4번길 34-33,1.0,126.640104340666,37.4621618799394,2817752000,True,True,True
12817700517,A03,25.0,25,해피하우스요양원,인천광역시,미추홀구,인천광역시 미추홀구 학익소로61번길 21-11 2층 (학익동),원주소,인천 미추홀구 학익소로61번길 21-11,1.0,126.67110913062,37.4429884753093,2817759000,True,True,True
12817700523,A03,49.0,41,The 숲 요양원,인천광역시,미추홀구,인천광역시 미추홀구 미추로 53 (숭의동),원주소,인천 미추홀구 미추로 53,1.0,126.645735872658,37.4646667576833,2817752000,True,True,True
12817700537,A04,9.0,10,진요양원,인천광역시,미추홀구,인천광역시 미추홀구 학익소로 67 7층 (학익동 신세계빌딩),원주소,인천 미추홀구 학익소로 67,1.0,126.67078693229,37.4417305778367,2817759000,True,True,True
12817700538,A03,99.0,97,지안요양원,인천광역시,미추홀구,인천광역시 미추홀구 석정로 409 1층 3~6층 (주안동),원주소,인천 미추홀구 석정로 409,1.0,126.680969192497,37.4671312857571,2817766000,True,True,True
12817700543,A03,60.0,46,라라요양원,인천광역시,미추홀구,인천광역시 미추홀구 경원대로652번길 19-15 (관교동),원주소,인천 미추홀구 경원대로652번길 19-15,1.0,126.693952058182,37.4421036792555,2817770000,True,True,True
12817700586,A03,99.0,76,수림재활요양원,인천광역시,미추홀구,인천광역시 미추홀구 경인로 321 (도화동 수림빌딩),원주소,인천 미추홀구 경인로 321,1.0,126.675988937147,37.4592889669084,2817760000,True,True,True
12817700587,A03,99.0,83,인천수봉요양원,인천광역시,미추홀구,인천광역시 미추홀구 수봉북로 28 (도화동),원주소,인천 미추홀구 수봉북로 28,1.0,126.663308374718,37.4632662485077,2817760000,True,True,True
12817700590,A03,24.0,20,사랑품은 요양원,인천광역시,미추홀구,인천광역시 미추홀구 토금남로 2 704 801호 (용현동 노블레스빌딩),도로명번호,인천 미추홀구 토금남로 2,1.0,126.632915005972,37.452898940406,2817757000,True,True,True
12817700607,A03,14.0,12,보금자리요양원,인천광역시,미추홀구,인천광역시 미추홀구 한나루로 604 908호 (도화동 롯데월드타워),원주소,인천 미추홀구 한나루로 604,1.0,126.672964247388,37.4598490814435,2817760000,True,True,True
12817700611,A03,63.0,59,다온요양원,인천광역시,미추홀구,인천광역시 미추홀구 매소홀로 490 (학익동),원주소,인천 미추홀구 매소홀로 490,1.0,126.676669430922,37.4392652504397,2817759000,True,True,True
12817700624,A03,16.0,14,수봉요양원,인천광역시,미추홀구,인천광역시 미추홀구 수봉남로6번길 52-10 2층 (용현동 대진아파트),원주소,인천 미추홀구 수봉남로6번길 52-10,1.0,126.658501541491,37.4555027041144,2817754000,True,True,True
12817700625,A03,49.0,33,힘찬실버요양원,인천광역시,미추홀구,인천광역시 미추홀구 경인로33번길 22 (숭의동),원주소,인천 미추홀구 경인로33번길 22,1.0,126.646630345155,37.4649266733554,2817752000,True,True,True
12817700636,A03,29.0,16,한가족재활요양원,인천광역시,미추홀구,인천광역시 미추홀구 수봉북로12번길 28 B1~B3 F4층 (도화동),원주소,인천 미추홀구 수봉북로12번길 28,1.0,126.661955662833,37.4650318752578,2817760000,True,True,True
12817700640,A03,49.0,35,숭의요양원,인천광역시,미추홀구,인천광역시 미추홀구 경인로 42 (숭의동),원주소,인천 미추홀구 경인로 42,1.0,126.647980478596,37.4641007854002,2817751000,True,True,True
12817700641,A04,9.0,9,그린1요양원,인천광역시,미추홀구,인천광역시 미추홀구 주안로213번길 10-1 6층 (주안동),원주소,인천 미추홀구 주안로213번길 10-1,1.0,126.693934860337,37.4638821259454,2817767000,True,True,True
12817700642,A04,9.0,8,그린2요양원,인천광역시,미추홀구,인천광역시 미추홀구 주안로213번길 10-1 7층 (주안동),원주소,인천 미추홀구 주안로213번길 10-1,1.0,126.693934860337,37.4638821259454,2817767000,True,True,True
12817700652,A03,61.0,43,(인천)에벤에셀요양원,인천광역시,미추홀구,인천광역시 미추홀구 아암대로29번길 48 301호 204-5호 (용현동),원주소,인천 미추홀구 아암대로29번길 48,1.0,126.639054580774,37.4571125851767,2817755000,True,True,True
12817700657,A04,9.0,7,가람요양원,인천광역시,미추홀구,인천광역시 미추홀구 매소홀로 81-1 6층 (용현동),원주소,인천 미추홀구 매소홀로 81-1,1.0,126.634766753378,37.4491908995322,2817757000,True,True,True
12818500009,A03,40.0,19,덕화노인요양원,인천광역시,연수구,인천광역시 연수구 청량로109번길 95 (동춘동),원주소,인천 연수구 청량로109번길 95,1.0,126.654029233393,37.4149808410299,2818578000,True,True,True
12818500014,A03,18.0,11,노인돌봄의집,인천광역시,연수구,인천광역시 연수구 청능말로7번길 1 (청학동),원주소,인천 연수구 청능말로7번길 1,1.0,126.66856063088,37.4176297392877,2818576600,True,True,True
12818500023,A03,96.0,45,송도요양원,인천광역시,연수구,인천광역시 연수구 청능대로 54 (동춘동),원주소,인천 연수구 청능대로 54,1.0,126.672374176119,37.4166287997603,2818578000,True,True,True
12818500070,A04,9.0,7,이삭요양원,인천광역시,연수구,인천광역시 연수구 계림로 111 101동302호 (청학동 현대아파트),원주소,인천 연수구 계림로 111,1.0,126.669623470494,37.4292375026052,2818576600,True,True,True
12818500077,A03,18.0,19,효도마을연수지점,인천광역시,연수구,인천광역시 연수구 함박뫼로50번길 99 (연수동),원주소,인천 연수구 함박뫼로50번길 99,1.0,126.678266214282,37.4189868992656,2818576100,True,True,True
12818500085,A03,84.0,85,모심과돌봄노인요양시설,인천광역시,연수구,인천광역시 연수구 청명로 34 (청학동 4층 5층 6층 7층),원주소,인천 연수구 청명로 34,1.0,126.676400153833,37.4181888230057,2818576600,True,True,True
12818500094,A04,9.0,4,연수요양원,인천광역시,연수구,인천광역시 연수구 먼우금로 197 203호 (청학동 이리옴2프라자),원주소,인천 연수구 먼우금로 197,1.0,126.676169878137,37.4149997704321,2818576600,True,True,True
12818500121,A03,65.0,53,창덕궁그린케어요양원,인천광역시,연수구,인천광역시 연수구 예술로20번길 3 (선학동),원주소,인천 연수구 예술로20번길 3,1.0,126.698909095678,37.4359606956667,2818575000,True,True,True
12818500125,A03,29.0,30,간호나라요양원,인천광역시,연수구,인천광역시 연수구 청능대로 71 8층층 (청학동),원주소,인천 연수구 청능대로 71,1.0,126.674347972193,37.4158241505061,2818576600,True,True,True
12818500126,A04,9.0,9,꿈꾸는 요양원,인천광역시,연수구,인천광역시 연수구 솔밭로 20 (동춘동),원주소,인천 연수구 솔밭로 20,1.0,126.654123493501,37.4146259367959,2818578000,True,True,True
12818500129,A03,24.0,15,연수인하요양원,인천광역시,연수구,인천광역시 연수구 학나래로118번길 30 (선학동),원주소,인천 연수구 학나래로118번길 30,1.0,126.697998353518,37.4270787060667,2818575000,True,True,True
12818500155,A03,29.0,29,간호나라2요양원,인천광역시,연수구,인천광역시 연수구 청능대로 71 7층 (청학동),원주소,인천 연수구 청능대로 71,1.0,126.674347972193,37.4158241505061,2818576600,True,True,True
12818500161,A03,89.0,80,선학요양원,인천광역시,연수구,인천광역시 연수구 예술로20번길 75 (선학동),원주소,인천 연수구 예술로20번길 75,1.0,126.702699946334,37.4349182686138,2818575000,True,True,True
12818500176,A03,25.0,10,청학숲요양원,인천광역시,연수구,인천광역시 연수구 청솔로 158 (청학동),원주소,인천 연수구 청솔로 158,1.0,126.658649284764,37.4339317714798,2818576600,True,True,True
12818500224,A04,9.0,9,(A+)송도요양원,인천광역시,연수구,인천광역시 연수구 컨벤시아대로 69 8층 (송도동),원주소,인천 연수구 컨벤시아대로 69,1.0,126.650955929786,37.3957153799876,2818582000,True,True,True
12818500233,A04,9.0,6,청량산요양원,인천광역시,연수구,인천광역시 연수구 벚꽃로 106 501호 (청학동),원주소,인천 연수구 벚꽃로 106,1.0,126.677232072323,37.417680131691,2818576600,True,True,True
12818500234,A03,45.0,45,실버벨요양원2,인천광역시,연수구,인천광역시 연수구 비류대로 184 4층 (옥련동),원주소,인천 연수구 비류대로 184,1.0,126.655074478616,37.4278831694802,2818563000,True,True,True
12818500235,A03,108.0,88,고은요양원(주),인천광역시,연수구,인천광역시 연수구 용담로85번길 12 (청학동),원주소,인천 연수구 용담로85번길 12,1.0,126.675668970178,37.4169471129066,2818576600,True,True,True
12818500236,A03,37.0,33,필그림요양원,인천광역시,연수구,인천광역시 연수구 먼우금로188번길 12 503호 (연수동 이리옴3빌딩),원주소,인천 연수구 먼우금로188번길 12,1.0,126.676483601901,37.4134431340487,2818576200,True,True,True
12818500248,A03,24.0,21,하늘소리너싱홈요양원,인천광역시,연수구,인천광역시 연수구 계림로58번길 27 (청학동),원주소,인천 연수구 계림로58번길 27,1.0,126.666318762768,37.4271936426499,2818576600,True,True,True
12818500249,A03,17.0,17,축복전문요양원,인천광역시,연수구,인천광역시 연수구 용담로 115 5층 (연수동),원주소,인천 연수구 용담로 115,1.0,126.677813880127,37.4151399550011,2818576200,True,True,True
12818500254,A03,106.0,106,해오름요양원,인천광역시,연수구,인천광역시 연수구 예술로22번길 76 (선학동),원주소,인천 연수구 예술로22번길 76,1.0,126.702692074312,37.4354229962054,2818575000,True,True,True
12818500259,A03,21.0,18,송도사랑요양원,인천광역시,연수구,인천광역시 연수구 옥련로 147 3층 (옥련동),원주소,인천 연수구 옥련로 147,1.0,126.655806751198,37.425676740774,2818563000,True,True,True
12818500264,A03,36.0,35,개나리요양원,인천광역시,연수구,인천광역시 연수구 청솔로 11 2 3층 (청학동 백화빌딩),도로명번호,인천 연수구 청솔로 11,1.0,126.661166879689,37.427824293447,2818576600,True,True,True
12818500272,A04,9.0,8,부모사랑요양원,인천광역시,연수구,인천광역시 연수구 앵고개로 250 6층 (동춘동),원주소,인천 연수구 앵고개로 250,1.0,126.671505201962,37.4081836019612,2818579000,True,True,True
12818500278,A03,29.0,29,사랑숲요양원,인천광역시,연수구,인천광역시 연수구 청량로164번길 53 (옥련동),원주소,인천 연수구 청량로164번길 53,1.0,126.65497038636,37.4225487771998,2818563000,True,True,True
12818500280,A03,47.0,47,행복나눔요양원,인천광역시,연수구,인천광역시 연수구 벚꽃로 106 1201호 (청학동),원주소,인천 연수구 벚꽃로 106,1.0,126.677232072323,37.417680131691,2818576600,True,True,True
12818500281,A03,28.0,26,연수실버세상요양원,인천광역시,연수구,인천광역시 연수구 벚꽃로 106 1202호 (청학동),원주소,인천 연수구 벚꽃로 106,1.0,126.677232072323,37.417680131691,2818576600,True,True,True
12818500286,A03,84.0,66,송도제일요양원,인천광역시,연수구,인천광역시 연수구 한나루로 74 (옥련동),원주소,인천 연수구 한나루로 74,1.0,126.646080448887,37.4218088938376,2818563000,True,True,True
12818500289,A03,60.0,32,평복영락요양원,인천광역시,연수구,인천광역시 연수구 청량로 51 (동춘동),원주소,인천 연수구 청량로 51,1.0,126.659847736713,37.4135346568002,2818578000,True,True,True
12818500299,A03,45.0,45,늘푸름요양원,인천광역시,연수구,인천광역시 연수구 비류대로 184 5층 (옥련동),원주소,인천 연수구 비류대로 184,1.0,126.655074478616,37.4278831694802,2818563000,True,True,True
12818500303,A03,45.0,28,소나무요양원,인천광역시,연수구,인천광역시 연수구 비류대로 184 6층 (옥련동),원주소,인천 연수구 비류대로 184,1.0,126.655074478616,37.4278831694802,2818563000,True,True,True
12818500307,A04,9.0,9,가족사랑요양원,인천광역시,연수구,인천광역시 연수구 청능대로 93 3층304호 (청학동),원주소,인천 연수구 청능대로 93,1.0,126.675666633078,37.4143192956494,2818576600,True,True,True
12818500313,A03,28.0,28,힘찬실버요양원,인천광역시,연수구,인천광역시 연수구 벚꽃로 106 1203호 (청학동),원주소,인천 연수구 벚꽃로 106,1.0,126.677232072323,37.417680131691,2818576600,True,True,True
12818500315,A03,25.0,20,한가족간호재활요양원,인천광역시,연수구,인천광역시 연수구 청능대로 71 2층 (청학동),원주소,인천 연수구 청능대로 71,1.0,126.674347972193,37.4158241505061,2818576600,True,True,True
12818500319,A03,29.0,25,실버벨요양원,인천광역시,연수구,인천광역시 연수구 비류대로 170 4층 (옥련동),원주소,인천 연수구 비류대로 170,1.0,126.653434137659,37.4283193274089,2818564000,True,True,True
12818500322,A03,29.0,15,송도VIP요양원,인천광역시,연수구,인천광역시 연수구 청량로155번길 70 (옥련동),원주소,인천 연수구 청량로155번길 70,1.0,126.64897420806,37.42130115086,2818563000,True,True,True
12820000001,A03,71.0,69,구세군 남동 평강의 마을,인천광역시,남동구,인천광역시 남동구 고잔로 20 (고잔동),원주소,인천 남동구 고잔로 20,1.0,126.71629218005,37.3948598762192,2820071000,True,True,True
12820000009,A03,72.0,65,초도노인요양원,인천광역시,남동구,인천광역시 남동구 호구포로739번길 19 (구월동),원주소,인천 남동구 호구포로739번길 19,1.0,126.717396206966,37.4482146947691,2820051000,True,True,True
12820000018,A03,43.0,43,만수요양원,인천광역시,남동구,인천광역시 남동구 인주대로888번길 20 (만수동),원주소,인천 남동구 인주대로888번길 20,1.0,126.735419848267,37.4474019879851,2820058300,True,True,True
12820000073,A04,7.0,7,성화은혜노인요양원,인천광역시,남동구,인천광역시 남동구 서판로53번길 15 (만수동 (1층)),원주소,인천 남동구 서판로53번길 15,1.0,126.725818193802,37.4646720198435,2820058000,True,True,True
12820000196,A03,24.0,14,예수사랑노인복지원,인천광역시,남동구,인천광역시 남동구 덕골로 117-1 (수산동),원주소,인천 남동구 덕골로 117-1,1.0,126.723179739473,37.4304039198419,2820066000,True,True,True
12820000240,A04,9.0,8,금빛요양원,인천광역시,남동구,인천광역시 남동구 하촌로 18 4층 (만수동 덕양빌딩),원주소,인천 남동구 하촌로 18,1.0,126.731159718225,37.4497359050408,2820056000,True,True,True
12820000248,A03,76.0,44,박사요양원,인천광역시,남동구,인천광역시 남동구 남동대로921번길 29 (간석동),원주소,인천 남동구 남동대로921번길 29,1.0,126.706312327265,37.4648533774653,2820053000,True,True,True
12820000273,A03,19.0,17,아름다운세상만들기요양원,인천광역시,남동구,인천광역시 남동구 용부리안길 68 (운연동),원주소,인천 남동구 용부리안길 68,1.0,126.76946668537,37.4353034969272,2820065000,True,True,True
12820000291,A03,27.0,17,정진의료재단 영화요양원,인천광역시,남동구,인천광역시 남동구 소래역로 42 5층501호 (논현동 소래타워),원주소,인천 남동구 소래역로 42,1.0,126.734958326094,37.4008288308108,2820069000,True,True,True
12820000293,A04,9.0,6,천사노인요양원,인천광역시,남동구,인천광역시 남동구 구월로 335 3층 (만수동 녹수빌딩),원주소,인천 남동구 구월로 335,1.0,126.728028257019,37.4555016060629,2820058200,True,True,True
12820000319,A04,9.0,8,가족사랑요양원,인천광역시,남동구,인천광역시 남동구 구월로 320-1 5층 (만수동 국제빌딩),원주소,인천 남동구 구월로 320-1,1.0,126.726303092041,37.4552206527607,2820058200,True,True,True
12820000356,A03,73.0,51,성녀모니카의집요양원,인천광역시,남동구,인천광역시 남동구 만수서로37번길 81 (만수동),원주소,인천 남동구 만수서로37번길 81,1.0,126.727401265535,37.4597832923485,2820058000,True,True,True
12820000372,A03,48.0,45,남동노아요양원,인천광역시,남동구,인천광역시 남동구 인주대로763번길 50 2 4층 (구월동),도로명번호,인천 남동구 인주대로763번길 50,1.0,126.722441354038,37.4513386526312,2820052200,True,True,True
12820000374,A03,28.0,27,사랑요양원,인천광역시,남동구,인천광역시 남동구 호구포로765번길 9 (구월동),원주소,인천 남동구 호구포로765번길 9,1.0,126.718082113981,37.4505826580334,2820051000,True,True,True
12820000392,A03,20.0,13,남동바다의별요양원,인천광역시,남동구,인천광역시 남동구 호구포로 221 6층층 (논현동 남동메디칼센타),원주소,인천 남동구 호구포로 221,1.0,126.709695483947,37.4027786846099,2820070000,True,True,True
12820000397,A03,49.0,32,인천효요양원,인천광역시,남동구,인천광역시 남동구 석정로 516 7~9층 (간석동),도로명번호,인천 남동구 석정로 516,1.0,126.692924469468,37.4654785238211,2820055100,True,True,True
12820000415,A03,62.0,59,(인천)VIP요양원,인천광역시,남동구,인천광역시 남동구 인주대로 813 (구월동),원주소,인천 남동구 인주대로 813,1.0,126.72767930734,37.4489376599772,2820052200,True,True,True
12820000419,A04,8.0,4,행복한남촌요양원,인천광역시,남동구,인천광역시 남동구 남촌동로3번길 14 (남촌동 2층 3층 일부),원주소,인천 남동구 남촌동로3번길 14,1.0,126.717229210295,37.4313585150419,2820066000,True,True,True
12820000475,A03,96.0,85,해피트리요양원,인천광역시,남동구,인천광역시 남동구 구월남로 174 (구월동 그랜드프라자 5층 7층),원주소,인천 남동구 구월남로 174,1.0,126.709076156252,37.4527798408661,2820051000,True,True,True
12820000505,A03,28.0,24,예랑요양원,인천광역시,남동구,인천광역시 남동구 구월말로4번길 9-23 (구월동),원주소,인천 남동구 구월말로4번길 9-23,1.0,126.724856103027,37.4503068750541,2820052200,True,True,True
12820000522,A04,9.0,5,행복한요양원,인천광역시,남동구,인천광역시 남동구 구월로 320-1 4층 (만수동 국제빌딩),원주소,인천 남동구 구월로 320-1,1.0,126.726303092041,37.4552206527607,2820058200,True,True,True
12820000524,A04,8.0,8,참조은요양원1호,인천광역시,남동구,인천광역시 남동구 석정로 467 4층 (간석동 화성빌딩),원주소,인천 남동구 석정로 467,1.0,126.687637126516,37.4663278313185,2820055100,True,True,True
12820000525,A04,9.0,7,참조은요양원2호,인천광역시,남동구,인천광역시 남동구 석정로 467 4층 (간석동 화성빌딩),원주소,인천 남동구 석정로 467,1.0,126.687637126516,37.4663278313185,2820055100,True,True,True
12820000537,A03,80.0,80,사랑의마을요양원,인천광역시,남동구,인천광역시 남동구 도림북로19번길 37 (도림동),원주소,인천 남동구 도림북로19번길 37,1.0,126.731696371383,37.4231298432164,2820066000,True,True,True
12820000542,A03,22.0,22,가인요양원,인천광역시,남동구,인천광역시 남동구 청능대로 593 9층 (논현동 신성프라자),원주소,인천 남동구 청능대로 593,1.0,126.725045830002,37.4015007011265,2820069000,True,True,True
12820000544,A04,9.0,6,에덴의집,인천광역시,남동구,인천광역시 남동구 구월로 318 4층 (만수동 대성빌딩),원주소,인천 남동구 구월로 318,1.0,126.725830003225,37.455276950534,2820058200,True,True,True
12820000566,A03,81.0,61,인향요양원,인천광역시,남동구,인천광역시 남동구 인주대로 670 2층 (구월동),원주소,인천 남동구 인주대로 670,1.0,126.711380838032,37.4490987364197,2820051000,True,True,True
12820000573,A03,24.0,21,라엘요양원,인천광역시,남동구,인천광역시 남동구 하촌로 55 (만수동 4층 5층일부 6층),원주소,인천 남동구 하촌로 55,1.0,126.732860109498,37.4528851900658,2820056000,True,True,True
12820000580,A04,9.0,8,천사의집1호,인천광역시,남동구,인천광역시 남동구 남동대로774번길 47 2층 (구월동),원주소,인천 남동구 남동대로774번길 47,1.0,126.710684356918,37.4513542455662,2820051000,True,True,True
12820000583,A03,43.0,30,미소지움요양원,인천광역시,남동구,인천광역시 남동구 청능대로 593 2~3층 (논현동 신성프라자),도로명번호,인천 남동구 청능대로 593,1.0,126.725045830002,37.4015007011265,2820069000,True,True,True
12820000590,A03,36.0,34,참좋은요양원,인천광역시,남동구,인천광역시 남동구 서판로 52 (만수동),원주소,인천 남동구 서판로 52,1.0,126.725584152434,37.4639143588305,2820058000,True,True,True
12820000600,A03,28.0,28,신논현요양원,인천광역시,남동구,인천광역시 남동구 논고개로 120 6층 (논현동 논현프라자),원주소,인천 남동구 논고개로 120,1.0,126.724422143855,37.4020011164092,2820069000,True,True,True
12820000603,A03,45.0,36,아이러브요양원,인천광역시,남동구,인천광역시 남동구 청능대로 559 8 9층 (논현동 논현메디컬센터),도로명번호,인천 남동구 청능대로 559,1.0,126.721443973135,37.4009047164538,2820070000,True,True,True
12820000606,A03,46.0,33,소래실버요양원,인천광역시,남동구,인천광역시 남동구 소래역남로16번길 8-31 (논현동 2층일부 3 4층),원주소,인천 남동구 소래역남로16번길 8-31,1.0,126.735995630743,37.3982031494476,2820071000,True,True,True
12820000607,A03,49.0,40,새소망요양원,인천광역시,남동구,인천광역시 남동구 구월로131번길 41 (간석동),원주소,인천 남동구 구월로131번길 41,1.0,126.704741314323,37.4586818769691,2820053000,True,True,True
12820000612,A03,95.0,88,남동노인요양센터,인천광역시,남동구,인천광역시 남동구 소래로 640 지1층 2~5층 (만수동 호성빌딩),원주소,인천 남동구 소래로 640,1.0,126.733320207023,37.4467091664641,2820058300,True,True,True
12820000619,A04,9.0,9,축복요양원,인천광역시,남동구,인천광역시 남동구 석정로 467 3층 (간석동 화성빌딩),원주소,인천 남동구 석정로 467,1.0,126.687637126516,37.4663278313185,2820055100,True,True,True
12820000627,A03,29.0,29,무궁채요양원,인천광역시,남동구,인천광역시 남동구 담방로60번길 23 1~4층 (만수동),도로명번호,인천 남동구 담방로60번길 23,1.0,126.740061444411,37.445396273478,2820058300,True,True,True
12820000631,A03,77.0,53,갤럭시요양원,인천광역시,남동구,인천광역시 남동구 남동대로 931 지하1 7~9층 (간석동),도로명번호,인천 남동구 남동대로 931,1.0,126.707494596419,37.4654858443824,2820053000,True,True,True
12820000636,A03,29.0,28,효은요양원,인천광역시,남동구,인천광역시 남동구 서창남순환로216번길 30 601호 (서창동 대홍프라자),원주소,인천 남동구 서창남순환로216번길 30,1.0,126.749063648203,37.4228717303009,2820065500,True,True,True
12820000650,A03,0.0,0,우리집요양원,인천광역시,남동구,인천광역시 남동구 호구포로 897 6층 (간석동),원주소,인천 남동구 호구포로 897,1.0,126.720086257541,37.4624866995867,2820055000,True,True,True
12820000652,A03,49.0,39,다우리요양원,인천광역시,남동구,인천광역시 남동구 서창남순환로215번길 35 601호 (서창동 승민프라자),원주소,인천 남동구 서창남순환로215번길 35,1.0,126.747057475207,37.4254895898219,2820065500,True,True,True
12820000669,A03,49.0,45,사랑의쉼터요양원,인천광역시,남동구,인천광역시 남동구 호구포로 897 3 4층 (간석동),도로명번호,인천 남동구 호구포로 897,1.0,126.720086257541,37.4624866995867,2820055000,True,True,True
12820000683,A03,29.0,26,노블레사요양원,인천광역시,남동구,인천광역시 남동구 서창남순환로216번길 20 7층 (서창동 승연프라자),원주소,인천 남동구 서창남순환로216번길 20,1.0,126.748805298119,37.4232040167876,2820065500,True,True,True
12820000685,A03,74.0,74,실버프리 인천,인천광역시,남동구,인천광역시 남동구 석정로 473-2 (간석동),원주소,인천 남동구 석정로 473-2,1.0,126.688276640992,37.4663960144339,2820055100,True,True,True
12820000691,A03,48.0,48,성심사랑요양원,인천광역시,남동구,인천광역시 남동구 인주대로 909 (만수동 성심사랑요양원),원주소,인천 남동구 인주대로 909,1.0,126.738571258097,37.4484706627269,2820056000,True,True,True
12820000692,A03,28.0,14,만수효요양원,인천광역시,남동구,인천광역시 남동구 장승로 18 3층 (만수동),원주소,인천 남동구 장승로 18,1.0,126.734744246894,37.4460012925299,2820058300,True,True,True
12820000700,A03,29.0,28,존엄케어요양원,인천광역시,남동구,인천광역시 남동구 논고개로 121 10층 (논현동 에스닷몰),원주소,인천 남동구 논고개로 121,1.0,126.723770954923,37.4019303986998,2820070000,True,True,True
12820000714,A03,74.0,56,영재요양원,인천광역시,남동구,인천광역시 남동구 만수서로37번길 11 (만수동),원주소,인천 남동구 만수서로37번길 11,1.0,126.729623233594,37.4619668576138,2820057000,True,True,True
12820000715,A03,23.0,21,호구포요양원,인천광역시,남동구,인천광역시 남동구 호구포로 214 5층 (논현동),원주소,인천 남동구 호구포로 214,1.0,126.710066833015,37.4019891326952,2820070000,True,True,True
12820000716,A03,38.0,34,자연실버타운,인천광역시,남동구,인천광역시 남동구 논고개로 273 (도림동),원주소,인천 남동구 논고개로 273,1.0,126.726272961537,37.4150601663682,2820066000,True,True,True
12820000723,A03,28.0,2,에덴요양원,인천광역시,남동구,인천광역시 남동구 찬우물로 45 (수산동),원주소,인천 남동구 찬우물로 45,1.0,126.721788642609,37.4370063440542,2820066000,True,True,True
12820000724,A03,63.0,46,평강요양원,인천광역시,남동구,인천광역시 남동구 앵고개로 928 (논현동),원주소,인천 남동구 앵고개로 928,1.0,126.733921559653,37.4017804107459,2820069000,True,True,True
12820000725,A04,9.0,9,웃음꽃피는마을 요양원,인천광역시,남동구,인천광역시 남동구 예술로 206 7층 (구월동),원주소,인천 남동구 예술로 206,1.0,126.701787788086,37.4524241564681,2820051000,True,True,True
12820000728,A04,9.0,6,새날요양원,인천광역시,남동구,인천광역시 남동구 석산로 248 4층 (구월동),원주소,인천 남동구 석산로 248,1.0,126.719722604496,37.4606163337207,2820052000,True,True,True
12820000729,A03,129.0,129,코끼리요양원,인천광역시,남동구,인천광역시 남동구 수현로14번길 13-26 (장수동),원주소,인천 남동구 수현로14번길 13-26,1.0,126.749595725135,37.4645543258125,2820065000,True,True,True
12820000733,A03,21.0,20,괜찮은요양원,인천광역시,남동구,인천광역시 남동구 논현로26번길 15 5층 (논현동),원주소,인천 남동구 논현로26번길 15,1.0,126.709350286481,37.4022929087009,2820070000,True,True,True
12820000736,A03,49.0,45,오렌지요양원,인천광역시,남동구,인천광역시 남동구 석산로 181 (간석동),원주소,인천 남동구 석산로 181,1.0,126.712021282042,37.4607712616907,2820054000,True,True,True
12820000738,A03,29.0,20,두경요양원,인천광역시,남동구,인천광역시 남동구 백범로 417 2 3 6층 (간석동),도로명번호,인천 남동구 백범로 417,1.0,126.704773192593,37.4673051499092,2820055100,True,True,True
12820000740,A03,29.0,27,세인트요양원,인천광역시,남동구,인천광역시 남동구 호구포로 826 3 5~7층 (구월동),도로명번호,인천 남동구 호구포로 826,1.0,126.719766499629,37.4561834703294,2820052000,True,True,True
12820000747,A03,49.0,39,인성요양원,인천광역시,남동구,인천광역시 남동구 경인로 599 (간석동),원주소,인천 남동구 경인로 599,1.0,126.704270006626,37.4650208271467,2820055100,True,True,True
12820000754,A03,147.0,113,드림팰리스 요양원,인천광역시,남동구,인천광역시 남동구 도림북로 48 (도림동),원주소,인천 남동구 도림북로 48,1.0,126.733339172598,37.4258547159764,2820066000,True,True,True
12820000758,A03,45.0,26,크리스마스요양원,인천광역시,남동구,인천광역시 남동구 경신로60번길 8 (수산동),원주소,인천 남동구 경신로60번길 8,1.0,126.726615653764,37.4430315956433,2820066000,True,True,True
12820000763,A03,29.0,23,논현요양원,인천광역시,남동구,인천광역시 남동구 청능대로 583 11층1101호 (논현동),원주소,인천 남동구 청능대로 583,1.0,126.723931325397,37.4013780885665,2820070000,True,True,True
12820000764,A03,81.0,72,굿모닝요양원,인천광역시,남동구,인천광역시 남동구 덕골로 116 (수산동),원주소,인천 남동구 덕골로 116,1.0,126.722731010561,37.4298708193765,2820066000,True,True,True
12820000765,A03,24.0,17,(주)예손제이헤븐요양원,인천광역시,남동구,인천광역시 남동구 논고개로 118 1001호 (논현동 양진타워),원주소,인천 남동구 논고개로 118,1.0,126.72450706187,37.4016964997805,2820069000,True,True,True
12820000768,A03,25.0,25,아가페요양원,인천광역시,남동구,인천광역시 남동구 남동대로916번길 75 5층 (간석동 간석프라자),원주소,인천 남동구 남동대로916번길 75,1.0,126.712483111861,37.4636671476771,2820054000,True,True,True
12820000771,A04,9.0,9,서창효요양원,인천광역시,남동구,인천광역시 남동구 매소홀로 1090 2층 (서창동 구룡이화빌딩),원주소,인천 남동구 매소홀로 1090,1.0,126.743667532729,37.4381320761992,2820065000,True,True,True
12820000772,A04,9.0,9,서창효요양원2,인천광역시,남동구,인천광역시 남동구 매소홀로 1090 2층 (서창동 구룡이화빌딩),원주소,인천 남동구 매소홀로 1090,1.0,126.743667532729,37.4381320761992,2820065000,True,True,True
12820000776,A03,69.0,66,한마음요양원,인천광역시,남동구,인천광역시 남동구 인주대로 670 10 11층 (구월동 인향콤비타워),도로명번호,인천 남동구 인주대로 670,1.0,126.711380838032,37.4490987364197,2820051000,True,True,True
12820000780,A03,36.0,36,삼성요양원,인천광역시,남동구,인천광역시 남동구 만수서로 101 501호 (만수동),원주소,인천 남동구 만수서로 101,1.0,126.737323243779,37.4615017335124,2820058100,True,True,True
12820000783,A03,27.0,21,인천YWCA요양원,인천광역시,남동구,인천광역시 남동구 정각로 8 5~7층 (구월동 인천YWCA회관),도로명번호,인천 남동구 정각로 8,1.0,126.702748711405,37.4548394820962,2820051000,True,True,True
12820000793,A03,29.0,25,자연노인전문요양원,인천광역시,남동구,인천광역시 남동구 만수로15번길 5 (만수동),원주소,인천 남동구 만수로15번길 5,1.0,126.73035955068,37.4586227310363,2820057000,True,True,True
12820000800,A03,17.0,13,은빛사랑재활요양원,인천광역시,남동구,인천광역시 남동구 구월남로 126 4층401호 (구월동 동우메트로피아),원주소,인천 남동구 구월남로 126,1.0,126.703474034552,37.4529618874579,2820051000,True,True,True
12820000807,A03,44.0,39,박사요양원Ⅱ,인천광역시,남동구,인천광역시 남동구 남동대로915번길 43 4~5층 (간석동),도로명번호,인천 남동구 남동대로915번길 43,1.0,126.705278756556,37.4645858176517,2820053000,True,True,True
12820000808,A03,25.0,19,참사랑요양원,인천광역시,남동구,인천광역시 남동구 남동대로916번길 75 3층 (간석동 간석프라자),원주소,인천 남동구 남동대로916번길 75,1.0,126.712483111861,37.4636671476771,2820054000,True,True,True
12820000812,A03,82.0,81,한빛요양원,인천광역시,남동구,인천광역시 남동구 백범로247번길 93-12 (만수동 지하1~10층),원주소,인천 남동구 백범로247번길 93-12,1.0,126.72232706053,37.4561783417857,2820058200,True,True,True
12820000813,A03,49.0,40,봄날요양원,인천광역시,남동구,인천광역시 남동구 논현로 40 6~7층 (논현동),도로명번호,인천 남동구 논현로 40,1.0,126.710694967889,37.4022658421756,2820070000,True,True,True
12820000814,A03,38.0,37,맘편한요양원,인천광역시,남동구,인천광역시 남동구 인주대로 865 4~5층 (만수동),도로명번호,인천 남동구 인주대로 865,1.0,126.733591969969,37.4486280329613,2820056000,True,True,True
12820000818,A03,25.0,15,새가나안요양원,인천광역시,남동구,인천광역시 남동구 청능대로595번길 17 2층 (논현동 성지타워),원주소,인천 남동구 청능대로595번길 17,1.0,126.724826252232,37.4021548702733,2820069000,True,True,True
12820000827,A03,29.0,20,인천은빛요양원,인천광역시,남동구,인천광역시 남동구 하촌로 26 7층701 702호 (만수동 거신빌딩),원주소,인천 남동구 하촌로 26,1.0,126.731817039314,37.4502328644673,2820056000,True,True,True
12820000830,A03,25.0,22,예은요양원,인천광역시,남동구,인천광역시 남동구 청능대로 581 10층1001호 (논현동 광성프라자),원주소,인천 남동구 청능대로 581,1.0,126.723589034977,37.4012767352312,2820070000,True,True,True
12820000833,A03,25.0,23,효다솜요양원,인천광역시,남동구,인천광역시 남동구 청능대로 581 9층 (논현동 광성프라자),원주소,인천 남동구 청능대로 581,1.0,126.723589034977,37.4012767352312,2820070000,True,True,True
12820000842,A03,20.0,20,예사랑요양원,인천광역시,남동구,인천광역시 남동구 호구포로 221 8층 (논현동 남동메디칼센타),원주소,인천 남동구 호구포로 221,1.0,126.709695483947,37.4027786846099,2820070000,True,True,True
12820000843,A03,79.0,79,도림너싱홈요양원,인천광역시,남동구,인천광역시 남동구 도림북로16번길 55 (도림동),원주소,인천 남동구 도림북로16번길 55,1.0,126.734243949925,37.4245294682751,2820066000,True,True,True
12820000844,A03,63.0,58,한결소래빌리지,인천광역시,남동구,인천광역시 남동구 앵고개로 944 2~4층 (논현동),도로명번호,인천 남동구 앵고개로 944,1.0,126.735432935199,37.4024573135342,2820069000,True,True,True
12820000852,A03,28.0,24,그린케어요양원,인천광역시,남동구,인천광역시 남동구 예술로 206 701호 (구월동 중앙프라자),원주소,인천 남동구 예술로 206,1.0,126.701787788086,37.4524241564681,2820051000,True,True,True
12820000855,A03,36.0,36,다솜요양원,인천광역시,남동구,인천광역시 남동구 청능대로 581 (논현동 광성프라자),원주소,인천 남동구 청능대로 581,1.0,126.723589034977,37.4012767352312,2820070000,True,True,True
12820000860,A04,9.0,4,제일요양원,인천광역시,남동구,인천광역시 남동구 호구포로 893 6층 (간석동),원주소,인천 남동구 호구포로 893,1.0,126.720012287468,37.4621657651273,2820055000,True,True,True
12820000861,A04,9.0,9,공감요양원,인천광역시,남동구,인천광역시 남동구 주안로 231 3층 (간석동),원주소,인천 남동구 주안로 231,1.0,126.695573689894,37.463507034665,2820055100,True,True,True
12820000863,A03,29.0,28,사랑채노인요양원,인천광역시,남동구,인천광역시 남동구 장승남로 66 401호 (만수동),원주소,인천 남동구 장승남로 66,1.0,126.739571254289,37.4432018604165,2820058300,True,True,True
12820000864,A04,9.0,9,가족공감요양원,인천광역시,남동구,인천광역시 남동구 구월로 335 2층 (만수동 녹수빌딩),원주소,인천 남동구 구월로 335,1.0,126.728028257019,37.4555016060629,2820058200,True,True,True
12820000871,A04,9.0,7,효나눔의 집,인천광역시,남동구,인천광역시 남동구 백범로273번길 9 3층 (간석동 수정빌딩),원주소,인천 남동구 백범로273번길 9,1.0,126.719085898569,37.4611926391567,2820054000,True,True,True
12820000872,A03,29.0,7,세인트재활요양원,인천광역시,남동구,인천광역시 남동구 앵고개로934번길 5 6층 (논현동 씨티짱),원주소,인천 남동구 앵고개로934번길 5,1.0,126.73514515768,37.4018475807378,2820069000,True,True,True
12820000878,A04,9.0,10,서창요양원1호점,인천광역시,남동구,인천광역시 남동구 매소홀로 1090 301호 (서창동),원주소,인천 남동구 매소홀로 1090,1.0,126.743667532729,37.4381320761992,2820065000,True,True,True
12820000879,A04,9.0,10,서창요양원2호점,인천광역시,남동구,인천광역시 남동구 매소홀로 1090 302호 (서창동),원주소,인천 남동구 매소홀로 1090,1.0,126.743667532729,37.4381320761992,2820065000,True,True,True
12820000882,A03,25.0,18,간석아가페요양원,인천광역시,남동구,인천광역시 남동구 남동대로916번길 75 2층 (간석동 간석프라자),원주소,인천 남동구 남동대로916번길 75,1.0,126.712483111861,37.4636671476771,2820054000,True,True,True
12820000885,A03,29.0,29,그레이스요양원,인천광역시,남동구,인천광역시 남동구 당좌로 27 (구월동),원주소,인천 남동구 당좌로 27,1.0,126.717961406572,37.4584704440935,2820052000,True,True,True
12820000891,A03,24.0,24,소망요양원,인천광역시,남동구,인천광역시 남동구 호구포로 897 5층 (간석동),원주소,인천 남동구 호구포로 897,1.0,126.720086257541,37.4624866995867,2820055000,True,True,True
12820000897,A03,25.0,7,남동효요양원,인천광역시,남동구,인천광역시 남동구 남동대로916번길 75 4층 (간석동),원주소,인천 남동구 남동대로916번길 75,1.0,126.712483111861,37.4636671476771,2820054000,True,True,True
12820000898,A04,9.0,6,평화요양원,인천광역시,남동구,인천광역시 남동구 호구포로 915 201호 (간석동 호산빌딩),원주소,인천 남동구 호구포로 915,1.0,126.720423143694,37.4642343731549,2820055000,True,True,True
12820000900,A04,9.0,7,가족공감요양원2,인천광역시,남동구,인천광역시 남동구 구월로 337 5층 (만수동 평산빌딩),원주소,인천 남동구 구월로 337,1.0,126.728268172668,37.4554788217768,2820058200,True,True,True
12820000904,A03,29.0,20,논현명품요양원,인천광역시,남동구,인천광역시 남동구 앵고개로934번길 5 301 302호 (논현동),도로명번호,인천 남동구 앵고개로934번길 5,1.0,126.73514515768,37.4018475807378,2820069000,True,True,True
12820000905,A03,23.0,9,은빛사랑재활요양원 논현점,인천광역시,남동구,인천광역시 남동구 논고개로 118 401호 (논현동),원주소,인천 남동구 논고개로 118,1.0,126.72450706187,37.4016964997805,2820069000,True,True,True
12820000906,A03,43.0,43,주연요양원,인천광역시,남동구,인천광역시 남동구 논현고잔로135번길 9 401 503호 (고잔동),도로명번호,인천 남동구 논현고잔로135번길 9,1.0,126.712960174398,37.3951787246453,2820071000,True,True,True
12820000909,A04,8.0,5,보금자리요양원,인천광역시,남동구,인천광역시 남동구 남동대로 742 3층 (구월동 대화빌딩),원주소,인천 남동구 남동대로 742,1.0,126.707780020903,37.4484913466941,2820051000,True,True,True
12820000910,A04,9.0,8,경인실버요양원,인천광역시,남동구,인천광역시 남동구 인주대로 719 4층 (구월동),원주소,인천 남동구 인주대로 719,1.0,126.716995642356,37.4494886669284,2820051000,True,True,True
12820000919,A03,38.0,16,숲재활요양원,인천광역시,남동구,인천광역시 남동구 도림북로19번길 11 (도림동),원주소,인천 남동구 도림북로19번길 11,1.0,126.73087673392,37.4241438747348,2820066000,True,True,True
12820000925,A03,104.0,0,인천광역시립요양원,인천광역시,남동구,인천광역시 남동구 비류대로762번길 123 (도림동),원주소,인천 남동구 비류대로762번길 123,1.0,126.723564892608,37.4172544171462,2820066000,True,True,True
12820000926,A03,74.0,60,길재활요양원,인천광역시,남동구,인천광역시 남동구 인주대로751번길 11 (구월동),원주소,인천 남동구 인주대로751번길 11,1.0,126.720660179414,37.4497090324964,2820052200,True,True,True
12820000927,A04,9.0,7,만수글라라의집요양원1호,인천광역시,남동구,인천광역시 남동구 장승로 49-1 3층 (만수동),원주소,인천 남동구 장승로 49-1,1.0,126.738257574729,37.4455081626149,2820058300,True,True,True
12820000929,A04,9.0,7,만수글라라의집요양원2호,인천광역시,남동구,인천광역시 남동구 장승로 49-1 4층 (만수동),원주소,인천 남동구 장승로 49-1,1.0,126.738257574729,37.4455081626149,2820058300,True,True,True
12820000937,A04,9.0,6,더사랑요양원,인천광역시,남동구,인천광역시 남동구 구월로 318 5층 (만수동),원주소,인천 남동구 구월로 318,1.0,126.725830003225,37.455276950534,2820058200,True,True,True
12820000938,A03,49.0,41,사랑가득요양원,인천광역시,남동구,인천광역시 남동구 논현고잔로135번길 9 (고잔동 세일빌딩 301호 302호 303호 501호),원주소,인천 남동구 논현고잔로135번길 9,1.0,126.712960174398,37.3951787246453,2820071000,True,True,True
12823700015,A03,27.0,21,부평은빛실버홈,인천광역시,부평구,인천광역시 부평구 경원대로1256번길 10 (부평동),원주소,인천 부평구 경원대로1256번길 10,1.0,126.709764097791,37.4884494492472,2823753000,True,True,True
12823700018,A03,116.0,116,샤미나드의 집,인천광역시,부평구,인천광역시 부평구 마장로 375 (산곡동),원주소,인천 부평구 마장로 375,1.0,126.703077051382,37.5118916152488,2823757000,True,True,True
12823700033,A03,70.0,65,신명요양원,인천광역시,부평구,인천광역시 부평구 경인로 749 (십정동),원주소,인천 부평구 경인로 749,1.0,126.708485807046,37.4769580286962,2823753000,True,True,True
12823700040,A03,45.0,33,협성요양원,인천광역시,부평구,인천광역시 부평구 화랑로 70 (산곡동),원주소,인천 부평구 화랑로 70,1.0,126.703358710213,37.4894457286324,2823758100,True,True,True
12823700070,A03,123.0,95,봄날인천요양원,인천광역시,부평구,인천광역시 부평구 안남로 413 (청천동 지하1층지상1 2 3 4층),원주소,인천 부평구 안남로 413,1.0,126.710026409076,37.5197125370148,2823759200,True,True,True
12823700129,A03,60.0,45,송암노인요양원,인천광역시,부평구,인천광역시 부평구 일신로 25 (일신동),원주소,인천 부평구 일신로 25,1.0,126.746265445505,37.4830517600862,2823767000,True,True,True
12823700216,A04,9.0,9,은혜공동생활가정,인천광역시,부평구,인천광역시 부평구 마장로 175 (산곡동),원주소,인천 부평구 마장로 175,1.0,126.7034842974,37.4938030301401,2823758100,True,True,True
12823700228,A03,82.0,78,미소요양원,인천광역시,부평구,인천광역시 부평구 평천로142번길 27 (청천동),원주소,인천 부평구 평천로142번길 27,1.0,126.70630594391,37.5185823199337,2823759200,True,True,True
12823700229,A03,29.0,29,나다의료재단소망요양원,인천광역시,부평구,인천광역시 부평구 장제로 137 (부평동),원주소,인천 부평구 장제로 137,1.0,126.729882888599,37.4974528756587,2823755000,True,True,True
12823700241,A03,29.0,27,들꽃피는실버요양원,인천광역시,부평구,인천광역시 부평구 세월천로 188 (청천동),원주소,인천 부평구 세월천로 188,1.0,126.690435621126,37.5171244277715,2823759100,True,True,True
12823700273,A03,29.0,23,행복노인전문요양원,인천광역시,부평구,인천광역시 부평구 화랑로 14 (산곡동 3층 4층),원주소,인천 부평구 화랑로 14,1.0,126.705909187936,37.4873123988117,2823758100,True,True,True
12823700279,A03,95.0,53,하나실버케어,인천광역시,부평구,인천광역시 부평구 길주로 639 (삼산동 현대아이프라자 6 7 9층),원주소,인천 부평구 길주로 639,1.0,126.733547174297,37.5072609587841,2823764800,True,True,True
12823700283,A03,41.0,23,늘사랑전문요양원,인천광역시,부평구,인천광역시 부평구 체육관로 32 (삼산동 하이존빌딩 8 9층),원주소,인천 부평구 체육관로 32,1.0,126.735148437087,37.5082883689579,2823764800,True,True,True
12823700297,A03,49.0,49,고은손 요양원,인천광역시,부평구,인천광역시 부평구 주부토로 261 5 6층 (갈산동),도로명번호,인천 부평구 주부토로 261,1.0,126.726798802937,37.5183750745317,2823764100,True,True,True
12823700318,A03,25.0,24,글로리 요양원,인천광역시,부평구,인천광역시 부평구 장제로 153 3층 (부평동),원주소,인천 부평구 장제로 153,1.0,126.730186536043,37.4992408006335,2823754000,True,True,True
12823700336,A03,71.0,58,연세노인전문요양원,인천광역시,부평구,인천광역시 부평구 대보로12번길 17-15 (삼산동),원주소,인천 부평구 대보로12번길 17-15,1.0,126.740582784925,37.5189324281486,2823764600,True,True,True
12823700337,A03,43.0,32,소나무요양원,인천광역시,부평구,인천광역시 부평구 평천로142번길 50 (청천동),원주소,인천 부평구 평천로142번길 50,1.0,126.705866113113,37.5176968035888,2823759200,True,True,True
12823700341,A04,9.0,5,한사랑요양원1호,인천광역시,부평구,인천광역시 부평구 동수천로 132 6층 (부개동 부개빌딩),원주소,인천 부평구 동수천로 132,1.0,126.737278444125,37.4971644742616,2823766000,True,True,True
12823700347,A03,29.0,14,부평어르신요양원,인천광역시,부평구,인천광역시 부평구 체육관로 20 10층 (삼산동 유림프라자),원주소,인천 부평구 체육관로 20,1.0,126.733954118838,37.5083417274006,2823764800,True,True,True
12823700370,A03,35.0,28,기쁨노인전문요양원,인천광역시,부평구,인천광역시 부평구 충선로203번길 40 7층 (삼산동 씨앤씨로데오1),원주소,인천 부평구 충선로203번길 40,1.0,126.734052453038,37.5076266430547,2823764800,True,True,True
12823700379,A03,26.0,17,밝은햇살요양원,인천광역시,부평구,인천광역시 부평구 부개로 61-14 4층 (부개동),원주소,인천 부평구 부개로 61-14,1.0,126.738916432217,37.5033171852024,2823766100,True,True,True
12823700446,A03,28.0,23,간호박사요양원,인천광역시,부평구,인천광역시 부평구 체육관로 40 10층 (삼산동 신영프라자),원주소,인천 부평구 체육관로 40,1.0,126.736140512277,37.5082394122578,2823764800,True,True,True
12823700483,A03,26.0,25,굿힐링요양원,인천광역시,부평구,인천광역시 부평구 주부토로 223 601호 (갈산동 금강프라자),원주소,인천 부평구 주부토로 223,1.0,126.725838155551,37.5151752865932,2823764100,True,True,True
12823700502,A03,29.0,21,오셀복지요양원,인천광역시,부평구,인천광역시 부평구 마장로 75 2 3층 (십정동),도로명번호,인천 부평구 마장로 75,1.0,126.70769464585,37.4854923844293,2823753000,True,True,True
12823700520,A03,20.0,15,자경요양원,인천광역시,부평구,인천광역시 부평구 체육관로 30 1001호 (삼산동 이리옴프라자1),원주소,인천 부평구 체육관로 30,1.0,126.734815629506,37.5083059126255,2823764800,True,True,True
12823700526,A03,58.0,50,조은요양원,인천광역시,부평구,인천광역시 부평구 부평북로 399 4~5층 (삼산동),도로명번호,인천 부평구 부평북로 399,1.0,126.738001546826,37.5227178703088,2823764600,True,True,True
12823700532,A03,120.0,113,사랑의요양원3호점,인천광역시,부평구,인천광역시 부평구 대정로 92 (부평동),원주소,인천 부평구 대정로 92,1.0,126.728612126312,37.4918335528965,2823755000,True,True,True
12823700534,A03,38.0,35,가족사랑 삼산요양원,인천광역시,부평구,인천광역시 부평구 체육관로 38 901 1002호 (삼산동 세원빌딩),도로명번호,인천 부평구 체육관로 38,1.0,126.73580149125,37.5082550527195,2823764800,True,True,True
12823700536,A03,29.0,25,가족요양원,인천광역시,부평구,인천광역시 부평구 마장로 256 301호 (산곡동 산곡프라자),원주소,인천 부평구 마장로 256,1.0,126.703128194703,37.5006625557987,2823758000,True,True,True
12823700545,A03,15.0,13,참빛요양원,인천광역시,부평구,인천광역시 부평구 주부토로 261 304호 (갈산동 신협빌딩),원주소,인천 부평구 주부토로 261,1.0,126.726798802937,37.5183750745317,2823764100,True,True,True
12823700546,A03,71.0,51,부평행복마지요양원,인천광역시,부평구,인천광역시 부평구 항동로75번길 5 (일신동),원주소,인천 부평구 항동로75번길 5,1.0,126.74140482267,37.4821692276845,2823767000,True,True,True
12823700548,A03,29.0,28,동수성모요양원,인천광역시,부평구,인천광역시 부평구 안남로 5 (부평동),원주소,인천 부평구 안남로 5,1.0,126.717072229368,37.4852821229372,2823752000,True,True,True
12823700550,A04,9.0,9,동암샛별요양원,인천광역시,부평구,인천광역시 부평구 동암남로 17 4층 (십정동),원주소,인천 부평구 동암남로 17,1.0,126.705545368801,37.4709651679186,2823769000,True,True,True
12823700556,A03,47.0,47,하선노인전문요양원,인천광역시,부평구,인천광역시 부평구 세월천로 34 401호 (청천동 대우프라자),원주소,인천 부평구 세월천로 34,1.0,126.70561477128,37.513261812583,2823759200,True,True,True
12823700558,A03,18.0,10,사랑드림요양원,인천광역시,부평구,인천광역시 부평구 부평북로 446 601 702호 (삼산동 우리빌딩),도로명번호,인천 부평구 부평북로 446,1.0,126.742996219378,37.5217170210216,2823764600,True,True,True
12823700578,A03,29.0,29,부평의료복지요양원,인천광역시,부평구,인천광역시 부평구 부평대로51번길 7 9층 10층 (부평동 제이원부평메디피아),원주소,인천 부평구 부평대로51번길 7,1.0,126.72214321347,37.49589474921,2823751000,True,True,True
12823700627,A03,78.0,68,라온실버케어 요양원,인천광역시,부평구,인천광역시 부평구 길주남로 158 502호 (부개동),원주소,인천 부평구 길주남로 158,1.0,126.739319876077,37.5035994594791,2823766100,True,True,True
12823700640,A04,9.0,8,부평 휴(休) 요양원,인천광역시,부평구,인천광역시 부평구 경원대로 1442 3층 (부평동),원주소,인천 부평구 경원대로 1442,1.0,126.729028855345,37.4907894339663,2823751000,True,True,True
12823700641,A03,28.0,28,정드림요양원,인천광역시,부평구,인천광역시 부평구 부흥로 412 3-5층 (부개동),도로명번호,인천 부평구 부흥로 412,1.0,126.737598318502,37.4974030502742,2823766000,True,True,True
12823700642,A03,29.0,21,100세 효 요양원,인천광역시,부평구,인천광역시 부평구 충선로209번길 41 5 6층 (삼산동),도로명번호,인천 부평구 충선로209번길 41,1.0,126.733910472507,37.5079562703871,2823764800,True,True,True
12823700643,A03,48.0,40,행복한요양원,인천광역시,부평구,인천광역시 부평구 여우재로26번길 39-1 1~4층 (십정동),원주소,인천 부평구 여우재로26번길 39-1,1.0,126.692017629131,37.4826286279487,2823768000,True,True,True
12823700649,A04,9.0,9,생생요양원,인천광역시,부평구,인천광역시 부평구 장제로 361 401호 (갈산동),원주소,인천 부평구 장제로 361,1.0,126.732065369923,37.517945648678,2823764100,True,True,True
12823700654,A03,27.0,25,부흥더케어요양원,인천광역시,부평구,인천광역시 부평구 장제로 153 12·13층 (부평동),도로명번호,인천 부평구 장제로 153,1.0,126.730186536043,37.4992408006335,2823754000,True,True,True
12823700665,A04,9.0,9,더나은요양원,인천광역시,부평구,인천광역시 부평구 장제로 361 301호 (갈산동),원주소,인천 부평구 장제로 361,1.0,126.732065369923,37.517945648678,2823764100,True,True,True
12823700668,A04,9.0,9,효사랑요양원 1,인천광역시,부평구,인천광역시 부평구 충선로203번길 16 8층 (삼산동),원주소,인천 부평구 충선로203번길 16,1.0,126.735393506604,37.5075576646396,2823764800,True,True,True
12823700669,A04,9.0,9,효사랑요양원 2,인천광역시,부평구,인천광역시 부평구 충선로203번길 16 8층 (삼산동),원주소,인천 부평구 충선로203번길 16,1.0,126.735393506604,37.5075576646396,2823764800,True,True,True
12823700674,A03,86.0,86,열우물 숲속 실버벨요양원,인천광역시,부평구,인천광역시 부평구 함봉로42번길 46 (십정동),원주소,인천 부평구 함봉로42번길 46,1.0,126.694713476263,37.4838024263522,2823768000,True,True,True
12823700675,A03,21.0,14,효도마을요양원,인천광역시,부평구,인천광역시 부평구 충선로209번길 21 601호 (삼산동),원주소,인천 부평구 충선로209번길 21,1.0,126.735107596231,37.5079074236759,2823764800,True,True,True
12823700684,A03,144.0,132,사랑의 요양원,인천광역시,부평구,인천광역시 부평구 부흥로 336 (부평동 1층 3-7층),원주소,인천 부평구 부흥로 336,1.0,126.729288932699,37.4978374160261,2823754000,True,True,True
12823700690,A03,27.0,23,사랑채요양원,인천광역시,부평구,인천광역시 부평구 체육관로 18 1101호 (삼산동),원주소,인천 부평구 체육관로 18,1.0,126.733628745974,37.5083675736892,2823764800,True,True,True
12823700691,A03,48.0,43,현대요양원,인천광역시,부평구,인천광역시 부평구 경원대로 1286 (부평동 메디아나센타 7층),원주소,인천 부평구 경원대로 1286,1.0,126.711853413727,37.4904283044484,2823753000,True,True,True
12823700692,A03,29.0,27,동수사랑요양원,인천광역시,부평구,인천광역시 부평구 안남로 5 (부평동 3층 6~8층),원주소,인천 부평구 안남로 5,1.0,126.717072229368,37.4852821229372,2823752000,True,True,True
12823700694,A03,49.0,46,그라시아의집노인전문요양원,인천광역시,부평구,인천광역시 부평구 경원대로 1286 6층 (부평동 부평메디아나센터),원주소,인천 부평구 경원대로 1286,1.0,126.711853413727,37.4904283044484,2823753000,True,True,True
12823700695,A03,14.0,12,바른요양원,인천광역시,부평구,인천광역시 부평구 부평북로 408 302호 (삼산동 주영빌딩),원주소,인천 부평구 부평북로 408,1.0,126.738939750775,37.522308190698,2823764600,True,True,True
12823700697,A03,29.0,26,즐거운요양원,인천광역시,부평구,인천광역시 부평구 체육관로 34 5 10층501-1 1003호 (삼산동 이리옴프라자2차),도로명번호,인천 부평구 체육관로 34,1.0,126.735475689856,37.5082744159223,2823764800,True,True,True
12823700703,A03,29.0,30,부평재활요양원,인천광역시,부평구,인천광역시 부평구 주부토로66번길 24-4 (부평동),원주소,인천 부평구 주부토로66번길 24-4,1.0,126.726656361252,37.5007341171641,2823754000,True,True,True
12823700704,A03,26.0,24,나누리요양원,인천광역시,부평구,인천광역시 부평구 장제로 170 2 3층201 301호 (부평동),도로명번호,인천 부평구 장제로 170,1.0,126.731079327829,37.5004815360661,2823755000,True,True,True
12823700705,A03,14.0,12,참삶요양원,인천광역시,부평구,인천광역시 부평구 장제로 170 5층501호 (부평동),원주소,인천 부평구 장제로 170,1.0,126.731079327829,37.5004815360661,2823755000,True,True,True
12823700710,A03,48.0,46,지평재활요양원,인천광역시,부평구,인천광역시 부평구 체육관로 14 1001호 (삼산동),원주소,인천 부평구 체육관로 14,1.0,126.73309338626,37.508381141658,2823764800,True,True,True
12823700722,A03,27.0,26,정담요양원,인천광역시,부평구,인천광역시 부평구 부흥로294번길 4 7층 (부평동),원주소,인천 부평구 부흥로294번길 4,1.0,126.724277901711,37.4982272238462,2823754000,True,True,True
12823700726,A03,75.0,40,섬김요양원,인천광역시,부평구,인천광역시 부평구 장제로 126 (부평동),원주소,인천 부평구 장제로 126,1.0,126.730605326987,37.4966523614825,2823755000,True,True,True
12823700732,A04,9.0,7,부흥요양원,인천광역시,부평구,인천광역시 부평구 장제로 153 1401호 (부평동),원주소,인천 부평구 장제로 153,1.0,126.730186536043,37.4992408006335,2823754000,True,True,True
12823700747,A03,29.0,8,은빛요양원,인천광역시,부평구,인천광역시 부평구 화랑로 14 501 601호 (산곡동),도로명번호,인천 부평구 화랑로 14,1.0,126.705909187936,37.4873123988117,2823758100,True,True,True
12823700748,A03,22.0,13,팔복요양원,인천광역시,부평구,인천광역시 부평구 경인로999번길 1 2~3층 (부평동),도로명번호,인천 부평구 경인로999번길 1,1.0,126.730689825662,37.4874807764557,2823756000,True,True,True
12823700753,A03,80.0,76,인천프라임요양원,인천광역시,부평구,인천광역시 부평구 영성중로 31 (삼산동),원주소,인천 부평구 영성중로 31,1.0,126.744901554427,37.5190863553837,2823764600,True,True,True
12823700767,A03,29.0,3,벨라지오재활요양원,인천광역시,부평구,인천광역시 부평구 항동로 42 (부개동),원주소,인천 부평구 항동로 42,1.0,126.737683008952,37.4820145195857,2823765000,True,True,True
12824500003,A03,61.0,60,계양노인전문요양원,인천광역시,계양구,인천광역시 계양구 아나지로 517 (서운동),원주소,인천 계양구 아나지로 517,1.0,126.750286585818,37.526031602316,2824564000,True,True,True
12824500109,A03,23.0,18,참사랑소망의집,인천광역시,계양구,인천광역시 계양구 마장로559번길 10 (효성동),원주소,인천 계양구 마장로559번길 10,1.0,126.704093069186,37.5283110141142,2824560100,True,True,True
12824500141,A03,171.0,99,우리복지요양원계양,인천광역시,계양구,인천광역시 계양구 오조산로57번길 11-1 58910층 (계산동),도로명번호,인천 계양구 오조산로57번길 11-1,1.0,126.73723117832,37.53564937162,2824561400,True,True,True
12824500153,A03,21.0,19,아름다운요양원,인천광역시,계양구,인천광역시 계양구 장제로755번길 32 2층 (계산동),원주소,인천 계양구 장제로755번길 32,1.0,126.730583387904,37.5357307993179,2824561300,True,True,True
12824500181,A03,29.0,25,삼성요양원,인천광역시,계양구,인천광역시 계양구 주부토로 525 4층 (계산동),원주소,인천 계양구 주부토로 525,1.0,126.728066810729,37.5408842337161,2824561100,True,True,True
12824500200,A03,44.0,35,하나미엘요양원,인천광역시,계양구,인천광역시 계양구 경명대로 1157 3456층 (임학동),도로명번호,인천 계양구 경명대로 1157,1.0,126.735734835625,37.543286762552,2824572000,True,True,True
12824500202,A04,9.0,9,푸른성노인요양원,인천광역시,계양구,인천광역시 계양구 안남로 480 1층 (효성동),원주소,인천 계양구 안남로 480,1.0,126.711039725496,37.5258437102227,2824560200,True,True,True
12824500203,A04,9.0,9,제1푸른성노인요양원,인천광역시,계양구,인천광역시 계양구 안남로 480 4층 (효성동),원주소,인천 계양구 안남로 480,1.0,126.711039725496,37.5258437102227,2824560200,True,True,True
12824500214,A03,11.0,7,샛별요양원,인천광역시,계양구,인천광역시 계양구 장제로 708 412호 (작전동),원주소,인천 계양구 장제로 708,1.0,126.734266689608,37.5310010641257,2824564000,True,True,True
12824500221,A03,29.0,25,가족사랑 중앙 효 요양원,인천광역시,계양구,인천광역시 계양구 주부토로 465 3층 (작전동),원주소,인천 계양구 주부토로 465,1.0,126.727738887571,37.5357215726427,2824562200,True,True,True
12824500231,A03,29.0,26,사랑요양원,인천광역시,계양구,인천광역시 계양구 오조산공원로 22 6층 (용종동),원주소,인천 계양구 오조산공원로 22,1.0,126.737274477167,37.5396260222098,2824561400,True,True,True
12824500238,A03,68.0,37,백악관실버타운,인천광역시,계양구,인천광역시 계양구 계양문화로 54 8 9층 (계산동),도로명번호,인천 계양구 계양문화로 54,1.0,126.736843975566,37.5354960605238,2824561400,True,True,True
12824500264,A03,43.0,41,효성비전 노인복지센터,인천광역시,계양구,인천광역시 계양구 아나지로 75 3층 (효성동),원주소,인천 계양구 아나지로 75,1.0,126.699713136502,37.525580744462,2824560200,True,True,True
12824500290,A03,29.0,27,인천고운빛요양원,인천광역시,계양구,인천광역시 계양구 도두리로 25 4층 (계산동),원주소,인천 계양구 도두리로 25,1.0,126.73711763285,37.5341523805068,2824561400,True,True,True
12824500296,A03,28.0,28,예지요양원,인천광역시,계양구,인천광역시 계양구 계산새로 85 501호 (용종동),원주소,인천 계양구 계산새로 85,1.0,126.7375361065,37.5381975315198,2824561400,True,True,True
12824500303,A03,64.0,64,빅토리아 요양원,인천광역시,계양구,인천광역시 계양구 계산새로 71 D동801호 (계산동 하이베라스),원주소,인천 계양구 계산새로 71,1.0,126.735817610773,37.5387803391763,2824561400,True,True,True
12824500312,A03,86.0,86,노인요양시설 한결,인천광역시,계양구,인천광역시 계양구 장제로927번길 4 (방축동 병방프라자),원주소,인천 계양구 장제로927번길 4,1.0,126.74129399643,37.5494469332007,2824572000,True,True,True
12824500314,A04,9.0,8,더사랑요양원,인천광역시,계양구,인천광역시 계양구 오조산로57번길 11 303호 (계산동 삼성프라자),원주소,인천 계양구 오조산로57번길 11,1.0,126.737295943651,37.5359261221551,2824561400,True,True,True
12824500339,A03,40.0,26,가은요양원,인천광역시,계양구,인천광역시 계양구 장제로 708 801호 (작전동 한샘프라자),원주소,인천 계양구 장제로 708,1.0,126.734266689608,37.5310010641257,2824564000,True,True,True
12824500342,A03,47.0,34,계양 사랑마루,인천광역시,계양구,인천광역시 계양구 계양문화로 15 2~5층 (작전동 마이더스 빌딩),도로명번호,인천 계양구 계양문화로 15,1.0,126.735901275343,37.5321574686721,2824564000,True,True,True
12824500349,A03,45.0,44,현대노인전문요양원,인천광역시,계양구,인천광역시 계양구 효서로 380 401호 (작전동 신현대타운),원주소,인천 계양구 효서로 380,1.0,126.738195680997,37.5275372983987,2824564000,True,True,True
12824500359,A03,29.0,21,희망요양원,인천광역시,계양구,인천광역시 계양구 길마로 33 3층 4층 (효성동 미추홀프라자),원주소,인천 계양구 길마로 33,1.0,126.709283547301,37.5340574980279,2824560100,True,True,True
12824500368,A04,9.0,9,은평요양원,인천광역시,계양구,인천광역시 계양구 봉오대로677번길 29 4층 (작전동 은조빌딩),원주소,인천 계양구 봉오대로677번길 29,1.0,126.724022012597,37.533420895854,2824562200,True,True,True
12824500369,A03,35.0,31,간호사랑요양원,인천광역시,계양구,인천광역시 계양구 효서로 230 601호 (작전동 삼성프라자),원주소,인천 계양구 효서로 230,1.0,126.721641785248,37.5276045887455,2824562200,True,True,True
12824500372,A03,35.0,34,홍시요양원,인천광역시,계양구,인천광역시 계양구 효서로 230 401호 (작전동 삼성프라자),원주소,인천 계양구 효서로 230,1.0,126.721641785248,37.5276045887455,2824562200,True,True,True
12824500374,A03,26.0,26,포근한요양원,인천광역시,계양구,인천광역시 계양구 선주로34번길 3 (선주지동),원주소,인천 계양구 선주로34번길 3,1.0,126.745003574486,37.5801444765586,2824571000,True,True,True
12824500378,A03,24.0,23,미래요양원,인천광역시,계양구,인천광역시 계양구 오조산로57번길 7-1 301호 (계산동 미래사랑빌딩),원주소,인천 계양구 오조산로57번길 7-1,1.0,126.737860765869,37.5356001347354,2824561400,True,True,True
12824500390,A03,29.0,28,우리누리요양원,인천광역시,계양구,인천광역시 계양구 장제로 732 5층 (작전동),원주소,인천 계양구 장제로 732,1.0,126.734289833068,37.5331836053374,2824564000,True,True,True
12824500410,A03,20.0,18,영산요양원,인천광역시,계양구,인천광역시 계양구 장제로946번길 7 (병방동),원주소,인천 계양구 장제로946번길 7,1.0,126.743590558946,37.5497075551914,2824572000,True,True,True
12824500412,A03,29.0,28,아름드리요양원,인천광역시,계양구,인천광역시 계양구 경명대로 1023 2~3 5층 (계산동),도로명번호,인천 계양구 경명대로 1023,1.0,126.720524808233,37.5438947853862,2824561200,True,True,True
12824500413,A03,60.0,45,고래요양원,인천광역시,계양구,인천광역시 계양구 계양산로216번길 3 (임학동),원주소,인천 계양구 계양산로216번길 3,1.0,126.73973437314,37.5471028074517,2824572000,True,True,True
12824500418,A03,29.0,25,효성사랑요양원,인천광역시,계양구,인천광역시 계양구 안남로 548 4층 (효성동),원주소,인천 계양구 안남로 548,1.0,126.711071030591,37.5319232757046,2824560100,True,True,True
12824500421,A03,26.0,26,사랑마을요양원,인천광역시,계양구,인천광역시 계양구 주부토로 541 3층304호 (계산동),원주소,인천 계양구 주부토로 541,1.0,126.728048264516,37.5425635595106,2824561100,True,True,True
12824500428,A03,46.0,47,진 요양원,인천광역시,계양구,인천광역시 계양구 오조산로 53 801호 902호 (계산동),원주소,인천 계양구 오조산로 53,1.0,126.7382544278,37.535589475139,2824561400,True,True,True
12824500434,A03,47.0,39,연세노인전문요양원,인천광역시,계양구,인천광역시 계양구 새벌로 84 (효성동),원주소,인천 계양구 새벌로 84,1.0,126.71658585362,37.5242547220566,2824560200,True,True,True
12824500440,A04,9.0,9,늘푸른 요양원,인천광역시,계양구,인천광역시 계양구 효서로 71 3층 (효성동 가람프라자),원주소,인천 계양구 효서로 71,1.0,126.703614498838,37.527944909599,2824560100,True,True,True
12824500442,A03,99.0,87,참노인요양원,인천광역시,계양구,인천광역시 계양구 계산새로87번길 15 111호 (용종동 강남오피스텔),원주소,인천 계양구 계산새로87번길 15,1.0,126.737674205565,37.5394077882315,2824561400,True,True,True
12824500443,A03,29.0,29,나들이요양원,인천광역시,계양구,인천광역시 계양구 오조산로7번길 6-8 4층 (작전동),원주소,인천 계양구 오조산로7번길 6-8,1.0,126.737662932252,37.5318380266445,2824564000,True,True,True
12824500444,A03,28.0,28,이도효요양원,인천광역시,계양구,인천광역시 계양구 아나지로 75 501호 (효성동),원주소,인천 계양구 아나지로 75,1.0,126.699713136502,37.525580744462,2824560200,True,True,True
12824500445,A03,28.0,28,가득요양원,인천광역시,계양구,인천광역시 계양구 아나지로 75 502호 (효성동),원주소,인천 계양구 아나지로 75,1.0,126.699713136502,37.525580744462,2824560200,True,True,True
12824500446,A03,35.0,26,고은요양원,인천광역시,계양구,인천광역시 계양구 효서로 230 501호 (작전동),원주소,인천 계양구 효서로 230,1.0,126.721641785248,37.5276045887455,2824562200,True,True,True
12824500447,A03,49.0,50,간호재활요양원,인천광역시,계양구,인천광역시 계양구 아나지로 75 6층 (효성동),원주소,인천 계양구 아나지로 75,1.0,126.699713136502,37.525580744462,2824560200,True,True,True
12824500448,A03,131.0,123,가족요양원,인천광역시,계양구,인천광역시 계양구 아나지로 258 (작전동),원주소,인천 계양구 아나지로 258,1.0,126.720673008604,37.5251264454418,2824562200,True,True,True
12824500453,A03,49.0,49,다섬요양원,인천광역시,계양구,인천광역시 계양구 아나지로 75 4층 (효성동),원주소,인천 계양구 아나지로 75,1.0,126.699713136502,37.525580744462,2824560200,True,True,True
12824500464,A03,40.0,38,강남요양원,인천광역시,계양구,인천광역시 계양구 오조산로57번길 11-1 7층 (계산동 강남모던빌),원주소,인천 계양구 오조산로57번길 11-1,1.0,126.73723117832,37.53564937162,2824561400,True,True,True
12824500468,A03,28.0,27,효양요양원,인천광역시,계양구,인천광역시 계양구 오조산로57번길 11-1 4층401호 (계산동 강남모던빌),원주소,인천 계양구 오조산로57번길 11-1,1.0,126.73723117832,37.53564937162,2824561400,True,True,True
12824500469,A04,9.0,7,벧엘요양원,인천광역시,계양구,인천광역시 계양구 효서로111번길 5 107호 (효성동),원주소,인천 계양구 효서로111번길 5,1.0,126.707761321948,37.5282951003458,2824560100,True,True,True
12824500472,A03,28.0,26,둥지요양원,인천광역시,계양구,인천광역시 계양구 도두리로 25 701호 (계산동 루비프라자),원주소,인천 계양구 도두리로 25,1.0,126.73711763285,37.5341523805068,2824561400,True,True,True
12824500474,A03,64.0,58,처음간호요양원,인천광역시,계양구,인천광역시 계양구 계산새로 71 A동3층 (계산동 하이베라스 빌딩),원주소,인천 계양구 계산새로 71,1.0,126.735817610773,37.5387803391763,2824561400,True,True,True
12824500483,A03,40.0,40,인천하이요양원,인천광역시,계양구,인천광역시 계양구 경명대로 1115 4층 (계산동 인평프라자),원주소,인천 계양구 경명대로 1115,1.0,126.730936154862,37.5434807225536,2824561200,True,True,True
12824500485,A03,37.0,32,너싱홈호수 간호전문요양원,인천광역시,계양구,인천광역시 계양구 장제로 718 6층 (작전동),원주소,인천 계양구 장제로 718,1.0,126.734282839721,37.5318382184468,2824564000,True,True,True
12824500491,A04,9.0,9,은평요양원 2호점,인천광역시,계양구,인천광역시 계양구 봉오대로677번길 29 3층 (작전동),원주소,인천 계양구 봉오대로677번길 29,1.0,126.724022012597,37.533420895854,2824562200,True,True,True
12824500496,A03,20.0,20,새한림요양원,인천광역시,계양구,인천광역시 계양구 장제로 718 402호 (작전동 상록메디컬),원주소,인천 계양구 장제로 718,1.0,126.734282839721,37.5318382184468,2824564000,True,True,True
12824500507,A03,80.0,66,서울요양원,인천광역시,계양구,인천광역시 계양구 장제로 755 (계산동 원신빌딩),원주소,인천 계양구 장제로 755,1.0,126.733787400284,37.5353744226085,2824561300,True,True,True
12824500508,A04,9.0,9,美요양원,인천광역시,계양구,인천광역시 계양구 장제로 672 5층 (작전동 광명프라자),원주소,인천 계양구 장제로 672,1.0,126.733771876408,37.5278055475136,2824564000,True,True,True
12824500513,A03,37.0,36,계양늘푸른요양원,인천광역시,계양구,인천광역시 계양구 양지로 170 (귤현동),원주소,인천 계양구 양지로 170,1.0,126.745084470465,37.5674063287671,2824573000,True,True,True
12824500514,A04,9.0,7,계양다사랑요양원,인천광역시,계양구,인천광역시 계양구 계산로 148 4층 (계산동),원주소,인천 계양구 계산로 148,1.0,126.728658038695,37.53697733668,2824561300,True,True,True
12824500515,A03,48.0,48,효성요양원,인천광역시,계양구,인천광역시 계양구 봉오대로512번길 5 (효성동 효성요양원),원주소,인천 계양구 봉오대로512번길 5,1.0,126.705983531874,37.5289957193029,2824560100,True,True,True
12824500523,A03,29.0,24,새봄요양원,인천광역시,계양구,인천광역시 계양구 오조산로 91 301호 (용종동 새롬2차프라자),원주소,인천 계양구 오조산로 91,1.0,126.738598207712,37.5390429509577,2824561400,True,True,True
12824500529,A03,25.0,21,행복여정요양원,인천광역시,계양구,인천광역시 계양구 오조산로57번길 11 701호 (계산동 삼성프라자),원주소,인천 계양구 오조산로57번길 11,1.0,126.737295943651,37.5359261221551,2824561400,True,True,True
12824500533,A04,9.0,5,계양예닮요양원,인천광역시,계양구,인천광역시 계양구 계양대로 214 6층 (계산동 에이스타운),원주소,인천 계양구 계양대로 214,1.0,126.723035805222,37.5430485388663,2824561100,True,True,True
12824500534,A03,28.0,26,고운빛요양원,인천광역시,계양구,인천광역시 계양구 도두리로 25 5층501호 (계산동 루비프라자),원주소,인천 계양구 도두리로 25,1.0,126.73711763285,37.5341523805068,2824561400,True,True,True
12824500539,A03,29.0,9,장수요양원,인천광역시,계양구,인천광역시 계양구 장제로 916 (병방동),원주소,인천 계양구 장제로 916,1.0,126.741450701599,37.5481442556141,2824572000,True,True,True
12824500541,A04,9.0,6,동보요양원,인천광역시,계양구,인천광역시 계양구 아나지로 311 401호 (작전동 동보아파트 1차 상가동),원주소,인천 계양구 아나지로 311,1.0,126.726710784222,37.5258531715008,2824562100,True,True,True
12824500549,A03,49.0,49,프라미스재활요양원,인천광역시,계양구,인천광역시 계양구 계양문화로 96 601호 (용종동),원주소,인천 계양구 계양문화로 96,1.0,126.737228648889,37.5392399328569,2824561400,True,True,True
12824500550,A03,57.0,49,계양효요양원,인천광역시,계양구,인천광역시 계양구 장제로 708 6층 (작전동 한샘프라자),원주소,인천 계양구 장제로 708,1.0,126.734266689608,37.5310010641257,2824564000,True,True,True
12824500558,A03,29.0,25,고은요양원,인천광역시,계양구,인천광역시 계양구 효서로 230 5층501호 (작전동 삼성프라자),원주소,인천 계양구 효서로 230,1.0,126.721641785248,37.5276045887455,2824562200,True,True,True
12824500559,A03,28.0,21,포도나무요양원,인천광역시,계양구,인천광역시 계양구 아나지로 75 501호 (효성동 효성다섬프라자),원주소,인천 계양구 아나지로 75,1.0,126.699713136502,37.525580744462,2824560200,True,True,True
12824500560,A03,110.0,77,참노인요양원,인천광역시,계양구,인천광역시 계양구 계산새로87번길 15 201 301호 (용종동 강남오피스텔),도로명번호,인천 계양구 계산새로87번길 15,1.0,126.737674205565,37.5394077882315,2824561400,True,True,True
12824500562,A04,9.0,8,보담요양원,인천광역시,계양구,인천광역시 계양구 안남로 548 409호 (효성동 효성프라자),원주소,인천 계양구 안남로 548,1.0,126.711071030591,37.5319232757046,2824560100,True,True,True
12826000004,A03,78.0,72,인천신생요양원,인천광역시,서구,인천광역시 서구 드림로 284-4 (백석동),원주소,인천 검단구 드림로 284-4,1.0,126.670625933893,37.5831315004036,2826071000,True,True,True
12826000006,A03,78.0,70,인천천사요양원,인천광역시,서구,인천광역시 서구 드림로 284-6 (백석동),원주소,인천 검단구 드림로 284-6,1.0,126.670965292481,37.5828877380665,2826071000,True,True,True
12826000008,A03,63.0,60,내리요양원,인천광역시,서구,인천광역시 서구 봉수대로1394번길 12 (왕길동),원주소,인천 검단구 봉수대로1394번길 12,1.0,126.652399493771,37.5967891206498,2826072000,True,True,True
12826000055,A03,90.0,72,낙원요양원,인천광역시,서구,인천광역시 서구 완정로10번길 6-7 (마전동),원주소,인천 검단구 완정로10번길 6-7,1.0,126.673799392748,37.5948727177654,2826073000,True,True,True
12826000083,A03,49.0,48,서천노인요양원,인천광역시,서구,인천광역시 서구 심곡로132번길 22 (심곡동),원주소,인천 서해구 심곡로132번길 22,1.0,126.684579324976,37.545573165396,2826053000,True,True,True
12826000145,A03,69.0,49,인천 부모섬김요양원,인천광역시,서구,인천광역시 서구 검단로 504 3 4 5층 (마전동 세진빌딩),도로명번호,인천 검단구 검단로 504,1.0,126.66014553706,37.6027504435831,2826068000,True,True,True
12826000217,A03,28.0,22,인천원당 사랑마루,인천광역시,서구,인천광역시 서구 원당대로 853 501호 (원당동 삼정프라자),원주소,인천 검단구 원당대로 853,1.0,126.696441452732,37.5939635690975,2826070000,True,True,True
12826000238,A03,48.0,48,성모요양원,인천광역시,서구,인천광역시 서구 심곡로100번길 31 (심곡동),원주소,인천 서해구 심곡로100번길 31,1.0,126.685630316228,37.5424250954679,2826053000,True,True,True
12826000255,A03,29.0,20,하나요양원,인천광역시,서구,인천광역시 서구 승학로197번길 20-9 (심곡동),원주소,인천 서해구 승학로197번길 20-9,1.0,126.671508021692,37.5414409690434,2826053000,True,True,True
12826000262,A03,28.0,27,참사랑요양원,인천광역시,서구,인천광역시 서구 검단로 505 4층403~405호 (마전동 이지프라자),원주소,인천 검단구 검단로 505,1.0,126.660307361136,37.6033237565413,2826068000,True,True,True
12826000264,A03,90.0,52,연희요양원,인천광역시,서구,인천광역시 서구 탁옥로 88 3~7층 (심곡동),도로명번호,인천 서해구 탁옥로 88,1.0,126.679241817603,37.5435035260489,2826053000,True,True,True
12826000268,A03,27.0,18,지구촌요양원,인천광역시,서구,인천광역시 서구 검단로 505 401-402호 (마전동 이지프라자),도로명번호,인천 검단구 검단로 505,1.0,126.660307361136,37.6033237565413,2826068000,True,True,True
12826000278,A03,36.0,34,해피실버요양원,인천광역시,서구,인천광역시 서구 검단로502번길 18 2층 (마전동 제일빌딩),원주소,인천 검단구 검단로502번길 18,1.0,126.660707423466,37.6014360794897,2826068000,True,True,True
12826000298,A03,240.0,219,미래복지요양센터,인천광역시,서구,인천광역시 서구 드림로 227 (백석동),원주소,인천 검단구 드림로 227,1.0,126.664264787881,37.5841283636018,2826071000,True,True,True
12826000313,A03,29.0,22,효담요양원,인천광역시,서구,인천광역시 서구 완정로 163 A동11층 (왕길동 트리플타워),원주소,인천 검단구 완정로 163,1.0,126.65810498004,37.601687512704,2826072000,True,True,True
12826000328,A03,29.0,28,도란도란요양원,인천광역시,서구,인천광역시 서구 검단로 531 2 3 4층 (마전동 경안프라자),도로명번호,인천 검단구 검단로 531,1.0,126.662756692594,37.6042383443973,2826068000,True,True,True
12826000330,A03,45.0,41,반딧불노인요양원,인천광역시,서구,인천광역시 서구 가정로 186-3 (석남동),원주소,인천 서해구 가정로 186-3,1.0,126.672279214848,37.5013902821479,2826056000,True,True,True
12826000355,A03,25.0,21,가현요양원,인천광역시,서구,인천광역시 서구 완정로 19 7층 (마전동 검단무광프라자),원주소,인천 검단구 완정로 19,1.0,126.671715708544,37.5948678415994,2826073000,True,True,True
12826000359,A03,26.0,26,주은요양원,인천광역시,서구,인천광역시 서구 신진말로 26 3층301호~303호 (가좌동),원주소,인천 서해구 신진말로 26,1.0,126.678558000427,37.4928516110144,2826060000,True,True,True
12826000362,A03,45.0,44,국제메디칼요양원,인천광역시,서구,인천광역시 서구 탁옥로 104 1 3 4층 (심곡동 다빈치프라자),원주소,인천 서해구 탁옥로 104-1,1.0,126.681248916715,37.5433538094896,2826053000,True,True,True
12826000392,A03,29.0,29,두드림요양전문센터,인천광역시,서구,인천광역시 서구 봉오재3로 116 309호 401호 (가정동 SD프라자),원주소,인천 서해구 봉오재3로 116,1.0,126.67258466608,37.5271023385185,2826054200,True,True,True
12826000411,A03,28.0,21,검단희망요양원,인천광역시,서구,인천광역시 서구 완정로 159 701호 (왕길동),원주소,인천 검단구 완정로 159,1.0,126.658417617369,37.6015693976574,2826072000,True,True,True
12826000432,A03,34.0,23,꽃마루요양원,인천광역시,서구,인천광역시 서구 봉화로223번안길 5 (금곡동),원주소,인천 검단구 봉화로223번안길 5,1.0,126.637064043838,37.6124957895716,2826068000,True,True,True
12826000439,A03,39.0,36,효사랑요양원,인천광역시,서구,인천광역시 서구 완정로 19 6층 (마전동),원주소,인천 검단구 완정로 19,1.0,126.671715708544,37.5948678415994,2826073000,True,True,True
12826000441,A03,47.0,33,아름다운 요양원,인천광역시,서구,인천광역시 서구 가정로 230 1~5층 (석남동),도로명번호,인천 서해구 가정로 230,1.0,126.672496942721,37.5052159088058,2826056000,True,True,True
12826000442,A03,49.0,21,그레이스힐 요양원,인천광역시,서구,인천광역시 서구 검단로623번길 17 3~5층 (마전동 동인빌딩),도로명번호,인천 검단구 검단로623번길 17,1.0,126.668852634598,37.610066424542,2826068000,True,True,True
12826000463,A03,82.0,39,다온실버케어요양원,인천광역시,서구,인천광역시 서구 고산후로 97 6~8층302호 (당하동 희성프라자),도로명번호,인천 검단구 고산후로 97,1.0,126.698853696636,37.5924829369777,2826070000,True,True,True
12826000478,A03,49.0,47,굿모닝요양원,인천광역시,서구,인천광역시 서구 건지로334번길 3 (가좌동),원주소,인천 서해구 건지로334번길 3,1.0,126.679203509537,37.497781852811,2826060000,True,True,True
12826000491,A03,24.0,22,해피섬김요양원,인천광역시,서구,인천광역시 서구 검단로502번길 18 6층 (마전동 제일프라자),원주소,인천 검단구 검단로502번길 18,1.0,126.660707423466,37.6014360794897,2826068000,True,True,True
12826000494,A03,21.0,17,참조은요양원,인천광역시,서구,인천광역시 서구 신진말로 39 201호 (가좌동 건지빌딩),원주소,인천 서해구 신진말로 39,1.0,126.680181898938,37.4933867093363,2826060000,True,True,True
12826000500,A03,25.0,22,시온의빛 요양원,인천광역시,서구,인천광역시 서구 원당대로820번1길 13 (당하동),원주소,인천 검단구 원당대로820번1길 13,1.0,126.69132873858,37.5934935980517,2826070000,True,True,True
12826000501,A03,29.0,24,에덴사랑의집,인천광역시,서구,인천광역시 서구 고산후로95번길 10 301 302호 (당하동 뉴시티프라자),도로명번호,인천 검단구 고산후로95번길 10,1.0,126.698107313714,37.5925613984868,2826070000,True,True,True
12826000507,A03,20.0,19,길요양원,인천광역시,서구,인천광역시 서구 고산후로 190 (원당동),원주소,인천 검단구 고산후로 190,1.0,126.699061549298,37.6007018304346,2826070000,True,True,True
12826000508,A03,29.0,27,검단햇살요양원,인천광역시,서구,인천광역시 서구 원당대로 853 7층 (원당동 삼정프라자),원주소,인천 검단구 원당대로 853,1.0,126.696441452732,37.5939635690975,2826070000,True,True,True
12826000516,A04,9.0,6,새생명요양원,인천광역시,서구,인천광역시 서구 완정로 179 4층405호 (왕길동 제이원검단메디컬프라자),원주소,인천 검단구 완정로 179,1.0,126.656534725571,37.6022603955484,2826072000,True,True,True
12826000517,A03,29.0,29,검단메디컬요양원,인천광역시,서구,인천광역시 서구 완정로 179 7층 (왕길동 제이원검단메디컬프라자),원주소,인천 검단구 완정로 179,1.0,126.656534725571,37.6022603955484,2826072000,True,True,True
12826000518,A03,49.0,39,인혜요양원,인천광역시,서구,인천광역시 서구 서곶로 270 (심곡동 인혜빌딩),원주소,인천 서해구 서곶로 270,1.0,126.67702888821,37.5415532351688,2826053000,True,True,True
12826000526,A03,29.0,18,로뎀애요양원,인천광역시,서구,인천광역시 서구 심곡로208번길 23 (공촌동),원주소,인천 서해구 심곡로208번길 23,1.0,126.6849521271,37.5514740571776,2826053000,True,True,True
12826000532,A03,29.0,15,가나요양원,인천광역시,서구,인천광역시 서구 연희로42번길 14 2~4층 (연희동),도로명번호,인천 서해구 연희로42번길 14,1.0,126.672438509969,37.5505086473843,2826053000,True,True,True
12826000533,A03,33.0,28,간호사랑요양원,인천광역시,서구,인천광역시 서구 탁옥로 37 7~9층 (심곡동 우리타워),도로명번호,인천 서해구 탁옥로 37,1.0,126.673668209593,37.5441648122487,2826053000,True,True,True
12826000539,A03,27.0,27,청라더사랑 요양원,인천광역시,서구,인천광역시 서구 중봉대로586번길 15 805호 (청라동 청연프라자),원주소,인천 서해구 중봉대로586번길 15,1.0,126.651381962199,37.5321077821576,2826053600,True,True,True
12826000545,A03,28.0,25,푸른솔요양원,인천광역시,서구,인천광역시 서구 승학로 577 402호 (검암동 장은프라자),원주소,인천 서해구 승학로 577,1.0,126.683235129478,37.567361186167,2826051500,True,True,True
12826000550,A03,29.0,27,서구삼성요양원,인천광역시,서구,인천광역시 서구 건지로284번길 5 지하1층~3층 (가좌동),원주소,인천 서해구 건지로284번길 5,1.0,126.673849974176,37.4987821732107,2826058000,True,True,True
12826000551,A03,24.0,20,가족사랑요양원,인천광역시,서구,인천광역시 서구 신석로112번길 24 (석남동),원주소,인천 서해구 신석로112번길 24,1.0,126.674144924682,37.5077293946295,2826055000,True,True,True
12826000576,A03,42.0,40,굿모닝재활요양원,인천광역시,서구,인천광역시 서구 원당대로 865 8층 (원당동 대산프라자),원주소,인천 검단구 원당대로 865,1.0,126.697727304502,37.5938521733102,2826070000,True,True,True
12826000579,A03,75.0,54,노블레스요양원,인천광역시,서구,인천광역시 서구 오류로26번길 9 (오류동),원주소,인천 검단구 오류로26번길 9,1.0,126.630226656572,37.5965130680437,2826072000,True,True,True
12826000580,A03,73.0,72,노엘요양원,인천광역시,서구,인천광역시 서구 단봉로 191 (오류동),원주소,인천 검단구 단봉로 191,1.0,126.630520307845,37.5969872758803,2826072000,True,True,True
12826000585,A03,49.0,45,늘사랑요양원,인천광역시,서구,인천광역시 서구 청라커낼로 280 8층 (청라동 (청라동 골드프라자)),원주소,인천 서해구 청라커낼로 280,1.0,126.644975371569,37.5333626153748,2826053700,True,True,True
12826000586,A03,28.0,18,벧엘요양원,인천광역시,서구,인천광역시 서구 완정로 144 3층301호 (마전동),원주소,인천 검단구 완정로 144,1.0,126.660229481875,37.6011999074263,2826068000,True,True,True
12826000588,A03,94.0,87,클래상스요양원,인천광역시,서구,인천광역시 서구 서달로20번길 7 1~3층 (석남동),도로명번호,인천 서해구 서달로20번길 7,1.0,126.679063139573,37.5004577194646,2826056100,True,True,True
12826000593,A03,49.0,49,다솔요양원,인천광역시,서구,인천광역시 서구 원당대로819번길 7-3 (원당동),원주소,인천 검단구 원당대로819번길 7-3,1.0,126.69207603865,37.5947079199653,2826070000,True,True,True
12826000595,A03,29.0,30,검단진노인요양시설,인천광역시,서구,인천광역시 서구 마전로115번길 2-6 지하1층2~4층 (마전동),원주소,인천 검단구 마전로115번길 2-6,1.0,126.668395835206,37.608544818904,2826068000,True,True,True
12826000596,A03,42.0,35,한사랑요양원,인천광역시,서구,인천광역시 서구 심곡로208번길 14 (공촌동),원주소,인천 서해구 심곡로208번길 14,1.0,126.683813491778,37.5512746868493,2826053000,True,True,True
12826000598,A03,49.0,49,미소인요양원,인천광역시,서구,인천광역시 서구 서달로 14-7 (석남동),원주소,인천 서해구 서달로 14-7,1.0,126.678827002711,37.499983691039,2826056100,True,True,True
12826000600,A03,39.0,18,우리행복요양원,인천광역시,서구,인천광역시 서구 고산후로95번길 28 3 4층 (당하동),도로명번호,인천 검단구 고산후로95번길 28,1.0,126.695981802964,37.592694064425,2826070000,True,True,True
12826000604,A03,26.0,26,검단우리요양원,인천광역시,서구,인천광역시 서구 고산후로95번길 28 2층 (당하동 풍산프라자),원주소,인천 검단구 고산후로95번길 28,1.0,126.695981802964,37.592694064425,2826070000,True,True,True
12826000606,A03,24.0,11,행복요양원,인천광역시,서구,인천광역시 서구 승학로 577 2층210호 (검암동),원주소,인천 서해구 승학로 577,1.0,126.683235129478,37.567361186167,2826051500,True,True,True
12826000608,A03,41.0,41,행복드림요양원,인천광역시,서구,인천광역시 서구 연희로39번길 16 1~3층 (연희동),도로명번호,인천 서해구 연희로39번길 16,1.0,126.672450908065,37.5480116648816,2826053000,True,True,True
12826000612,A03,29.0,23,검암요양원,인천광역시,서구,인천광역시 서구 승학로 528 2층 (검암동 아카데미프라자),원주소,인천 서해구 승학로 528,1.0,126.678224833872,37.5656273720816,2826051500,True,True,True
12826000617,A03,29.0,29,검단힘찬요양원,인천광역시,서구,인천광역시 서구 원당대로 853 8층801~802호 (원당동 삼정프라자),원주소,인천 검단구 원당대로 853,1.0,126.696441452732,37.5939635690975,2826070000,True,True,True
12826000626,A03,29.0,29,늘편한요양원,인천광역시,서구,인천광역시 서구 도요지로42번길 21-1 (경서동),원주소,인천 서해구 도요지로42번길 21-1,1.0,126.655305611803,37.5571179481316,2826051500,True,True,True
12826000629,A03,49.0,43,드림숲요양원,인천광역시,서구,인천광역시 서구 단봉로 183 (오류동),원주소,인천 검단구 단봉로 183,1.0,126.631337406773,37.5968055792373,2826072000,True,True,True
12826000632,A03,49.0,43,더나은재활요양원,인천광역시,서구,인천광역시 서구 장고개로 277-1 B1 5 6 7층 (가좌동 청운프라자),원주소,인천 서해구 장고개로 277-1,1.0,126.682519393473,37.4889170071711,2826059000,True,True,True
12826000636,A03,18.0,17,검단 다은요양원,인천광역시,서구,인천광역시 서구 고산후로95번길 28 5층 (당하동),원주소,인천 검단구 고산후로95번길 28,1.0,126.695981802964,37.592694064425,2826070000,True,True,True
12826000637,A04,9.0,9,믿음요양원,인천광역시,서구,인천광역시 서구 가정로 302 2층 (석남동),원주소,인천 서해구 가정로 302,1.0,126.672811461544,37.5117209263615,2826055000,True,True,True
12826000638,A04,9.0,8,소망요양원,인천광역시,서구,인천광역시 서구 가정로 302 3층 (석남동),원주소,인천 서해구 가정로 302,1.0,126.672811461544,37.5117209263615,2826055000,True,True,True
12826000639,A03,29.0,29,샬롬요양원,인천광역시,서구,인천광역시 서구 검단로 474 901호 (왕길동),원주소,인천 검단구 검단로 474,1.0,126.657081780664,37.6016244483749,2826072000,True,True,True
12826000640,A03,44.0,39,온누리노인요양원,인천광역시,서구,인천광역시 서구 고산로45번길 18 (원당동),원주소,인천 검단구 고산로45번길 18,1.0,126.699681798011,37.5974275088822,2826070000,True,True,True
12826000643,A03,29.0,29,다정요양원,인천광역시,서구,인천광역시 서구 고산후로95번안길 21 5층 (당하동 원당지구멀티프라자),원주소,인천 검단구 고산후로95번안길 21,1.0,126.697295166256,37.5929136772889,2826070000,True,True,True
12826000645,A03,28.0,24,가현재활요양원,인천광역시,서구,인천광역시 서구 완정로 70 303호 (마전동 영남탑스빌웰빙타운),원주소,인천 검단구 완정로 70,1.0,126.667317350516,37.5980110544319,2826073000,True,True,True
12826000646,A03,28.0,27,해오름재활요양원,인천광역시,서구,인천광역시 서구 완정로 70 302호 (마전동 영남탑스빌웰빙타운),원주소,인천 검단구 완정로 70,1.0,126.667317350516,37.5980110544319,2826073000,True,True,True
12826000647,A03,28.0,18,사랑재활요양원,인천광역시,서구,인천광역시 서구 완정로 70 301호 (마전동 영남탑스빌웰빙타운),원주소,인천 검단구 완정로 70,1.0,126.667317350516,37.5980110544319,2826073000,True,True,True
12826000651,A03,49.0,43,노인요양시설 혜움,인천광역시,서구,인천광역시 서구 심곡로56번길 17 (심곡동),원주소,인천 서해구 심곡로56번길 17,1.0,126.675982456002,37.5406389208473,2826053000,True,True,True
12826000652,A03,29.0,19,이레행복요양원,인천광역시,서구,인천광역시 서구 경서로32번길 3-8 (경서동),원주소,인천 서해구 경서로32번길 3-8,1.0,126.654706405808,37.5558791335589,2826051500,True,True,True
12826000653,A03,49.0,13,두담노인전문요양원,인천광역시,서구,인천광역시 서구 대촌로 9 (오류동),원주소,인천 검단구 대촌로 9,1.0,126.632078766868,37.5948950979028,2826072000,True,True,True
12826000665,A03,45.0,42,모니카요양원,인천광역시,서구,인천광역시 서구 연희로42번길 6 (연희동),원주소,인천 서해구 연희로42번길 6,1.0,126.672563580149,37.5497274715314,2826053000,True,True,True
12826000666,A03,71.0,45,인천요양원,인천광역시,서구,인천광역시 서구 장고개로 262 (가좌동),원주소,인천 서해구 장고개로 262,1.0,126.681259641967,37.4877221271638,2826061000,True,True,True
12826000667,A03,28.0,27,온마음요양원,인천광역시,서구,인천광역시 서구 완정로 159 9층901호 (왕길동 장수프라자),원주소,인천 검단구 완정로 159,1.0,126.658417617369,37.6015693976574,2826072000,True,True,True
12826000668,A03,43.0,32,시온휴요양원,인천광역시,서구,인천광역시 서구 심곡로 53 지하1 2~7층 (심곡동 시온빌딩),도로명번호,인천 서해구 심곡로 53,1.0,126.675664951051,37.542311739447,2826053000,True,True,True
12826000669,A03,29.0,21,소나무요양원,인천광역시,서구,인천광역시 서구 고산후로121번길 25 202호 (원당동 제일프라자),원주소,인천 검단구 고산후로121번길 25,1.0,126.696434758414,37.5946638000897,2826070000,True,True,True
12826000673,A03,99.0,77,가현산재활요양원,인천광역시,서구,인천광역시 서구 대곡로 411 (대곡동),원주소,인천 검단구 대곡로 411,1.0,126.650757881403,37.6311384484894,2826069000,True,True,True
12826000674,A03,99.0,85,다인실버타운요양원,인천광역시,서구,인천광역시 서구 대곡로 415 (대곡동),원주소,인천 검단구 대곡로 415,1.0,126.650248690081,37.6312516351902,2826069000,True,True,True
12826000675,A03,99.0,67,라포레실버요양원,인천광역시,서구,인천광역시 서구 대곡로 413 (대곡동),원주소,인천 검단구 대곡로 413,1.0,126.650854526513,37.6315477802192,2826069000,True,True,True
12826000677,A03,29.0,15,검단품안에요양원,인천광역시,서구,인천광역시 서구 검단로623번길 13 3 4층 (마전동),도로명번호,인천 검단구 검단로623번길 13,1.0,126.669212541723,37.6098917417482,2826068000,True,True,True
12826000683,A03,29.0,25,동국휴요양원,인천광역시,서구,인천광역시 서구 검단로 505 406~408호 (마전동 이지화인프라자),도로명번호,인천 검단구 검단로 505,1.0,126.660307361136,37.6033237565413,2826068000,True,True,True
12826000688,A03,27.0,6,더편한요양원,인천광역시,서구,인천광역시 서구 완정로 153 701 901호 (왕길동),도로명번호,인천 검단구 완정로 153,1.0,126.658781486709,37.6014161112388,2826072000,True,True,True
12826000689,A04,9.0,6,사랑 요양원,인천광역시,서구,인천광역시 서구 가정로 302 4층 (석남동),원주소,인천 서해구 가정로 302,1.0,126.672811461544,37.5117209263615,2826055000,True,True,True
12826000690,A03,26.0,27,새빛요양원,인천광역시,서구,인천광역시 서구 원당대로 865 7층 (원당동),원주소,인천 검단구 원당대로 865,1.0,126.697727304502,37.5938521733102,2826070000,True,True,True
12826000705,A03,29.0,9,환영간호전문요양원,인천광역시,서구,인천광역시 서구 경서로56번길 15-5 (경서동),원주소,인천 서해구 경서로56번길 15-5,1.0,126.655239632374,37.5580510041288,2826051500,True,True,True
12826000713,A03,48.0,47,효나무의료복지요양원,인천광역시,서구,인천광역시 서구 검단로 508 5 6층 (마전동),도로명번호,인천 검단구 검단로 508,1.0,126.660636088818,37.6029300702652,2826068000,True,True,True
12826000714,A03,24.0,20,가족사랑요양원,인천광역시,서구,인천광역시 서구 신석로112번길 24 (석남동),원주소,인천 서해구 신석로112번길 24,1.0,126.674144924682,37.5077293946295,2826055000,True,True,True
12826000715,A03,27.0,27,메디홈요양원,인천광역시,서구,인천광역시 서구 청라에메랄드로 78 206호 (청라동),원주소,인천 서해구 청라에메랄드로 78,1.0,126.656829992511,37.5321067101202,2826053600,True,True,True
12826000716,A03,15.0,13,보람요양원,인천광역시,서구,인천광역시 서구 완정로 144 5층501호 (마전동),원주소,인천 검단구 완정로 144,1.0,126.660229481875,37.6011999074263,2826068000,True,True,True
12826000725,A03,14.0,1,검단요양원,인천광역시,서구,인천광역시 서구 완정로 144 2층203호 (마전동),원주소,인천 검단구 완정로 144,1.0,126.660229481875,37.6011999074263,2826068000,True,True,True
12871000003,A03,389.0,240,호세요양원,인천광역시,강화군,인천광역시 강화군 불은면 고려왕릉로 376 (불은면),원주소,인천 강화군 불은면 고려왕릉로 376,1.0,126.477947541239,37.6741659636721,2871032000,True,True,True
12871000005,A03,29.0,19,사랑의 집 노인요양원,인천광역시,강화군,인천광역시 강화군 길상면 길상로 329 (길상면 외 3필지),원주소,인천 강화군 길상면 길상로 329,1.0,126.491989755941,37.6404653033111,2871033000,True,True,True
12871000006,A03,13.0,12,즐거운우리집,인천광역시,강화군,인천광역시 강화군 하점면 고려산로 89-19 (하점면),원주소,인천 강화군 하점면 고려산로 89-19,1.0,126.436140778978,37.7653245937123,2871037000,True,True,True
12871000012,A03,29.0,16,강화하나요양원,인천광역시,강화군,인천광역시 강화군 선원면 중앙로 144 (선원면),원주소,인천 강화군 선원면 중앙로 144,1.0,126.489071563279,37.7308512931482,2871031000,True,True,True
12871000013,A03,60.0,55,성안나의집,인천광역시,강화군,인천광역시 강화군 길상면 전등사로 79 (길상면 성안나의집),원주소,인천 강화군 길상면 전등사로 79,1.0,126.490952944708,37.6357981040019,2871033000,True,True,True
12871000025,A03,29.0,28,강화요양원,인천광역시,강화군,인천광역시 강화군 하점면 인화로 28 (하점면),원주소,인천 강화군 하점면 인화로 28,1.0,126.397623901101,37.7843621124356,2871037000,True,True,True
12871000039,A04,9.0,9,엠마우스 노인요양공동생활가정,인천광역시,강화군,인천광역시 강화군 화도면 마니산로 686-6 (화도면),원주소,인천 강화군 화도면 마니산로 686-6,1.0,126.422265365149,37.6341495710003,2871034000,True,True,True
12871000059,A03,18.0,17,강화노인복지센터부설 한울요양원,인천광역시,강화군,인천광역시 강화군 선원면 시리미로225번길 3-27 (선원면),원주소,인천 강화군 선원면 시리미로225번길 3-27,1.0,126.455236197308,37.7247256048375,2871031000,True,True,True
12871000061,A03,90.0,72,강화꽃동네노인요양원,인천광역시,강화군,인천광역시 강화군 양사면 덕하로114번길 71 (양사면),원주소,인천 강화군 양사면 덕하로114번길 71,1.0,126.424618914407,37.7953043807109,2871038000,True,True,True
12871000062,A03,100.0,98,바다의 별 요양원,인천광역시,강화군,인천광역시 강화군 선원면 시리미로 42 (선원면),원주소,인천 강화군 선원면 시리미로 42,1.0,126.474471152591,37.7248575184162,2871031000,True,True,True
12871000069,A03,29.0,26,햇살실버타운,인천광역시,강화군,인천광역시 강화군 강화읍 국화길 21 (강화읍),원주소,인천 강화군 강화읍 국화길 21,1.0,126.47027617116,37.7505098861102,2871025000,True,True,True
12871000076,A03,80.0,34,삼성너싱홈,인천광역시,강화군,인천광역시 강화군 불은면 중앙로 671 (불은면),원주소,인천 강화군 불은면 중앙로 671,1.0,126.443607472496,37.7049150800939,2871032000,True,True,True
12871000080,A03,61.0,24,마리실버힐,인천광역시,강화군,인천광역시 강화군 화도면 마니산로739번길 26-49 (화도면),원주소,인천 강화군 화도면 마니산로739번길 26-49,1.0,126.413908076995,37.629580687799,2871034000,True,True,True
12871000088,A03,60.0,25,강화실버빌,인천광역시,강화군,인천광역시 강화군 양도면 강화남로 862 (양도면),원주소,인천 강화군 양도면 강화남로 862,1.0,126.417719065322,37.6743087084844,2871035000,True,True,True
12871000099,A04,9.0,9,우림실버홈,인천광역시,강화군,인천광역시 강화군 길상면 강화동로 151 (길상면),원주소,인천 강화군 길상면 강화동로 151,1.0,126.492280695575,37.6527359380158,2871033000,True,True,True
12871000102,A03,100.0,55,강화은혜전문요양원,인천광역시,강화군,인천광역시 강화군 불은면 강화동로314번길 22 (불은면),원주소,인천 강화군 불은면 강화동로314번길 22,1.0,126.493878675854,37.6653811105137,2871032000,True,True,True
12871000106,A04,9.0,9,수림e좋은요양원,인천광역시,강화군,인천광역시 강화군 하점면 강화서로 536-80 (하점면),원주소,인천 강화군 하점면 강화서로 536-80,1.0,126.393993860595,37.7429848885746,2871037000,True,True,True
12871000111,A04,9.0,9,강화해피빌 노인요양공동생활가정,인천광역시,강화군,인천광역시 강화군 내가면 황청포구로385번길 55-45 (내가면),원주소,인천 강화군 내가면 황청포구로385번길 55-45,1.0,126.365739630404,37.7171994166814,2871036000,True,True,True
12871000116,A04,9.0,6,사랑이 머무는 들녘,인천광역시,강화군,인천광역시 강화군 양사면 생설미길31번길 48 (양사면),원주소,인천 강화군 양사면 생설미길31번길 48,1.0,126.403460523889,37.8145474379703,2871038000,True,True,True
12871000118,A04,9.0,9,행복이 가득한집,인천광역시,강화군,인천광역시 강화군 강화읍 대산길51번길 6 (강화읍),원주소,인천 강화군 강화읍 대산길51번길 6,1.0,126.487735104011,37.765439706895,2871025000,True,True,True
12871000119,A03,19.0,12,임마누엘 요양원,인천광역시,강화군,인천광역시 강화군 양도면 강화남로905번길 36 (양도면),원주소,인천 강화군 양도면 강화남로905번길 36,1.0,126.413107124093,37.6794294694189,2871035000,True,True,True
12871000124,A03,28.0,28,늘편안한요양원,인천광역시,강화군,인천광역시 강화군 하점면 고려산로 553-4 (하점면),원주소,인천 강화군 하점면 고려산로 553-4,1.0,126.389011552039,37.7504615128962,2871037000,True,True,True
12871000129,A03,29.0,23,강화군 요양원,인천광역시,강화군,인천광역시 강화군 길상면 길상로 272 (길상면),원주소,인천 강화군 길상면 길상로 272,1.0,126.4951277265,37.6355953934584,2871033000,True,True,True
12871000134,A03,11.0,8,실버프리 강화,인천광역시,강화군,인천광역시 강화군 화도면 마니산로 474 (화도면),원주소,인천 강화군 화도면 마니산로 474,1.0,126.44228928814,37.6317331947755,2871034000,True,True,True
12871000136,A03,90.0,90,진남요양원,인천광역시,강화군,인천광역시 강화군 양도면 고려왕릉로139번길 10-11 (양도면),원주소,인천 강화군 양도면 고려왕릉로139번길 10-11,1.0,126.458131284594,37.6606851045753,2871035000,True,True,True
12871000143,A03,38.0,24,강화백석노인전문요양원,인천광역시,강화군,인천광역시 강화군 양도면 강화남로 596 (양도면),원주소,인천 강화군 양도면 강화남로 596,1.0,126.428743687178,37.6550557477556,2871035000,True,True,True
12871000155,A03,28.0,29,강화플러스요양원,인천광역시,강화군,인천광역시 강화군 선원면 연동로73번길 13 (선원면),원주소,인천 강화군 선원면 연동로73번길 13,1.0,126.509896761738,37.7051799721729,2871031000,True,True,True
12871000159,A04,9.0,4,강화백세요양원,인천광역시,강화군,인천광역시 강화군 선원면 선원사지로191번길 35-24 (선원면),원주소,인천 강화군 선원면 선원사지로191번길 35-24,1.0,126.497692154384,37.7165510456333,2871031000,True,True,True
12871000160,A03,112.0,66,아름다운 실버타운,인천광역시,강화군,인천광역시 강화군 불은면 해안동로283번길 17 (불은면 아름다운 실버타운),원주소,인천 강화군 불은면 해안동로283번길 17,1.0,126.518734567833,37.6481972575675,2871032000,True,True,True
12871000164,A03,29.0,29,복된요양원,인천광역시,강화군,인천광역시 강화군 화도면 마니산로 574 (화도면),원주소,인천 강화군 화도면 마니산로 574,1.0,126.433048753053,37.6326292307295,2871034000,True,True,True
12871000167,A04,9.0,6,강화햇살요양원,인천광역시,강화군,인천광역시 강화군 하점면 고려산로 201 (하점면),원주소,인천 강화군 하점면 고려산로 201,1.0,126.422748139008,37.7653274139031,2871037000,True,True,True
12872000009,A03,39.0,14,백령도노인요양원,인천광역시,옹진군,인천광역시 옹진군 백령면 백령남로72번길 84-26 (백령면),원주소,인천 옹진군 백령면 백령남로72번길 84-26,1.0,124.710387094289,37.9641558704669,2872033000,True,True,True
12872000012,A03,63.0,46,노인보금자리건강센터(노인요양),인천광역시,옹진군,인천광역시 옹진군 영흥면 영흥로326번길 355 (영흥면),원주소,인천 옹진군 영흥면 영흥로326번길 355,1.0,126.466905299985,37.264730300279,2872036000,True,True,True
12872000016,A04,9.0,9,북도 공립 요양원(요양),인천광역시,옹진군,인천광역시 옹진군 북도면 시도로 64 (북도면),원주소,인천 옹진군 북도면 시도로 64,1.0,126.43057881172,37.5321817179629,2872031000,True,True,True
12872000018,A04,9.0,4,자월 공립 요양원(요양),인천광역시,옹진군,인천광역시 옹진군 자월면 자월서로342번길 34 (자월면),원주소,인천 옹진군 자월면 자월서로342번길 34,1.0,126.293428758059,37.2591834081203,2872037000,True,True,True
12872000020,A04,9.0,7,연평 공립 요양원(요양),인천광역시,옹진군,인천광역시 옹진군 연평면 연평리 325번지 160호 ,원주소,인천 옹진군 연평면 연평리 325,1.0,125.70307654652,37.6619067539563,2872038000,True,True,True
12872000022,A04,9.0,5,대청 공립 요양원(요양),인천광역시,옹진군,인천광역시 옹진군 대청면 대청로244번길 116-34 (대청면),원주소,인천 옹진군 대청면 대청로244번길 116-34,1.0,124.694584548779,37.832971863889,2872034000,True,True,True
12872000024,A04,9.0,0,덕적 공립 요양원(요양),인천광역시,옹진군,인천광역시 옹진군 덕적면 서포리 658번지 5호 ,지번정규화,인천 옹진군 덕적면 서포리 658-5,1.0,126.1092495622,37.2343513904592,2872035000,True,True,True
14111000023,A03,90.0,87,사회복지법인 죽파재단 감천장요양원,경기도,수원시,경기도 수원시 장안구 광교산로 22 (영화동),원주소,경기 수원시 장안구 광교산로 22,1.0,127.021344305607,37.2932987504459,4111158000,True,True,True
14111000024,A03,150.0,60,중앙요양원,경기도,수원시,경기도 수원시 권선구 서수원로53번길 25-43 (오목천동),원주소,경기 수원시 권선구 서수원로53번길 25-43,1.0,126.979054171927,37.2317299649235,4111355000,True,True,True
14111000032,A03,94.0,66,수원 아노가 요양원,경기도,수원시,경기도 수원시 팔달구 동말로38번길 4 (화서동),원주소,경기 수원시 팔달구 동말로38번길 4,1.0,126.998296019271,37.278099416284,4111568000,True,True,True
14111000034,A03,145.0,147,수원시립노인전문요양원,경기도,수원시,경기도 수원시 장안구 수일로 33 (파장동),원주소,경기 수원시 장안구 수일로 33,1.0,126.995273666789,37.3126588032314,4111156000,True,True,True
14111000037,A04,9.0,0,한누리노인요양공동생활가정,경기도,수원시,경기도 수원시 장안구 수일로42번길 8 (파장동),원주소,경기 수원시 장안구 수일로42번길 8,1.0,126.995639327182,37.3118209450007,4111156000,True,True,True
14111000041,A03,100.0,78,효행노인전문요양원,경기도,수원시,경기도 수원시 장안구 수일로191번길 84 (조원동),원주소,경기 수원시 장안구 수일로191번길 84,1.0,127.009401059095,37.3113201270386,4111159800,True,True,True
14111000091,A03,222.0,212,수원보훈요양원,경기도,수원시,경기도 수원시 장안구 광교산로 95 (하광교동),원주소,경기 수원시 장안구 광교산로 95,1.0,127.025859450876,37.2982962643998,4111160000,True,True,True
14111000128,A03,99.0,83,수원중앙전문요양센터,경기도,수원시,경기도 수원시 권선구 권선로 654 (권선동 4층),원주소,경기 수원시 권선구 권선로 654,1.0,127.022598713466,37.2599787709099,4111367000,True,True,True
14111000130,A03,49.0,40,수원은빛요양원,경기도,수원시,경기도 수원시 팔달구 장안로 3 (화서동 3층),원주소,경기 수원시 팔달구 장안로 3,1.0,127.006943898051,37.2854220626881,4111568000,True,True,True
14111000199,A03,28.0,14,보훈원 부설 전문요양센터,경기도,수원시,경기도 수원시 장안구 광교산로 97 (하광교동),원주소,경기 수원시 장안구 광교산로 97,1.0,127.026657220382,37.2983742073078,4111160000,True,True,True
14111000229,A04,9.0,8,행복나라 노인전문요양센터,경기도,수원시,경기도 수원시 장안구 정조로 1039 (송죽동 3층),원주소,경기 수원시 장안구 정조로 1039,1.0,127.006356484623,37.2987513293284,4111159100,True,True,True
14111000244,A03,49.0,45,다사랑노인복지요양원,경기도,수원시,경기도 수원시 권선구 노림로6번길 34 (호매실동),원주소,경기 수원시 권선구 노림로6번길 34,1.0,126.956525477301,37.2663566499928,4111366400,True,True,True
14111000245,A03,83.0,65,수원연세실버벨리,경기도,수원시,경기도 수원시 권선구 곡반정로 92 (곡반정동),원주소,경기 수원시 권선구 곡반정로 92,1.0,127.030351568448,37.2363163280901,4111369000,True,True,True
14111000252,A03,37.0,35,화단길요양원,경기도,수원시,경기도 수원시 팔달구 중부대로 177 (우만동 송림빌딩 8층),원주소,경기 수원시 팔달구 중부대로 177,1.0,127.035807805889,37.2777948676202,4111572000,True,True,True
14111000253,A03,35.0,25,늘봄실버벨리,경기도,수원시,경기도 수원시 권선구 세지로126번길 47-22 (권선동),원주소,경기 수원시 권선구 세지로126번길 47-22,1.0,127.022934581091,37.2631035218133,4111367000,True,True,True
14111000306,A04,9.0,8,새수원복지요양원,경기도,수원시,경기도 수원시 권선구 매송고색로503번길 87 2층 (오목천동),원주소,경기 수원시 권선구 매송고색로503번길 87,1.0,126.956410842935,37.2463639895161,4111355000,True,True,True
14111000311,A04,9.0,7,새수원노인요양공동생활가정,경기도,수원시,경기도 수원시 권선구 매송고색로503번길 87 1층 (오목천동),원주소,경기 수원시 권선구 매송고색로503번길 87,1.0,126.956410842935,37.2463639895161,4111355000,True,True,True
14111000323,A03,20.0,21,명은전문요양센터,경기도,수원시,경기도 수원시 장안구 대평로 128 206호 (정자동 파크프라자),원주소,경기 수원시 장안구 대평로 128,1.0,126.991284310825,37.2989760779077,4111157100,True,True,True
14111000324,A03,135.0,89,성루카노인전문요양센터,경기도,수원시,경기도 수원시 팔달구 경수대로 568 (인계동),원주소,경기 수원시 팔달구 경수대로 568,1.0,127.030911190004,37.2762715073553,4111573000,True,True,True
14111000336,A03,41.0,27,평강보훈요양센터,경기도,수원시,경기도 수원시 장안구 경수대로1220번길 6-5 (파장동),원주소,경기 수원시 장안구 경수대로1220번길 6-5,1.0,126.989087944021,37.3203758421435,4111156000,True,True,True
14111000344,A03,29.0,23,장안요양원,경기도,수원시,경기도 수원시 장안구 영화로26번길 21 302호 (영화동 북문프라자),원주소,경기 수원시 장안구 영화로26번길 21,1.0,127.01058097934,37.2901396312442,4111158000,True,True,True
14111000349,A03,83.0,66,영통종합요양센터,경기도,수원시,경기도 수원시 영통구 태장로 62 3층 (망포동),원주소,경기 수원시 영통구 태장로 62,1.0,127.053090000191,37.2389683857616,4111759300,True,True,True
14111000365,A04,9.0,8,행복나라노인전문요양센터 2동,경기도,수원시,경기도 수원시 장안구 정조로 1039 3층 (송죽동),원주소,경기 수원시 장안구 정조로 1039,1.0,127.006356484623,37.2987513293284,4111159100,True,True,True
14111000368,A03,75.0,74,수원VIP실버케어,경기도,수원시,경기도 수원시 팔달구 팔달로 24 (고등동),원주소,경기 수원시 팔달구 팔달로 24,1.0,127.001084730615,37.2709532708492,4111567000,True,True,True
14111000369,A03,33.0,31,효사랑요양원,경기도,수원시,경기도 수원시 팔달구 권광로 211 7층 (인계동 동수원메디뷰),원주소,경기 수원시 팔달구 권광로 211,1.0,127.03325084018,37.2662801304726,4111573000,True,True,True
14111000375,A03,21.0,20,고운손요양원,경기도,수원시,경기도 수원시 장안구 파장천로 45-18 (파장동),원주소,경기 수원시 장안구 파장천로 45-18,1.0,126.9960595195,37.3099331111684,4111156000,True,True,True
14111000382,A03,29.0,25,은혜요양원,경기도,수원시,경기도 수원시 장안구 파장로82번길 16 2층201호 (파장동 동영빌딩),원주소,경기 수원시 장안구 파장로82번길 16,1.0,126.992575382143,37.3071336071679,4111156000,True,True,True
14111000386,A03,58.0,46,수원어르신간호센터,경기도,수원시,경기도 수원시 장안구 송정로 96 5층 (정자동 벽산그랜드코아),원주소,경기 수원시 장안구 송정로 96,1.0,127.00778502772,37.2952267471235,4111157200,True,True,True
14111000407,A03,82.0,65,봄빛요양센터,경기도,수원시,경기도 수원시 팔달구 세지로267번길 14 1~4층 (인계동),도로명번호,경기 수원시 팔달구 세지로267번길 14,1.0,127.022851306654,37.2747891438072,4111573000,True,True,True
14111000409,A04,7.0,6,베데스다요양원,경기도,수원시,경기도 수원시 권선구 서둔로251번길 16-5 (탑동),원주소,경기 수원시 권선구 서둔로251번길 16-5,1.0,126.977722590944,37.2740556259681,4111356000,True,True,True
14111000410,A03,100.0,95,성심실버케어,경기도,수원시,경기도 수원시 장안구 장안로478번길 51 (이목동),원주소,경기 수원시 장안구 장안로478번길 51,1.0,126.974761807535,37.3211610669909,4111156000,True,True,True
14111000425,A03,36.0,33,봄빛요양원,경기도,수원시,경기도 수원시 권선구 정조로 522-2 (세류동),원주소,경기 수원시 권선구 정조로 522-2,1.0,127.011610752697,37.2558082584395,4111353000,True,True,True
14111000428,A04,9.0,8,굿모닝요양원,경기도,수원시,경기도 수원시 장안구 정자천로 187 2층207호 (정자동 롯데프라자),원주소,경기 수원시 장안구 정자천로 187,1.0,126.995455467239,37.296564685991,4111157300,True,True,True
14111000429,A03,72.0,62,선재재활전문요양원,경기도,수원시,경기도 수원시 장안구 송정로90번길 3 3 5 8층 (정자동),도로명번호,경기 수원시 장안구 송정로90번길 3,1.0,127.007286998334,37.2954081576604,4111157200,True,True,True
14111000432,A03,29.0,22,씨앤더블유너싱홈,경기도,수원시,경기도 수원시 영통구 매영로45번길 19 (매탄동),원주소,경기 수원시 영통구 매영로45번길 19,1.0,127.047993075656,37.2700283603968,4111752000,True,True,True
14111000434,A03,70.0,67,삼성로 너싱케어,경기도,수원시,경기도 수원시 영통구 삼성로 29 (신동),원주소,경기 수원시 영통구 삼성로 29,1.0,127.048430559729,37.247896947872,4111758000,True,True,True
14111000435,A03,111.0,73,늘푸른요양원,경기도,수원시,경기도 수원시 장안구 송정로 96 2 4층 (정자동 벽산그랜드코아),도로명번호,경기 수원시 장안구 송정로 96,1.0,127.00778502772,37.2952267471235,4111157200,True,True,True
14111000496,A03,48.0,33,미래노인요양원,경기도,수원시,경기도 수원시 팔달구 경수대로 557 (인계동),원주소,경기 수원시 팔달구 경수대로 557,1.0,127.029603378653,37.2757545543814,4111573000,True,True,True
14111000500,A03,46.0,36,매교예사랑실버케어,경기도,수원시,경기도 수원시 팔달구 매산로116번길 40 (매교동),원주소,경기 수원시 팔달구 매산로116번길 40,1.0,127.014079934139,37.2695849283046,4111565000,True,True,True
14111000528,A03,26.0,26,고색요양원,경기도,수원시,경기도 수원시 권선구 매송고색로804번길 49-61 (고색동),원주소,경기 수원시 권선구 매송고색로804번길 49-61,1.0,126.993238407574,37.2518236786783,4111355000,True,True,True
14111000539,A04,9.0,9,민들레요양원2,경기도,수원시,경기도 수원시 권선구 당진로 20 (당수동 304호.305호),원주소,경기 수원시 권선구 당진로 20,1.0,126.940885403891,37.2908416677551,4111370000,True,True,True
14111000551,A03,55.0,50,북수원요양원,경기도,수원시,경기도 수원시 장안구 경수대로1220번길 6-38 (파장동),원주소,경기 수원시 장안구 경수대로1220번길 6-38,1.0,126.989715168907,37.3207713619394,4111156000,True,True,True
14111000595,A03,36.0,32,실버사랑요양원,경기도,수원시,경기도 수원시 권선구 금곡로118번길 10 301호 (금곡동 일담타워),원주소,경기 수원시 권선구 금곡로118번길 10,1.0,126.942958716767,37.2734531675284,4111366200,True,True,True
14111000675,A03,49.0,35,로나요양원,경기도,수원시,경기도 수원시 팔달구 효원로 185 (인계동),원주소,경기 수원시 팔달구 효원로 185,1.0,127.022308808404,37.2643049108379,4111573000,True,True,True
14111000690,A03,44.0,37,행복한중앙요양원,경기도,수원시,경기도 수원시 권선구 매송고색로 662 (고색동),원주소,경기 수원시 권선구 매송고색로 662,1.0,126.976948276745,37.2494519717717,4111355000,True,True,True
14111000709,A03,49.0,48,섬김요양원,경기도,수원시,경기도 수원시 권선구 금곡로118번길 10 2층 (금곡동 일담타워),원주소,경기 수원시 권선구 금곡로118번길 10,1.0,126.942958716767,37.2734531675284,4111366200,True,True,True
14111000736,A03,24.0,23,재활플러스요양원,경기도,수원시,경기도 수원시 영통구 영통로 100 3층 (망포동 세호프라자),원주소,경기 수원시 영통구 영통로 100,1.0,127.058771373912,37.2378308351065,4111759300,True,True,True
14111000765,A03,99.0,71,주식회사 수원시니어 행복한요양원,경기도,수원시,경기도 수원시 팔달구 인계로 126 2 7~9층 (인계동),도로명번호,경기 수원시 팔달구 인계로 126,1.0,127.031261012062,37.2671423387988,4111573000,True,True,True
14111000767,A03,74.0,70,행궁요양원,경기도,수원시,경기도 수원시 팔달구 정조로 812 (팔달로1가),원주소,경기 수원시 팔달구 정조로 812,1.0,127.016885767345,37.2805601353498,4111574000,True,True,True
14111000771,A03,24.0,21,가인(嘉人)시니어케어빌,경기도,수원시,경기도 수원시 팔달구 팔달로 177 3~4층 (화서동),도로명번호,경기 수원시 팔달구 팔달로 177,1.0,127.006644930838,37.2839122988717,4111568000,True,True,True
14111000776,A03,21.0,21,이레요양원,경기도,수원시,경기도 수원시 장안구 대평로 128 4층402호 (정자동),원주소,경기 수원시 장안구 대평로 128,1.0,126.991284310825,37.2989760779077,4111157100,True,True,True
14111000781,A03,29.0,10,수원새빛요양원,경기도,수원시,경기도 수원시 권선구 권선로 678 (권선동),원주소,경기 수원시 권선구 권선로 678,1.0,127.025212365177,37.2593377819688,4111367000,True,True,True
14111000789,A03,62.0,61,삼성드림요양원,경기도,수원시,경기도 수원시 장안구 수일로117번길 37 (송죽동),원주소,경기 수원시 장안구 수일로117번길 37,1.0,127.003940640119,37.3108300915988,4111159100,True,True,True
14111000790,A03,49.0,30,영통마더링요양원,경기도,수원시,경기도 수원시 영통구 반달로7번길 40 8층802~804호 (영통동 평익칼라스위트),원주소,경기 수원시 영통구 반달로7번길 40,1.0,127.075207574175,37.2535353977607,4111758500,True,True,True
14111000791,A03,75.0,66,수원새봄요양원,경기도,수원시,경기도 수원시 장안구 수성로 308 (영화동),원주소,경기 수원시 장안구 수성로 308,1.0,127.005958432917,37.2912948147271,4111158000,True,True,True
14111000796,A03,47.0,38,감동요양원,경기도,수원시,경기도 수원시 권선구 매송고색로 755 401호 (고색동 중앙스포츠랜드),원주소,경기 수원시 권선구 매송고색로 755,1.0,126.986956701997,37.2528536773036,4111355000,True,True,True
14111000800,A03,27.0,20,포근한요양원,경기도,수원시,경기도 수원시 권선구 일월천로4번길 43-14 3~4층 (구운동),원주소,경기 수원시 권선구 일월천로4번길 43-14,1.0,126.974494783051,37.2830164473899,4111365000,True,True,True
14111000812,A04,9.0,9,수원산내들실버센터,경기도,수원시,경기도 수원시 팔달구 창룡대로 194 2층 (우만동),원주소,경기 수원시 팔달구 창룡대로 194,1.0,127.029780400117,37.2917773282982,4111571000,True,True,True
14111000817,A04,9.0,3,미소요양원,경기도,수원시,경기도 수원시 권선구 탑동로3번길 13 5층 (탑동),원주소,경기 수원시 권선구 탑동로3번길 13,1.0,126.974513078149,37.268888769772,4111356000,True,True,True
14111000818,A04,9.0,5,미소1요양원,경기도,수원시,경기도 수원시 권선구 탑동로3번길 13 4층 (탑동),원주소,경기 수원시 권선구 탑동로3번길 13,1.0,126.974513078149,37.268888769772,4111356000,True,True,True
14111000823,A04,9.0,9,가나요양센터,경기도,수원시,경기도 수원시 장안구 서부로 2189 5층 (율전동),원주소,경기 수원시 장안구 서부로 2189,1.0,126.972630870537,37.3036579931483,4111156600,True,True,True
14111000826,A03,49.0,33,엄마집요양원,경기도,수원시,경기도 수원시 팔달구 중부대로 177 5 6층 (우만동 송림빌딩),도로명번호,경기 수원시 팔달구 중부대로 177,1.0,127.035807805889,37.2777948676202,4111572000,True,True,True
14111000828,A03,72.0,72,스텔라실버요양원영통점,경기도,수원시,경기도 수원시 영통구 영통로200번길 50 (망포동),원주소,경기 수원시 영통구 영통로200번길 50,1.0,127.059268802214,37.2441444836987,4111759300,True,True,True
14111000830,A03,61.0,61,수원채움요양원,경기도,수원시,경기도 수원시 권선구 경수대로 287 (세류동),원주소,경기 수원시 권선구 경수대로 287,1.0,127.019697100683,37.2528172562678,4111353000,True,True,True
14111000837,A03,19.0,17,사임당요양원,경기도,수원시,경기도 수원시 팔달구 덕영대로697번길 17 6층601호 (화서동 그린프라자),원주소,경기 수원시 팔달구 덕영대로697번길 17,1.0,126.990959920591,37.2849386038752,4111569000,True,True,True
14111000845,A03,26.0,26,수원YWCA요양원,경기도,수원시,경기도 수원시 장안구 정자천로134번길 34 3층 (정자동),원주소,경기 수원시 장안구 정자천로134번길 34,1.0,126.991945442441,37.2918656784047,4111157200,True,True,True
14111000851,A03,49.0,44,우리함께요양원포유수원점,경기도,수원시,경기도 수원시 장안구 금당로39번길 6 1호 301호 (조원동),원주소,경기 수원시 장안구 금당로39번길 6,1.0,127.016087737324,37.3032213498485,4111159700,True,True,True
14111000860,A03,22.0,17,맘편한요양원,경기도,수원시,경기도 수원시 장안구 대평로 128 202호 (정자동),원주소,경기 수원시 장안구 대평로 128,1.0,126.991284310825,37.2989760779077,4111157100,True,True,True
14111000862,A03,83.0,74,현대노블카운티,경기도,수원시,경기도 수원시 영통구 영통로 104 (망포동),원주소,경기 수원시 영통구 영통로 104,1.0,127.058282583516,37.2379454194139,4111759300,True,True,True
14111000866,A04,9.0,9,이웃동네요양원,경기도,수원시,경기도 수원시 권선구 세권로195번길 20-4 4층 (권선동),원주소,경기 수원시 권선구 세권로195번길 20-4,1.0,127.026102237721,37.2560453578209,4111367000,True,True,True
14111000883,A03,99.0,95,사과나무요양원,경기도,수원시,경기도 수원시 권선구 서수원로37번길 27 (오목천동),원주소,경기 수원시 권선구 서수원로37번길 27,1.0,126.977826156546,37.2315412423184,4111355000,True,True,True
14111000886,A03,95.0,87,뜰안에요양원,경기도,수원시,경기도 수원시 권선구 서수원로37번길 29 (오목천동),원주소,경기 수원시 권선구 서수원로37번길 29,1.0,126.977402141735,37.2318250821074,4111355000,True,True,True
14111000887,A03,49.0,36,신영통삼성 요양원,경기도,수원시,경기도 수원시 영통구 영통로 103 202호 (망포동 뉴엘지프라자),원주소,경기 수원시 영통구 영통로 103,1.0,127.058295007231,37.2373951444689,4111759300,True,True,True
14111000890,A04,9.0,9,수원 상록수 재활 요양원,경기도,수원시,경기도 수원시 팔달구 중부대로128번길 49 2층 (인계동),원주소,경기 수원시 팔달구 중부대로128번길 49,1.0,127.029443578367,37.2759699428733,4111573000,True,True,True
14111000898,A03,49.0,46,수원우리요양원,경기도,수원시,경기도 수원시 장안구 파장로 29 (파장동),원주소,경기 수원시 장안구 파장로 29,1.0,126.997243029288,37.3046615459831,4111156000,True,True,True
14111000903,A03,41.0,40,라온힐요양원,경기도,수원시,경기도 수원시 권선구 고색로 126 (고색동),원주소,경기 수원시 권선구 고색로 126,1.0,126.990556833072,37.2520008206477,4111355000,True,True,True
14111000914,A03,99.0,57,골든네스트케어원,경기도,수원시,경기도 수원시 권선구 서수원로53번길 25-39 (오목천동),원주소,경기 수원시 권선구 서수원로53번길 25-39,1.0,126.979033733018,37.2326971451616,4111355000,True,True,True
14111000919,A03,63.0,46,새미래요양원,경기도,수원시,경기도 수원시 팔달구 경수대로 579 (인계동),원주소,경기 수원시 팔달구 경수대로 579,1.0,127.030412464219,37.2776367123745,4111573000,True,True,True
14111000924,A04,9.0,9,상록수 재활요양원,경기도,수원시,경기도 수원시 팔달구 중부대로128번길 49 2층 (인계동),원주소,경기 수원시 팔달구 중부대로128번길 49,1.0,127.029443578367,37.2759699428733,4111573000,True,True,True
14111000925,A03,93.0,91,하나재활요양원,경기도,수원시,경기도 수원시 팔달구 화서문로72번길 33 (북수동),원주소,경기 수원시 팔달구 화서문로72번길 33,1.0,127.01685891743,37.2845464272798,4111574000,True,True,True
14111000930,A03,99.0,68,노블레스아모르파티요양원,경기도,수원시,경기도 수원시 장안구 장안로496번길 65 (이목동),원주소,경기 수원시 장안구 장안로496번길 65,1.0,126.972434896257,37.3204780149605,4111156000,True,True,True
14111000935,A03,72.0,54,센트럴시니어스요양원,경기도,수원시,경기도 수원시 팔달구 중부대로125번길 4 (지동),원주소,경기 수원시 팔달구 중부대로125번길 4,1.0,127.030137863002,37.2786673921308,4111570000,True,True,True
14111000937,A03,83.0,57,풀문노블카운티,경기도,수원시,경기도 수원시 권선구 덕영대로 1156 (세류동),원주소,경기 수원시 권선구 덕영대로 1156,1.0,127.016916221937,37.2503606291781,4111353000,True,True,True
14111000940,A03,60.0,57,힘찬요양원,경기도,수원시,경기도 수원시 장안구 경수대로1220번길 30-78 (파장동),원주소,경기 수원시 장안구 경수대로1220번길 30-78,1.0,126.992646795958,37.3232316716981,4111156000,True,True,True
14111000941,A03,47.0,47,효봉노인전문요양원,경기도,수원시,경기도 수원시 장안구 만석로 219 (송죽동),원주소,경기 수원시 장안구 만석로 219,1.0,127.001601169362,37.3057851590081,4111159100,True,True,True
14111000945,A03,48.0,48,탑케어하우스,경기도,수원시,경기도 수원시 권선구 서둔로167번길 52 (탑동),원주소,경기 수원시 권선구 서둔로167번길 52,1.0,126.978777308377,37.2678635950386,4111356000,True,True,True
14111000957,A03,45.0,43,나나재활요양원,경기도,수원시,경기도 수원시 권선구 상탑로 80-6 (서둔동),원주소,경기 수원시 권선구 상탑로 80-6,1.0,126.980074175865,37.2712801185287,4111356000,True,True,True
14111000963,A03,27.0,23,가람실버요양원,경기도,수원시,경기도 수원시 권선구 세권로195번길 33 4층 (권선동 SK프라자),원주소,경기 수원시 권선구 세권로195번길 33,1.0,127.026065992194,37.2568493667416,4111367000,True,True,True
14111000966,A03,49.0,43,다온요양원,경기도,수원시,경기도 수원시 장안구 장안로30번길 4 (영화동),원주소,경기 수원시 장안구 장안로30번길 4,1.0,127.005964567579,37.2875755085658,4111158000,True,True,True
14111000968,A03,80.0,60,굿모닝재활요양원,경기도,수원시,경기도 수원시 영통구 신원로 179-19 (신동),원주소,경기 수원시 영통구 신원로 179-19,1.0,127.058134828624,37.2521661436495,4111758000,True,True,True
14111000977,A03,49.0,28,좋은인연요양센터,경기도,수원시,경기도 수원시 권선구 곡선로49번길 40-2 (곡반정동),원주소,경기 수원시 권선구 곡선로49번길 40-2,1.0,127.030910643102,37.2404491915861,4111369000,True,True,True
14111000989,A03,73.0,10,두손노인전문요양원,경기도,수원시,경기도 수원시 팔달구 중부대로10번길 9 (구천동),원주소,경기 수원시 팔달구 중부대로10번길 9,1.0,127.017556548478,37.2746011893476,4111574000,True,True,True
14111000993,A03,49.0,45,웃음꽃요양원,경기도,수원시,경기도 수원시 권선구 서수원로37번길 6-1 (오목천동),원주소,경기 수원시 권선구 서수원로37번길 6-1,1.0,126.978808881239,37.2336343740841,4111355000,True,True,True
14111000994,A04,9.0,8,온정요양원,경기도,수원시,경기도 수원시 권선구 세권로195번길 20-4 5층 (권선동),원주소,경기 수원시 권선구 세권로195번길 20-4,1.0,127.026102237721,37.2560453578209,4111367000,True,True,True
14111001003,A03,74.0,51,라온팰리스요양원,경기도,수원시,경기도 수원시 권선구 매실로 20 (호매실동),원주소,경기 수원시 권선구 매실로 20,1.0,126.953268526517,37.2673106034805,4111366400,True,True,True
14111001014,A03,49.0,39,샤론의꽃요양원,경기도,수원시,경기도 수원시 권선구 서수원로37번길 6-3 (오목천동),원주소,경기 수원시 권선구 서수원로37번길 6-3,1.0,126.978602839522,37.2337879655121,4111355000,True,True,True
14111001021,A04,9.0,8,경기실버빌 요양원A,경기도,수원시,경기도 수원시 팔달구 중부대로128번길 49 401호 (인계동),원주소,경기 수원시 팔달구 중부대로128번길 49,1.0,127.029443578367,37.2759699428733,4111573000,True,True,True
14111001022,A04,9.0,9,경기실버빌 요양원B,경기도,수원시,경기도 수원시 팔달구 중부대로128번길 49 402호 (인계동),원주소,경기 수원시 팔달구 중부대로128번길 49,1.0,127.029443578367,37.2759699428733,4111573000,True,True,True
14111001024,A03,42.0,37,동수원 요양원,경기도,수원시,경기도 수원시 팔달구 중부대로 177 201 901호 (우만동),도로명번호,경기 수원시 팔달구 중부대로 177,1.0,127.035807805889,37.2777948676202,4111572000,True,True,True
14111001030,A03,59.0,48,하나밸리요양원,경기도,수원시,경기도 수원시 권선구 곡반정로 46-43 (곡반정동),원주소,경기 수원시 권선구 곡반정로 46-43,1.0,127.027605720887,37.2315560492814,4111369000,True,True,True
14111001042,A03,29.0,7,사랑꽃요양원,경기도,수원시,경기도 수원시 권선구 서수원로37번길 6-11 (오목천동),원주소,경기 수원시 권선구 서수원로37번길 6-11,1.0,126.978349462352,37.2335628379764,4111355000,True,True,True
14111001059,A03,75.0,73,스텔라 실버요양원 북수원점,경기도,수원시,경기도 수원시 장안구 경수대로 1018 (송죽동),원주소,경기 수원시 장안구 경수대로 1018,1.0,127.00070014824,37.3068947932466,4111159100,True,True,True
14113000007,A03,35.0,35,실버릿지판교,경기도,성남시,경기도 성남시 수정구 사송로80번길 7 (사송동),원주소,경기 성남시 수정구 사송로80번길 7,1.0,127.110309945114,37.4148731824236,4113165000,True,True,True
14113000009,A03,17.0,17,인보의집소규모요양시설,경기도,성남시,경기도 성남시 수정구 탄리로 49 (수진동),원주소,경기 성남시 수정구 탄리로 49,1.0,127.136764699037,37.4404483738015,4113157000,True,True,True
14113000024,A03,89.0,54,자광원,경기도,성남시,경기도 성남시 수정구 가마절로 40 (복정동),키워드(검증),경기 성남시 수정구 복정동 116-3,1.0,127.139242376539,37.4596165161381,4113162000,True,True,True
14113000049,A03,35.0,35,정성노인의집,경기도,성남시,경기도 성남시 분당구 석운로 146 (석운동),원주소,경기 성남시 분당구 석운로 146,1.0,127.045637039685,37.3754289942581,4113568000,True,True,True
14113000051,A03,21.0,21,시온의집,경기도,성남시,경기도 성남시 중원구 둔촌대로389번길 22 (상대원동),원주소,경기 성남시 중원구 둔촌대로389번길 22,1.0,127.16075792003,37.4353606008086,4113357000,True,True,True
14113000123,A03,93.0,89,순효노인요양원,경기도,성남시,경기도 성남시 중원구 산성대로 94 (성남동 정빌딩),원주소,경기 성남시 중원구 산성대로 94,1.0,127.129652657806,37.433341793118,4113351000,True,True,True
14113000138,A04,9.0,8,분당 참사랑 실버홈(1호점),경기도,성남시,경기도 성남시 분당구 야탑로 24 (야탑동 덕인빌딩201호),원주소,경기 성남시 분당구 야탑로 24,1.0,127.12161476498,37.4085706382227,4113563000,True,True,True
14113000139,A04,9.0,7,분당 참사랑 실버홈(2호점),경기도,성남시,경기도 성남시 분당구 야탑로 24 (야탑동 덕인빌딩 201),원주소,경기 성남시 분당구 야탑로 24,1.0,127.12161476498,37.4085706382227,4113563000,True,True,True
14113000141,A04,9.0,9,분당 참사랑 실버홈(3호점),경기도,성남시,경기도 성남시 분당구 야탑로 24 (야탑동),원주소,경기 성남시 분당구 야탑로 24,1.0,127.12161476498,37.4085706382227,4113563000,True,True,True
14113000231,A03,29.0,27,YWCA 은학의 집,경기도,성남시,경기도 성남시 분당구 벌말로30번길 41 (야탑동),원주소,경기 성남시 분당구 벌말로30번길 41,1.0,127.142653740893,37.4100483137789,4113564000,True,True,True
14113000234,A03,138.0,133,성남시노인보건센터,경기도,성남시,경기도 성남시 중원구 금상로 137 (상대원동),원주소,경기 성남시 중원구 금상로 137,1.0,127.170580838216,37.4421562499795,4113357000,True,True,True
14113000272,A04,9.0,9,벧엘요양센터,경기도,성남시,경기도 성남시 중원구 광명로 331 3층 (금광동),원주소,경기 성남시 중원구 광명로 331,1.0,127.162633431352,37.4457299707448,4113354000,True,True,True
14113000284,A03,162.0,138,성남요양원,경기도,성남시,경기도 성남시 수정구 수정북로 90 (태평동),원주소,경기 성남시 수정구 수정북로 90,1.0,127.139339882036,37.4438158802313,4113155000,True,True,True
14113000293,A03,135.0,122,석운노인전문요양원,경기도,성남시,경기도 성남시 분당구 석운로 133 (석운동),원주소,경기 성남시 분당구 석운로 133,1.0,127.044581488516,37.3751919767389,4113568000,True,True,True
14113000329,A03,49.0,37,더힐링요양원,경기도,성남시,경기도 성남시 분당구 장안로16번길 10 (분당동),원주소,경기 성남시 분당구 장안로16번길 10,1.0,127.142533789868,37.367940620507,4113551000,True,True,True
14113000345,A03,36.0,31,메디케어,경기도,성남시,경기도 성남시 분당구 미금로 48 (구미동 오성프라자 5층),원주소,경기 성남시 분당구 미금로 48,1.0,127.116506163087,37.3377550363499,4113567000,True,True,True
14113000374,A03,49.0,40,분당메디케어,경기도,성남시,경기도 성남시 분당구 정자일로 158 8층 (정자동 백궁프라자2차),원주소,경기 성남시 분당구 정자일로 158,1.0,127.106311805523,37.3643456065408,4113555000,True,True,True
14113000381,A04,9.0,9,성남어르신요양센터1호점,경기도,성남시,경기도 성남시 수정구 수정로 144 4층 (수진동),원주소,경기 성남시 수정구 수정로 144,1.0,127.136119761499,37.4418570434698,4113157000,True,True,True
14113000382,A04,9.0,9,성남어르신요양센터2호점,경기도,성남시,경기도 성남시 수정구 수정로 144 4층 (수진동),원주소,경기 성남시 수정구 수정로 144,1.0,127.136119761499,37.4418570434698,4113157000,True,True,True
14113000458,A03,72.0,22,로뎀나무 요양원,경기도,성남시,경기도 성남시 수정구 탄리로 108-1 (태평동 혜성빌딩 4층),원주소,경기 성남시 수정구 탄리로 108-1,1.0,127.134774410742,37.445602478843,4113155000,True,True,True
14113000481,A03,41.0,38,베스트요양원,경기도,성남시,경기도 성남시 중원구 도촌남로 33 (도촌동 601 401 402호(세일프라자)),원주소,경기 성남시 중원구 도촌남로 33,1.0,127.151143073385,37.4145639434219,4113367000,True,True,True
14113000484,A03,29.0,20,성남 천상의집 1관,경기도,성남시,경기도 성남시 분당구 성남대로779번길 13 201호 (이매동 오성프라자),원주소,경기 성남시 분당구 성남대로779번길 13,1.0,127.126910733086,37.3989207315924,4113560000,True,True,True
14113000485,A03,29.0,12,성남 천상의집 2관,경기도,성남시,경기도 성남시 분당구 성남대로779번길 13 (이매동 오성프라자 301 302 401 404~406),원주소,경기 성남시 분당구 성남대로779번길 13,1.0,127.126910733086,37.3989207315924,4113560000,True,True,True
14113000492,A03,27.0,26,성남은빛요양원,경기도,성남시,경기도 성남시 중원구 둔촌대로425번길 28 5 6 7층 (상대원동),도로명번호,경기 성남시 중원구 둔촌대로425번길 28,1.0,127.164542210792,37.4354957716936,4113357000,True,True,True
14113000493,A03,21.0,16,정자메디케어요양원,경기도,성남시,경기도 성남시 분당구 정자일로 158 6층601-604호 (정자동),원주소,경기 성남시 분당구 정자일로 158,1.0,127.106311805523,37.3643456065408,4113555000,True,True,True
14113000500,A03,73.0,70,스카이빌요양원,경기도,성남시,경기도 성남시 수정구 수정로 76 (수진동),원주소,경기 성남시 수정구 수정로 76,1.0,127.12900455165,37.4398589145499,4113158000,True,True,True
14113000512,A03,81.0,66,에이치요양원,경기도,성남시,경기도 성남시 분당구 백현로 97 (수내동 다운타운빌딩 1101호),원주소,경기 성남시 분당구 백현로 97,1.0,127.111399067565,37.3768376971862,4113552000,True,True,True
14113000523,A03,25.0,22,고운손요양원,경기도,성남시,경기도 성남시 분당구 구미로 124 4층 (구미동 구미동 굿모닝프라자1),원주소,경기 성남시 분당구 구미로 124,1.0,127.122357193762,37.3399646730975,4113567000,True,True,True
14113000585,A03,78.0,68,효사랑요양원,경기도,성남시,경기도 성남시 중원구 둔촌대로 220 (하대원동),원주소,경기 성남시 중원구 둔촌대로 220,1.0,127.142642463094,37.4277471999302,4113366000,True,True,True
14113000633,A03,98.0,79,파드마노인전문요양원,경기도,성남시,경기도 성남시 중원구 제일로73번길 6 (성남동),원주소,경기 성남시 중원구 제일로73번길 6,1.0,127.134734566653,37.4335909170637,4113351000,True,True,True
14113000642,A03,40.0,41,위례보아스요양원,경기도,성남시,경기도 성남시 수정구 위례서일로 12 7층 (창곡동),원주소,경기 성남시 수정구 위례서일로 12,1.0,127.137352114871,37.4653179843628,4113162500,True,True,True
14113000679,A03,41.0,34,가천효요양원,경기도,성남시,경기도 성남시 수정구 성남대로 1334 4층 (태평동),원주소,경기 성남시 수정구 성남대로 1334,1.0,127.127131534265,37.4488403598708,4113154000,True,True,True
14113000697,A03,42.0,42,괜찮은 요양원,경기도,성남시,경기도 성남시 중원구 광명로 57 (성남동),원주소,경기 성남시 중원구 광명로 57,1.0,127.135412955802,37.4342807702935,4113351000,True,True,True
14113000703,A03,20.0,19,이진'요양원,경기도,성남시,경기도 성남시 중원구 양현로 409 9층 (여수동 어반스퀘어),원주소,경기 성남시 중원구 양현로 409,1.0,127.127403122464,37.4171197166796,4113367000,True,True,True
14113000709,A03,75.0,73,성모실버홈,경기도,성남시,경기도 성남시 수정구 성남대로1226번길 19 (수진동),원주소,경기 성남시 수정구 성남대로1226번길 19,1.0,127.130044046704,37.439999595164,4113158000,True,True,True
14113000713,A03,73.0,63,태평요양원,경기도,성남시,경기도 성남시 수정구 시민로186번길 5 (태평동),원주소,경기 성남시 수정구 시민로186번길 5,1.0,127.142712555839,37.4447899967383,4113156100,True,True,True
14113000723,A03,42.0,42,일정요양원,경기도,성남시,경기도 성남시 중원구 성남대로1130번길 25 (성남동),원주소,경기 성남시 중원구 성남대로1130번길 25,1.0,127.132202036745,37.4309670451054,4113351000,True,True,True
14113000728,A03,49.0,44,노블레스요양원,경기도,성남시,경기도 성남시 중원구 도촌로 12 501호 (도촌동),원주소,경기 성남시 중원구 도촌로 12,1.0,127.150755655958,37.4152031699503,4113367000,True,True,True
14113000729,A03,26.0,26,위례수실버요양원,경기도,성남시,경기도 성남시 수정구 위례광장로 310 A동801호 (창곡동),원주소,경기 성남시 수정구 위례광장로 310,1.0,127.142939037608,37.4727089219441,4113162500,True,True,True
14113000795,A04,9.0,9,한마음요양원,경기도,성남시,경기도 성남시 중원구 광명로 336 5층 (금광동),원주소,경기 성남시 중원구 광명로 336,1.0,127.163197129645,37.4454770000728,4113353000,True,True,True
14115000007,A04,9.0,8,나눔의샘평안노인요양공동생활가정,경기도,의정부시,경기도 의정부시 부용로214번길 26 (신곡동 2~3층),원주소,경기 의정부시 부용로214번길 26,1.0,127.078539902287,37.7490979858407,4115056800,True,True,True
14115000013,A03,86.0,54,나눔의샘전문요양원,경기도,의정부시,경기도 의정부시 오목로 134 (민락동),원주소,경기 의정부시 오목로 134,1.0,127.094653900218,37.7392172988698,4115057600,True,True,True
14115000043,A03,20.0,20,시온의집 요양원,경기도,의정부시,경기도 의정부시 시민로387번길 59 (용현동),원주소,경기 의정부시 시민로387번길 59,1.0,127.077090999059,37.7370305566202,4115057300,True,True,True
14115000224,A03,29.0,18,효실버카운티,경기도,의정부시,경기도 의정부시 금신로 323 4층 (신곡동 대영프라자),원주소,경기 의정부시 금신로 323,1.0,127.06167854885,37.7447786829895,4115056800,True,True,True
14115000232,A03,27.0,27,예다움요양원,경기도,의정부시,경기도 의정부시 장곡로 606 (신곡동 엘리트타운 8층),원주소,경기 의정부시 장곡로 606,1.0,127.070064250148,37.7499800605712,4115056800,True,True,True
14115000284,A03,42.0,27,사랑가득요양원,경기도,의정부시,경기도 의정부시 신흥로119번길 68 (호원동),원주소,경기 의정부시 신흥로119번길 68,1.0,127.039574649161,37.7273190905269,4115055500,True,True,True
14115000289,A03,45.0,40,의정부소망노인요양원,경기도,의정부시,경기도 의정부시 송산로1181번길 70-41 (용현동),원주소,경기 의정부시 송산로1181번길 70-41,1.0,127.081481876636,37.7279697883942,4115057300,True,True,True
14115000322,A03,103.0,75,축복의 향기 요양원,경기도,의정부시,경기도 의정부시 송산로939번길 79 (산곡동),원주소,경기 의정부시 송산로939번길 79,1.0,127.101094939291,37.7123459803469,4115063000,True,True,True
14115000323,A03,37.0,35,우리노인요양원(녹양),경기도,의정부시,경기도 의정부시 입석로70번길 58 (녹양동),원주소,경기 의정부시 입석로70번길 58,1.0,127.018735134991,37.7573623711148,4115062000,True,True,True
14115000324,A03,39.0,36,의정부 사랑마루,경기도,의정부시,경기도 의정부시 회룡로 188 (장암동),원주소,경기 의정부시 회룡로 188,1.0,127.054587671794,37.7263677056064,4115056100,True,True,True
14115000328,A03,46.0,38,푸른숲요양원,경기도,의정부시,경기도 의정부시 녹양로125번길 133 (녹양동),원주소,경기 의정부시 녹양로125번길 133,1.0,127.027195685466,37.7624059536794,4115062000,True,True,True
14115000332,A03,29.0,22,정인실버,경기도,의정부시,경기도 의정부시 호국로 1336 1001호 (의정부동 탑빌딩),원주소,경기 의정부시 호국로 1336,1.0,127.052360967275,37.744064487699,4115051000,True,True,True
14115000343,A03,27.0,25,루시아 참 요양원,경기도,의정부시,경기도 의정부시 입석로70번길 60 (녹양동),원주소,경기 의정부시 입석로70번길 60,1.0,127.018843567559,37.757594713139,4115062000,True,True,True
14115000356,A03,133.0,119,가능요양복지센터,경기도,의정부시,경기도 의정부시 녹양로 16 (가능동),원주소,경기 의정부시 녹양로 16,1.0,127.032596597199,37.7528827175963,4115059500,True,True,True
14115000357,A04,9.0,9,노인요양공동생활가정 행복한 쉼터,경기도,의정부시,경기도 의정부시 비우로108번길 46-9 (녹양동),원주소,경기 의정부시 비우로108번길 46-9,1.0,127.037893593988,37.757224605557,4115062000,True,True,True
14115000359,A04,9.0,5,용현노인생활가정,경기도,의정부시,경기도 의정부시 충의로 37 4층 (용현동),원주소,경기 의정부시 충의로 37,1.0,127.087811042933,37.7352091360834,4115057300,True,True,True
14115000372,A03,70.0,43,금오사랑가득요양원,경기도,의정부시,경기도 의정부시 금오로 102 (금오동),원주소,경기 의정부시 금오로 102,1.0,127.076597165538,37.7564167400098,4115058000,True,True,True
14115000391,A03,29.0,23,보금자리요양원,경기도,의정부시,경기도 의정부시 체육로 298-7 (녹양동 크로바 프라자 3 7층),원주소,경기 의정부시 체육로 298-7,1.0,127.041001007472,37.7607014760811,4115062000,True,True,True
14115000401,A03,22.0,20,늘예랑요양원(3),경기도,의정부시,경기도 의정부시 장곡로 626 (신곡동 금오종합상가 B동 803 4 5 6호),원주소,경기 의정부시 장곡로 626,1.0,127.072289947549,37.7504506433524,4115056800,True,True,True
14115000405,A03,49.0,39,의정부행복한요양원,경기도,의정부시,경기도 의정부시 송산로1181번길 70-31 (용현동),원주소,경기 의정부시 송산로1181번길 70-31,1.0,127.081632025272,37.728036896955,4115057300,True,True,True
14115000422,A03,75.0,56,휴마루 시니어타운,경기도,의정부시,경기도 의정부시 오목로35번길 25-25 (용현동),원주소,경기 의정부시 오목로35번길 25-25,1.0,127.084929526873,37.7337389723021,4115057300,True,True,True
14115000436,A03,108.0,92,21세기요양복지센터,경기도,의정부시,경기도 의정부시 안말로 66 (호원동),원주소,경기 의정부시 안말로 66,1.0,127.046036306524,37.7144591496243,4115054500,True,True,True
14115000473,A04,9.0,9,해맑은 요양원,경기도,의정부시,경기도 의정부시 호국로 1319 5층 (의정부동),원주소,경기 의정부시 호국로 1319,1.0,127.050761761901,37.743916437322,4115051000,True,True,True
14115000495,A03,41.0,24,의정부노인센터 실버빌,경기도,의정부시,경기도 의정부시 경의로 41 (의정부동),원주소,경기 의정부시 경의로 41,1.0,127.039956629268,37.7331059874288,4115052000,True,True,True
14115000496,A04,9.0,9,해맑은 요양원(2),경기도,의정부시,경기도 의정부시 호국로 1319 5층 (의정부동),원주소,경기 의정부시 호국로 1319,1.0,127.050761761901,37.743916437322,4115051000,True,True,True
14115000514,A03,83.0,74,노블레스 요양원,경기도,의정부시,경기도 의정부시 송산로1181번길 107-6 (용현동),원주소,경기 의정부시 송산로1181번길 107-6,1.0,127.082447221634,37.7269557049532,4115057300,True,True,True
14115000520,A03,23.0,22,예가요양원,경기도,의정부시,경기도 의정부시 오목로225번길 140 405호 (민락동 성산타워),원주소,경기 의정부시 오목로225번길 140,1.0,127.09488765612,37.7450286296568,4115057800,True,True,True
14115000523,A04,9.0,9,해오름요양원1관,경기도,의정부시,경기도 의정부시 금오로 121-7 3층 (금오동),원주소,경기 의정부시 금오로 121-7,1.0,127.078467897151,37.75763073306,4115058000,True,True,True
14115000524,A04,9.0,10,해오름요양원2관,경기도,의정부시,경기도 의정부시 금오로 121-7 2층 (금오동),원주소,경기 의정부시 금오로 121-7,1.0,127.078467897151,37.75763073306,4115058000,True,True,True
14115000529,A04,9.0,9,카네이션요양원,경기도,의정부시,경기도 의정부시 체육로 306-14 5층 (녹양동 센츄럴프라자),원주소,경기 의정부시 체육로 306-14,1.0,127.041355526756,37.7604816065621,4115062000,True,True,True
14115000537,A03,29.0,29,호원 사랑마루 요양원,경기도,의정부시,경기도 의정부시 평화로 381 5층 (호원동 준원프라자),원주소,경기 의정부시 평화로 381,1.0,127.047897707767,37.7259685099567,4115055500,True,True,True
14115000539,A03,70.0,66,명품요양원,경기도,의정부시,경기도 의정부시 송산로1161번길 130 (용현동),원주소,경기 의정부시 송산로1161번길 130,1.0,127.083533437431,37.7273362312667,4115057300,True,True,True
14115000548,A03,29.0,25,연지곤지요양원,경기도,의정부시,경기도 의정부시 시민로 405 3층 (용현동),원주소,경기 의정부시 시민로 405,1.0,127.078926811861,37.7343383250335,4115057300,True,True,True
14115000556,A04,9.0,8,보금자리요양원(키움점),경기도,의정부시,경기도 의정부시 체육로 306-32 4층 (녹양동),원주소,경기 의정부시 체육로 306-32,1.0,127.041367904055,37.7596798323517,4115062000,True,True,True
14115000559,A03,21.0,21,한양실버캐슬요양원,경기도,의정부시,경기도 의정부시 오목로225번길 161 401호 (민락동),원주소,경기 의정부시 오목로225번길 161,1.0,127.096434394028,37.7449661986082,4115057800,True,True,True
14115000563,A03,17.0,15,느티나무요양원,경기도,의정부시,경기도 의정부시 오목로225번길 161 402호 (민락동),원주소,경기 의정부시 오목로225번길 161,1.0,127.096434394028,37.7449661986082,4115057800,True,True,True
14115000566,A03,25.0,21,민락소망요양원,경기도,의정부시,경기도 의정부시 오목로225번길 141 403호 (민락동),원주소,경기 의정부시 오목로225번길 141,1.0,127.095445080954,37.7454619057253,4115057800,True,True,True
14115000572,A03,49.0,33,희망요양원,경기도,의정부시,경기도 의정부시 호국로 1385 (금오동),원주소,경기 의정부시 호국로 1385,1.0,127.05648406673,37.7473037277591,4115058000,True,True,True
14115000577,A03,81.0,78,VIP보명요양원,경기도,의정부시,경기도 의정부시 능곡로26번길 49 (신곡동),원주소,경기 의정부시 능곡로26번길 49,1.0,127.062445233103,37.7406256238393,4115056800,True,True,True
14115000578,A03,23.0,8,100세누리효경요양원,경기도,의정부시,경기도 의정부시 청사로47번길 7-28 3층 (금오동),원주소,경기 의정부시 청사로47번길 7-28,1.0,127.069061645536,37.7515748243188,4115058000,True,True,True
14115000586,A03,20.0,16,가온요양원,경기도,의정부시,경기도 의정부시 오목로225번길 135 8층 (민락동),원주소,경기 의정부시 오목로225번길 135,1.0,127.095149937743,37.7456169306891,4115057800,True,True,True
14115000589,A03,29.0,28,성심제일요양원,경기도,의정부시,경기도 의정부시 오목로35번길 25-20 (용현동),원주소,경기 의정부시 오목로35번길 25-20,1.0,127.084952343119,37.7339497828603,4115057300,True,True,True
14115000592,A03,80.0,45,금오요양원,경기도,의정부시,경기도 의정부시 금오로 8 (금오동),원주소,경기 의정부시 금오로 8,1.0,127.066705708002,37.7530419650033,4115058000,True,True,True
14115000604,A03,40.0,39,참조은재활요양원,경기도,의정부시,경기도 의정부시 오목로205번길 61 6층 (민락동),원주소,경기 의정부시 오목로205번길 61,1.0,127.09547355642,37.7459891292506,4115057800,True,True,True
14115000609,A03,46.0,41,사임당요양원,경기도,의정부시,경기도 의정부시 오목로205번길 61 4층 (민락동),원주소,경기 의정부시 오목로205번길 61,1.0,127.09547355642,37.7459891292506,4115057800,True,True,True
14115000611,A04,9.0,9,효요양원,경기도,의정부시,경기도 의정부시 둔야로 49 3층 (의정부동),원주소,경기 의정부시 둔야로 49,1.0,127.039479663148,37.7402739938927,4115061500,True,True,True
14115000620,A03,29.0,28,아가페요양원,경기도,의정부시,경기도 의정부시 부용로95번길 10 7층 (금오동),원주소,경기 의정부시 부용로95번길 10,1.0,127.068641565643,37.7514424473046,4115058000,True,True,True
14115000630,A03,49.0,46,햇살요양원,경기도,의정부시,경기도 의정부시 시민로 202 3 4 5 6층 (신곡동),도로명번호,경기 의정부시 시민로 202,1.0,127.057290324265,37.7363795400964,4115056700,True,True,True
14115000633,A03,21.0,22,사랑자리요양원(본점),경기도,의정부시,경기도 의정부시 체육로 298-13 (녹양동 6층 7층),원주소,경기 의정부시 체육로 298-13,1.0,127.041003949927,37.7604810987313,4115062000,True,True,True
14115000638,A03,99.0,64,의정요양원,경기도,의정부시,경기도 의정부시 금오로 9-12 (금오동),원주소,경기 의정부시 금오로 9-12,1.0,127.067194285705,37.7538763434571,4115058000,True,True,True
14115000641,A03,66.0,61,성모요양원,경기도,의정부시,경기도 의정부시 태평로 207 (의정부동),원주소,경기 의정부시 태평로 207,1.0,127.046083777803,37.7493407466889,4115051000,True,True,True
14115000643,A04,9.0,10,우리노인요양원,경기도,의정부시,경기도 의정부시 경의로 56 2층 (의정부동),원주소,경기 의정부시 경의로 56,1.0,127.041804289487,37.7327213530906,4115052000,True,True,True
14115000648,A03,134.0,78,튼튼요양원,경기도,의정부시,경기도 의정부시 용민로 198 6 7층 (민락동),도로명번호,경기 의정부시 용민로 198,1.0,127.093968575654,37.7461609820389,4115057800,True,True,True
14115000664,A03,70.0,62,행복요양원,경기도,의정부시,경기도 의정부시 발곡로 10 4층 (신곡동 백상프라자),원주소,경기 의정부시 발곡로 10,1.0,127.055862244455,37.7309517896541,4115056700,True,True,True
14115000676,A03,48.0,26,늘푸른요양원,경기도,의정부시,경기도 의정부시 오목로35번길 47-9 (용현동),원주소,경기 의정부시 오목로35번길 47-9,1.0,127.084946457519,37.7346566881711,4115057300,True,True,True
14115000690,A03,49.0,29,우리집 실버 요양원,경기도,의정부시,경기도 의정부시 동일로466번길 64 (신곡동),원주소,경기 의정부시 동일로466번길 64,1.0,127.06235572728,37.7291395646156,4115056700,True,True,True
14115000694,A03,26.0,17,심청이 요양원 2,경기도,의정부시,경기도 의정부시 평화로 309 4층 (호원동),원주소,경기 의정부시 평화로 309,1.0,127.047057531552,37.7195407738236,4115054500,True,True,True
14115000695,A03,26.0,24,가족행복요양원,경기도,의정부시,경기도 의정부시 평화로 309 5층 (호원동),원주소,경기 의정부시 평화로 309,1.0,127.047057531552,37.7195407738236,4115054500,True,True,True
14115000698,A04,9.0,8,함께하는 요양원,경기도,의정부시,경기도 의정부시 호국로 1430 301호 (금오동 다우림프라자),원주소,경기 의정부시 호국로 1430,1.0,127.06074427009,37.7497262941737,4115058000,True,True,True
14115000700,A03,49.0,47,원추리 실버케어 요양원,경기도,의정부시,경기도 의정부시 체육로 298-5 5 6 7 8층 (녹양동),도로명번호,경기 의정부시 체육로 298-5,1.0,127.041030548175,37.7609694131291,4115062000,True,True,True
14115000708,A03,41.0,22,위너스요양원,경기도,의정부시,경기도 의정부시 천보로553번길 27-2 (금오동),원주소,경기 의정부시 천보로553번길 27-2,1.0,127.056873578736,37.7504003473852,4115058000,True,True,True
14115000723,A03,99.0,93,광림요양원,경기도,의정부시,경기도 의정부시 송산로1181번길 107-18 (용현동),원주소,경기 의정부시 송산로1181번길 107-18,1.0,127.082735994864,37.726725484704,4115057300,True,True,True
14115000744,A03,26.0,22,푸른요양원,경기도,의정부시,경기도 의정부시 체육로 298-13 (녹양동 4층 5층),원주소,경기 의정부시 체육로 298-13,1.0,127.041003949927,37.7604810987313,4115062000,True,True,True
14115000749,A03,75.0,66,예마루요양원,경기도,의정부시,경기도 의정부시 발곡로 10 (신곡동 백상프라자 5층),원주소,경기 의정부시 발곡로 10,1.0,127.055862244455,37.7309517896541,4115056700,True,True,True
14115000771,A04,9.0,9,가람플러스요양원,경기도,의정부시,경기도 의정부시 오목로205번길 1 304호 (민락동 예스타워),원주소,경기 의정부시 오목로205번길 1,1.0,127.098088277184,37.7445905716556,4115057800,True,True,True
14115000772,A03,17.0,15,행복돌봄요양원,경기도,의정부시,경기도 의정부시 부용로 95 802호 (금오동 현대프라자),원주소,경기 의정부시 부용로 95,1.0,127.068736722743,37.7511482259621,4115058000,True,True,True
14115000774,A04,9.0,9,루시아요양원,경기도,의정부시,경기도 의정부시 평화로 636 6층 (의정부동 대호빌딩),원주소,경기 의정부시 평화로 636,1.0,127.045409372251,37.7486768148803,4115051000,True,True,True
14115000779,A03,29.0,23,사랑요양원,경기도,의정부시,경기도 의정부시 장곡로 598 701호 (신곡동 월드프라자),원주소,경기 의정부시 장곡로 598,1.0,127.069294384747,37.7497596885142,4115056800,True,True,True
14115000786,A04,9.0,8,루시아요양원7,경기도,의정부시,경기도 의정부시 평화로 636 7층 (의정부동 대호빌딩),원주소,경기 의정부시 평화로 636,1.0,127.045409372251,37.7486768148803,4115051000,True,True,True
14115000788,A03,26.0,24,한사랑요양원,경기도,의정부시,경기도 의정부시 용현로105번길 11 301호 (민락동),원주소,경기 의정부시 용현로105번길 11,1.0,127.087326383432,37.7419557743381,4115057600,True,True,True
14115000802,A04,9.0,10,가람요양원,경기도,의정부시,경기도 의정부시 회룡로105번길 15 (호원동 서왕프라자 3층),원주소,경기 의정부시 회룡로105번길 15,1.0,127.045290916683,37.7265225565102,4115055500,True,True,True
14115000803,A04,9.0,9,사랑뜰요양원,경기도,의정부시,경기도 의정부시 평화로 636 5층 (의정부동 대호빌딩),원주소,경기 의정부시 평화로 636,1.0,127.045409372251,37.7486768148803,4115051000,True,True,True
14115000816,A04,9.0,7,나섬요양원,경기도,의정부시,경기도 의정부시 평화로 636 3층 (의정부동 대호빌딩 3층),원주소,경기 의정부시 평화로 636,1.0,127.045409372251,37.7486768148803,4115051000,True,True,True
14115000818,A03,13.0,6,빛난 그대 요양원,경기도,의정부시,경기도 의정부시 부용로 95 601호 (금오동 현대프라자),원주소,경기 의정부시 부용로 95,1.0,127.068736722743,37.7511482259621,4115058000,True,True,True
14115000821,A03,29.0,25,조은요양원,경기도,의정부시,경기도 의정부시 효자로 14 2층 (민락동),원주소,경기 의정부시 효자로 14,1.0,127.08666013335,37.7435823343595,4115057600,True,True,True
14115000828,A03,11.0,11,효담요양원,경기도,의정부시,경기도 의정부시 오목로225번길 157 701호 (민락동 폴리프라자),원주소,경기 의정부시 오목로225번길 157,1.0,127.096137382598,37.7450772603316,4115057800,True,True,True
14115000829,A03,17.0,16,효사랑요양원,경기도,의정부시,경기도 의정부시 체육로 304 8층 (녹양동 녹양프라자),원주소,경기 의정부시 체육로 304,1.0,127.041347286595,37.7609688519483,4115062000,True,True,True
14115000832,A04,9.0,8,굿모닝요양원,경기도,의정부시,경기도 의정부시 금신로 390 3층 (금오동 금오유니시티),원주소,경기 의정부시 금신로 390,1.0,127.056270433009,37.7489793601871,4115058000,True,True,True
14115000834,A04,9.0,10,의정부 녹양건강한요양원,경기도,의정부시,경기도 의정부시 체육로 298-13 302호 (녹양동),원주소,경기 의정부시 체육로 298-13,1.0,127.041003949927,37.7604810987313,4115062000,True,True,True
14115000835,A03,29.0,24,효인요양원,경기도,의정부시,경기도 의정부시 청사로47번길 15 3층301~305호 (금오동 골드피아),원주소,경기 의정부시 청사로47번길 15,1.0,127.069023724096,37.7521619168927,4115058000,True,True,True
14115000837,A03,15.0,12,행복더하기요양원,경기도,의정부시,경기도 의정부시 청사로47번길 15 605호 (금오동),원주소,경기 의정부시 청사로47번길 15,1.0,127.069023724096,37.7521619168927,4115058000,True,True,True
14115000858,A04,9.0,8,그린요양원,경기도,의정부시,경기도 의정부시 효자로 10 8층801 807호 (민락동),원주소,경기 의정부시 효자로 10,1.0,127.086122319038,37.7434690263016,4115057600,True,True,True
14115000860,A03,22.0,22,금빛요양원,경기도,의정부시,경기도 의정부시 장곡로628번길 22 9층 (신곡동),원주소,경기 의정부시 장곡로628번길 22,1.0,127.07254287345,37.7497553013099,4115056800,True,True,True
14115000865,A03,29.0,29,VIP요양원,경기도,의정부시,경기도 의정부시 효자로 14 701호 (민락동 e프라자),원주소,경기 의정부시 효자로 14,1.0,127.08666013335,37.7435823343595,4115057600,True,True,True
14115000870,A03,22.0,20,늘예랑요양원,경기도,의정부시,경기도 의정부시 장곡로628번길 22 8층 (신곡동 삼성플러스),원주소,경기 의정부시 장곡로628번길 22,1.0,127.07254287345,37.7497553013099,4115056800,True,True,True
14115000871,A03,21.0,21,시온요양원,경기도,의정부시,경기도 의정부시 장곡로628번길 22 501호 (신곡동),원주소,경기 의정부시 장곡로628번길 22,1.0,127.07254287345,37.7497553013099,4115056800,True,True,True
14115000875,A04,9.0,7,샬롬요양원,경기도,의정부시,경기도 의정부시 호국로1135번길 9 1층 (가능동),원주소,경기 의정부시 호국로1135번길 9,1.0,127.029848933321,37.743230653215,4115061500,True,True,True
14115000876,A03,68.0,61,늘곁에올케어요양원,경기도,의정부시,경기도 의정부시 금오로 115-10 (금오동),원주소,경기 의정부시 금오로 115-10,1.0,127.077617090582,37.7572644228863,4115058000,True,True,True
14115000877,A03,29.0,24,금오햇살요양원,경기도,의정부시,경기도 의정부시 장곡로596번길 15 8층 (신곡동),원주소,경기 의정부시 장곡로596번길 15,1.0,127.069474915602,37.7492766635196,4115056800,True,True,True
14115000878,A03,26.0,20,다정한요양원,경기도,의정부시,경기도 의정부시 승지로19번길 33 (민락동),원주소,경기 의정부시 승지로19번길 33,1.0,127.091891275001,37.7393549906352,4115057600,True,True,True
14115000880,A03,74.0,45,궁전노인전문요양원,경기도,의정부시,경기도 의정부시 오목로35번길 25-26 (용현동),원주소,경기 의정부시 오목로35번길 25-26,1.0,127.084711578644,37.7338192253651,4115057300,True,True,True
14115000895,A03,96.0,89,블레스널싱실버케어,경기도,의정부시,경기도 의정부시 용민로 226 4동 (낙양동),원주소,경기 의정부시 용민로 226,1.0,127.096009122774,37.7480260531507,4115057800,True,True,True
14115000896,A03,96.0,96,드림시니어케어,경기도,의정부시,경기도 의정부시 용민로 226 1동 (낙양동),원주소,경기 의정부시 용민로 226,1.0,127.096009122774,37.7480260531507,4115057800,True,True,True
14115000897,A03,96.0,92,로뎀실버케어,경기도,의정부시,경기도 의정부시 용민로 226 3동 (낙양동),원주소,경기 의정부시 용민로 226,1.0,127.096009122774,37.7480260531507,4115057800,True,True,True
14115000898,A03,96.0,90,로얄실버케어,경기도,의정부시,경기도 의정부시 용민로 226 2동 (낙양동),원주소,경기 의정부시 용민로 226,1.0,127.096009122774,37.7480260531507,4115057800,True,True,True
14115000899,A03,96.0,96,가인재활실버케어,경기도,의정부시,경기도 의정부시 용민로 226 5동 (낙양동),원주소,경기 의정부시 용민로 226,1.0,127.096009122774,37.7480260531507,4115057800,True,True,True
14115000924,A03,27.0,27,부모사랑요양원,경기도,의정부시,경기도 의정부시 평화로 309 3층 (호원동),원주소,경기 의정부시 평화로 309,1.0,127.047057531552,37.7195407738236,4115054500,True,True,True
14115000928,A03,94.0,42,노블피아 요양원,경기도,의정부시,경기도 의정부시 안개울길 15 (용현동),원주소,경기 의정부시 안개울길 15,1.0,127.084489473365,37.7280447943549,4115057300,True,True,True
14115000929,A03,25.0,19,사랑방요양원,경기도,의정부시,경기도 의정부시 용민로 110 2층201호 (민락동),원주소,경기 의정부시 용민로 110,1.0,127.08991081171,37.7390465844693,4115057600,True,True,True
14115000931,A04,9.0,8,보금자리 요양원 (녹양점),경기도,의정부시,경기도 의정부시 체육로 306-14 6층 (녹양동),원주소,경기 의정부시 체육로 306-14,1.0,127.041355526756,37.7604816065621,4115062000,True,True,True
14115000934,A03,29.0,25,베스트요양원,경기도,의정부시,경기도 의정부시 용현로105번길 11 2층108호 (민락동),원주소,경기 의정부시 용현로105번길 11,1.0,127.087326383432,37.7419557743381,4115057600,True,True,True
14115000947,A03,26.0,26,즐거운요양원,경기도,의정부시,경기도 의정부시 승지로19번길 33 (민락동),원주소,경기 의정부시 승지로19번길 33,1.0,127.091891275001,37.7393549906352,4115057600,True,True,True
14115000953,A03,17.0,2,민락휴요양원,경기도,의정부시,경기도 의정부시 오목로205번길 67 4층401~403호 (민락동),원주소,경기 의정부시 오목로205번길 67,1.0,127.09519562685,37.7461201746194,4115057800,True,True,True
14115000954,A03,28.0,24,금강요양원,경기도,의정부시,경기도 의정부시 청사로 49 1001호 (금오동),원주소,경기 의정부시 청사로 49,1.0,127.069466745207,37.7526744872112,4115058000,True,True,True
14117000003,A03,100.0,98,안양노인전문요양원,경기도,안양시,경기도 안양시 만안구 예술공원로117번길 56 (석수동),원주소,경기 안양시 만안구 예술공원로117번길 56,1.0,126.918157115375,37.4208085288476,4117159000,True,True,True
14117000056,A03,45.0,29,중앙요양원,경기도,안양시,경기도 안양시 만안구 전파로 19-1 (안양동),원주소,경기 안양시 만안구 전파로 19-1,1.0,126.934781762241,37.3910568154656,4117157000,True,True,True
14117000146,A03,128.0,127,해피전문요양원,경기도,안양시,경기도 안양시 만안구 덕천로 46 (안양동 해피전문요양원),원주소,경기 안양시 만안구 덕천로 46,1.0,126.936364288247,37.3853300542421,4117157000,True,True,True
14117000159,A03,99.0,98,해피나라노인전문요양원,경기도,안양시,경기도 안양시 만안구 안양로 491 (석수동 프로빌딩),원주소,경기 안양시 만안구 안양로 491,1.0,126.909014576503,37.4132101343253,4117160000,True,True,True
14117000180,A04,9.0,8,가정愛요양원,경기도,안양시,경기도 안양시 만안구 문예로36번길 11 4층 (안양동 홍림빌딩),원주소,경기 안양시 만안구 문예로36번길 11,1.0,126.93217903959,37.3850508435584,4117158000,True,True,True
14117000182,A03,100.0,100,안양푸른요양원,경기도,안양시,경기도 안양시 동안구 경수대로 518 (호계동),원주소,경기 안양시 동안구 경수대로 518,1.0,126.958473365992,37.3689278972951,4117360000,True,True,True
14117000195,A03,42.0,41,선진요양원,경기도,안양시,경기도 안양시 만안구 안양로 325-1 3~5층 (안양동),원주소,경기 안양시 만안구 안양로 325-1,1.0,126.919205207189,37.4006592994729,4117153000,True,True,True
14117000209,A03,29.0,27,중앙효요양원,경기도,안양시,경기도 안양시 만안구 안양로 421 3층 (안양동 중앙정형외과3-5층),원주소,경기 안양시 만안구 안양로 421,1.0,126.91347345484,37.4078645792616,4117152000,True,True,True
14117000211,A03,42.0,36,한마음요양원,경기도,안양시,경기도 안양시 만안구 안양로 240 (안양동),원주소,경기 안양시 만안구 안양로 240,1.0,126.9252763769,37.3946712283435,4117151000,True,True,True
14117000248,A03,15.0,15,벧엘노인요양원,경기도,안양시,경기도 안양시 만안구 경수대로 1236 4층 (석수동),원주소,경기 안양시 만안구 경수대로 1236,1.0,126.911787651453,37.4186618672516,4117159000,True,True,True
14117000272,A04,9.0,9,효사랑요양원,경기도,안양시,경기도 안양시 만안구 삼덕로 14 4층층 (안양동 로데오빌딩),원주소,경기 안양시 만안구 삼덕로 14,1.0,126.923746706934,37.3935736178282,4117155000,True,True,True
14117000275,A03,48.0,48,안양샘터요양원,경기도,안양시,경기도 안양시 만안구 장내로120번길 79 (안양동),원주소,경기 안양시 만안구 장내로120번길 79,1.0,126.923856293347,37.3938642680901,4117155000,True,True,True
14117000293,A03,89.0,89,안양실버케어호계요양원,경기도,안양시,경기도 안양시 동안구 흥안대로145번길 111 (호계동),원주소,경기 안양시 동안구 흥안대로145번길 111,1.0,126.957328722762,37.375550118018,4117358000,True,True,True
14117000326,A03,106.0,92,복수초요양원,경기도,안양시,경기도 안양시 만안구 덕천로 74 (안양동),원주소,경기 안양시 만안구 덕천로 74,1.0,126.935340808085,37.3876958566127,4117157000,True,True,True
14117000340,A03,36.0,31,은빛마을요양원,경기도,안양시,경기도 안양시 만안구 양화로 145 401호 (박달동 크리시움타워1),원주소,경기 안양시 만안구 양화로 145,1.0,126.90847813507,37.4054101334914,4117162100,True,True,True
14117000341,A03,55.0,49,간호박사네요양원,경기도,안양시,경기도 안양시 만안구 안양로 336 701호 1101호 (안양동 금강빌딩),원주소,경기 안양시 만안구 안양로 336,1.0,126.919329621126,37.4018612563054,4117152000,True,True,True
14117000347,A03,63.0,62,안양엘림요양원,경기도,안양시,경기도 안양시 만안구 안양로 386-1 (안양동),원주소,경기 안양시 만안구 안양로 386-1,1.0,126.916303299368,37.4055549591012,4117152000,True,True,True
14117000349,A03,20.0,20,엘림효요양원,경기도,안양시,경기도 안양시 동안구 엘에스로 45 401 402호 (호계동 대영골든타워),도로명번호,경기 안양시 동안구 엘에스로 45,1.0,126.95479983072,37.3674403978799,4117360000,True,True,True
14117000363,A03,97.0,89,호계실버타운요양원,경기도,안양시,경기도 안양시 동안구 엘에스로 45 4층 5층 (호계동 대영골든타워/501호 502호 403~405호),원주소,경기 안양시 동안구 엘에스로 45,1.0,126.95479983072,37.3674403978799,4117360000,True,True,True
14117000367,A03,75.0,72,느티나무요양원,경기도,안양시,경기도 안양시 만안구 전파로 62 (안양동),원주소,경기 안양시 만안구 전파로 62,1.0,126.939224655103,37.390009130451,4117157000,True,True,True
14117000374,A03,49.0,47,안양가연요양원,경기도,안양시,경기도 안양시 만안구 만안로 272 2층 (안양동 안양 미래앰피아),원주소,경기 안양시 만안구 만안로 272,1.0,126.920035247538,37.4042323211101,4117152000,True,True,True
14117000398,A03,49.0,42,예담실버케어요양원,경기도,안양시,경기도 안양시 동안구 경수대로 454 4층 (호계동 유한프라자),원주소,경기 안양시 동안구 경수대로 454,1.0,126.960395718272,37.363739995535,4117360000,True,True,True
14117000438,A04,9.0,8,명심요양원1호점,경기도,안양시,경기도 안양시 만안구 냉천로 132 1층 (안양동),원주소,경기 안양시 만안구 냉천로 132,1.0,126.923671107919,37.3925083805376,4117155000,True,True,True
14117000441,A03,42.0,41,꿈에그린요양원,경기도,안양시,경기도 안양시 동안구 경수대로883번길 76 (비산동),원주소,경기 안양시 동안구 경수대로883번길 76,1.0,126.934576872607,37.3974723402623,4117352000,True,True,True
14117000448,A03,20.0,19,VIP엘림요양원,경기도,안양시,경기도 안양시 만안구 안양로 343 501호 (안양동 에버그린),원주소,경기 안양시 만안구 안양로 343,1.0,126.918398172507,37.4019805430286,4117153000,True,True,True
14117000452,A03,112.0,112,실버스테이트요양원,경기도,안양시,경기도 안양시 동안구 관악대로 225 (비산동),원주소,경기 안양시 동안구 관악대로 225,1.0,126.948107957177,37.4014630988634,4117353000,True,True,True
14117000484,A04,9.0,8,늘편안한요양원,경기도,안양시,경기도 안양시 만안구 안양로 370 4층 (안양동 광순빌딩),원주소,경기 안양시 만안구 안양로 370,1.0,126.917288216878,37.4043079191372,4117152000,True,True,True
14117000485,A04,9.0,10,나은요양원,경기도,안양시,경기도 안양시 만안구 양화로 160 4층 (박달동),원주소,경기 안양시 만안구 양화로 160,1.0,126.908294337503,37.4066414153637,4117162100,True,True,True
14117000486,A04,9.0,9,나은혜요양원,경기도,안양시,경기도 안양시 만안구 양화로 160 3층 (박달동),원주소,경기 안양시 만안구 양화로 160,1.0,126.908294337503,37.4066414153637,4117162100,True,True,True
14117000522,A04,9.0,9,큰사랑요양원,경기도,안양시,경기도 안양시 만안구 삼덕로 14 3층 (안양동 로데오빌딩),원주소,경기 안양시 만안구 삼덕로 14,1.0,126.923746706934,37.3935736178282,4117155000,True,True,True
14117000525,A03,22.0,22,민들레요양원,경기도,안양시,경기도 안양시 만안구 양화로 145 5층 (박달동 크리시움타워1),원주소,경기 안양시 만안구 양화로 145,1.0,126.90847813507,37.4054101334914,4117162100,True,True,True
14117000529,A04,9.0,8,스마일어르신요양원,경기도,안양시,경기도 안양시 만안구 냉천로 132 201호 (안양동),원주소,경기 안양시 만안구 냉천로 132,1.0,126.923671107919,37.3925083805376,4117155000,True,True,True
14117000535,A04,9.0,8,실버사랑요양원,경기도,안양시,경기도 안양시 동안구 임곡로 62 503호 (비산동 임곡주공프라자),원주소,경기 안양시 동안구 임곡로 62,1.0,126.933751842186,37.4048279070624,4117351000,True,True,True
14117000542,A04,9.0,9,효선재요양원,경기도,안양시,경기도 안양시 동안구 경수대로 545 5층 (호계동),원주소,경기 안양시 동안구 경수대로 545,1.0,126.957420632405,37.3713431734512,4117358000,True,True,True
14117000546,A04,9.0,9,만안달빛요양원,경기도,안양시,경기도 안양시 만안구 안양로 368 6층 (안양동),원주소,경기 안양시 만안구 안양로 368,1.0,126.917404921948,37.4041756408056,4117152000,True,True,True
14117000547,A04,9.0,9,만안별빛요양원,경기도,안양시,경기도 안양시 만안구 안양로 368 5층 (안양동),원주소,경기 안양시 만안구 안양로 368,1.0,126.917404921948,37.4041756408056,4117152000,True,True,True
14117000552,A04,9.0,9,참사랑요양원,경기도,안양시,경기도 안양시 만안구 삼덕로 14 5층 (안양동 로데오빌딩),원주소,경기 안양시 만안구 삼덕로 14,1.0,126.923746706934,37.3935736178282,4117155000,True,True,True
14117000553,A04,9.0,9,가연효요양원,경기도,안양시,경기도 안양시 만안구 박달로497번길 62 302호 (박달동),원주소,경기 안양시 만안구 박달로497번길 62,1.0,126.906797710014,37.4052242918525,4117162100,True,True,True
14117000557,A04,9.0,8,평촌요양원,경기도,안양시,경기도 안양시 동안구 경수대로 807 2층 (호계동),원주소,경기 안양시 동안구 경수대로 807,1.0,126.944149304348,37.3916485369169,4117359000,True,True,True
14117000561,A03,24.0,15,에덴요양원,경기도,안양시,경기도 안양시 만안구 박달로497번길 62 202호 501호 (박달동),원주소,경기 안양시 만안구 박달로497번길 62,1.0,126.906797710014,37.4052242918525,4117162100,True,True,True
14117000562,A03,18.0,17,행복한세상요양원,경기도,안양시,경기도 안양시 만안구 양화로 145 3층302호 (박달동 크리시움타워1),원주소,경기 안양시 만안구 양화로 145,1.0,126.90847813507,37.4054101334914,4117162100,True,True,True
14117000571,A04,9.0,8,아트요양원,경기도,안양시,경기도 안양시 만안구 문예로36번길 11 4층 (안양동 홍림빌딩),원주소,경기 안양시 만안구 문예로36번길 11,1.0,126.93217903959,37.3850508435584,4117158000,True,True,True
14119000002,A03,73.0,71,부천삼광전문요양원,경기도,부천시,경기도 부천시 원미구 석천로 81 (상동),원주소,경기 부천시 원미구 석천로 81,1.0,126.760789145202,37.4947252147401,4119267000,True,True,True
14119000021,A03,37.0,31,너싱홈해피나라,경기도,부천시,경기도 부천시 원미구 길주로 81 306호 (상동 모건시티3층),원주소,경기 부천시 원미구 길주로 81,1.0,126.751530389315,37.5062577844709,4119270000,True,True,True
14119000123,A04,9.0,7,둘로스 1호 노인요양공동생활가정,경기도,부천시,경기도 부천시 소사구 범안로 42 201호 (괴안동 승보프라자),원주소,경기 부천시 소사구 범안로 42,1.0,126.807250825672,37.4779515966783,4119457000,True,True,True
14119000124,A04,9.0,7,둘로스 2호 노인요양공동생활가정,경기도,부천시,경기도 부천시 소사구 범안로 42 201호 (괴안동 승보프라자),원주소,경기 부천시 소사구 범안로 42,1.0,126.807250825672,37.4779515966783,4119457000,True,True,True
14119000138,A03,22.0,13,부모섬김,경기도,부천시,경기도 부천시 오정구 수도로 71-1 (삼정동),원주소,경기 부천시 오정구 수도로 71-1,1.0,126.774044547777,37.5149146895975,4119657000,True,True,True
14119000229,A04,9.0,9,복사골요양센터 2호,경기도,부천시,경기도 부천시 소사구 경인옛로 61-1 2층 (소사본동),원주소,경기 부천시 소사구 경인옛로 61-1,1.0,126.798882947531,37.4799849199323,4119453000,True,True,True
14119000230,A04,9.0,9,복사골요양센터 3호,경기도,부천시,경기도 부천시 소사구 경인옛로 61-1 2층 (소사본동),원주소,경기 부천시 소사구 경인옛로 61-1,1.0,126.798882947531,37.4799849199323,4119453000,True,True,True
14119000253,A03,16.0,11,복사꽃 요양센터,경기도,부천시,경기도 부천시 원미구 길주로 275 (중동 중동프라자 604호),원주소,경기 부천시 원미구 길주로 275,1.0,126.773318974917,37.5039053871865,4119265000,True,True,True
14119000326,A03,17.0,14,삼부요양원,경기도,부천시,경기도 부천시 소사구 경인옛로 61-1 6층 (소사본동),원주소,경기 부천시 소사구 경인옛로 61-1,1.0,126.798882947531,37.4799849199323,4119453000,True,True,True
14119000348,A03,47.0,41,소나무노인전문요양원,경기도,부천시,경기도 부천시 원미구 소향로13번길 20 2 3층 (상동),도로명번호,경기 부천시 원미구 소향로13번길 20,1.0,126.749454945076,37.504623936657,4119269000,True,True,True
14119000357,A03,36.0,27,라일락요양원,경기도,부천시,경기도 부천시 원미구 길주로77번길 19-27 (상동 광장프라자 6층),원주소,경기 부천시 원미구 길주로77번길 19-27,1.0,126.749377208294,37.5069024984212,4119270000,True,True,True
14119000359,A04,9.0,9,고향 노인요양공동생활가정,경기도,부천시,경기도 부천시 원미구 상동로117번길 49 3층3093103호 (상동 아트프라자),원주소,경기 부천시 원미구 상동로117번길 49,1.0,126.750663420047,37.5077401796263,4119270000,True,True,True
14119000437,A03,29.0,24,너싱홈베터라이프,경기도,부천시,경기도 부천시 원미구 부흥로315번길 58 (중동 아이타운 4층 401호),원주소,경기 부천시 원미구 부흥로315번길 58,1.0,126.77731152311,37.4970312907507,4119264000,True,True,True
14119000514,A03,22.0,0,효성메디홈즈,경기도,부천시,경기도 부천시 원미구 소향로 51 7층 (상동 메디위즈),원주소,경기 부천시 원미구 소향로 51,1.0,126.753501636306,37.5034912394833,4119269000,True,True,True
14119000537,A04,9.0,6,효인요양원,경기도,부천시,경기도 부천시 원미구 소향로 35 3층305호 (상동 월드프라자),원주소,경기 부천시 원미구 소향로 35,1.0,126.75160681663,37.5038082978596,4119269000,True,True,True
14119000551,A03,88.0,70,한울타리요양원,경기도,부천시,경기도 부천시 원미구 길주로 311 (중동 뉴월드타운(3 4 5층)),원주소,경기 부천시 원미구 길주로 311,1.0,126.777300904263,37.503348572403,4119265000,True,True,True
14119000555,A03,29.0,22,부천제일요양원4호,경기도,부천시,경기도 부천시 오정구 원종로 63 (원종동 건주프라자6층),원주소,경기 부천시 오정구 원종로 63,1.0,126.807018931272,37.5242722260531,4119652000,True,True,True
14119000567,A03,27.0,13,에덴요양원,경기도,부천시,경기도 부천시 원미구 지봉로 53 2층 (역곡동),원주소,경기 부천시 원미구 지봉로 53,1.0,126.805305675637,37.4866296145128,4119258000,True,True,True
14119000576,A03,49.0,44,다온전문요양원,경기도,부천시,경기도 부천시 원미구 길주로 137 4층401402403호 (상동 그린힐),원주소,경기 부천시 원미구 길주로 137,1.0,126.757689579367,37.5061354289363,4119270000,True,True,True
14119000598,A03,65.0,64,청한노인전문요양원,경기도,부천시,경기도 부천시 원미구 상일로 144 (상동 신현대빌딩 5 6 7층),원주소,경기 부천시 원미구 상일로 144,1.0,126.758354903768,37.4908099885155,4119267000,True,True,True
14119000623,A03,44.0,44,소사노인전문요양원,경기도,부천시,경기도 부천시 소사구 범안로 54 4층 (괴안동 그린홈프라자),원주소,경기 부천시 소사구 범안로 54,1.0,126.807672263236,37.4768627842453,4119457000,True,True,True
14119000629,A03,29.0,5,부천요양원,경기도,부천시,경기도 부천시 소사구 중동로71번길 90 (송내동),원주소,경기 부천시 소사구 중동로71번길 90,1.0,126.759535123873,37.4870197030411,4119459000,True,True,True
14119000633,A03,27.0,27,카네이션요양원 중동점,경기도,부천시,경기도 부천시 원미구 길주로 311 (중동 뉴월드타운7층),원주소,경기 부천시 원미구 길주로 311,1.0,126.777300904263,37.503348572403,4119265000,True,True,True
14119000636,A03,18.0,17,가연노인전문요양원,경기도,부천시,경기도 부천시 원미구 소향로 17 (상동 두성프라자2층),원주소,경기 부천시 원미구 소향로 17,1.0,126.749693395958,37.5041026712061,4119269000,True,True,True
14119000660,A03,26.0,22,그린휴요양원,경기도,부천시,경기도 부천시 원미구 길주로 315 2동6층601호 (중동),원주소,경기 부천시 원미구 길주로 315,1.0,126.777579772734,37.5033180131716,4119265000,True,True,True
14119000663,A03,27.0,16,소사사랑요양원,경기도,부천시,경기도 부천시 소사구 범안로 133 4층 (범박동 보람월드프라자 402 403호),원주소,경기 부천시 소사구 범안로 133,1.0,126.809405651267,37.4698147479049,4119455000,True,True,True
14119000670,A03,26.0,22,사랑의집요양원,경기도,부천시,경기도 부천시 원미구 역곡로13번길 17-1 501호 601호 (역곡동 미라클타워),원주소,경기 부천시 원미구 역곡로13번길 17-1,1.0,126.810277989082,37.4859676249028,4119258000,True,True,True
14119000699,A03,25.0,16,고운삶요양원,경기도,부천시,경기도 부천시 원미구 길주로77번길 55-10 (상동),원주소,경기 부천시 원미구 길주로77번길 55-10,1.0,126.752094279104,37.5075637114844,4119270000,True,True,True
14119000700,A03,19.0,19,까치울요양원,경기도,부천시,경기도 부천시 오정구 역곡로324번길 45 (작동),원주소,경기 부천시 오정구 역곡로324번길 45,1.0,126.81468716493,37.5150400471594,4119651000,True,True,True
14119000718,A03,25.0,24,내집같은요양원3호,경기도,부천시,경기도 부천시 소사구 소사로 240 2 5층층 (소사본동),도로명번호,경기 부천시 소사구 소사로 240,1.0,126.795771395875,37.4797116229182,4119453000,True,True,True
14119000724,A03,47.0,44,쉴만한 물가 요양원,경기도,부천시,경기도 부천시 원미구 부흥로307번길 23 2.3층 (중동 태정빌딩),도로명번호,경기 부천시 원미구 부흥로307번길 23,1.0,126.776450727928,37.4955113816322,4119264000,True,True,True
14119000743,A03,28.0,26,우리요양원,경기도,부천시,경기도 부천시 원미구 부일로 358 (중동 우리요양원),원주소,경기 부천시 원미구 부일로 358,1.0,126.769995348164,37.487528244471,4119262000,True,True,True
14119000745,A03,46.0,41,은성효요양원,경기도,부천시,경기도 부천시 원미구 수도로 202 1 6층 (도당동 은성프라자),도로명번호,경기 부천시 원미구 수도로 202,1.0,126.787357765435,37.5195578529376,4119260000,True,True,True
14119000749,A03,25.0,16,성은요양원,경기도,부천시,경기도 부천시 원미구 부천로 294 (도당동),원주소,경기 부천시 원미구 부천로 294,1.0,126.784991555994,37.5103670410535,4119260000,True,True,True
14119000754,A03,49.0,48,효선당노인요양원,경기도,부천시,경기도 부천시 원미구 소향로 13 5 7층501 705호 (상동 태영메디컬),도로명번호,경기 부천시 원미구 소향로 13,1.0,126.749397425716,37.504136281812,4119269000,True,True,True
14119000765,A03,177.0,176,인자인케어센터 부천점,경기도,부천시,경기도 부천시 소사구 양지로 27 (괴안동 인자인케어센터),원주소,경기 부천시 소사구 양지로 27,1.0,126.814768683952,37.4763194613245,4119458000,True,True,True
14119000767,A04,9.0,9,고강사랑요양원,경기도,부천시,경기도 부천시 오정구 성지로 66 501호 (고강동 하나빌딩),원주소,경기 부천시 오정구 성지로 66,1.0,126.811473807172,37.5249132754212,4119655000,True,True,True
14119000775,A03,15.0,15,벧엘의집요양원,경기도,부천시,경기도 부천시 원미구 부천로133번길 9 2 3층 (심곡동 우정빌딩),도로명번호,경기 부천시 원미구 부천로133번길 9,1.0,126.784864762817,37.4962180746705,4119251000,True,True,True
14119000780,A03,23.0,23,사랑채요양원,경기도,부천시,경기도 부천시 오정구 고리울로51번길 34 (고강동 고강빌딩 301 302 402호),원주소,경기 부천시 오정구 고리울로51번길 34,1.0,126.82215421511,37.5286911594991,4119654000,True,True,True
14119000783,A03,25.0,25,가나요양원,경기도,부천시,경기도 부천시 오정구 원종로 63 4층전체호 (원종동 건주프라자),원주소,경기 부천시 오정구 원종로 63,1.0,126.807018931272,37.5242722260531,4119652000,True,True,True
14119000795,A04,9.0,7,예주요양원,경기도,부천시,경기도 부천시 원미구 상동로117번길 57 2층202호 (상동 동양프라자텔),원주소,경기 부천시 원미구 상동로117번길 57,1.0,126.750324230051,37.5077741517775,4119270000,True,True,True
14119000805,A03,49.0,47,100세요양원,경기도,부천시,경기도 부천시 소사구 범안로 55 5층501호 (괴안동 홈타운프라자),원주소,경기 부천시 소사구 범안로 55,1.0,126.808067674668,37.4768836998908,4119457000,True,True,True
14119000810,A03,26.0,25,카네이션요양원(부천점),경기도,부천시,경기도 부천시 원미구 길주로 315 2층201 202호 (중동 뉴월드타운),원주소,경기 부천시 원미구 길주로 315,1.0,126.777579772734,37.5033180131716,4119265000,True,True,True
14119000823,A03,27.0,22,은혜요양원,경기도,부천시,경기도 부천시 원미구 부일로205번길 47 7층701호 (상동 서진프라자),원주소,경기 부천시 원미구 부일로205번길 47,1.0,126.753115271215,37.4908261854664,4119268000,True,True,True
14119000824,A03,26.0,26,등대요양원,경기도,부천시,경기도 부천시 소사구 범안로 55 4층402호 (괴안동 홈타운프라자),원주소,경기 부천시 소사구 범안로 55,1.0,126.808067674668,37.4768836998908,4119457000,True,True,True
14119000831,A03,20.0,19,복된실버요양원,경기도,부천시,경기도 부천시 원미구 부일로191번길 30 8층801호 (상동 동성프라자),원주소,경기 부천시 원미구 부일로191번길 30,1.0,126.751574984405,37.4899983565274,4119268000,True,True,True
14119000841,A03,100.0,100,부천시립노인전문요양원,경기도,부천시,경기도 부천시 오정구 까치로 26 5층 (작동 부천시 노인복지시설),원주소,경기 부천시 오정구 까치로 26,1.0,126.80836196015,37.5091016249408,4119651000,True,True,True
14119000891,A04,9.0,9,예은요양원,경기도,부천시,경기도 부천시 원미구 상동로117번길 57 상동5층502호 (상동 동양프라자텔),원주소,경기 부천시 원미구 상동로117번길 57,1.0,126.750324230051,37.5077741517775,4119270000,True,True,True
14119000900,A03,27.0,27,효채움요양원,경기도,부천시,경기도 부천시 원미구 상동로117번길 43 3층301호 (상동 신주프라자),원주소,경기 부천시 원미구 상동로117번길 43,1.0,126.751015757226,37.5076297390812,4119270000,True,True,True
14119000904,A03,68.0,63,까치울요양원 상동점,경기도,부천시,경기도 부천시 원미구 상일로 86 5층 (상동 투원21c빌딩),원주소,경기 부천시 원미구 상일로 86,1.0,126.752017408872,37.4913087170751,4119268000,True,True,True
14119000911,A03,73.0,59,다정요양원,경기도,부천시,경기도 부천시 원미구 부일로 376 (중동),원주소,경기 부천시 원미구 부일로 376,1.0,126.771723501118,37.4871996654986,4119262000,True,True,True
14119000914,A03,48.0,45,늘사랑요양원,경기도,부천시,경기도 부천시 오정구 소사로 709 502 503호 (원종동),도로명번호,경기 부천시 오정구 소사로 709,1.0,126.804519196193,37.5192380043222,4119651000,True,True,True
14119000920,A03,28.0,25,가족실버타운,경기도,부천시,경기도 부천시 원미구 길주로363번길 24 (춘의동),원주소,경기 부천시 원미구 길주로363번길 24,1.0,126.78284083586,37.5039343577009,4119259000,True,True,True
14119000921,A03,27.0,27,가족애요양원,경기도,부천시,경기도 부천시 오정구 소사로 698 (원종동 3 4 5층 전체),원주소,경기 부천시 오정구 소사로 698,1.0,126.805227554792,37.5182329356454,4119651000,True,True,True
14119000928,A03,33.0,27,평안요양원,경기도,부천시,경기도 부천시 소사구 경인로 190 401~403호 (심곡본동 부천라비앙로제),도로명번호,경기 부천시 소사구 경인로 190,1.0,126.776502518436,37.4834052033738,4119451000,True,True,True
14119000936,A03,20.0,13,현대요양원,경기도,부천시,경기도 부천시 원미구 석천로177번길 39 8층 (중동 미라클타워),원주소,경기 부천시 원미구 석천로177번길 39,1.0,126.760652080336,37.5033734963873,4119263000,True,True,True
14119000954,A04,9.0,8,동행요양원,경기도,부천시,경기도 부천시 원미구 상동로117번길 49 302 303호 (상동),도로명번호,경기 부천시 원미구 상동로117번길 49,1.0,126.750663420047,37.5077401796263,4119270000,True,True,True
14119000971,A03,26.0,26,참사랑전문요양원,경기도,부천시,경기도 부천시 소사구 범안로 55 3층 (괴안동),원주소,경기 부천시 소사구 범안로 55,1.0,126.808067674668,37.4768836998908,4119457000,True,True,True
14119000980,A03,38.0,34,진성요양센터,경기도,부천시,경기도 부천시 소사구 경인로 281 1 2 3층 (심곡본동),도로명번호,경기 부천시 소사구 경인로 281,1.0,126.78674704348,37.483091576447,4119452000,True,True,True
14119000997,A04,9.0,9,사랑섬김요양원1호,경기도,부천시,경기도 부천시 오정구 성곡로 77 4층 (여월동 정훈빌딩),원주소,경기 부천시 오정구 성곡로 77,1.0,126.796585584729,37.5197555675866,4119651000,True,True,True
14119000998,A04,9.0,9,사랑섬김요양원2호,경기도,부천시,경기도 부천시 오정구 성곡로 77 5층 (여월동 정훈빌딩),원주소,경기 부천시 오정구 성곡로 77,1.0,126.796585584729,37.5197555675866,4119651000,True,True,True
14119001001,A04,9.0,9,한사랑요양원,경기도,부천시,경기도 부천시 원미구 부일로 428-3 4층 (심곡동),원주소,경기 부천시 원미구 부일로 428-3,1.0,126.777705513407,37.4864233223561,4119252000,True,True,True
14119001002,A03,26.0,26,다봄요양원,경기도,부천시,경기도 부천시 소사구 범안로 55 4층401호 (괴안동 홈타운프라자),원주소,경기 부천시 소사구 범안로 55,1.0,126.808067674668,37.4768836998908,4119457000,True,True,True
14119001011,A03,52.0,52,부천대성요양센터,경기도,부천시,경기도 부천시 원미구 부천로 91 3 5층 (심곡동 부천대성병원),도로명번호,경기 부천시 원미구 부천로 91,1.0,126.784188124372,37.4925443428691,4119251000,True,True,True
14119001013,A03,52.0,52,차오름 재활요양원,경기도,부천시,경기도 부천시 소사구 경인로 519 7.8.9.층 (괴안동 역곡프라자),도로명번호,경기 부천시 소사구 경인로 519,1.0,126.812754804894,37.4850849852561,4119458000,True,True,True
14119001017,A03,21.0,21,효드림요양원,경기도,부천시,경기도 부천시 소사구 양지로40번길 17 5층 (괴안동),원주소,경기 부천시 소사구 양지로40번길 17,1.0,126.812642532899,37.4769329395014,4119458000,True,True,True
14119001033,A04,9.0,7,모시는사람들요양원,경기도,부천시,경기도 부천시 원미구 부흥로 376 6층 (심곡동 문화빌딩),원주소,경기 부천시 원미구 부흥로 376,1.0,126.78289851199,37.4913570674943,4119251000,True,True,True
14119001043,A03,28.0,26,늘봄요양원,경기도,부천시,경기도 부천시 오정구 신흥로 379 2~3층 (내동),도로명번호,경기 부천시 오정구 신흥로 379,1.0,126.774931701058,37.517470273091,4119657000,True,True,True
14119001045,A03,84.0,54,부천 VIP 요양원,경기도,부천시,경기도 부천시 원미구 부일로 448 5층 (심곡동 프리존빌딩),원주소,경기 부천시 원미구 부일로 448,1.0,126.780194443089,37.4859409850642,4119252000,True,True,True
14119001046,A03,21.0,21,밝은빛요양원,경기도,부천시,경기도 부천시 소사구 범안로 55 201호 (괴안동 홈타운프라자),원주소,경기 부천시 소사구 범안로 55,1.0,126.808067674668,37.4768836998908,4119457000,True,True,True
14119001048,A03,146.0,135,가은요양원,경기도,부천시,경기도 부천시 원미구 부일로 123 2.3.4.5층 (상동 그린프라자3),원주소,경기 부천시 원미구 부일로 123,1.0,126.743640327857,37.489008680086,4119269000,True,True,True
14119001065,A03,21.0,10,반석의집요양원,경기도,부천시,경기도 부천시 원미구 역곡로13번길 17-1 4층 (역곡동 미라클타워),원주소,경기 부천시 원미구 역곡로13번길 17-1,1.0,126.810277989082,37.4859676249028,4119258000,True,True,True
14119001067,A03,78.0,78,성가요양원,경기도,부천시,경기도 부천시 원미구 소사로 327-2 (소사동),원주소,경기 부천시 원미구 소사로 327-2,1.0,126.792503956115,37.4883930792585,4119256000,True,True,True
14119001076,A03,27.0,23,노블레사 요양원,경기도,부천시,경기도 부천시 원미구 중동로254번길 24 8층 (중동 천마프라자),원주소,경기 부천시 원미구 중동로254번길 24,1.0,126.77013350483,37.5021071349918,4119263000,True,True,True
14119001113,A04,9.0,7,복된노인요양원,경기도,부천시,경기도 부천시 원미구 부일로 428-3 2층201호 (심곡동),원주소,경기 부천시 원미구 부일로 428-3,1.0,126.777705513407,37.4864233223561,4119252000,True,True,True
14119001116,A03,48.0,47,아름드리요양원,경기도,부천시,경기도 부천시 오정구 역곡로324번길 47 1.2.3층 (작동),도로명번호,경기 부천시 오정구 역곡로324번길 47,1.0,126.81455493721,37.5153598757454,4119651000,True,True,True
14119001123,A04,9.0,7,행복한요양원,경기도,부천시,경기도 부천시 소사구 경인로 486 201호 (괴안동 세코프라자),원주소,경기 부천시 소사구 경인로 486,1.0,126.809636644232,37.4830794959517,4119458000,True,True,True
14119001124,A04,9.0,9,소사한마음요양원1호,경기도,부천시,경기도 부천시 소사구 소사로 125 2층 (소사본동 동영빌딩),원주소,경기 부천시 소사구 소사로 125,1.0,126.796341123166,37.4695787834088,4119453000,True,True,True
14119001129,A04,9.0,9,은빛요양원,경기도,부천시,경기도 부천시 오정구 역곡로 462 4층 (고강동 해륙빌딩),원주소,경기 부천시 오정구 역곡로 462,1.0,126.816225198967,37.5258131157129,4119654000,True,True,True
14119001130,A04,9.0,9,은빛요양원2,경기도,부천시,경기도 부천시 오정구 역곡로 462 5층 (고강동 해륙빌딩),원주소,경기 부천시 오정구 역곡로 462,1.0,126.816225198967,37.5258131157129,4119654000,True,True,True
14119001142,A03,29.0,26,벧엘 요양원,경기도,부천시,경기도 부천시 원미구 송내대로265번길 23 4층 (상동 예성프라자),원주소,경기 부천시 원미구 송내대로265번길 23,1.0,126.757358165977,37.506914837056,4119270000,True,True,True
14119001143,A03,20.0,20,아이러브요양원,경기도,부천시,경기도 부천시 소사구 범안로 117 710호 (범박동 현대리치모아),원주소,경기 부천시 소사구 범안로 117,1.0,126.809587373605,37.4712169212861,4119455000,True,True,True
14119001145,A03,28.0,26,부천복사골요양원,경기도,부천시,경기도 부천시 원미구 부일로 423 3.4.5.층 (심곡동 태양빌딩),도로명번호,경기 부천시 원미구 부일로 423,1.0,126.7772596204,37.4869012773552,4119252000,True,True,True
14119001148,A03,17.0,17,한마음노인요양원,경기도,부천시,경기도 부천시 원미구 소향로 17 402호 (상동 두성프라자),원주소,경기 부천시 원미구 소향로 17,1.0,126.749693395958,37.5041026712061,4119269000,True,True,True
14119001149,A03,19.0,13,춘의요양원,경기도,부천시,경기도 부천시 원미구 부천로 203 (춘의동),원주소,경기 부천시 원미구 부천로 203,1.0,126.78656025884,37.5024049248729,4119259000,True,True,True
14119001156,A03,99.0,96,부천송내요양원,경기도,부천시,경기도 부천시 원미구 부일로 224-14 3 6 8 9 10층 (상동 그랜드코아),도로명번호,경기 부천시 원미구 부일로 224-14,1.0,126.754621072668,37.4879993541554,4119267000,True,True,True
14119001161,A03,26.0,21,가산요양원,경기도,부천시,경기도 부천시 원미구 상동로117번길 49 2층206호 (상동 아트프라자),원주소,경기 부천시 원미구 상동로117번길 49,1.0,126.750663420047,37.5077401796263,4119270000,True,True,True
14119001168,A04,9.0,8,가족사랑요양센터,경기도,부천시,경기도 부천시 원미구 역곡로 46 2층 (역곡동),원주소,경기 부천시 원미구 역곡로 46,1.0,126.8101348429,37.4892743599267,4119257000,True,True,True
14119001174,A03,25.0,25,효담요양원,경기도,부천시,경기도 부천시 소사구 범안로 60 5층 (괴안동 세경프라자),원주소,경기 부천시 소사구 범안로 60,1.0,126.807801496199,37.4763726657742,4119457000,True,True,True
14119001175,A03,49.0,46,상동연세너싱홈,경기도,부천시,경기도 부천시 원미구 상동로117번길 49 8층801호 (상동 아트프라자),원주소,경기 부천시 원미구 상동로117번길 49,1.0,126.750663420047,37.5077401796263,4119270000,True,True,True
14119001181,A03,24.0,20,정든실버홈,경기도,부천시,경기도 부천시 원미구 장말로 1 401호 (상동 정우프라자),원주소,경기 부천시 원미구 장말로 1,1.0,126.742111969662,37.4941588322641,4119269000,True,True,True
14119001183,A03,40.0,37,부천시민요양원,경기도,부천시,경기도 부천시 소사구 중동로 48 8층 (송내동 대우프라자),원주소,경기 부천시 소사구 중동로 48,1.0,126.764214076293,37.4844977563198,4119460000,True,True,True
14119001186,A03,69.0,62,더사랑 까치울요양원,경기도,부천시,경기도 부천시 원미구 상일로 86 4층 (상동 투원21c빌딩),원주소,경기 부천시 원미구 상일로 86,1.0,126.752017408872,37.4913087170751,4119268000,True,True,True
14119001187,A03,37.0,37,옥합노인요양원,경기도,부천시,경기도 부천시 소사구 심곡로 7 3 4층 (심곡본동 에이스탑빌),도로명번호,경기 부천시 소사구 심곡로 7,1.0,126.776339971225,37.4832023494352,4119451000,True,True,True
14119001196,A03,160.0,140,하랑실버빌리지,경기도,부천시,경기도 부천시 원미구 조마루로385번길 37 1~7층 (춘의동),도로명번호,경기 부천시 원미구 조마루로385번길 37,1.0,126.786931473659,37.4994047098937,4119259000,True,True,True
14119001203,A04,9.0,0,효행복 요양원,경기도,부천시,경기도 부천시 오정구 오정로211번길 77 3층 (오정동),원주소,경기 부천시 오정구 오정로211번길 77,1.0,126.78060760199,37.530071537052,4119656000,True,True,True
14119001208,A03,26.0,25,참좋은요양원,경기도,부천시,경기도 부천시 소사구 소사동로 82 701~703호 (소사본동 센트럴프라자),도로명번호,경기 부천시 소사구 소사동로 82,1.0,126.803981583924,37.4732748497992,4119454000,True,True,True
14119001209,A03,0.0,1,효도마을치매전문요양원,경기도,부천시,경기도 부천시 소사구 범안로 55 6층 (괴안동 홈타운프라자),원주소,경기 부천시 소사구 범안로 55,1.0,126.808067674668,37.4768836998908,4119457000,True,True,True
14119001210,A03,21.0,21,아름다운요양원,경기도,부천시,경기도 부천시 원미구 부흥로303번길 36 1002호 (중동 금호프라자),원주소,경기 부천시 원미구 부흥로303번길 36,1.0,126.776224827085,37.4963702423667,4119264000,True,True,True
14119001212,A03,29.0,29,민들레요양원,경기도,부천시,경기도 부천시 원미구 부흥로303번길 36 901호 (중동 금호프라자),원주소,경기 부천시 원미구 부흥로303번길 36,1.0,126.776224827085,37.4963702423667,4119264000,True,True,True
14119001213,A03,29.0,27,햇살조은요양원,경기도,부천시,경기도 부천시 원미구 부흥로303번길 36 1001호 (중동 금호프라자),원주소,경기 부천시 원미구 부흥로303번길 36,1.0,126.776224827085,37.4963702423667,4119264000,True,True,True
14119001229,A04,9.0,9,엠마우스요양원,경기도,부천시,경기도 부천시 원미구 부일로505번길 9 2층 (심곡동),원주소,경기 부천시 원미구 부일로505번길 9,1.0,126.786360422553,37.4858508422043,4119252000,True,True,True
14119001244,A04,9.0,9,다원요양원1호,경기도,부천시,경기도 부천시 원미구 길주로77번길 19-27 5층501호 (상동 광장프라자),원주소,경기 부천시 원미구 길주로77번길 19-27,1.0,126.749377208294,37.5069024984212,4119270000,True,True,True
14119001245,A04,9.0,9,다원요양원2호,경기도,부천시,경기도 부천시 원미구 길주로77번길 19-27 5층501호 (상동 광장프라자),원주소,경기 부천시 원미구 길주로77번길 19-27,1.0,126.749377208294,37.5069024984212,4119270000,True,True,True
14119001246,A04,9.0,9,다원요양원3호,경기도,부천시,경기도 부천시 원미구 길주로77번길 19-27 5층501호 (상동 광장프라자),원주소,경기 부천시 원미구 길주로77번길 19-27,1.0,126.749377208294,37.5069024984212,4119270000,True,True,True
14119001249,A04,9.0,9,행복한성모요양원,경기도,부천시,경기도 부천시 소사구 소사로 156 4층 (소사본동),원주소,경기 부천시 소사구 소사로 156,1.0,126.79574904223,37.472180956892,4119454000,True,True,True
14119001260,A04,9.0,9,가람요양원,경기도,부천시,경기도 부천시 원미구 부일로 428-3 5층 (심곡동),원주소,경기 부천시 원미구 부일로 428-3,1.0,126.777705513407,37.4864233223561,4119252000,True,True,True
14119001277,A04,9.0,9,부천사랑요양원1호,경기도,부천시,경기도 부천시 오정구 원종로 68 2층2호 (원종동 다우로얄팰리스),원주소,경기 부천시 오정구 원종로 68,1.0,126.807450367256,37.5238425219816,4119652000,True,True,True
14119001289,A03,20.0,20,삼성요양원,경기도,부천시,경기도 부천시 오정구 원종로 63 7층 (원종동),원주소,경기 부천시 오정구 원종로 63,1.0,126.807018931272,37.5242722260531,4119652000,True,True,True
14119001309,A04,8.0,7,이레요양원,경기도,부천시,경기도 부천시 원미구 중동로 384 5층 (약대동),원주소,경기 부천시 원미구 중동로 384,1.0,126.770342237737,37.5140433980234,4119261000,True,True,True
14119001311,A03,28.0,22,역곡 신세계 요양원,경기도,부천시,경기도 부천시 원미구 역곡로14번길 42 4층 (역곡동 청도포그니에),원주소,경기 부천시 원미구 역곡로14번길 42,1.0,126.813826042139,37.4870733985783,4119257000,True,True,True
14119001312,A03,34.0,33,예사랑요양원,경기도,부천시,경기도 부천시 원미구 소향로13번길 14-16 2층 (상동 대맥프라자),원주소,경기 부천시 원미구 소향로13번길 14-16,1.0,126.749956885118,37.504041870911,4119269000,True,True,True
14119001313,A03,22.0,16,해드림요양원,경기도,부천시,경기도 부천시 원미구 길주로77번길 61 801 802호 (상동 부건프라자),도로명번호,경기 부천시 원미구 길주로77번길 61,1.0,126.752384077221,37.5074849409818,4119270000,True,True,True
14119001320,A04,9.0,9,효사랑요양원 1호점,경기도,부천시,경기도 부천시 원미구 부천로40번길 18 5층 (심곡동 경원빌딩),원주소,경기 부천시 원미구 부천로40번길 18,1.0,126.784439448993,37.4876425183191,4119252000,True,True,True
14119001324,A03,25.0,25,새봄요양원,경기도,부천시,경기도 부천시 오정구 원종로 63 5층1호 (원종동),원주소,경기 부천시 오정구 원종로 63,1.0,126.807018931272,37.5242722260531,4119652000,True,True,True
14119001331,A03,16.0,16,성곡사랑요양원,경기도,부천시,경기도 부천시 오정구 소사로 709 5층1호 (원종동),원주소,경기 부천시 오정구 소사로 709,1.0,126.804519196193,37.5192380043222,4119651000,True,True,True
14119001343,A04,9.0,7,효사랑요양원,경기도,부천시,경기도 부천시 원미구 소향로13번길 20 8층 (상동 테마파크),원주소,경기 부천시 원미구 소향로13번길 20,1.0,126.749454945076,37.504623936657,4119269000,True,True,True
14119001344,A03,45.0,45,부천나눔요양원,경기도,부천시,경기도 부천시 원미구 송내대로265번길 67 4층 (상동 월드컵타운),원주소,경기 부천시 원미구 송내대로265번길 67,1.0,126.7549200417,37.5072360568444,4119270000,True,True,True
14119001350,A03,28.0,23,아이러브요양원(1호),경기도,부천시,경기도 부천시 소사구 범안로 117 7층4호 (범박동),원주소,경기 부천시 소사구 범안로 117,1.0,126.809587373605,37.4712169212861,4119455000,True,True,True
14119001351,A04,9.0,7,엔젤요양원,경기도,부천시,경기도 부천시 원미구 부일로 428-3 6층 (심곡동),원주소,경기 부천시 원미구 부일로 428-3,1.0,126.777705513407,37.4864233223561,4119252000,True,True,True
14119001352,A04,9.0,8,벧엘의집요양원2,경기도,부천시,경기도 부천시 원미구 부천로133번길 9 1층 (심곡동 우정빌딩),원주소,경기 부천시 원미구 부천로133번길 9,1.0,126.784864762817,37.4962180746705,4119251000,True,True,True
14119001356,A03,20.0,19,모성요양원,경기도,부천시,경기도 부천시 원미구 부흥로303번길 36 902호 (중동 금호프라자),원주소,경기 부천시 원미구 부흥로303번길 36,1.0,126.776224827085,37.4963702423667,4119264000,True,True,True
14119001361,A04,9.0,9,어울림요양원,경기도,부천시,경기도 부천시 오정구 중동로 409 5층1호 (삼정동),원주소,경기 부천시 오정구 중동로 409,1.0,126.769886705499,37.5164864790823,4119657000,True,True,True
14119001368,A03,12.0,0,진성요양원,경기도,부천시,경기도 부천시 소사구 경인로 281 5층 (심곡본동),원주소,경기 부천시 소사구 경인로 281,1.0,126.78674704348,37.483091576447,4119452000,True,True,True
14119001370,A03,21.0,17,한빛요양원,경기도,부천시,경기도 부천시 원미구 부흥로 2 5층501호 (상동),원주소,경기 부천시 원미구 부흥로 2,1.0,126.742667148599,37.4969736994992,4119269000,True,True,True
14119001378,A04,9.0,6,인애실버홈,경기도,부천시,경기도 부천시 원미구 소향로13번길 14-16 502호 (상동),원주소,경기 부천시 원미구 소향로13번길 14-16,1.0,126.749956885118,37.504041870911,4119269000,True,True,True
14119001379,A04,9.0,9,사랑마을요양원,경기도,부천시,경기도 부천시 원미구 부흥로 404 2층 (심곡동),원주소,경기 부천시 원미구 부흥로 404,1.0,126.785188104604,37.4896909679795,4119252000,True,True,True
14119001382,A04,9.0,6,행복나무요양원,경기도,부천시,경기도 부천시 원미구 길주로 288 505호 (중동),원주소,경기 부천시 원미구 길주로 288,1.0,126.774233888963,37.5027124082859,4119263000,True,True,True
14119001390,A03,81.0,81,살구꽃요양원,경기도,부천시,경기도 부천시 원미구 부일로 374 1~7층 (중동),도로명번호,경기 부천시 원미구 부일로 374,1.0,126.771512534443,37.4872295314987,4119262000,True,True,True
14119001399,A04,9.0,7,엔젤요양원2호점,경기도,부천시,경기도 부천시 원미구 부일로 428-3 3층 (심곡동),원주소,경기 부천시 원미구 부일로 428-3,1.0,126.777705513407,37.4864233223561,4119252000,True,True,True
14119001400,A03,17.0,17,예심사랑요양원,경기도,부천시,경기도 부천시 소사구 안곡로68번길 10 (괴안동),원주소,경기 부천시 소사구 안곡로68번길 10,1.0,126.809671263795,37.4781230177792,4119457000,True,True,True
14119001419,A04,9.0,9,하모니요양원1호,경기도,부천시,경기도 부천시 원미구 성곡로 91 3층 (도당동 송원빌딩),원주소,경기 부천시 원미구 성곡로 91,1.0,126.795398802974,37.520974464859,4119260000,True,True,True
14119001420,A04,9.0,8,하모니요양원2호,경기도,부천시,경기도 부천시 원미구 성곡로 91 3층 (도당동 송원빌딩),원주소,경기 부천시 원미구 성곡로 91,1.0,126.795398802974,37.520974464859,4119260000,True,True,True
14119001421,A04,9.0,9,내고향요양원,경기도,부천시,경기도 부천시 원미구 소향로 25 306 314호 (상동 서해프라자),도로명번호,경기 부천시 원미구 소향로 25,1.0,126.750607495796,37.503948100333,4119269000,True,True,True
14119001422,A04,9.0,8,도담요양원,경기도,부천시,경기도 부천시 소사구 소사로 125 4층 (소사본동),원주소,경기 부천시 소사구 소사로 125,1.0,126.796341123166,37.4695787834088,4119453000,True,True,True
14119001423,A04,9.0,9,부천다나요양원,경기도,부천시,경기도 부천시 오정구 원종로 68 4층 (원종동 다우로얄팰리스),원주소,경기 부천시 오정구 원종로 68,1.0,126.807450367256,37.5238425219816,4119652000,True,True,True
14119001431,A03,52.0,52,차오름재활요양원,경기도,부천시,경기도 부천시 소사구 경인로 519 7~9층 (괴안동 역곡프라자),도로명번호,경기 부천시 소사구 경인로 519,1.0,126.812754804894,37.4850849852561,4119458000,True,True,True
14119001441,A03,43.0,42,동산실버케어,경기도,부천시,경기도 부천시 원미구 호수로34번길 22 (상동),원주소,경기 부천시 원미구 호수로34번길 22,1.0,126.752608282036,37.5139156839452,4119270000,True,True,True
14121000007,A03,49.0,44,평강의집,경기도,광명시,경기도 광명시 도덕로54번길 10 (광명동),원주소,경기 광명시 도덕로54번길 10,1.0,126.854011265459,37.4681119351437,4121058000,True,True,True
14121000039,A03,49.0,38,참편한노인요양센터,경기도,광명시,경기도 광명시 오리로381번길 3 (소하동),원주소,경기 광명시 오리로381번길 3,1.0,126.879092635407,37.436405594613,4121065000,True,True,True
14121000063,A03,27.0,24,성산노인요양원,경기도,광명시,경기도 광명시 시청로29번길 14 (철산동),원주소,경기 광명시 시청로29번길 14,1.0,126.862534568058,37.4786807278478,4121060000,True,True,True
14121000085,A03,29.0,26,광명요양원,경기도,광명시,경기도 광명시 도덕로 24 (광명동),원주소,경기 광명시 도덕로 24,1.0,126.85060820605,37.4679711788209,4121058000,True,True,True
14121000116,A03,29.0,28,(A)공경효자손요양원,경기도,광명시,경기도 광명시 소하로 88 (소하동 청학프라자 401호 603호 604호),원주소,경기 광명시 소하로 88,1.0,126.883367436787,37.4469495076305,4121064000,True,True,True
14121000153,A03,29.0,23,광명천사요양원,경기도,광명시,경기도 광명시 광명로 823 501 503504호 (광명동 현대타운),도로명번호,경기 광명시 광명로 823,1.0,126.8509644652,37.4729484466432,4121057000,True,True,True
14121000181,A03,17.0,17,광명한마음요양원,경기도,광명시,경기도 광명시 광화로 22 8층 (광명동),원주소,경기 광명시 광화로 22,1.0,126.848940562742,37.4735617165227,4121057000,True,True,True
14121000182,A03,15.0,15,광명다솜요양원,경기도,광명시,경기도 광명시 가학로15번길 21 (가학동),원주소,경기 광명시 가학로15번길 21,1.0,126.849939904876,37.4184032094511,4121066000,True,True,True
14121000197,A03,114.0,111,광명시립노인요양센터,경기도,광명시,경기도 광명시 오리로 613 (하안동),원주소,경기 광명시 오리로 613,1.0,126.878163858407,37.4554109876685,4121063100,True,True,True
14121000198,A03,98.0,98,화영시니어케어센터,경기도,광명시,경기도 광명시 소하로109번길 12 (소하동),원주소,경기 광명시 소하로109번길 12,1.0,126.88549128372,37.4469866338298,4121064000,True,True,True
14121000217,A03,42.0,28,호광사회적협동조합 요양원,경기도,광명시,경기도 광명시 원노온사로 69-1 (노온사동),원주소,경기 광명시 원노온사로 69-1,1.0,126.850396357748,37.4525436135071,4121066000,True,True,True
14121000251,A03,29.0,29,한마음 실버케어,경기도,광명시,경기도 광명시 소하로 78 7층 (소하동 신성프라자),원주소,경기 광명시 소하로 78,1.0,126.883351238751,37.447919973469,4121064000,True,True,True
14121000260,A03,40.0,38,A-착한요양원,경기도,광명시,경기도 광명시 소하로 86 5층 (소하동 제일프라자),원주소,경기 광명시 소하로 86,1.0,126.883362166817,37.4472867518649,4121064000,True,True,True
14121000279,A04,9.0,8,광명참사랑요양원,경기도,광명시,경기도 광명시 오리로 1043 4층 (광명동),원주소,경기 광명시 오리로 1043,1.0,126.84745342421,37.481166842652,4121056000,True,True,True
14122000013,A03,27.0,21,다솔너싱홈,경기도,평택시,경기도 평택시 우곡길 81 (지산동),원주소,경기 평택시 우곡길 81,1.0,127.079347461516,37.0778899402226,4122056000,True,True,True
14122000014,A03,39.0,30,혜인요양원,경기도,평택시,경기도 평택시 진위면 동천2길 45-29 (진위면),원주소,경기 평택시 진위면 동천2길 45-29,1.0,127.103074269726,37.1373939256952,4122031000,True,True,True
14122000022,A03,96.0,90,평택시노인전문요양원,경기도,평택시,경기도 평택시 청북읍 건의길 4-13 (청북읍),원주소,경기 평택시 청북읍 건의길 4-13,1.0,126.948881795994,37.0415486938177,4122025900,True,True,True
14122000023,A03,120.0,88,늘푸른요양원,경기도,평택시,경기도 평택시 방여울로 91 (가재동),원주소,경기 평택시 방여울로 91,1.0,127.092694075834,37.0433433097846,4122053500,True,True,True
14122000024,A03,17.0,18,안중소규모요양시설,경기도,평택시,경기도 평택시 안중읍 안중로 69 (안중읍),원주소,경기 평택시 안중읍 안중로 69,1.0,126.924588713538,36.9878853508202,4122025300,True,True,True
14122000040,A04,9.0,8,청명시니어하우스,경기도,평택시,경기도 평택시 칠괴길 118-27 (칠괴동),원주소,경기 평택시 칠괴길 118-27,1.0,127.084808282336,37.0254606696887,4122053500,True,True,True
14122000067,A03,58.0,49,반지마을요양원,경기도,평택시,경기도 평택시 이충로13번길 110 (이충동),원주소,경기 평택시 이충로13번길 110,1.0,127.064069585817,37.0582228307085,4122051000,True,True,True
14122000114,A03,45.0,42,(주)실버랜드,경기도,평택시,경기도 평택시 진위면 청호길 16 (진위면 1 2층),원주소,경기 평택시 진위면 청호길 16,1.0,127.084567392423,37.1186833205439,4122031000,True,True,True
14122000151,A04,9.0,7,하늘노인요양공동생활가정,경기도,평택시,경기도 평택시 오성면 길음2길 67-4 (오성면),원주소,경기 평택시 오성면 길음2길 67-4,1.0,126.97115565355,36.9858266365842,4122034000,True,True,True
14122000155,A04,9.0,9,두리노인요양공동생활가정,경기도,평택시,경기도 평택시 팽성읍 두리길 64-1 (팽성읍),원주소,경기 평택시 팽성읍 두리길 64-1,1.0,127.066809376042,36.9752698163959,4122025000,True,True,True
14122000165,A03,42.0,23,그림뜰전문요양센터,경기도,평택시,경기도 평택시 안중읍 행궁길 21 (안중읍),원주소,경기 평택시 안중읍 행궁길 21,1.0,126.916410916799,36.9765402622737,4122025300,True,True,True
14122000166,A03,79.0,70,온누리사랑채,경기도,평택시,경기도 평택시 안중읍 서해로 1141-21 (안중읍),원주소,경기 평택시 안중읍 서해로 1141-21,1.0,126.936324519306,36.9979967037455,4122025300,True,True,True
14122000179,A03,82.0,76,강남행복한요양원,경기도,평택시,경기도 평택시 안중읍 서동대로 1831-3 (안중읍),원주소,경기 평택시 안중읍 서동대로 1831-3,1.0,126.951132898582,36.9965333369702,4122025300,True,True,True
14122000189,A03,182.0,127,미소요양원,경기도,평택시,경기도 평택시 팽성읍 팽성북로 130-8 (팽성읍),원주소,경기 평택시 팽성읍 팽성북로 130-8,1.0,127.048215848334,36.9795944832482,4122025000,True,True,True
14122000197,A04,9.0,7,온맘요양원,경기도,평택시,경기도 평택시 비전6길 8 (비전동),원주소,경기 평택시 비전6길 8,1.0,127.102614598206,37.0050850911401,4122062000,True,True,True
14122000199,A03,29.0,25,마리아요양원,경기도,평택시,경기도 평택시 통복시장로6번길 18-3 (통복동),원주소,경기 평택시 통복시장로6번길 18-3,1.0,127.086089119905,36.9953887978945,4122061000,True,True,True
14122000205,A03,76.0,40,성광요양원,경기도,평택시,경기도 평택시 탄현로 399-9 (신장동),원주소,경기 평택시 탄현로 399-9,1.0,127.059732305777,37.0884169228385,4122056000,True,True,True
14122000215,A03,29.0,28,굿모닝노인전문요양원,경기도,평택시,경기도 평택시 현덕면 현덕로 1095-5 (현덕면),원주소,경기 평택시 현덕면 현덕로 1095-5,1.0,126.935015938917,36.9552275792678,4122037000,True,True,True
14122000258,A04,9.0,8,고덕명성의집,경기도,평택시,경기도 평택시 고덕면 효학길 35-15 (고덕면),원주소,경기 평택시 고덕면 효학길 35-15,1.0,127.033381760663,37.0122404106603,4122033000,True,True,True
14122000266,A04,9.0,7,한빛노인요양공동생활가정,경기도,평택시,경기도 평택시 고덕면 동고1길 17-6 (고덕면),원주소,경기 평택시 고덕면 동고1길 17-6,1.0,127.041190076302,37.010363169284,4122033000,True,True,True
14122000267,A03,18.0,19,봄날정원노인요양원,경기도,평택시,경기도 평택시 안골길 7 (도일동),원주소,경기 평택시 안골길 7,1.0,127.114515097642,37.0564639012636,4122053500,True,True,True
14122000272,A03,49.0,46,정음요양원,경기도,평택시,경기도 평택시 서정역로 48 (서정동),원주소,경기 평택시 서정역로 48,1.0,127.055323540156,37.0582804852588,4122051000,True,True,True
14122000281,A03,95.0,78,은화케어센터,경기도,평택시,경기도 평택시 잔다리2길 1-3 (세교동),원주소,경기 평택시 잔다리2길 1-3,1.0,127.079048114919,37.0034235998368,4122064000,True,True,True
14122000286,A03,29.0,15,행복한요양원,경기도,평택시,경기도 평택시 오성면 양교리 176번지 53호 ,원주소,경기 평택시 오성면 양교리 176,1.0,126.973169892798,37.0237413805172,4122034000,True,True,True
14122000322,A03,27.0,14,효드림요양원,경기도,평택시,경기도 평택시 진위면 지산로175번길 220 (진위면),원주소,경기 평택시 진위면 지산로175번길 220,1.0,127.080477117133,37.0869324038031,4122031000,True,True,True
14122000331,A03,80.0,78,서정요양원,경기도,평택시,경기도 평택시 둥구재길 16 (이충동),원주소,경기 평택시 둥구재길 16,1.0,127.060742576627,37.0582687334831,4122051000,True,True,True
14122000335,A03,99.0,90,미래노인전문요양원,경기도,평택시,경기도 평택시 송탄공원로 94-2 (지산동),원주소,경기 평택시 송탄공원로 94-2,1.0,127.059922435288,37.0753299594961,4122055000,True,True,True
14122000345,A03,72.0,49,삼성요양원,경기도,평택시,경기도 평택시 안중읍 금곡4길 42-3 (안중읍),원주소,경기 평택시 안중읍 금곡4길 42-3,1.0,126.945806177312,36.9965640943194,4122025300,True,True,True
14122000354,A04,8.0,6,한울공동요양생활시설,경기도,평택시,경기도 평택시 진위면 은산길 56-14 (진위면),원주소,경기 평택시 진위면 은산길 56-14,1.0,127.123207561062,37.0802990735164,4122031000,True,True,True
14122000358,A04,9.0,9,효원요양원,경기도,평택시,경기도 평택시 중앙1로 84 4층 (비전동 리치빌딩),원주소,경기 평택시 중앙1로 84,1.0,127.09207505262,36.9967886430816,4122062000,True,True,True
14122000361,A03,40.0,16,정드림요양원,경기도,평택시,경기도 평택시 진위면 지산로175번길 220 (진위면),원주소,경기 평택시 진위면 지산로175번길 220,1.0,127.080477117133,37.0869324038031,4122031000,True,True,True
14122000371,A03,29.0,24,효정요양원,경기도,평택시,경기도 평택시 지제1길 53-7 (지제동),원주소,경기 평택시 지제1길 53-7,1.0,127.059871414338,37.0208423439127,4122064000,True,True,True
14122000380,A03,42.0,42,평택국제요양원,경기도,평택시,경기도 평택시 고덕면 방축길 109-1 (고덕면),원주소,경기 평택시 고덕면 방축길 109-1,1.0,127.046470580211,37.014658111283,4122033000,True,True,True
14122000394,A03,70.0,68,안중사회복지요양원,경기도,평택시,경기도 평택시 안중읍 현화1길 23 (안중읍),원주소,경기 평택시 안중읍 현화1길 23,1.0,126.920799947749,36.9761600394531,4122025300,True,True,True
14122000395,A03,23.0,23,드림요양원,경기도,평택시,경기도 평택시 점촌로13번길 34-1 (서정동),원주소,경기 평택시 점촌로13번길 34-1,1.0,127.05565383023,37.0650103541288,4122052000,True,True,True
14122000397,A03,72.0,69,닥터정 요양원,경기도,평택시,경기도 평택시 탄현로1번길 27 (장당동),원주소,경기 평택시 탄현로1번길 27,1.0,127.054648257126,37.052759198016,4122051000,True,True,True
14122000405,A03,29.0,13,카네이션요양원,경기도,평택시,경기도 평택시 안중읍 안중로117번길 17-5 (안중읍),원주소,경기 평택시 안중읍 안중로117번길 17-5,1.0,126.928301229514,36.9892048556099,4122025300,True,True,True
14122000414,A03,49.0,43,보금자리요양원,경기도,평택시,경기도 평택시 신대고잔길 55-14 (신대동),원주소,경기 평택시 신대고잔길 55-14,1.0,127.065572520612,36.9950286757327,4122060000,True,True,True
14122000419,A04,9.0,6,호산나요양원,경기도,평택시,경기도 평택시 죽백2길 219-77 (죽백동),원주소,경기 평택시 죽백2길 219-77,1.0,127.127095301854,37.0135506604176,4122062000,True,True,True
14122000421,A03,29.0,24,연세요양원,경기도,평택시,경기도 평택시 안중읍 안현로 429 5층501 509-10호 (안중읍),원주소,경기 평택시 안중읍 안현로 429,1.0,126.931605301817,36.9881681257404,4122025300,True,True,True
14122000424,A03,29.0,23,사랑요양원,경기도,평택시,경기도 평택시 오성면 당거3길 16-2 (오성면),원주소,경기 평택시 오성면 당거3길 16-2,1.0,127.006067213664,36.9890873153471,4122034000,True,True,True
14122000428,A03,80.0,72,평택에이스요양원,경기도,평택시,경기도 평택시 고덕면 새악길 45-14 (고덕면),원주소,경기 평택시 고덕면 새악길 45-14,1.0,127.018190738844,37.0145266883305,4122033000,True,True,True
14122000429,A03,166.0,127,(주)평택제일요양원,경기도,평택시,경기도 평택시 목천로 72-19 (신장동),원주소,경기 평택시 목천로 72-19,1.0,127.057461798518,37.0900941225329,4122057000,True,True,True
14122000430,A03,64.0,46,더조은요양원우리함께평택점,경기도,평택시,경기도 평택시 안중읍 안현로 429 2 3층 (안중읍),도로명번호,경기 평택시 안중읍 안현로 429,1.0,126.931605301817,36.9881681257404,4122025300,True,True,True
14122000433,A04,9.0,9,신화요양원,경기도,평택시,경기도 평택시 팽성읍 석봉길 30 (팽성읍),원주소,경기 평택시 팽성읍 석봉길 30,1.0,127.045398013176,36.9826712682652,4122025000,True,True,True
14122000437,A04,9.0,8,사랑뜰요양센터,경기도,평택시,경기도 평택시 중앙1로 84 2층 (비전동),원주소,경기 평택시 중앙1로 84,1.0,127.09207505262,36.9967886430816,4122062000,True,True,True
14122000439,A03,99.0,51,이웃사랑너싱홈,경기도,평택시,경기도 평택시 현덕면 포승남로 146 (현덕면),키워드(검증),경기 평택시 현덕면 방축리 345-24,1.0,126.889640525581,36.9508669598256,4122037000,True,True,True
14122000441,A03,95.0,94,참사랑요양원,경기도,평택시,경기도 평택시 평택5로34번길 43-16 (합정동),원주소,경기 평택시 평택5로34번길 43-16,1.0,127.115084100994,36.9885943910229,4122059000,True,True,True
14122000442,A03,49.0,48,서평택실버하우스요양원,경기도,평택시,경기도 평택시 안중읍 덕우로 166-4 (안중읍),원주소,경기 평택시 안중읍 덕우로 166-4,1.0,126.929449417734,37.0049330401719,4122025300,True,True,True
14122000450,A03,36.0,18,만복요양원,경기도,평택시,경기도 평택시 평택1로9번길 48 (평택동 만복요양원),원주소,경기 평택시 평택1로9번길 48,1.0,127.08515759659,36.9944671213668,4122059000,True,True,True
14122000456,A04,9.0,3,한길요양원,경기도,평택시,경기도 평택시 청북읍 고잔6길 119-57 (청북읍),원주소,경기 평택시 청북읍 고잔6길 119-57,1.0,126.896598712661,37.0421492770628,4122025900,True,True,True
14122000461,A03,49.0,42,하나요양원,경기도,평택시,경기도 평택시 목천로17번길 100 (신장동),원주소,경기 평택시 목천로17번길 100,1.0,127.053081880319,37.0869745010369,4122057000,True,True,True
14122000465,A03,74.0,43,헤아린요양원,경기도,평택시,경기도 평택시 포승읍 포승향남로 118 (포승읍),원주소,경기 평택시 포승읍 포승향남로 118,1.0,126.868933674321,36.9861582315997,4122025600,True,True,True
14122000470,A03,84.0,72,민들레요양원,경기도,평택시,경기도 평택시 비전6로 22 (비전동),원주소,경기 평택시 비전6로 22,1.0,127.092644888509,37.0035871340343,4122062000,True,True,True
14122000471,A03,84.0,74,스마일요양원,경기도,평택시,경기도 평택시 비전6로 20 (비전동),원주소,경기 평택시 비전6로 20,1.0,127.092407555033,37.003545689076,4122062000,True,True,True
14122000472,A04,9.0,9,정다운요양원,경기도,평택시,경기도 평택시 중앙1로 84 (비전동 B동 102호),원주소,경기 평택시 중앙1로 84,1.0,127.09207505262,36.9967886430816,4122062000,True,True,True
14122000484,A03,99.0,99,아모르파티 평택요양원,경기도,평택시,경기도 평택시 죽백1길 56-3 (죽백동),원주소,경기 평택시 죽백1길 56-3,1.0,127.138846973355,37.011827695201,4122062000,True,True,True
14122000488,A03,29.0,12,경기우리요양원,경기도,평택시,경기도 평택시 진위면 진위서로 121-5 (진위면),원주소,경기 평택시 진위면 진위서로 121-5,1.0,127.075993971121,37.1074577114764,4122031000,True,True,True
14122000494,A03,29.0,10,평택 다 좋은 요양원,경기도,평택시,경기도 평택시 안중읍 안현로서6길 48-3 (안중읍),원주소,경기 평택시 안중읍 안현로서6길 48-3,1.0,126.92402417429,36.985045404106,4122025300,True,True,True
14125000004,A03,63.0,0,신흥전문요양원,경기도,동두천시,경기도 동두천시 강변로702번길 13-11 (동두천동),원주소,경기 동두천시 강변로702번길 13-11,1.0,127.050296627504,37.9295424482741,4125058000,True,True,True
14125000006,A03,90.0,44,신흥신망애요양원,경기도,동두천시,경기도 동두천시 강변로702번길 13-11 (동두천동),원주소,경기 동두천시 강변로702번길 13-11,1.0,127.050296627504,37.9295424482741,4125058000,True,True,True
14125000008,A03,29.0,29,평강요양원,경기도,동두천시,경기도 동두천시 안흥로26번길 100 (안흥동),원주소,경기 동두천시 안흥로26번길 100,1.0,127.044274369002,37.9324727430186,4125058000,True,True,True
14125000009,A03,29.0,24,엘림요양원,경기도,동두천시,경기도 동두천시 안흥로216번길 79 (안흥동),원주소,경기 동두천시 안흥로216번길 79,1.0,127.032309600182,37.9299243633736,4125058000,True,True,True
14125000036,A03,100.0,84,동두천노인복지요양센터,경기도,동두천시,경기도 동두천시 상패로 85 (상패동),원주소,경기 동두천시 상패로 85,1.0,127.048062020817,37.9092930035654,4125060000,True,True,True
14125000064,A03,85.0,53,동원 효 실버센터,경기도,동두천시,경기도 동두천시 삼육사로 1144 (생연동),원주소,경기 동두천시 삼육사로 1144,1.0,127.074412354863,37.8935154689148,4125056500,True,True,True
14125000087,A03,40.0,34,봄나라요양원,경기도,동두천시,경기도 동두천시 지행로 64 (지행동 씨티타워 7층),원주소,경기 동두천시 지행로 64,1.0,127.054164551525,37.8920703281095,4125056600,True,True,True
14125000106,A03,29.0,22,사랑모아,경기도,동두천시,경기도 동두천시 지행로 50 (지행동 성지에스앤비타워 601 602호),원주소,경기 동두천시 지행로 50,1.0,127.052610680042,37.892067879516,4125056600,True,True,True
14125000113,A03,28.0,19,동두천울타리노인요양원,경기도,동두천시,경기도 동두천시 상패로 91 (상패동),원주소,경기 동두천시 상패로 91,1.0,127.048488303508,37.9099433097824,4125060000,True,True,True
14125000120,A03,37.0,33,다솜요양원,경기도,동두천시,경기도 동두천시 동두천로 129 (지행동 지행프라자 5층 501 502호),원주소,경기 동두천시 동두천로 129,1.0,127.054804183822,37.8930322422742,4125056600,True,True,True
14125000121,A03,44.0,21,현대전문요양원,경기도,동두천시,경기도 동두천시 정장로35번길 20 (생연동),원주소,경기 동두천시 정장로35번길 20,1.0,127.055191235785,37.905137787616,4125053500,True,True,True
14125000145,A04,9.0,9,케어기빙노인요양원1호점,경기도,동두천시,경기도 동두천시 중앙로 298 6층 (생연동 은아빌딩),원주소,경기 동두천시 중앙로 298,1.0,127.054871125495,37.9080125784701,4125053500,True,True,True
14125000146,A04,9.0,7,케어기빙노인요양원2호점,경기도,동두천시,경기도 동두천시 중앙로 298 4층 (생연동 은아빌딩),원주소,경기 동두천시 중앙로 298,1.0,127.054871125495,37.9080125784701,4125053500,True,True,True
14125000155,A04,7.0,7,효원요양원,경기도,동두천시,경기도 동두천시 광암로 67 (광암동),원주소,경기 동두천시 광암로 67,1.0,127.088208613774,37.8935130568228,4125056500,True,True,True
14125000157,A03,49.0,35,동두천행복마루요양원,경기도,동두천시,경기도 동두천시 행선로 123-12 2층~3층 (생연동 에이스프라자),원주소,경기 동두천시 행선로 123-12,1.0,127.061868794978,37.8983635992583,4125056500,True,True,True
14125000171,A03,49.0,46,참사랑요양원,경기도,동두천시,경기도 동두천시 동두천로 13 3 4층 (송내동 우진프라자),도로명번호,경기 동두천시 동두천로 13,1.0,127.053975905733,37.8826722794601,4125056600,True,True,True
14125000174,A03,49.0,39,메디칼요양원,경기도,동두천시,경기도 동두천시 지행로 59 8~10층 (지행동 M크리닉센터),도로명번호,경기 동두천시 지행로 59,1.0,127.053781651702,37.8926912554081,4125056600,True,True,True
14125000180,A04,9.0,9,지행요양원,경기도,동두천시,경기도 동두천시 동두천로 9 201호 (송내동 (송현빌딩)),원주소,경기 동두천시 동두천로 9,1.0,127.053954259231,37.8822938013632,4125056600,True,True,True
14125000192,A03,29.0,29,소중한요양원,경기도,동두천시,경기도 동두천시 평화로2120번길 95 (송내동),원주소,경기 동두천시 평화로2120번길 95,1.0,127.05999275557,37.8729415597913,4125056600,True,True,True
14125000193,A04,6.0,6,쉼터요양원,경기도,동두천시,경기도 동두천시 봉동로40번길 60-3 (상봉암동),원주소,경기 동두천시 봉동로40번길 60-3,1.0,127.055405651423,37.9485932064504,4125058000,True,True,True
14125000197,A03,21.0,17,복음요양원,경기도,동두천시,경기도 동두천시 동두천로 340-13 (생연동),원주소,경기 동두천시 동두천로 340-13,1.0,127.056601813366,37.9124695356291,4125053500,True,True,True
14125000204,A03,56.0,40,보광노인요양원,경기도,동두천시,경기도 동두천시 평화로2812번길 186 E동 (동두천동),원주소,경기 동두천시 평화로2812번길 186,1.0,127.063498412372,37.9344872700128,4125058000,True,True,True
14125000207,A03,91.0,50,주사랑요양원,경기도,동두천시,경기도 동두천시 중앙로 292 2~6층 (생연동 동성빌딩),도로명번호,경기 동두천시 중앙로 292,1.0,127.05479957118,37.9075122277544,4125053500,True,True,True
14125000211,A03,35.0,29,아가페요양원,경기도,동두천시,경기도 동두천시 동두천로 9 301호 401호 (송내동 송현빌딩),원주소,경기 동두천시 동두천로 9,1.0,127.053954259231,37.8822938013632,4125056600,True,True,True
14125000226,A03,49.0,39,희망비전요양원,경기도,동두천시,경기도 동두천시 삼육사로 1133-1 지하1층~4층 (생연동),원주소,경기 동두천시 삼육사로 1133-1,1.0,127.073888626066,37.8949164087736,4125056500,True,True,True
14125000227,A04,9.0,9,효사랑요양원,경기도,동두천시,경기도 동두천시 중앙로7번길 15 203호 204호 (송내동 팬타월드),원주소,경기 동두천시 중앙로7번길 15,1.0,127.053476602717,37.8822824871757,4125056600,True,True,True
14125000233,A03,45.0,45,실버세상로뎀요양원,경기도,동두천시,경기도 동두천시 중앙로265번길 24 7~8층 (생연동),도로명번호,경기 동두천시 중앙로265번길 24,1.0,127.052543845673,37.9056810971622,4125053500,True,True,True
14125000234,A03,49.0,28,효심재활요양원,경기도,동두천시,경기도 동두천시 중앙로265번길 24 5~6층 (생연동),도로명번호,경기 동두천시 중앙로265번길 24,1.0,127.052543845673,37.9056810971622,4125053500,True,True,True
14125000238,A03,29.0,23,동두천효재활요양원,경기도,동두천시,경기도 동두천시 삼육사로1002번길 13 (생연동),원주소,경기 동두천시 삼육사로1002번길 13,1.0,127.061045207554,37.8983988057303,4125056500,True,True,True
14125000244,A03,49.0,43,효담원 노인전문요양센터,경기도,동두천시,경기도 동두천시 지행로 142 (지행동),원주소,경기 동두천시 지행로 142,1.0,127.062982411013,37.8921786488787,4125056500,True,True,True
14125000246,A04,9.0,8,로하스요양원,경기도,동두천시,경기도 동두천시 동두천로 5 3층 (송내동 대흥프라자),원주소,경기 동두천시 동두천로 5,1.0,127.053921648442,37.881843883121,4125056600,True,True,True
14125000247,A03,27.0,13,늘사랑노인전문요양원,경기도,동두천시,경기도 동두천시 동두천로 119 402호 (지행동 지행역프라자),원주소,경기 동두천시 동두천로 119,1.0,127.054630551128,37.8920674099318,4125056600,True,True,True
14125000248,A04,9.0,5,우리사는세상,경기도,동두천시,경기도 동두천시 평화로 2802-13 (동두천동),원주소,경기 동두천시 평화로 2802-13,1.0,127.056106806735,37.937777652668,4125058000,True,True,True
14125000250,A03,98.0,62,실버세상요양타운,경기도,동두천시,경기도 동두천시 중앙로265번길 24 1~4층 (생연동),도로명번호,경기 동두천시 중앙로265번길 24,1.0,127.052543845673,37.9056810971622,4125053500,True,True,True
14125000254,A04,9.0,3,늘봄요양원,경기도,동두천시,경기도 동두천시 천보산로 677 (탑동동),원주소,경기 동두천시 천보산로 677,1.0,127.089546448891,37.8898064564201,4125056500,True,True,True
14125000257,A03,29.0,28,청암요양원,경기도,동두천시,경기도 동두천시 중앙로 297 (생연동 한웅프라자),원주소,경기 동두천시 중앙로 297,1.0,127.054347100909,37.9081083216115,4125053500,True,True,True
14125000265,A03,29.0,29,카네이션요양원,경기도,동두천시,경기도 동두천시 지행로 61 7~8층 (지행동 한승빌딩),도로명번호,경기 동두천시 지행로 61,1.0,127.054025041141,37.8926696113519,4125056600,True,True,True
14125000266,A03,49.0,41,대경요양원,경기도,동두천시,경기도 동두천시 삼육사로 1333 (탑동동),원주소,경기 동두천시 삼육사로 1333,1.0,127.095649661129,37.8909616236391,4125056500,True,True,True
14125000271,A03,46.0,35,동두천라이프요양원,경기도,동두천시,경기도 동두천시 송내로 118 (송내동),원주소,경기 동두천시 송내로 118,1.0,127.071113518021,37.8816542938625,4125056600,True,True,True
14127000021,A03,81.0,82,안산시립노인전문요양원,경기도,안산시,경기도 안산시 상록구 차돌배기로 26 (사동),원주소,경기 안산시 상록구 차돌배기로 26,1.0,126.84672138571,37.2995052577133,4127152500,True,True,True
14127000071,A04,9.0,7,소망의 집,경기도,안산시,경기도 안산시 단원구 비룰길 82-16 (대부남동),원주소,경기 안산시 단원구 비룰길 82-16,1.0,126.58193492956,37.2254777516541,4127361000,True,True,True
14127000341,A03,49.0,39,방주요양원1,경기도,안산시,경기도 안산시 단원구 원포공원1로 64 501~506호 (초지동 503~506호 604 606 607호),도로명번호,경기 안산시 단원구 원포공원1로 64,1.0,126.810973072598,37.3032762937895,4127357000,True,True,True
14127000390,A03,29.0,29,단원요양원,경기도,안산시,경기도 안산시 단원구 원포공원1로 49 (초지동 태영타운 501호),원주소,경기 안산시 단원구 원포공원1로 49,1.0,126.812305198626,37.3024487409621,4127357000,True,True,True
14127000429,A03,80.0,79,제일노인요양원,경기도,안산시,경기도 안산시 단원구 흘곶길 58 (대부남동),원주소,경기 안산시 단원구 흘곶길 58,1.0,126.571136973531,37.2192405178874,4127361000,True,True,True
14127000432,A03,37.0,37,효경요양원(초지점),경기도,안산시,경기도 안산시 단원구 원포공원1로 60 601호 (초지동),원주소,경기 안산시 단원구 원포공원1로 60,1.0,126.81138204495,37.3032389226144,4127357000,True,True,True
14127000438,A03,68.0,68,효드림 요양원,경기도,안산시,경기도 안산시 단원구 광덕동로 91 6층601호 (고잔동 시티프라자),원주소,경기 안산시 단원구 광덕동로 91,1.0,126.832583514394,37.3126513021701,4127353500,True,True,True
14127000465,A04,9.0,9,상록천사의집,경기도,안산시,경기도 안산시 상록구 매화로1길 41-1 (이동),원주소,경기 안산시 상록구 매화로1길 41-1,1.0,126.859997991289,37.3061221529444,4127151500,True,True,True
14127000470,A04,6.0,3,낙원 노인공동생활가정,경기도,안산시,경기도 안산시 상록구 성호로22길 37 (부곡동 3층),원주소,경기 안산시 상록구 성호로22길 37,1.0,126.862984533576,37.3341645311215,4127157000,True,True,True
14127000477,A03,38.0,38,안산의료복지 사회적협동조합 꿈꾸는집요양원,경기도,안산시,경기도 안산시 상록구 예술광장1로 46 407호 (월피동 로얄프라자),원주소,경기 안산시 상록구 예술광장1로 46,1.0,126.8469435077,37.3293647179172,4127158000,True,True,True
14127000500,A04,9.0,9,수 요양원1,경기도,안산시,경기도 안산시 상록구 석호로 99 4층 (사동 하나빌딩),원주소,경기 안산시 상록구 석호로 99,1.0,126.847383506776,37.3025497217311,4127152500,True,True,True
14127000501,A04,9.0,8,수 요양원2,경기도,안산시,경기도 안산시 상록구 석호로 99 3층 (사동 하나빌딩),원주소,경기 안산시 상록구 석호로 99,1.0,126.847383506776,37.3025497217311,4127152500,True,True,True
14127000503,A04,9.0,8,한샘요양원,경기도,안산시,경기도 안산시 단원구 선삼로1길 29-3 (선부동),원주소,경기 안산시 단원구 선삼로1길 29-3,1.0,126.814139853849,37.3475861108565,4127360000,True,True,True
14127000531,A04,9.0,6,에덴요양원1,경기도,안산시,경기도 안산시 단원구 초지로 116 (초지동 미강프라자 305.306.307호),원주소,경기 안산시 단원구 초지로 116,1.0,126.815319978741,37.3091164539686,4127357000,True,True,True
14127000532,A04,9.0,5,에덴요양원2,경기도,안산시,경기도 안산시 단원구 초지로 116 (초지동 미강프라자 305 306 307호),원주소,경기 안산시 단원구 초지로 116,1.0,126.815319978741,37.3091164539686,4127357000,True,True,True
14127000545,A04,9.0,8,오손도손요양원,경기도,안산시,경기도 안산시 상록구 한양대학로 40 2층 (사동),원주소,경기 안산시 상록구 한양대학로 40,1.0,126.83904528042,37.3009575386587,4127153700,True,True,True
14127000558,A03,86.0,83,AAA해오름실버케어,경기도,안산시,경기도 안산시 상록구 성호로14길 5 (부곡동),원주소,경기 안산시 상록구 성호로14길 5,1.0,126.858935406784,37.3271425412175,4127157000,True,True,True
14127000574,A03,46.0,46,효경요양원,경기도,안산시,경기도 안산시 상록구 예술광장1로 52 2층 (월피동 뉴월피프라자),원주소,경기 안산시 상록구 예술광장1로 52,1.0,126.847583132559,37.3290428842534,4127158000,True,True,True
14127000619,A03,91.0,79,(주)다리피 가은요양원,경기도,안산시,경기도 안산시 단원구 원포공원로 54 (초지동 프라임아트 301호),원주소,경기 안산시 단원구 원포공원로 54,1.0,126.80985091116,37.3033099068432,4127357000,True,True,True
14127000621,A03,49.0,41,초지요양원,경기도,안산시,경기도 안산시 단원구 원포공원1로 60 (초지동 다인프라자 502호 503호 504호),원주소,경기 안산시 단원구 원포공원1로 60,1.0,126.81138204495,37.3032389226144,4127357000,True,True,True
14127000625,A03,25.0,21,실로암요양원,경기도,안산시,경기도 안산시 단원구 부부로8길 2 (원곡동),원주소,경기 안산시 단원구 부부로8길 2,1.0,126.792731099907,37.3393026141883,4127354500,True,True,True
14127000627,A03,44.0,30,상록실버요양원2,경기도,안산시,경기도 안산시 단원구 중앙대로 895 2 6층601 606호 (고잔동 유창빌딩(205~209호 601호 606호)),도로명번호,경기 안산시 단원구 중앙대로 895,1.0,126.835841344658,37.3171978855268,4127353200,True,True,True
14127000636,A03,48.0,40,A-시청앞전문요양원,경기도,안산시,경기도 안산시 단원구 고잔로 102 (고잔동 대지스타타워 8층),원주소,경기 안산시 단원구 고잔로 102,1.0,126.837624122757,37.3187365163441,4127353200,True,True,True
14127000638,A04,9.0,6,우리요양원-1,경기도,안산시,경기도 안산시 단원구 광덕3로 175-3 4층 (고잔동 403호 404호 21세기타운),원주소,경기 안산시 단원구 광덕3로 175-3,1.0,126.83209053603,37.3128063023456,4127353500,True,True,True
14127000643,A04,9.0,6,우리요양원-2,경기도,안산시,경기도 안산시 단원구 광덕3로 175-3 4층402호 (고잔동 21세기타운),원주소,경기 안산시 단원구 광덕3로 175-3,1.0,126.83209053603,37.3128063023456,4127353500,True,True,True
14127000644,A04,9.0,7,우리요양원-3,경기도,안산시,경기도 안산시 단원구 광덕3로 175-3 4층401호 (고잔동 21세기타운),원주소,경기 안산시 단원구 광덕3로 175-3,1.0,126.83209053603,37.3128063023456,4127353500,True,True,True
14127000652,A03,45.0,45,어르신이 행복한세상,경기도,안산시,경기도 안산시 상록구 양지편로 36 5층501호 (이동 아트프라자),원주소,경기 안산시 상록구 양지편로 36,1.0,126.85127839853,37.3093501056233,4127151500,True,True,True
14127000653,A04,8.0,8,효사랑복지요양원2,경기도,안산시,경기도 안산시 상록구 석호로 218 3층 (사동),원주소,경기 안산시 상록구 석호로 218,1.0,126.854657258906,37.2940788661788,4127152500,True,True,True
14127000660,A03,46.0,40,탐라요양원,경기도,안산시,경기도 안산시 상록구 예술광장1로 124 301호 (성포동 선경프라자),원주소,경기 안산시 상록구 예술광장1로 124,1.0,126.84447142261,37.3267475117711,4127159000,True,True,True
14127000667,A03,46.0,42,온누리전문요양원,경기도,안산시,경기도 안산시 단원구 고잔로 120 (고잔동 세주빌딩 501 502 503 504 505 506호),원주소,경기 안산시 단원구 고잔로 120,1.0,126.839548715936,37.3186637251559,4127353200,True,True,True
14127000671,A03,21.0,15,상록수요양원,경기도,안산시,경기도 안산시 상록구 석호로 196 6층601호 (사동 상록프라자),원주소,경기 안산시 상록구 석호로 196,1.0,126.852616163487,37.2953471643308,4127152500,True,True,True
14127000675,A03,39.0,26,빛나노인전문요양원,경기도,안산시,경기도 안산시 단원구 원포공원1로 19 205호 (초지동 원포빌딩),원주소,경기 안산시 단원구 원포공원1로 19,1.0,126.812414425513,37.3003877060879,4127357000,True,True,True
14127000684,A03,44.0,40,수산나요양원,경기도,안산시,경기도 안산시 단원구 원포공원1로 67 505 507호 (초지동 비전타운),도로명번호,경기 안산시 단원구 원포공원1로 67,1.0,126.810381528492,37.3025329848435,4127357000,True,True,True
14127000687,A04,9.0,9,한마음요양원1,경기도,안산시,경기도 안산시 단원구 초지로 128 (초지동 포커스프라자 401호 402호),원주소,경기 안산시 단원구 초지로 128,1.0,126.815421960886,37.3103128257349,4127357000,True,True,True
14127000695,A03,49.0,25,마추미실버케어,경기도,안산시,경기도 안산시 단원구 뻐꾹산길 17 (대부북동),원주소,경기 안산시 단원구 뻐꾹산길 17,1.0,126.576850691536,37.2506591572657,4127361000,True,True,True
14127000696,A03,49.0,44,사랑뜰요양원,경기도,안산시,경기도 안산시 상록구 사사안골길 106-1 (사사동),원주소,경기 안산시 상록구 사사안골길 106-1,1.0,126.926437662646,37.3067437154021,4127160000,True,True,True
14127000700,A04,8.0,8,효사랑복지요양원,경기도,안산시,경기도 안산시 상록구 석호로 218 401호 (사동),원주소,경기 안산시 상록구 석호로 218,1.0,126.854657258906,37.2940788661788,4127152500,True,True,True
14127000713,A04,9.0,9,쉴만한물가1,경기도,안산시,경기도 안산시 단원구 광덕2로 194-8 (고잔동 한무프라자 201 203호),원주소,경기 안산시 단원구 광덕2로 194-8,1.0,126.831761827009,37.3089521131686,4127353500,True,True,True
14127000714,A04,8.0,5,나래울요양원,경기도,안산시,경기도 안산시 상록구 광덕산안길 12 (월피동 사랑빌딩 4층),원주소,경기 안산시 상록구 광덕산안길 12,1.0,126.844083525971,37.3346594959862,4127158000,True,True,True
14127000720,A03,44.0,38,행복한요양원,경기도,안산시,경기도 안산시 단원구 광덕1로 61 (초지동 신명프라자 5층),원주소,경기 안산시 단원구 광덕1로 61,1.0,126.816353679712,37.3088021600392,4127357000,True,True,True
14127000731,A03,29.0,19,e행복한요양원,경기도,안산시,경기도 안산시 상록구 광덕1로 366 4층401호 (이동 로진메디칼),원주소,경기 안산시 상록구 광덕1로 366,1.0,126.850546527269,37.3073569961612,4127151500,True,True,True
14127000741,A04,9.0,9,대한노인요양원,경기도,안산시,경기도 안산시 단원구 초지로 90 209호호 (초지동 태영프라자),원주소,경기 안산시 단원구 초지로 90,1.0,126.815113845871,37.3067379424123,4127357000,True,True,True
14127000742,A03,36.0,14,사랑마루한대앞요양원,경기도,안산시,경기도 안산시 상록구 광덕1로 379 4층층 (이동 한남빌딩),원주소,경기 안산시 상록구 광덕1로 379,1.0,126.85125011018,37.3086501464772,4127151500,True,True,True
14127000750,A04,9.0,7,쉴만한물가2,경기도,안산시,경기도 안산시 단원구 광덕2로 194-8 202호호 (고잔동 한무프라자),원주소,경기 안산시 단원구 광덕2로 194-8,1.0,126.831761827009,37.3089521131686,4127353500,True,True,True
14127000751,A03,77.0,74,늘푸른 요양센터,경기도,안산시,경기도 안산시 단원구 와동1로 11 (와동),원주소,경기 안산시 단원구 와동1로 11,1.0,126.823334723468,37.3342352319705,4127351000,True,True,True
14127000752,A03,49.0,48,벧엘실버,경기도,안산시,경기도 안산시 단원구 공마루길 15 (대부동동),원주소,경기 안산시 단원구 공마루길 15,1.0,126.58950504354,37.239927009292,4127361000,True,True,True
14127000753,A04,9.0,9,은빛요양원1호점,경기도,안산시,경기도 안산시 상록구 시낭로 28 4층 (월피동),원주소,경기 안산시 상록구 시낭로 28,1.0,126.852870546295,37.3348510454911,4127158000,True,True,True
14127000754,A03,14.0,11,한마음요양원2,경기도,안산시,경기도 안산시 단원구 초지로 128 (초지동 포커스프라자 505호 506호),원주소,경기 안산시 단원구 초지로 128,1.0,126.815421960886,37.3103128257349,4127357000,True,True,True
14127000757,A03,43.0,38,동백요양원,경기도,안산시,경기도 안산시 단원구 원포공원1로 30 603호 (초지동 서해프라자),원주소,경기 안산시 단원구 원포공원1로 30,1.0,126.813316405672,37.3011637522808,4127357000,True,True,True
14127000760,A03,43.0,28,월드노인요양원,경기도,안산시,경기도 안산시 단원구 광덕1로 195 501호 (고잔동 광장타워),원주소,경기 안산시 단원구 광덕1로 195,1.0,126.831622803713,37.3081653124811,4127353500,True,True,True
14127000762,A03,23.0,12,효도의집,경기도,안산시,경기도 안산시 상록구 오목로 97 2층 (본오동),원주소,경기 안산시 상록구 오목로 97,1.0,126.868951255731,37.2903936441064,4127154000,True,True,True
14127000765,A03,70.0,57,사동전문요양원,경기도,안산시,경기도 안산시 상록구 석호로 196 5층 (사동 상록프라자),원주소,경기 안산시 상록구 석호로 196,1.0,126.852616163487,37.2953471643308,4127152500,True,True,True
14127000772,A03,49.0,32,실버홈효도나라,경기도,안산시,경기도 안산시 단원구 원포공원1로 49 502~507호 (초지동 태영타운),도로명번호,경기 안산시 단원구 원포공원1로 49,1.0,126.812305198626,37.3024487409621,4127357000,True,True,True
14127000775,A03,43.0,35,고수련요양원우담점,경기도,안산시,경기도 안산시 상록구 양지편로 32 6층 (이동 조강프라자),원주소,경기 안산시 상록구 양지편로 32,1.0,126.850809255264,37.3090045991333,4127151500,True,True,True
14127000782,A03,20.0,13,사랑의공동체요양원,경기도,안산시,경기도 안산시 상록구 구룡동길 27 (일동),원주소,경기 안산시 상록구 구룡동길 27,1.0,126.870357214344,37.313462609012,4127151000,True,True,True
14127000784,A03,26.0,19,하나요양원,경기도,안산시,경기도 안산시 단원구 도일로 91 (신길동),원주소,경기 안산시 단원구 도일로 91,1.0,126.783438742938,37.3387128252806,4127356500,True,True,True
14127000787,A03,22.0,20,성신노인전문요양원,경기도,안산시,경기도 안산시 단원구 원포공원1로 49 508호 (초지동 태영타운),원주소,경기 안산시 단원구 원포공원1로 49,1.0,126.812305198626,37.3024487409621,4127357000,True,True,True
14127000791,A03,29.0,29,맑은샘요양원,경기도,안산시,경기도 안산시 단원구 원포공원1로 70 501 504~5호 (초지동 키즈타운1),도로명번호,경기 안산시 단원구 원포공원1로 70,1.0,126.810322967041,37.3033051680244,4127357000,True,True,True
14127000796,A04,9.0,9,한빛요양원,경기도,안산시,경기도 안산시 단원구 광덕2로 194-8 501호 (고잔동 한무프라자),원주소,경기 안산시 단원구 광덕2로 194-8,1.0,126.831761827009,37.3089521131686,4127353500,True,True,True
14127000799,A03,29.0,22,화정요양원,경기도,안산시,경기도 안산시 단원구 꽃우물길 83 (화정동),원주소,경기 안산시 단원구 꽃우물길 83,1.0,126.82196814297,37.357405925228,4127360000,True,True,True
14127000808,A03,23.0,15,가정애요양원,경기도,안산시,경기도 안산시 단원구 사세충열로 98 (와동),원주소,경기 안산시 단원구 사세충열로 98,1.0,126.83050182641,37.3425543823577,4127351000,True,True,True
14127000816,A03,43.0,43,사랑의요양원,경기도,안산시,경기도 안산시 단원구 광덕동로 81 6층602~606호 (고잔동),원주소,경기 안산시 단원구 광덕동로 81,1.0,126.832448252992,37.3116874550995,4127353500,True,True,True
14127000817,A03,29.0,29,주는사랑요양원,경기도,안산시,경기도 안산시 상록구 양지편로 34 4층 (이동 조강빌딩),원주소,경기 안산시 상록구 양지편로 34,1.0,126.851050030394,37.3092060133166,4127151500,True,True,True
14127000826,A03,96.0,37,경신금요양원,경기도,안산시,경기도 안산시 상록구 건건로 56 1~6층 (건건동),도로명번호,경기 안산시 상록구 건건로 56,1.0,126.903171264801,37.3060634439354,4127160000,True,True,True
14127000830,A03,25.0,25,효은실버요양원,경기도,안산시,경기도 안산시 상록구 중보로 49 601 602호 (이동 숭실프라자),도로명번호,경기 안산시 상록구 중보로 49,1.0,126.85210863416,37.3076783753741,4127151500,True,True,True
14127000832,A04,7.0,7,참조은재활요양원,경기도,안산시,경기도 안산시 상록구 석호로 50 3층 (이동),원주소,경기 안산시 상록구 석호로 50,1.0,126.847307454043,37.3070275878256,4127151500,True,True,True
14127000833,A04,7.0,5,참조은재활요양원2,경기도,안산시,경기도 안산시 상록구 석호로 50 4층 (이동),원주소,경기 안산시 상록구 석호로 50,1.0,126.847307454043,37.3070275878256,4127151500,True,True,True
14127000838,A04,9.0,8,은빛요양원2,경기도,안산시,경기도 안산시 단원구 원포공원1로 49 4층406호 (초지동),원주소,경기 안산시 단원구 원포공원1로 49,1.0,126.812305198626,37.3024487409621,4127357000,True,True,True
14127000847,A04,8.0,4,행복드림요양원1,경기도,안산시,경기도 안산시 상록구 석삼말로 19 2층 (일동),원주소,경기 안산시 상록구 석삼말로 19,1.0,126.866135967272,37.3039977658728,4127151500,True,True,True
14127000848,A04,8.0,6,행복드림요양원2,경기도,안산시,경기도 안산시 상록구 석삼말로 19 4층 (일동),원주소,경기 안산시 상록구 석삼말로 19,1.0,126.866135967272,37.3039977658728,4127151500,True,True,True
14127000851,A03,24.0,24,효사랑치매전문요양원,경기도,안산시,경기도 안산시 상록구 광덕1로 341 4층 (이동 제스트프라자),원주소,경기 안산시 상록구 광덕1로 341,1.0,126.847972024362,37.307050698959,4127151500,True,True,True
14127000855,A03,20.0,18,고수련요양원세종점,경기도,안산시,경기도 안산시 상록구 광덕1로 381 501 502호 (이동 세종타운),도로명번호,경기 안산시 상록구 광덕1로 381,1.0,126.851508455484,37.3088079717524,4127151500,True,True,True
14127000858,A03,67.0,27,아름다운요양원,경기도,안산시,경기도 안산시 단원구 대부황금로 874-6 (대부동동),원주소,경기 안산시 단원구 대부황금로 874-6,1.0,126.600512734905,37.2426124503378,4127361000,True,True,True
14127000859,A03,29.0,26,함께하는요양원,경기도,안산시,경기도 안산시 단원구 원포공원1로 67 304호 (초지동),원주소,경기 안산시 단원구 원포공원1로 67,1.0,126.810381528492,37.3025329848435,4127357000,True,True,True
14127000862,A04,8.0,3,성심노인요양공동생활가정,경기도,안산시,경기도 안산시 상록구 예술광장1로 46 507호 (월피동 로얄프라자),원주소,경기 안산시 상록구 예술광장1로 46,1.0,126.8469435077,37.3293647179172,4127158000,True,True,True
14127000864,A04,9.0,7,은빛요양원,경기도,안산시,경기도 안산시 상록구 시낭로 28 2층 (월피동),원주소,경기 안산시 상록구 시낭로 28,1.0,126.852870546295,37.3348510454911,4127158000,True,True,True
14127000877,A03,21.0,21,미소요양원,경기도,안산시,경기도 안산시 단원구 화정천서로6길 12 (선부동),원주소,경기 안산시 단원구 화정천서로6길 12,1.0,126.816953230862,37.3467064085274,4127360000,True,True,True
14127000879,A03,25.0,11,더맑음요양원,경기도,안산시,경기도 안산시 단원구 원포공원1로 30 309 310호 (초지동 서해프라자),도로명번호,경기 안산시 단원구 원포공원1로 30,1.0,126.813316405672,37.3011637522808,4127357000,True,True,True
14127000887,A03,28.0,20,상록노인요양원,경기도,안산시,경기도 안산시 상록구 충장로5길 14 (이동),원주소,경기 안산시 상록구 충장로5길 14,1.0,126.859011708184,37.3070741869493,4127151500,True,True,True
14127000903,A03,19.0,15,안산사랑해요요양원,경기도,안산시,경기도 안산시 단원구 원포공원1로 35 403호 (초지동 제일프라자),원주소,경기 안산시 단원구 원포공원1로 35,1.0,126.812480684929,37.3018660494573,4127357000,True,True,True
14127000919,A03,25.0,19,한결요양원,경기도,안산시,경기도 안산시 단원구 원포공원1로 35 203호 (초지동 제일프라자),원주소,경기 안산시 단원구 원포공원1로 35,1.0,126.812480684929,37.3018660494573,4127357000,True,True,True
14127000920,A03,25.0,17,늘채움요양원,경기도,안산시,경기도 안산시 단원구 원포공원1로 30 201호 (초지동 서해프라자),원주소,경기 안산시 단원구 원포공원1로 30,1.0,126.813316405672,37.3011637522808,4127357000,True,True,True
14127000923,A03,45.0,38,굿프랜드요양원,경기도,안산시,경기도 안산시 단원구 원포공원1로 60 304 404호 (초지동),도로명번호,경기 안산시 단원구 원포공원1로 60,1.0,126.81138204495,37.3032389226144,4127357000,True,True,True
14127000927,A03,108.0,71,안산조은시니어센터(요양원),경기도,안산시,경기도 안산시 상록구 구룡동길 4-5 (일동),원주소,경기 안산시 상록구 구룡동길 4-5,1.0,126.868760721894,37.3119121518268,4127151000,True,True,True
14127000929,A03,29.0,29,단원실버요양원,경기도,안산시,경기도 안산시 단원구 원포공원1로 60 405 406호 (초지동),도로명번호,경기 안산시 단원구 원포공원1로 60,1.0,126.81138204495,37.3032389226144,4127357000,True,True,True
14127000931,A03,44.0,43,스마일요양원,경기도,안산시,경기도 안산시 상록구 네고지2길 43 2층 3층 (사동),원주소,경기 안산시 상록구 네고지2길 43,1.0,126.852776550433,37.2949367615512,4127152500,True,True,True
14127000932,A03,25.0,25,밝은빛요양원,경기도,안산시,경기도 안산시 단원구 원포공원1로 30 208호 (초지동),원주소,경기 안산시 단원구 원포공원1로 30,1.0,126.813316405672,37.3011637522808,4127357000,True,True,True
14127000933,A03,33.0,32,호수요양원,경기도,안산시,경기도 안산시 단원구 광덕1로 159 701-703호 (고잔동),도로명번호,경기 안산시 단원구 광덕1로 159,1.0,126.82733137589,37.3081678690044,4127353500,True,True,True
14127000938,A03,49.0,23,안산성심요양원,경기도,안산시,경기도 안산시 단원구 원포공원2로 16 3001 3002호 (초지동),도로명번호,경기 안산시 단원구 원포공원2로 16,1.0,126.811216232095,37.3011653766318,4127357000,True,True,True
14127000953,A03,46.0,46,사랑요양원,경기도,안산시,경기도 안산시 상록구 예술광장1로 124 5층 (성포동),원주소,경기 안산시 상록구 예술광장1로 124,1.0,126.84447142261,37.3267475117711,4127159000,True,True,True
14127000954,A03,29.0,26,연희요양원,경기도,안산시,경기도 안산시 상록구 본삼로 11 601호 (본오동),원주소,경기 안산시 상록구 본삼로 11,1.0,126.861136535562,37.3012386209812,4127156000,True,True,True
14127000955,A03,22.0,20,성심효요양원,경기도,안산시,경기도 안산시 상록구 감골1로 29 4층 (사동),원주소,경기 안산시 상록구 감골1로 29,1.0,126.852260987717,37.2879192920797,4127153200,True,True,True
14127000956,A03,84.0,55,효진전문요양원,경기도,안산시,경기도 안산시 상록구 선진4길 21 (사동),원주소,경기 안산시 상록구 선진4길 21,1.0,126.84972487425,37.2803192656393,4127153200,True,True,True
14127000959,A03,29.0,16,예성 요양원,경기도,안산시,경기도 안산시 단원구 서위길 17 (대부북동),원주소,경기 안산시 단원구 서위길 17,1.0,126.5682744337,37.2767467794014,4127361000,True,True,True
14127000960,A03,11.0,10,생생어르신요양원,경기도,안산시,경기도 안산시 단원구 원포공원1로 35 초지동3층302-304호 (초지동),원주소,경기 안산시 단원구 원포공원1로 35,1.0,126.812480684929,37.3018660494573,4127357000,True,True,True
14127000967,A03,19.0,9,좋은둥지 요양원,경기도,안산시,경기도 안산시 단원구 원포공원1로 35 505호 (초지동 제일프라자),원주소,경기 안산시 단원구 원포공원1로 35,1.0,126.812480684929,37.3018660494573,4127357000,True,True,True
14127000976,A03,29.0,25,대한노인종합센터 재활전문요양원,경기도,안산시,경기도 안산시 단원구 원포공원1로 64 307호 (초지동 키즈타운2),원주소,경기 안산시 단원구 원포공원1로 64,1.0,126.810973072598,37.3032762937895,4127357000,True,True,True
14127000977,A03,16.0,13,한수강요양원,경기도,안산시,경기도 안산시 단원구 초지로 90 412호 (초지동 태영프라자),원주소,경기 안산시 단원구 초지로 90,1.0,126.815113845871,37.3067379424123,4127357000,True,True,True
14127000978,A04,9.0,9,나눔 노인요양공동생활가정,경기도,안산시,경기도 안산시 상록구 구룡로 9 4층 (일동),원주소,경기 안산시 상록구 구룡로 9,1.0,126.866878358431,37.3116277553017,4127151000,True,True,True
14127000982,A03,99.0,65,안산요양원,경기도,안산시,경기도 안산시 단원구 초지로 126 (초지동),원주소,경기 안산시 단원구 초지로 126,1.0,126.815401567229,37.31002617505,4127357000,True,True,True
14127000983,A03,29.0,29,동안산재활요양원,경기도,안산시,경기도 안산시 상록구 월피로1길 12 (월피동),원주소,경기 안산시 상록구 월피로1길 12,1.0,126.853947933547,37.3355040957397,4127158000,True,True,True
14127000988,A03,29.0,29,한솔실버요양원,경기도,안산시,경기도 안산시 상록구 광덕1로 358 3층 (이동),원주소,경기 안산시 상록구 광덕1로 358,1.0,126.849867876038,37.3069253524597,4127151500,True,True,True
14127000989,A04,9.0,7,한울노인전문요양원,경기도,안산시,경기도 안산시 상록구 중보로 21 5층 (이동),원주소,경기 안산시 상록구 중보로 21,1.0,126.849684553352,37.3060303020394,4127151500,True,True,True
14127000993,A03,44.0,44,신성재활요양원,경기도,안산시,경기도 안산시 상록구 안산대학로 36 (일동),원주소,경기 안산시 상록구 안산대학로 36,1.0,126.863958893663,37.3058818709791,4127151500,True,True,True
14127000994,A03,29.0,28,다온요양원,경기도,안산시,경기도 안산시 단원구 원포공원2로 35 302 405호 (초지동),도로명번호,경기 안산시 단원구 원포공원2로 35,1.0,126.813519564054,37.3017488443878,4127357000,True,True,True
14127000995,A04,9.0,9,누리미요양원,경기도,안산시,경기도 안산시 단원구 원포공원1로 60 208호 (초지동 다인프라자),원주소,경기 안산시 단원구 원포공원1로 60,1.0,126.81138204495,37.3032389226144,4127357000,True,True,True
14127000998,A04,9.0,0,사랑샘요양원,경기도,안산시,경기도 안산시 단원구 대부황금로 1210-9 (대부북동),원주소,경기 안산시 단원구 대부황금로 1210-9,1.0,126.578042515527,37.2670325381648,4127361000,True,True,True
14127001001,A03,47.0,46,아가페요양원,경기도,안산시,경기도 안산시 상록구 구룡로 74 (일동),원주소,경기 안산시 상록구 구룡로 74,1.0,126.872361039991,37.3152699185664,4127151000,True,True,True
14127001002,A03,44.0,41,로뎀요양원,경기도,안산시,경기도 안산시 상록구 이화4길 21 (사동),원주소,경기 안산시 상록구 이화4길 21,1.0,126.855560097523,37.301259067942,4127152500,True,True,True
14127001007,A04,9.0,6,은혜요양원,경기도,안산시,경기도 안산시 상록구 예술대학로 208 3층 (월피동),원주소,경기 안산시 상록구 예술대학로 208,1.0,126.84196401003,37.3345075633465,4127158000,True,True,True
14127001014,A04,9.0,9,생생어르신 공동생활가정,경기도,안산시,경기도 안산시 상록구 월피로 58 (월피동),원주소,경기 안산시 상록구 월피로 58,1.0,126.851033729403,37.3335855021181,4127158000,True,True,True
14127001016,A04,9.0,9,푸른초장요양원,경기도,안산시,경기도 안산시 상록구 네고지2길 41 301호 (사동 한도프라자),원주소,경기 안산시 상록구 네고지2길 41,1.0,126.852399795794,37.2951423593984,4127152500,True,True,True
14127001017,A04,8.0,8,효사랑복지요양원3,경기도,안산시,경기도 안산시 상록구 석호로 218 2층 (사동),원주소,경기 안산시 상록구 석호로 218,1.0,126.854657258906,37.2940788661788,4127152500,True,True,True
14127001020,A04,7.0,7,참좋은요양원2호,경기도,안산시,경기도 안산시 상록구 항가울로 229 2층 (사동),원주소,경기 안산시 상록구 항가울로 229,1.0,126.8430927311,37.3008716087863,4127153700,True,True,True
14127001021,A04,9.0,7,참좋은요양원1호,경기도,안산시,경기도 안산시 상록구 항가울로 229 2층 (사동),원주소,경기 안산시 상록구 항가울로 229,1.0,126.8430927311,37.3008716087863,4127153700,True,True,True
14127001022,A03,20.0,20,선심요양원,경기도,안산시,경기도 안산시 상록구 식물원로1안길 3-1 (일동),원주소,경기 안산시 상록구 식물원로1안길 3-1,1.0,126.860512992858,37.3159115073939,4127151000,True,True,True
14127001024,A03,26.0,22,섬김요양원,경기도,안산시,경기도 안산시 단원구 광덕4로 180 4층7호 (고잔동 부원프라자),원주소,경기 안산시 단원구 광덕4로 180,1.0,126.832629873166,37.314638236863,4127353500,True,True,True
14127001028,A03,41.0,40,안산복지요양원,경기도,안산시,경기도 안산시 상록구 광덕1로 362 6층504 호 (이동),원주소,경기 안산시 상록구 광덕1로 362,1.0,126.850095950224,37.3070992709731,4127151500,True,True,True
14127001034,A04,8.0,8,반월다솜공동생활가정,경기도,안산시,경기도 안산시 상록구 건건천북길 37 (건건동),원주소,경기 안산시 상록구 건건천북길 37,1.0,126.909699075793,37.3063053968966,4127160000,True,True,True
14127001037,A03,49.0,46,신세계요양원,경기도,안산시,경기도 안산시 상록구 네고지2길 41 401호 (사동),원주소,경기 안산시 상록구 네고지2길 41,1.0,126.852399795794,37.2951423593984,4127152500,True,True,True
14127001038,A03,29.0,23,햇빛요양원,경기도,안산시,경기도 안산시 상록구 호동로 20 (일동),원주소,경기 안산시 상록구 호동로 20,1.0,126.86073860297,37.3180605575026,4127151000,True,True,True
14127001041,A03,29.0,27,봄실버케어요양원,경기도,안산시,경기도 안산시 상록구 각골로 55 501호 (본오동),원주소,경기 안산시 상록구 각골로 55,1.0,126.872325267667,37.2945936421377,4127155000,True,True,True
14127001043,A03,49.0,27,안산펠리스요양원,경기도,안산시,경기도 안산시 상록구 각골로 55 401호 (본오동 연지프라자),원주소,경기 안산시 상록구 각골로 55,1.0,126.872325267667,37.2945936421377,4127155000,True,True,True
14127001045,A03,29.0,26,미소들요양원,경기도,안산시,경기도 안산시 단원구 선부광장남로 115 301 302호 (선부동),도로명번호,경기 안산시 단원구 선부광장남로 115,1.0,126.813232301814,37.3292365665491,4127358000,True,True,True
14127001047,A03,41.0,33,정원재활요양원,경기도,안산시,경기도 안산시 상록구 광덕1로 358 501 502호 (이동),도로명번호,경기 안산시 상록구 광덕1로 358,1.0,126.849867876038,37.3069253524597,4127151500,True,True,True
14127001052,A03,25.0,25,봄 요양원,경기도,안산시,경기도 안산시 상록구 부곡로 124 401~402호 (부곡동),도로명번호,경기 안산시 상록구 부곡로 124,1.0,126.863709043795,37.3328116591179,4127157000,True,True,True
14127001056,A04,9.0,7,나눔 노인요양공동생활가정3,경기도,안산시,경기도 안산시 상록구 구룡로 9 3층 (일동),원주소,경기 안산시 상록구 구룡로 9,1.0,126.866878358431,37.3116277553017,4127151000,True,True,True
14127001059,A03,44.0,39,오이코스요양센터주식회사,경기도,안산시,경기도 안산시 상록구 반월로 40 (건건동),원주소,경기 안산시 상록구 반월로 40,1.0,126.904565100164,37.3030410609032,4127160000,True,True,True
14127001061,A03,72.0,66,선부요양원,경기도,안산시,경기도 안산시 단원구 선부광장1로 38 702호 (선부동),원주소,경기 안산시 단원구 선부광장1로 38,1.0,126.809413555316,37.3366614543468,4127359000,True,True,True
14127001063,A03,43.0,42,봄빛요양원,경기도,안산시,경기도 안산시 상록구 광덕1로 376 5층 (이동),원주소,경기 안산시 상록구 광덕1로 376,1.0,126.851490855224,37.307891867796,4127151500,True,True,True
14127001065,A03,46.0,41,대한노인종합센터 재활전문요양원 2호점,경기도,안산시,경기도 안산시 단원구 원포공원1로 67 407호 (초지동),원주소,경기 안산시 단원구 원포공원1로 67,1.0,126.810381528492,37.3025329848435,4127357000,True,True,True
14127001066,A03,49.0,47,원실버케어요양원,경기도,안산시,경기도 안산시 상록구 각골로 55 301호 (본오동 연지프라자),원주소,경기 안산시 상록구 각골로 55,1.0,126.872325267667,37.2945936421377,4127155000,True,True,True
14127001068,A03,25.0,0,새봄요양원,경기도,안산시,경기도 안산시 상록구 부곡로 124 6층 (부곡동),원주소,경기 안산시 상록구 부곡로 124,1.0,126.863709043795,37.3328116591179,4127157000,True,True,True
14127001069,A03,44.0,40,늘봄요양원,경기도,안산시,경기도 안산시 단원구 와동로 94 (와동),원주소,경기 안산시 단원구 와동로 94,1.0,126.828353049461,37.3385627874989,4127351000,True,True,True
14127001071,A04,9.0,6,가고싶은요양원,경기도,안산시,경기도 안산시 상록구 용신로 240 3층 (사동),원주소,경기 안산시 상록구 용신로 240,1.0,126.848873831603,37.3030627915415,4127152500,True,True,True
14127001074,A03,19.0,13,한사랑요양원,경기도,안산시,경기도 안산시 단원구 원포공원1로 64 (초지동 키즈타운2 604 606 607호),원주소,경기 안산시 단원구 원포공원1로 64,1.0,126.810973072598,37.3032762937895,4127357000,True,True,True
14127001075,A03,29.0,25,안산중앙요양원,경기도,안산시,경기도 안산시 단원구 고잔2길 45 702호 (고잔동 코스모프라자),원주소,경기 안산시 단원구 고잔2길 45,1.0,126.836098804436,37.3179179875751,4127353200,True,True,True
14127001077,A03,16.0,16,효사랑요양원,경기도,안산시,경기도 안산시 상록구 중보로 49 501호 (이동),원주소,경기 안산시 상록구 중보로 49,1.0,126.85210863416,37.3076783753741,4127151500,True,True,True
14127001083,A04,8.0,6,동산요양원1호점,경기도,안산시,경기도 안산시 상록구 항가울로 241 3층 (사동),원주소,경기 안산시 상록구 항가울로 241,1.0,126.84307331379,37.3019113780783,4127153700,True,True,True
14127001084,A04,8.0,3,동산요양원2호점,경기도,안산시,경기도 안산시 상록구 항가울로 241 4층 (사동),원주소,경기 안산시 상록구 항가울로 241,1.0,126.84307331379,37.3019113780783,4127153700,True,True,True
14127001094,A04,9.0,9,평온한요양원,경기도,안산시,경기도 안산시 단원구 초지로 116 301~302호 (초지동 미강프라자),도로명번호,경기 안산시 단원구 초지로 116,1.0,126.815319978741,37.3091164539686,4127357000,True,True,True
14127001095,A03,16.0,13,행복한실버요양원,경기도,안산시,경기도 안산시 단원구 원포공원1로 60 207호 (초지동 다인프라자),원주소,경기 안산시 단원구 원포공원1로 60,1.0,126.81138204495,37.3032389226144,4127357000,True,True,True
14127001099,A04,9.0,9,다정한요양원,경기도,안산시,경기도 안산시 상록구 예술대학로 208 4층 (월피동),원주소,경기 안산시 상록구 예술대학로 208,1.0,126.84196401003,37.3345075633465,4127158000,True,True,True
14127001105,A03,73.0,59,새빛요양원,경기도,안산시,경기도 안산시 상록구 부곡로 101 (부곡동),원주소,경기 안산시 상록구 부곡로 101,1.0,126.86211933321,37.3312297691083,4127157000,True,True,True
14127001111,A04,9.0,6,한수강요양원2,경기도,안산시,경기도 안산시 상록구 구룡로 9 2층 (일동),원주소,경기 안산시 상록구 구룡로 9,1.0,126.866878358431,37.3116277553017,4127151000,True,True,True
14127001113,A03,44.0,11,상록수행복요양원,경기도,안산시,경기도 안산시 상록구 감골공원길 16 (사동),원주소,경기 안산시 상록구 감골공원길 16,1.0,126.851737022528,37.2936240950814,4127152500,True,True,True
14127001119,A03,29.0,0,더조은실버케어요양원,경기도,안산시,경기도 안산시 상록구 네고지2길 41 501호 (사동),원주소,경기 안산시 상록구 네고지2길 41,1.0,126.852399795794,37.2951423593984,4127152500,True,True,True
14127001124,A04,9.0,9,다사랑요양원,경기도,안산시,경기도 안산시 상록구 용신로 228 201호 (사동),원주소,경기 안산시 상록구 용신로 228,1.0,126.847643272324,37.3031074369132,4127152500,True,True,True
14128000003,A03,17.0,11,행복의집,경기도,고양시,경기도 고양시 일산동구 감내길 106-3 (성석동),원주소,경기 고양시 일산동구 감내길 106-3,1.0,126.785156313401,37.716475176642,4128560000,True,True,True
14128000004,A04,9.0,7,E.S.H엘림복지원,경기도,고양시,경기도 고양시 일산동구 지영로148번길 74-10 (지영동  4),원주소,경기 고양시 일산동구 지영로148번길 74-10,1.0,126.826006622575,37.7109547989409,4128560000,True,True,True
14128000006,A03,91.0,85,참좋은집,경기도,고양시,경기도 고양시 일산동구 고봉로770번길 211-1 (성석동),원주소,경기 고양시 일산동구 고봉로770번길 211-1,1.0,126.796930164815,37.7173195316705,4128560000,True,True,True
14128000007,A03,15.0,9,은빛사랑요양원,경기도,고양시,경기도 고양시 일산동구 위시티로 34 4층 (식사동 삼우빌딩),원주소,경기 고양시 일산동구 위시티로 34,1.0,126.8090731292,37.6754948581978,4128551000,True,True,True
14128000020,A04,9.0,9,수정실버하우스,경기도,고양시,경기도 고양시 일산서구 법곳길 567-45 (구산동),원주소,경기 고양시 일산서구 법곳길 567-45,1.0,126.683966684494,37.684336192666,4128761000,True,True,True
14128000037,A03,49.0,35,희망의마을요양원,경기도,고양시,경기도 고양시 덕양구 내유길 30 (내유동),원주소,경기 고양시 덕양구 내유길 30,1.0,126.85262067629,37.7188261063667,4128160000,True,True,True
14128000038,A03,80.0,53,공경의집,경기도,고양시,경기도 고양시 일산동구 상지석길 441 (설문동),원주소,경기 고양시 일산동구 상지석길 441,1.0,126.794939782485,37.7268215073833,4128560000,True,True,True
14128000040,A03,54.0,45,파인밸리 전문요양원,경기도,고양시,경기도 고양시 덕양구 고골길178번길 73 (관산동),원주소,경기 고양시 덕양구 고골길178번길 73,1.0,126.87383455412,37.7128729439204,4128160000,True,True,True
14128000143,A04,5.0,5,일산무지개마을,경기도,고양시,경기도 고양시 일산서구 이산포길 548 (구산동),원주소,경기 고양시 일산서구 이산포길 548,1.0,126.680162213885,37.6849291384945,4128761000,True,True,True
14128000249,A04,9.0,8,다올케어센터,경기도,고양시,경기도 고양시 덕양구 행주산성로144번길 46 (행주외동),원주소,경기 고양시 덕양구 행주산성로144번길 46,1.0,126.816720717394,37.6018999539503,4128163000,True,True,True
14128000298,A03,76.0,15,일산 온누리,경기도,고양시,경기도 고양시 덕양구 지도로92번길 3 (토당동),원주소,경기 고양시 덕양구 지도로92번길 3,1.0,126.824289389531,37.6254699490814,4128163000,True,True,True
14128000300,A04,9.0,4,아름다운 노년과 풍경,경기도,고양시,경기도 고양시 덕양구 신평길 136-38 (신평동),원주소,경기 고양시 덕양구 신평길 136-38,1.0,126.790297654434,37.6235025441404,4128161000,True,True,True
14128000306,A04,9.0,9,송진 노인요양공동생활가정,경기도,고양시,경기도 고양시 일산서구 송파로202번길 43 (가좌동),원주소,경기 고양시 일산서구 송파로202번길 43,1.0,126.717253590807,37.6986432917013,4128761000,True,True,True
14128000370,A04,9.0,9,일산노인복지센터,경기도,고양시,경기도 고양시 일산서구 성저로70번길 10-9 (대화동),원주소,경기 고양시 일산서구 성저로70번길 10-9,1.0,126.754409939267,37.6844379740638,4128757000,True,True,True
14128000374,A04,9.0,6,영광실버홈,경기도,고양시,경기도 고양시 일산서구 일중로 92 (일산동 2층),원주소,경기 고양시 일산서구 일중로 92,1.0,126.774958971132,37.6877307781275,4128752000,True,True,True
14128000379,A04,7.0,6,사랑방요양센터,경기도,고양시,경기도 고양시 일산서구 일산로 808 306동1층4호 (대화동 장성마을),원주소,경기 고양시 일산서구 일산로 808,1.0,126.746539388404,37.6719865829616,4128757000,True,True,True
14128000391,A03,41.0,37,샤론요양원,경기도,고양시,경기도 고양시 덕양구 중앙로 559 7층 (행신동 그랑프리빌딩),원주소,경기 고양시 덕양구 중앙로 559,1.0,126.834768940681,37.6235392292613,4128164000,True,True,True
14128000393,A03,43.0,42,한가족요양원,경기도,고양시,경기도 고양시 일산동구 숲속마을1로 71 9층901호 (풍동 샘터17빌딩),원주소,경기 고양시 일산동구 숲속마을1로 71,1.0,126.799758635272,37.6673449277942,4128554000,True,True,True
14128000401,A04,9.0,7,참편한장수요양원1,경기도,고양시,경기도 고양시 덕양구 흥도로 193 1층 (도내동),원주소,경기 고양시 덕양구 흥도로 193,1.0,126.858061071463,37.6238317328973,4128153000,True,True,True
14128000420,A03,28.0,23,백세케어요양원,경기도,고양시,경기도 고양시 일산동구 고봉로702번길 21-35 (설문동 외 1필지),원주소,경기 고양시 일산동구 고봉로702번길 21-35,1.0,126.792178775405,37.7191212131913,4128560000,True,True,True
14128000454,A03,45.0,42,동산 홈케어,경기도,고양시,경기도 고양시 일산동구 문원길102번길 113 (설문동),원주소,경기 고양시 일산동구 문원길102번길 113,1.0,126.823395735499,37.7191163374246,4128560000,True,True,True
14128000463,A03,68.0,63,경희요양원,경기도,고양시,경기도 고양시 덕양구 성신로 6-27 3~5층 (화정동 선우빌딩),원주소,경기 고양시 덕양구 성신로 6-27,1.0,126.830925078376,37.6272143117276,4128162200,True,True,True
14128000534,A03,25.0,25,미소래요양원,경기도,고양시,경기도 고양시 덕양구 내유길 127 (내유동),원주소,경기 고양시 덕양구 내유길 127,1.0,126.861048479314,37.7229393652784,4128160000,True,True,True
14128000543,A04,9.0,9,고양우리집,경기도,고양시,경기도 고양시 덕양구 고골길264번길 3-13 (대자동),원주소,경기 고양시 덕양구 고골길264번길 3-13,1.0,126.877984839097,37.7216098964238,4128160000,True,True,True
14128000546,A03,15.0,15,고양시소규모노인종합센터,경기도,고양시,경기도 고양시 덕양구 호국로790번길 42-9 (성사동),원주소,경기 고양시 덕양구 호국로790번길 42-9,1.0,126.838163993124,37.6549623240795,4128154000,True,True,True
14128000553,A03,19.0,15,나눔애요양원,경기도,고양시,경기도 고양시 일산동구 숲속마을1로 71 8층801호 (풍동 샘터17빌딩),원주소,경기 고양시 일산동구 숲속마을1로 71,1.0,126.799758635272,37.6673449277942,4128554000,True,True,True
14128000571,A03,98.0,87,지극정성요양원,경기도,고양시,경기도 고양시 일산동구 성현로377번길 126 (문봉동),원주소,경기 고양시 일산동구 성현로377번길 126,1.0,126.832243797513,37.7013940571057,4128560000,True,True,True
14128000585,A03,66.0,57,(고양)참사랑요양원,경기도,고양시,경기도 고양시 덕양구 보광로128번길 16 (벽제동),원주소,경기 고양시 덕양구 보광로128번길 16,1.0,126.909089898364,37.7259657121501,4128159000,True,True,True
14128000591,A03,25.0,20,서오릉요양원,경기도,고양시,경기도 고양시 덕양구 용두로35번길 18 (용두동),원주소,경기 고양시 덕양구 용두로35번길 18,1.0,126.885590851135,37.6239883153788,4128158000,True,True,True
14128000593,A03,18.0,17,도담요양원,경기도,고양시,경기도 고양시 덕양구 서정마을1로 8 6층 (행신동 미래프라자),원주소,경기 고양시 덕양구 서정마을1로 8,1.0,126.845515098076,37.6189575839115,4128165600,True,True,True
14128000608,A03,99.0,89,참사랑 노인요양센터,경기도,고양시,경기도 고양시 덕양구 통일로768번길 24-2 (관산동),원주소,경기 고양시 덕양구 통일로768번길 24-2,1.0,126.865797784362,37.6886756004927,4128160000,True,True,True
14128000611,A03,28.0,24,봄여성전문요양원,경기도,고양시, 3층 (중산동 한양타운),키워드(검증),경기 고양시 일산동구 중산동 1570-1,1.0,126.780969015346,37.6928635077201,4128552500,True,True,True
14128000617,A04,9.0,9,푸름실버케어,경기도,고양시,경기도 고양시 덕양구 토당로 87 1층 (토당동),원주소,경기 고양시 덕양구 토당로 87,1.0,126.818051809617,37.622993956609,4128161000,True,True,True
14128000633,A03,24.0,23,우리집요양원,경기도,고양시,경기도 고양시 일산동구 탄중로 326-16 5층 (중산동 가든프라자),원주소,경기 고양시 일산동구 탄중로 326-16,1.0,126.780870686736,37.692525819823,4128552500,True,True,True
14128000639,A03,25.0,23,(가장)다정한요양원,경기도,고양시,경기도 고양시 덕양구 중앙로558번길 16-12 3층 (행신동 엘지프라자),원주소,경기 고양시 덕양구 중앙로558번길 16-12,1.0,126.836418169911,37.6238319149837,4128165500,True,True,True
14128000656,A04,7.0,5,한마음노인요양원,경기도,고양시,경기도 고양시 일산서구 탄중로 482 2층 (일산동),원주소,경기 고양시 일산서구 탄중로 482,1.0,126.773004566745,37.6886080062956,4128751000,True,True,True
14128000657,A04,9.0,8,선민요양원,경기도,고양시,경기도 고양시 일산서구 중앙로 1547 206호 (대화동 킨텍스존),원주소,경기 고양시 일산서구 중앙로 1547,1.0,126.74954886289,37.6748086561938,4128757000,True,True,True
14128000666,A03,49.0,39,우영헌,경기도,고양시,경기도 고양시 일산서구 송포로447번길 111 (가좌동),원주소,경기 고양시 일산서구 송포로447번길 111,1.0,126.723085635643,37.7024431092568,4128761000,True,True,True
14128000674,A04,9.0,8,별궁요양원,경기도,고양시,경기도 고양시 덕양구 마상로154번길 68 4층 (성사동),원주소,경기 고양시 덕양구 마상로154번길 68,1.0,126.836938323194,37.6564969896398,4128154000,True,True,True
14128000681,A03,29.0,24,행복요양원,경기도,고양시,경기도 고양시 일산동구 장대길105번길 156 (장항동),원주소,경기 고양시 일산동구 장대길105번길 156,1.0,126.75967260014,37.6408913365795,4128558000,True,True,True
14128000686,A03,23.0,23,하늘꿈요양원,경기도,고양시,경기도 고양시 일산동구 숲속마을로 38 8층 (풍동 아크리아빌딩),원주소,경기 고양시 일산동구 숲속마을로 38,1.0,126.799086654848,37.6673760401429,4128554000,True,True,True
14128000696,A03,75.0,63,(고양)서울요양원,경기도,고양시,경기도 고양시 덕양구 보광로128번길 16-2 (벽제동),원주소,경기 고양시 덕양구 보광로128번길 16-2,1.0,126.909390754401,37.7256588026611,4128159000,True,True,True
14128000698,A03,49.0,44,고양은혜마을,경기도,고양시,경기도 고양시 덕양구 고골길264번길 73-17 (대자동),원주소,경기 고양시 덕양구 고골길264번길 73-17,1.0,126.879271316823,37.7188815462602,4128160000,True,True,True
14128000699,A03,99.0,75,한마음노인전문요양센터,경기도,고양시,경기도 고양시 일산동구 성현로377번길 128-1 (문봉동),원주소,경기 고양시 일산동구 성현로377번길 128-1,1.0,126.832388378648,37.7009899054201,4128560000,True,True,True
14128000729,A03,99.0,91,일산 수 요양원,경기도,고양시,경기도 고양시 일산동구 성현로377번길 128-3 (문봉동),원주소,경기 고양시 일산동구 성현로377번길 128-3,1.0,126.83342097414,37.7009264985195,4128560000,True,True,True
14128000745,A03,45.0,38,복이든 요양원,경기도,고양시,경기도 고양시 일산서구 일산로 690 (대화동),원주소,경기 고양시 일산서구 일산로 690,1.0,126.753140385607,37.681511115784,4128757000,True,True,True
14128000747,A03,52.0,29,카네이션요양원 일산점,경기도,고양시,경기도 고양시 일산동구 중산로 241 5층 (중산동 해태쇼핑),원주소,경기 고양시 일산동구 중산로 241,1.0,126.780140675938,37.6936991521008,4128552500,True,True,True
14128000757,A03,22.0,21,마두은혜노인요양시설,경기도,고양시,경기도 고양시 일산동구 강석로 145 4층 (마두동),원주소,경기 고양시 일산동구 강석로 145,1.0,126.77789649764,37.6534983613638,4128557000,True,True,True
14128000760,A03,28.0,14,소중한사람 노인요양시설,경기도,고양시,경기도 고양시 일산서구 일청로 80 (일산동 성동빌딩),원주소,경기 고양시 일산서구 일청로 80,1.0,126.774544622149,37.6904539957634,4128752000,True,True,True
14128000763,A04,9.0,0,별궁요양원(1),경기도,고양시,경기도 고양시 덕양구 마상로154번길 68 5층 (성사동),원주소,경기 고양시 덕양구 마상로154번길 68,1.0,126.836938323194,37.6564969896398,4128154000,True,True,True
14128000795,A03,99.0,88,일산VIP요양원,경기도,고양시,경기도 고양시 일산서구 탄중로275번길 72 (탄현동),원주소,경기 고양시 일산서구 탄중로275번길 72,1.0,126.775879437891,37.6972667375924,4128754600,True,True,True
14128000800,A04,9.0,9,지극정성 너싱홈,경기도,고양시,경기도 고양시 일산서구 덕이로 209-30 (덕이동),원주소,경기 고양시 일산서구 덕이로 209-30,1.0,126.737999378844,37.6955496066564,4128760000,True,True,True
14128000806,A03,55.0,48,덕양요양원,경기도,고양시,경기도 고양시 덕양구 화중로130번길 48 4·5·6층 (화정동),도로명번호,경기 고양시 덕양구 화중로130번길 48,1.0,126.834422992932,37.6382459751373,4128162100,True,True,True
14128000818,A03,11.0,4,효림요양원,경기도,고양시,경기도 고양시 일산동구 중산로 236 3 5층 (중산동),도로명번호,경기 고양시 일산동구 중산로 236,1.0,126.780705770884,37.6930080754386,4128552500,True,True,True
14128000820,A03,28.0,23,따뜻한요양원,경기도,고양시,경기도 고양시 덕양구 백양로 51 7층층704호호 (화정동 네이버타운),원주소,경기 고양시 덕양구 백양로 51,1.0,126.833248267951,37.6303059255628,4128162200,True,True,True
14128000828,A03,21.0,20,늘사랑 요양원,경기도,고양시,경기도 고양시 덕양구 내유길 64-15 (내유동),원주소,경기 고양시 덕양구 내유길 64-15,1.0,126.855942297448,37.7200163412049,4128160000,True,True,True
14128000833,A03,14.0,13,고양카리스요양원,경기도,고양시,경기도 고양시 덕양구 호국로 773 5층층504호호 (주교동 코스모프라자),원주소,경기 고양시 덕양구 호국로 773,1.0,126.834801574033,37.6556691682855,4128154000,True,True,True
14128000845,A03,20.0,16,에덴실버타운,경기도,고양시,경기도 고양시 덕양구 중앙로557번길 8-9 2층층 (행신동 M&G빌딩),원주소,경기 고양시 덕양구 중앙로557번길 8-9,1.0,126.834402598132,37.6233890618926,4128164000,True,True,True
14128000846,A04,9.0,7,아케아공동생활가정,경기도,고양시,경기도 고양시 일산동구 중산로 244 3층 (중산동 고은프라자),원주소,경기 고양시 일산동구 중산로 244,1.0,126.780882186685,37.6937423374858,4128552500,True,True,True
14128000875,A03,63.0,34,가좌호수요양원,경기도,고양시,경기도 고양시 일산서구 송산로 390 3~4층 (가좌동),도로명번호,경기 고양시 일산서구 송산로 390,1.0,126.72218525281,37.6849739027478,4128761000,True,True,True
14128000892,A03,86.0,61,더행복한요양원,경기도,고양시,경기도 고양시 일산동구 공릉천로 300-20 (지영동),원주소,경기 고양시 일산동구 공릉천로 300-20,1.0,126.839278923588,37.7187740761286,4128560000,True,True,True
14128000909,A04,9.0,8,하얀마음중산 노인요양공동생활가정,경기도,고양시,경기도 고양시 일산동구 중산로 250 4층 (중산동 정원빌딩),원주소,경기 고양시 일산동구 중산로 250,1.0,126.781000541913,37.6941720520158,4128552500,True,True,True
14128000910,A03,99.0,99,행복누림요양원,경기도,고양시,경기도 고양시 일산동구 고양대로 866-27 (중산동),원주소,경기 고양시 일산동구 고양대로 866-27,1.0,126.790985002146,37.6780499956278,4128554000,True,True,True
14128000913,A03,49.0,42,닥터케어요양센터,경기도,고양시,경기도 고양시 덕양구 고양대로 1365 (성사동),원주소,경기 고양시 덕양구 고양대로 1365,1.0,126.835962400804,37.6549827087001,4128154000,True,True,True
14128000916,A03,49.0,47,고양누리요양원,경기도,고양시,경기도 고양시 일산동구 동국로 137-19 (식사동),원주소,경기 고양시 일산동구 동국로 137-19,1.0,126.803352300106,37.684819762563,4128551000,True,True,True
14128000919,A03,23.0,23,고양노블요양원,경기도,고양시,경기도 고양시 덕양구 동헌로 127-3 1층 (관산동),원주소,경기 고양시 덕양구 동헌로 127-3,1.0,126.870979854725,37.7081624492105,4128160000,True,True,True
14128000920,A04,9.0,7,하늘빛요양원,경기도,고양시,경기도 고양시 일산동구 탄중로 311-8 3층302호 (중산동 삼성프라자),원주소,경기 고양시 일산동구 탄중로 311-8,1.0,126.78007786839,37.6939272518943,4128552500,True,True,True
14128000928,A04,9.0,9,행복가득요양원,경기도,고양시,경기도 고양시 일산동구 고봉로814번길 112-4 1층 (설문동),원주소,경기 고양시 일산동구 고봉로814번길 112-4,1.0,126.800831714551,37.7226808384216,4128560000,True,True,True
14128000948,A03,47.0,39,(행복)다인요양원,경기도,고양시,경기도 고양시 덕양구 화신로 267 7층 (화정동 이프라자),원주소,경기 고양시 덕양구 화신로 267,1.0,126.831571815875,37.6305227540985,4128162200,True,True,True
14128000961,A03,16.0,15,은성요양원,경기도,고양시,경기도 고양시 덕양구 흥도로 367-53 (성사동),원주소,경기 고양시 덕양구 흥도로 367-53,1.0,126.851000786102,37.6376599113044,4128153000,True,True,True
14128000969,A03,99.0,92,미소인요양원,경기도,고양시,경기도 고양시 덕양구 행주산성로 177 (행주외동),원주소,경기 고양시 덕양구 행주산성로 177,1.0,126.814035641104,37.6016559103258,4128163000,True,True,True
14128000972,A03,77.0,47,행복한요양원,경기도,고양시,경기도 고양시 일산서구 일현로 47 7~8층 (탄현동 예일큰프라자),도로명번호,경기 고양시 일산서구 일현로 47,1.0,126.76276101318,37.6915600708041,4128754500,True,True,True
14128000980,A03,27.0,19,미소요양센터,경기도,고양시,경기도 고양시 일산동구 탄중로 326-10 401호 (중산동 한양타운),원주소,경기 고양시 일산동구 탄중로 326-10,1.0,126.780969350455,37.6928652201905,4128552500,True,True,True
14128000983,A03,99.0,93,일산VIP요양원2,경기도,고양시,경기도 고양시 일산동구 고봉로770번길 27 (설문동),원주소,경기 고양시 일산동구 고봉로770번길 27,1.0,126.794483862284,37.7235076658769,4128560000,True,True,True
14128000991,A03,28.0,28,부추꽃요양원,경기도,고양시,경기도 고양시 일산동구 성석로 30 3 4층 (중산동 프라임빌딩),도로명번호,경기 고양시 일산동구 성석로 30,1.0,126.790877250722,37.682877149161,4128552600,True,True,True
14128000998,A03,89.0,53,일산레인보우요양원,경기도,고양시,경기도 고양시 일산동구 탄중로 326-10 2 5 6 7층 (중산동 한양타운),도로명번호,경기 고양시 일산동구 탄중로 326-10,1.0,126.780969350455,37.6928652201905,4128552500,True,True,True
14128001018,A03,14.0,10,보금자리요양원,경기도,고양시,경기도 고양시 일산서구 원일로 69 3층5호 (일산동 시티프라자),원주소,경기 고양시 일산서구 원일로 69,1.0,126.77018402827,37.6867679770453,4128751000,True,True,True
14128001025,A03,85.0,76,더조은 요양원,경기도,고양시,경기도 고양시 일산동구 공릉천로 300-12 (지영동),원주소,경기 고양시 일산동구 공릉천로 300-12,1.0,126.839285199281,37.718389189544,4128560000,True,True,True
14128001039,A03,99.0,65,드림요양원,경기도,고양시,경기도 고양시 일산동구 장진천길166번길 113-13 (설문동),원주소,경기 고양시 일산동구 장진천길166번길 113-13,1.0,126.811626585229,37.7240658941261,4128560000,True,True,True
14128001043,A03,98.0,90,일산성심요양원,경기도,고양시,경기도 고양시 일산동구 고봉로770번길 23 (설문동),원주소,경기 고양시 일산동구 고봉로770번길 23,1.0,126.794194057137,37.7237110499242,4128560000,True,True,True
14128001045,A04,9.0,9,정다운요양원1,경기도,고양시,경기도 고양시 덕양구 충장로 7 804~806호 (행신동 별제회관),도로명번호,경기 고양시 덕양구 충장로 7,1.0,126.833689560926,37.6136092865613,4128165000,True,True,True
14128001047,A04,9.0,8,정다운요양원2,경기도,고양시,경기도 고양시 덕양구 충장로 7 801~803호 (행신동 별제회관),도로명번호,경기 고양시 덕양구 충장로 7,1.0,126.833689560926,37.6136092865613,4128165000,True,True,True
14128001054,A03,25.0,25,일산효노인전문요양원,경기도,고양시,경기도 고양시 일산동구 탄중로 326-16 401호 (중산동),원주소,경기 고양시 일산동구 탄중로 326-16,1.0,126.780870686736,37.692525819823,4128552500,True,True,True
14128001055,A03,69.0,37,참행복한요양원,경기도,고양시,경기도 고양시 덕양구 명봉산로6번길 201-25 가 다동 (내유동),원주소,경기 고양시 덕양구 명봉산로6번길 201-25,1.0,126.849997574943,37.7327209932658,4128160000,True,True,True
14128001057,A03,173.0,163,마리스케어,경기도,고양시,경기도 고양시 덕양구 내유길 146-4 (내유동),원주소,경기 고양시 덕양구 내유길 146-4,1.0,126.862820900486,37.7226927728712,4128160000,True,True,True
14128001059,A03,29.0,25,온누리요양원2호,경기도,고양시,경기도 고양시 일산서구 원일로 69 306호 (일산동 씨티프라자),원주소,경기 고양시 일산서구 원일로 69,1.0,126.77018402827,37.6867679770453,4128751000,True,True,True
14128001062,A03,16.0,13,하은요양원,경기도,고양시,경기도 고양시 덕양구 중앙로557번길 7-20 701 702호 (행신동 주공프라자),도로명번호,경기 고양시 덕양구 중앙로557번길 7-20,1.0,126.835635862947,37.6225534995638,4128164000,True,True,True
14128001068,A03,29.0,11,천사요양원,경기도,고양시,경기도 고양시 일산동구 탄중로 325-7 4층 (중산동 올림피아빌딩),원주소,경기 고양시 일산동구 탄중로 325-7,1.0,126.781166381155,37.6936844820463,4128552500,True,True,True
14128001069,A03,16.0,13,숲속요양원,경기도,고양시,경기도 고양시 일산동구 숲속마을로 50-76 3층 (풍동 중앙프라자B동),원주소,경기 고양시 일산동구 숲속마을로 50-76,1.0,126.798703247707,37.667741904726,4128554000,True,True,True
14128001082,A03,42.0,38,펠리스요양원,경기도,고양시,경기도 고양시 일산동구 성현로138번길 99-13 (성석동),원주소,경기 고양시 일산동구 성현로138번길 99-13,1.0,126.80305664217,37.7049209212034,4128560000,True,True,True
14128001084,A03,19.0,12,일산요양원,경기도,고양시,경기도 고양시 일산동구 중산로 103 6층 (중산동 거풍프라자),원주소,경기 고양시 일산동구 중산로 103,1.0,126.780913928965,37.6812181127096,4128552600,True,True,True
14128001085,A03,96.0,75,제일요양원,경기도,고양시,경기도 고양시 덕양구 충장로 122 7~8층 (행신동 블레스타운),도로명번호,경기 고양시 덕양구 충장로 122,1.0,126.833974728892,37.6235022552194,4128164000,True,True,True
14128001090,A03,26.0,24,(고양)참편한요양원,경기도,고양시,경기도 고양시 덕양구 무원로6번길 61 303호 (행신동 GL리치빌2차),원주소,경기 고양시 덕양구 무원로6번길 61,1.0,126.833181681644,37.6147823764541,4128165000,True,True,True
14128001095,A03,80.0,68,제일수요양원,경기도,고양시,경기도 고양시 덕양구 동헌로 445 지1 지2층 (고양동),도로명번호,경기 고양시 덕양구 동헌로 445,1.0,126.901275540092,37.7066546460014,4128159000,True,True,True
14128001111,A03,49.0,41,일산시티요양원,경기도,고양시,경기도 고양시 일산서구 원일로 69 4층 (일산동 씨티프라자),원주소,경기 고양시 일산서구 원일로 69,1.0,126.77018402827,37.6867679770453,4128751000,True,True,True
14128001112,A03,49.0,41,A+따뜻한요양원,경기도,고양시,경기도 고양시 덕양구 도래울로 110 5층 (도내동 테마시티),원주소,경기 고양시 덕양구 도래울로 110,1.0,126.87248119492,37.6349176184565,4128153000,True,True,True
14128001120,A03,47.0,42,행복한요양원화정점,경기도,고양시,경기도 고양시 덕양구 중앙로 628 10층 (화정동 예일프라자),원주소,경기 고양시 덕양구 중앙로 628,1.0,126.82891233969,37.6275362158185,4128162200,True,True,True
14128001126,A03,25.0,18,백마효요양원,경기도,고양시,경기도 고양시 일산동구 경의로 315 5층 (마두동 설촌상가),원주소,경기 고양시 일산동구 경의로 315,1.0,126.793146395984,37.6580481102015,4128556000,True,True,True
14128001130,A03,25.0,10,에벤에셀요양원,경기도,고양시,경기도 고양시 덕양구 충장로 118-31 3층 (행신동 원스톱라이프상가),원주소,경기 고양시 덕양구 충장로 118-31,1.0,126.835210653867,37.6224909186508,4128164000,True,True,True
14128001137,A03,49.0,43,누리요양원,경기도,고양시,경기도 고양시 일산동구 성현로138번길 99-17 (성석동),원주소,경기 고양시 일산동구 성현로138번길 99-17,1.0,126.803563239004,37.7048632930865,4128560000,True,True,True
14128001144,A03,48.0,44,새생명요양원,경기도,고양시,경기도 고양시 덕양구 충장로 122 6층 (행신동 블레스타운),원주소,경기 고양시 덕양구 충장로 122,1.0,126.833974728892,37.6235022552194,4128164000,True,True,True
14128001149,A03,70.0,65,더지극정성요양원,경기도,고양시,경기도 고양시 일산동구 장진천길166번길 113-17 (설문동),원주소,경기 고양시 일산동구 장진천길166번길 113-17,1.0,126.811272283573,37.7241797507368,4128560000,True,True,True
14128001158,A04,9.0,9,복음케어요양원,경기도,고양시,경기도 고양시 일산서구 고봉로 339 3층 (일산동 승민빌딩),원주소,경기 고양시 일산서구 고봉로 339,1.0,126.776778140853,37.6895176264719,4128752000,True,True,True
14128001171,A03,95.0,91,베스트요양원,경기도,고양시,경기도 고양시 일산동구 하늘마을1로 70 (중산동),원주소,경기 고양시 일산동구 하늘마을1로 70,1.0,126.788214571724,37.6787841249516,4128552600,True,True,True
14128001183,A03,27.0,27,포도나무요양원,경기도,고양시,경기도 고양시 일산서구 일현로41번길 8-1 301호 (탄현동 대림프라자),원주소,경기 고양시 일산서구 일현로41번길 8-1,1.0,126.762102593526,37.6912481783515,4128754500,True,True,True
14128001188,A03,96.0,81,글로벌요양원,경기도,고양시,경기도 고양시 일산동구 고봉로770번길 17 (설문동),원주소,경기 고양시 일산동구 고봉로770번길 17,1.0,126.794014420882,37.7239032735665,4128560000,True,True,True
14128001194,A03,150.0,135,연세사랑요양원,경기도,고양시,경기도 고양시 덕양구 내유길 311 (내유동),원주소,경기 고양시 덕양구 내유길 311,1.0,126.863667268075,37.7265440546357,4128160000,True,True,True
14128001195,A03,26.0,24,중산요양복지센터,경기도,고양시,경기도 고양시 일산동구 중산로 235 (중산동 아카데미타운 701호),원주소,경기 고양시 일산동구 중산로 235,1.0,126.78012854313,37.6930082619699,4128552500,True,True,True
14128001212,A03,26.0,26,(고양)화정요양원,경기도,고양시,경기도 고양시 덕양구 화중로 128 7층 (화정동 고양프라자),원주소,경기 고양시 덕양구 화중로 128,1.0,126.832029626053,37.6385175723255,4128162100,True,True,True
14128001223,A03,49.0,45,중산요양원,경기도,고양시,경기도 고양시 일산동구 탄중로 326-16 2~3층 (중산동 가든프라자),원주소,경기 고양시 일산동구 탄중로 326-16,1.0,126.780870686736,37.692525819823,4128552500,True,True,True
14128001228,A03,29.0,17,더소중한사람요양원,경기도,고양시,경기도 고양시 일산동구 중산로 241 (중산동 해태쇼핑타운 401호 405호 406호),원주소,경기 고양시 일산동구 중산로 241,1.0,126.780140675938,37.6936991521008,4128552500,True,True,True
14128001232,A03,26.0,26,하이탑요양원,경기도,고양시,경기도 고양시 일산동구 중산로 235 (중산동 아카데미타운 301호),원주소,경기 고양시 일산동구 중산로 235,1.0,126.78012854313,37.6930082619699,4128552500,True,True,True
14128001237,A04,9.0,9,새생명실버홈1노인요양공동생활가정1,경기도,고양시,경기도 고양시 덕양구 충장로 7 701~703호 (행신동 별제회관),도로명번호,경기 고양시 덕양구 충장로 7,1.0,126.833689560926,37.6136092865613,4128165000,True,True,True
14128001238,A04,9.0,9,새생명실버홈1노인요양공동생활가정2,경기도,고양시,경기도 고양시 덕양구 충장로 7 704~706호 (행신동 별제회관),도로명번호,경기 고양시 덕양구 충장로 7,1.0,126.833689560926,37.6136092865613,4128165000,True,True,True
14128001248,A03,29.0,27,고양사랑방요양원,경기도,고양시,경기도 고양시 덕양구 호국로 773 701호 (주교동 코스모프라자),원주소,경기 고양시 덕양구 호국로 773,1.0,126.834801574033,37.6556691682855,4128154000,True,True,True
14128001255,A03,20.0,20,은빛누리요양원,경기도,고양시,경기도 고양시 덕양구 고골길264번길 23 (대자동),원주소,경기 고양시 덕양구 고골길264번길 23,1.0,126.878578113988,37.7206009700739,4128160000,True,True,True
14128001259,A03,29.0,28,우리들요양원,경기도,고양시,경기도 고양시 일산동구 애니골길 21 (풍동 2층),원주소,경기 고양시 일산동구 애니골길 21,1.0,126.790252848273,37.6699038550763,4128554000,True,True,True
14128001261,A03,27.0,24,효누리요양원,경기도,고양시,경기도 고양시 일산서구 일현로41번길 8-1 (탄현동 대림프라자 4층 401호),원주소,경기 고양시 일산서구 일현로41번길 8-1,1.0,126.762102593526,37.6912481783515,4128754500,True,True,True
14128001262,A03,46.0,31,일산차요양원2,경기도,고양시,경기도 고양시 일산동구 탄중로 311-16 6층 7층 (중산동 한진프라자),원주소,경기 고양시 일산동구 탄중로 311-16,1.0,126.78014506906,37.6942081209285,4128552500,True,True,True
14128001263,A03,75.0,73,로뎀트리요양원,경기도,고양시,경기도 고양시 일산동구 숲속마을로 14-9 (풍동),원주소,경기 고양시 일산동구 숲속마을로 14-9,1.0,126.801358776389,37.6676127014778,4128554000,True,True,True
14128001267,A03,26.0,22,고양삼송해바라기요양원,경기도,고양시,경기도 고양시 덕양구 무민로27번길 10-8 (대자동),원주소,경기 고양시 덕양구 무민로27번길 10-8,1.0,126.877476921141,37.697499948723,4128160000,True,True,True
14128001272,A03,24.0,14,다사랑 요양원,경기도,고양시,경기도 고양시 덕양구 중앙로558번길 16-12 4층401 402호 (행신동 엘지프라자),원주소,경기 고양시 덕양구 중앙로558번길 16-12,1.0,126.836418169911,37.6238319149837,4128165500,True,True,True
14128001276,A03,80.0,60,이화요양원,경기도,고양시,경기도 고양시 덕양구 용두로47번안길 5-19 (용두동),원주소,경기 고양시 덕양구 용두로47번안길 5-19,1.0,126.888495840494,37.6240659682375,4128158000,True,True,True
14128001278,A04,9.0,9,밝은아침요양원,경기도,고양시,경기도 고양시 일산동구 성현로93번길 25-24 (성석동),원주소,경기 고양시 일산동구 성현로93번길 25-24,1.0,126.796725316528,37.7091461008315,4128560000,True,True,True
14128001280,A03,21.0,18,효사랑실버케어,경기도,고양시,경기도 고양시 덕양구 호국로789번길 7 601호 (주교동),원주소,경기 고양시 덕양구 호국로789번길 7,1.0,126.835670013083,37.6568390440584,4128154000,True,True,True
14128001281,A03,44.0,42,실버공감요양원,경기도,고양시,경기도 고양시 일산서구 홀트로 58 (탄현동),원주소,경기 고양시 일산서구 홀트로 58,1.0,126.771048984771,37.6947578848409,4128754500,True,True,True
14128001283,A03,240.0,234,보아스 골든케어,경기도,고양시,경기도 고양시 일산동구 견달산로 316 (문봉동),원주소,경기 고양시 일산동구 견달산로 316,1.0,126.822452094468,37.6943851829467,4128560000,True,True,True
14128001284,A03,49.0,48,연세노블요양원,경기도,고양시,경기도 고양시 일산동구 장백로 172 6 7층 (장항동),도로명번호,경기 고양시 일산동구 장백로 172,1.0,126.777755880907,37.650261051461,4128559000,True,True,True
14128001292,A03,34.0,27,코스모요양원,경기도,고양시,경기도 고양시 덕양구 호국로 773 8~9층 (주교동 코스모프라자),도로명번호,경기 고양시 덕양구 호국로 773,1.0,126.834801574033,37.6556691682855,4128154000,True,True,True
14128001298,A03,27.0,26,화정늘푸른요양원,경기도,고양시,경기도 고양시 덕양구 화중로 128 501호 (화정동 고양프라자),원주소,경기 고양시 덕양구 화중로 128,1.0,126.832029626053,37.6385175723255,4128162100,True,True,True
14128001301,A03,84.0,79,에이스요양원,경기도,고양시,경기도 고양시 일산동구 성현로138번길 99-7 (성석동),원주소,경기 고양시 일산동구 성현로138번길 99-7,1.0,126.802910988357,37.7052816978668,4128560000,True,True,True
14128001303,A03,84.0,80,청운실버요양원,경기도,고양시,경기도 고양시 일산동구 성현로138번길 99-9 (성석동),원주소,경기 고양시 일산동구 성현로138번길 99-9,1.0,126.803268191518,37.7051992246457,4128560000,True,True,True
14128001307,A03,16.0,8,은혜의집,경기도,고양시,경기도 고양시 덕양구 고골길264번길 73-7 (대자동),원주소,경기 고양시 덕양구 고골길264번길 73-7,1.0,126.878949445582,37.7188699540692,4128160000,True,True,True
14128001316,A03,25.0,18,예사랑요양원,경기도,고양시,경기도 고양시 일산서구 일현로 29 (탄현동 예일프라자 601호 602호),원주소,경기 고양시 일산서구 일현로 29,1.0,126.761694655285,37.6899372469927,4128754500,True,True,True
14128001324,A04,9.0,6,다은요양원2,경기도,고양시,경기도 고양시 일산서구 고봉로 339 (일산동 승민빌딩 4층),원주소,경기 고양시 일산서구 고봉로 339,1.0,126.776778140853,37.6895176264719,4128752000,True,True,True
14128001327,A04,9.0,8,원당노블요양원,경기도,고양시,경기도 고양시 덕양구 고양대로 1399 3층 (성사동 대성빌딩),원주소,경기 고양시 덕양구 고양대로 1399,1.0,126.839715068018,37.654062469135,4128154000,True,True,True
14128001330,A03,24.0,24,참사랑요양원,경기도,고양시,경기도 고양시 일산서구 현중로36번길 31 (탄현동 성호프라자 401 403호),원주소,경기 고양시 일산서구 현중로36번길 31,1.0,126.76961970079,37.69448796224,4128754500,True,True,True
14128001332,A03,29.0,22,해바라기요양원,경기도,고양시,경기도 고양시 일산서구 산현로92번길 60 (일산동 탄현이화프라자 301호),원주소,경기 고양시 일산서구 산현로92번길 60,1.0,126.770822645745,37.6894236738297,4128751000,True,True,True
14128001340,A03,64.0,49,다정한요양원,경기도,고양시,경기도 고양시 일산서구 탄중로471번길 56 (일산동),키워드(검증),경기 고양시 일산서구 일산동 592-4,1.0,126.77269664480012,37.685820244969634,4128752000,True,True,True
14128001341,A03,17.0,14,설문시니어스,경기도,고양시,경기도 고양시 일산동구 고봉로867번길 69 (설문동),원주소,경기 고양시 일산동구 고봉로867번길 69,1.0,126.798606834706,37.7320245314823,4128560000,True,True,True
14128001346,A03,99.0,88,보람요양원,경기도,고양시,경기도 고양시 덕양구 마상로57번길 87-70 (주교동),원주소,경기 고양시 덕양구 마상로57번길 87-70,1.0,126.834126977489,37.668543050703,4128151000,True,True,True
14128001348,A03,49.0,38,한나의집,경기도,고양시,경기도 고양시 일산동구 지영로229번길 31-18 (지영동),원주소,경기 고양시 일산동구 지영로229번길 31-18,1.0,126.826539442074,37.7175614226927,4128560000,True,True,True
14128001354,A03,19.0,19,도래요양원,경기도,고양시,경기도 고양시 덕양구 서정마을1로 8 2층 (행신동 미래프라자),원주소,경기 고양시 덕양구 서정마을1로 8,1.0,126.845515098076,37.6189575839115,4128165600,True,True,True
14128001355,A03,23.0,23,신원당요양원,경기도,고양시,경기도 고양시 덕양구 고양대로 1349 (주교동),원주소,경기 고양시 덕양구 고양대로 1349,1.0,126.834151419386,37.6554180534893,4128154000,True,True,True
14128001356,A03,70.0,64,(고양)하늘소리요양원,경기도,고양시,경기도 고양시 덕양구 동헌로 319-25 (대자동),원주소,경기 고양시 덕양구 동헌로 319-25,1.0,126.890011372901,37.7113961417376,4128159000,True,True,True
14128001358,A03,44.0,32,일산차요양원,경기도,고양시,경기도 고양시 일산동구 탄중로 311-16 3 4층 (중산동 한진프라자),원주소,경기 고양시 일산동구 탄중로 311-16,1.0,126.78014506906,37.6942081209285,4128552500,True,True,True
14128001366,A03,42.0,31,호수마을요양원,경기도,고양시,경기도 고양시 일산동구 중앙로1275번길 60-30 일산라페스타B동3층301호 (장항동),원주소,경기 고양시 일산동구 중앙로1275번길 60-30,1.0,126.769110038547,37.6602133454381,4128559000,True,True,True
14128001370,A03,24.0,21,기쁨요양원,경기도,고양시,경기도 고양시 일산동구 중산로 241 10층 (중산동 해태쇼핑타운),원주소,경기 고양시 일산동구 중산로 241,1.0,126.780140675938,37.6936991521008,4128552500,True,True,True
14128001380,A03,49.0,41,일산효심요양원,경기도,고양시,경기도 고양시 일산동구 동국로 137-21 (식사동),원주소,경기 고양시 일산동구 동국로 137-21,1.0,126.803620353707,37.684930488745,4128551000,True,True,True
14128001398,A03,29.0,22,라페스타꿈에요양원,경기도,고양시,경기도 고양시 일산동구 중앙로1275번길 38-31 일산라페스타A동3층301호 (장항동),원주소,경기 고양시 일산동구 중앙로1275번길 38-31,1.0,126.76958815484,37.6604801594353,4128559000,True,True,True
14128001399,A03,13.0,11,안나의집,경기도,고양시,경기도 고양시 일산동구 고봉로678번길 143-9 (성석동),원주소,경기 고양시 일산동구 고봉로678번길 143-9,1.0,126.795607526406,37.7137494883789,4128560000,True,True,True
14128001400,A04,9.0,9,가족사랑행복요양원,경기도,고양시,경기도 고양시 일산서구 산현로 11 5층501호 (탄현동 부건프라자),원주소,경기 고양시 일산서구 산현로 11,1.0,126.762855057483,37.6895141457419,4128754500,True,True,True
14128001411,A04,9.0,8,효사랑요양원2,경기도,고양시,경기도 고양시 일산동구 중산로 234 3층 (중산동),원주소,경기 고양시 일산동구 중산로 234,1.0,126.780678824874,37.6928408944792,4128552500,True,True,True
14128001420,A03,49.0,47,더힐링요양원,경기도,고양시,경기도 고양시 일산동구 중산로 306-152 (성석동),원주소,경기 고양시 일산동구 중산로 306-152,1.0,126.789314499143,37.6993860018718,4128560000,True,True,True
14128001423,A03,25.0,25,일산드림요양원,경기도,고양시,경기도 고양시 일산동구 숲속마을로 14-15 4층 (풍동 일산 드림월드),원주소,경기 고양시 일산동구 숲속마을로 14-15,1.0,126.801499339761,37.6677762856228,4128554000,True,True,True
14128001424,A03,26.0,22,사임당요양원,경기도,고양시,경기도 고양시 일산서구 하이파크2로 42 7층701호 (덕이동 현해프라자),원주소,경기 고양시 일산서구 하이파크2로 42,1.0,126.753968443817,37.6990682516669,4128760000,True,True,True
14128001425,A03,27.0,25,라파엘라요양원,경기도,고양시,경기도 고양시 덕양구 성신로 6-27 2층 (화정동 선우빌딩),원주소,경기 고양시 덕양구 성신로 6-27,1.0,126.830925078376,37.6272143117276,4128162200,True,True,True
14128001427,A03,29.0,22,온누리요양원1호,경기도,고양시,경기도 고양시 일산서구 원일로 69 3층301호 (일산동 씨티프라자),원주소,경기 고양시 일산서구 원일로 69,1.0,126.77018402827,37.6867679770453,4128751000,True,True,True
14128001428,A03,84.0,69,일산실버요양원,경기도,고양시,경기도 고양시 일산동구 마골길 55 (성석동),원주소,경기 고양시 일산동구 마골길 55,1.0,126.803841620694,37.7061169203365,4128560000,True,True,True
14128001431,A03,99.0,89,데이브실버케어,경기도,고양시,경기도 고양시 덕양구 보광로 110 (벽제동),원주소,경기 고양시 덕양구 보광로 110,1.0,126.907173427565,37.7250827083762,4128159000,True,True,True
14128001432,A03,99.0,77,올리브실버케어,경기도,고양시,경기도 고양시 덕양구 보광로 114 (벽제동),원주소,경기 고양시 덕양구 보광로 114,1.0,126.907341946022,37.7253879098453,4128159000,True,True,True
14128001434,A03,99.0,93,이아소실버케어,경기도,고양시,경기도 고양시 덕양구 보광로 108 (벽제동),원주소,경기 고양시 덕양구 보광로 108,1.0,126.907001992054,37.7247529078304,4128159000,True,True,True
14128001438,A03,29.0,24,일산연세요양원,경기도,고양시,경기도 고양시 일산동구 탄중로 325-7 3층 (중산동),원주소,경기 고양시 일산동구 탄중로 325-7,1.0,126.781166381155,37.6936844820463,4128552500,True,True,True
14128001445,A03,23.0,22,햇살요양원,경기도,고양시,경기도 고양시 덕양구 무원로 24 7층 (행신동 골드프라자),원주소,경기 고양시 덕양구 무원로 24,1.0,126.832656828958,37.6148796607944,4128165000,True,True,True
14128001446,A03,18.0,6,푸른솔요양원,경기도,고양시,경기도 고양시 일산동구 숲속마을로 42 4층401 402호 (풍동),원주소,경기 고양시 일산동구 숲속마을로 42,1.0,126.798569966664,37.667402368479,4128554000,True,True,True
14128001452,A03,24.0,18,나누리요양원,경기도,고양시,경기도 고양시 덕양구 중앙로558번길 16-12 5층일부호 (행신동),원주소,경기 고양시 덕양구 중앙로558번길 16-12,1.0,126.836418169911,37.6238319149837,4128165500,True,True,True
14128001454,A04,9.0,9,민들레요양원,경기도,고양시,경기도 고양시 덕양구 중앙로 628 4층일부호 (화정동),원주소,경기 고양시 덕양구 중앙로 628,1.0,126.82891233969,37.6275362158185,4128162200,True,True,True
14128001458,A03,29.0,27,(고양)어울림요양원,경기도,고양시,경기도 고양시 덕양구 중앙로 628 6층1호 (화정동),원주소,경기 고양시 덕양구 중앙로 628,1.0,126.82891233969,37.6275362158185,4128162200,True,True,True
14128001465,A03,15.0,14,우리홈요양원,경기도,고양시,경기도 고양시 덕양구 중앙로557번길 7-20 301 302호 (행신동),원주소,경기 고양시 덕양구 중앙로557번길 7-20,1.0,126.835635862947,37.6225534995638,4128164000,True,True,True
14128001466,A03,29.0,23,더스프링시니어,경기도,고양시,경기도 고양시 일산동구 숲속마을1로 139 (풍동),원주소,경기 고양시 일산동구 숲속마을1로 139,1.0,126.800332837554,37.6736458141107,4128554000,True,True,True
14128001469,A04,7.0,3,우리홈요양원2,경기도,고양시,경기도 고양시 덕양구 중앙로557번길 7-20 3층304호 (행신동),원주소,경기 고양시 덕양구 중앙로557번길 7-20,1.0,126.835635862947,37.6225534995638,4128164000,True,True,True
14128001472,A03,27.0,26,수레요양원,경기도,고양시,경기도 고양시 일산서구 일현로 48 5층501호 (탄현동),원주소,경기 고양시 일산서구 일현로 48,1.0,126.763219996235,37.6912678160526,4128754500,True,True,True
14128001481,A03,49.0,32,둥지요양원,경기도,고양시,경기도 고양시 일산동구 성석로 77-9 (중산동),원주소,경기 고양시 일산동구 성석로 77-9,1.0,126.792215187047,37.6870684231352,4128552600,True,True,True
14128001482,A03,27.0,23,행신요양원,경기도,고양시,경기도 고양시 덕양구 충장로 118-23 4층1호 (행신동),원주소,경기 고양시 덕양구 충장로 118-23,1.0,126.834805797799,37.6227522693138,4128164000,True,True,True
14128001491,A03,98.0,97,효누림요양원,경기도,고양시,경기도 고양시 일산동구 성현로377번길 128 (문봉동),원주소,경기 고양시 일산동구 성현로377번길 128,1.0,126.832275150334,37.7017718802263,4128560000,True,True,True
14128001497,A03,29.0,27,한나요양원,경기도,고양시,경기도 고양시 덕양구 도래울로 110 6층2호 (도내동),원주소,경기 고양시 덕양구 도래울로 110,1.0,126.87248119492,37.6349176184565,4128153000,True,True,True
14128001503,A03,23.0,17,열매마을요양원,경기도,고양시,경기도 고양시 일산동구 공릉천로33번길 61 (사리현동),원주소,경기 고양시 일산동구 공릉천로33번길 61,1.0,126.843160773326,37.6984834381311,4128560000,True,True,True
14128001508,A04,9.0,8,열린소망요양원,경기도,고양시,경기도 고양시 일산동구 동국로 16 2층 (식사동),원주소,경기 고양시 일산동구 동국로 16,1.0,126.807578113045,37.6754406223542,4128551000,True,True,True
14128001518,A03,63.0,57,샬롬의집,경기도,고양시,경기도 고양시 덕양구 보광로266번길 76 (벽제동),원주소,경기 고양시 덕양구 보광로266번길 76,1.0,126.916940068147,37.7377692611912,4128159000,True,True,True
14128001522,A03,49.0,39,프라하요양원,경기도,고양시,경기도 고양시 일산동구 성현로 515 가동 (사리현동),원주소,경기 고양시 일산동구 성현로 515,1.0,126.839500516192,37.6969135194483,4128560000,True,True,True
14128001530,A04,9.0,8,고운맘요양원,경기도,고양시,경기도 고양시 일산서구 일중로 17 5층501호 (일산동),원주소,경기 고양시 일산서구 일중로 17,1.0,126.774241317002,37.6813338276266,4128752000,True,True,True
14128001533,A03,99.0,92,우리요양원,경기도,고양시,경기도 고양시 일산동구 성현로377번길 128-2 (문봉동),원주소,경기 고양시 일산동구 성현로377번길 128-2,1.0,126.832880940572,37.7009997944796,4128560000,True,True,True
14128001539,A04,9.0,6,다은요양원,경기도,고양시,경기도 고양시 일산서구 고봉로 339 4층 (일산동),원주소,경기 고양시 일산서구 고봉로 339,1.0,126.776778140853,37.6895176264719,4128752000,True,True,True
14128001549,A04,9.0,9,가가호호요양원,경기도,고양시,경기도 고양시 덕양구 충장로 118-31 502호 (행신동),원주소,경기 고양시 덕양구 충장로 118-31,1.0,126.835210653867,37.6224909186508,4128164000,True,True,True
14128001550,A04,9.0,9,가가호호요양원 플러스,경기도,고양시,경기도 고양시 덕양구 충장로 118-31 502호 (행신동),원주소,경기 고양시 덕양구 충장로 118-31,1.0,126.835210653867,37.6224909186508,4128164000,True,True,True
14128001551,A03,96.0,92,더좋은요양원,경기도,고양시,경기도 고양시 덕양구 원당로 316 (원당동),원주소,경기 고양시 덕양구 원당로 316,1.0,126.849873282188,37.6764778919774,4128152000,True,True,True
14128001553,A03,29.0,28,일산늘봄요양원,경기도,고양시,경기도 고양시 일산서구 송산로 390 2층일부호 (가좌동),원주소,경기 고양시 일산서구 송산로 390,1.0,126.72218525281,37.6849739027478,4128761000,True,True,True
14128001559,A03,99.0,61,연세케어센터,경기도,고양시,경기도 고양시 일산동구 성현로377번길 128-5 (문봉동),원주소,경기 고양시 일산동구 성현로377번길 128-5,1.0,126.832724193084,37.7004610598077,4128560000,True,True,True
14128001562,A03,24.0,23,착한요양원,경기도,고양시,경기도 고양시 덕양구 충경로 44 5층501호 (행신동),원주소,경기 고양시 덕양구 충경로 44,1.0,126.834470382195,37.6152964926699,4128165000,True,True,True
14128001564,A03,29.0,19,샬롬요양원,경기도,고양시,경기도 고양시 일산동구 은마길 163-40 (설문동),원주소,경기 고양시 일산동구 은마길 163-40,1.0,126.802743327701,37.7200620469201,4128560000,True,True,True
14128001565,A03,48.0,39,예림요양원,경기도,고양시,경기도 고양시 일산서구 덕이로 104-20 (덕이동),원주소,경기 고양시 일산서구 덕이로 104-20,1.0,126.749584124214,37.6923755073659,4128760000,True,True,True
14128001575,A03,84.0,82,헤리티지실버케어,경기도,고양시,경기도 고양시 일산동구 마골길 78-2 (성석동),원주소,경기 고양시 일산동구 마골길 78-2,1.0,126.803723850307,37.7069994077638,4128560000,True,True,True
14128001576,A03,17.0,10,일산다사랑요양원,경기도,고양시,경기도 고양시 일산동구 숲속마을로 22 8층801호 (풍동),원주소,경기 고양시 일산동구 숲속마을로 22,1.0,126.800765670454,37.6673086117714,4128554000,True,True,True
14128001583,A03,84.0,66,백향목골든케어,경기도,고양시,경기도 고양시 일산동구 마골길 78-4 (성석동),원주소,경기 고양시 일산동구 마골길 78-4,1.0,126.804085356469,37.7073098536252,4128560000,True,True,True
14128001586,A03,84.0,74,세도나 시니어타운,경기도,고양시,경기도 고양시 일산동구 마골길 78-6 (성석동),원주소,경기 고양시 일산동구 마골길 78-6,1.0,126.80430169826,37.7077534916214,4128560000,True,True,True
14128001589,A03,86.0,85,일산휴요양원,경기도,고양시,경기도 고양시 일산동구 무궁화로 365 2 3층 (식사동),도로명번호,경기 고양시 일산동구 무궁화로 365,1.0,126.79966134168,37.6780709992059,4128551000,True,True,True
14128001590,A03,99.0,91,엘림요양원,경기도,고양시,경기도 고양시 일산동구 은마길 13-1 1동 (성석동),원주소,경기 고양시 일산동구 은마길 13,2.0,126.808438339274,37.7100929035546,4128560000,True,True,True
14128001596,A03,24.0,6,일산햇빛요양원,경기도,고양시,경기도 고양시 일산서구 일중로 78 4층401호 (일산동),원주소,경기 고양시 일산서구 일중로 78,1.0,126.775365018446,37.6864718981097,4128752000,True,True,True
14128001606,A03,28.0,20,큰사랑요양원,경기도,고양시,경기도 고양시 덕양구 중앙로 548 5층 (행신동 현대프라자),원주소,경기 고양시 덕양구 중앙로 548,1.0,126.836527841613,37.6233056206895,4128165500,True,True,True
14128001608,A04,9.0,5,종달새요양원,경기도,고양시,경기도 고양시 일산동구 중산로 245 4층402호 (중산동 대성상가),원주소,경기 고양시 일산동구 중산로 245,1.0,126.78033705463,37.6938915157945,4128552500,True,True,True
14128001621,A03,27.0,25,(고양)화정요양원 2호점,경기도,고양시,경기도 고양시 덕양구 화중로 128 601호 (화정동 고양프라자),원주소,경기 고양시 덕양구 화중로 128,1.0,126.832029626053,37.6385175723255,4128162100,True,True,True
14128001625,A03,18.0,17,일산성모요양원,경기도,고양시,경기도 고양시 일산서구 산현로 7 802호 (탄현동 풍성프라자),원주소,경기 고양시 일산서구 산현로 7,1.0,126.762490102442,37.6894417837547,4128754500,True,True,True
14128001630,A03,49.0,45,엔젤요양원,경기도,고양시,경기도 고양시 일산동구 중산로 235 501 601호 (중산동),도로명번호,경기 고양시 일산동구 중산로 235,1.0,126.78012854313,37.6930082619699,4128552500,True,True,True
14128001633,A03,164.0,151,행복한요양원 본점,경기도,고양시,경기도 고양시 일산동구 공릉천로 300-28 (지영동),원주소,경기 고양시 일산동구 공릉천로 300-28,1.0,126.839108925686,37.7181352354584,4128560000,True,True,True
14128001642,A03,29.0,16,노블케어요양원,경기도,고양시,경기도 고양시 일산동구 탄중로 325-7 5층 (중산동 올림피아빌딩),원주소,경기 고양시 일산동구 탄중로 325-7,1.0,126.781166381155,37.6936844820463,4128552500,True,True,True
14129000001,A03,21.0,19,구세군과천요양원,경기도,과천시,경기도 과천시 관악산길 194 (중앙동),원주소,경기 과천시 관악산길 194,1.0,126.987424904925,37.432401648274,4129051000,True,True,True
14129000003,A03,65.0,64,구세군승리요양원,경기도,과천시,경기도 과천시 관악산길 188 (중앙동),원주소,경기 과천시 관악산길 188,1.0,126.987606753211,37.4327785626499,4129051000,True,True,True
14131000010,A04,9.0,3,아름다운 집,경기도,구리시,경기도 구리시 원수택로 32 (수택동 5층),원주소,경기 구리시 원수택로 32,1.0,127.140235057152,37.5948991487921,4131058000,True,True,True
14131000016,A03,29.0,29,참사랑노인전문요양원,경기도,구리시,경기도 구리시 딸기원로24번길 5-8 (교문동),원주소,경기 구리시 딸기원로24번길 5-8,1.0,127.119928422945,37.6028049254464,4131054100,True,True,True
14131000018,A03,80.0,80,구리시립노인전문요양원,경기도,구리시,경기도 구리시 동구릉로459번길 211 (갈매동),원주소,경기 구리시 동구릉로459번길 211,1.0,127.128817551908,37.6360686573085,4131051000,True,True,True
14131000022,A04,9.0,2,아름다운 가정,경기도,구리시,경기도 구리시 원수택로 32 (수택동 6층),원주소,경기 구리시 원수택로 32,1.0,127.140235057152,37.5948991487921,4131058000,True,True,True
14131000026,A03,49.0,7,구리효심노인요양원,경기도,구리시,경기도 구리시 체육관로171번길 42 (교문동),원주소,경기 구리시 체육관로171번길 42,1.0,127.133702763415,37.6001542785581,4131054100,True,True,True
14131000081,A03,17.0,17,사라노인요양시설,경기도,구리시,경기도 구리시 동구릉로389번길 27-9 (사노동),원주소,경기 구리시 동구릉로389번길 27-9,1.0,127.140466686635,37.6320275105236,4131052000,True,True,True
14131000086,A03,40.0,38,한결노인요양원,경기도,구리시,경기도 구리시 검배로 102 (수택동),원주소,경기 구리시 검배로 102,1.0,127.14916013254,37.5944710484007,4131058000,True,True,True
14131000101,A03,46.0,0,가은사랑요양원,경기도,구리시,경기도 구리시 이문안로 95 (수택동 해원빌딩401호 501호),원주소,경기 구리시 이문안로 95,1.0,127.142184053438,37.5920582445419,4131058000,True,True,True
14131000146,A03,21.0,16,가족튼튼요양원,경기도,구리시,경기도 구리시 체육관로 163 5층 (교문동),원주소,경기 구리시 체육관로 163,1.0,127.136004243752,37.5991429903437,4131054100,True,True,True
14131000149,A03,79.0,73,효사랑요양원,경기도,구리시,경기도 구리시 동구릉로460번길 8 (사노동),원주소,경기 구리시 동구릉로460번길 8,1.0,127.14002034243,37.638315022559,4131052000,True,True,True
14131000199,A03,65.0,59,그린힐요양원,경기도,구리시,경기도 구리시 한다리길 43-11 (교문동),원주소,경기 구리시 한다리길 43-11,1.0,127.125437800076,37.5814243469378,4131054100,True,True,True
14131000206,A03,20.0,20,A+가람요양원,경기도,구리시,경기도 구리시 이문안로 128 4층 (토평동 새롬프라자9차),원주소,경기 구리시 이문안로 128,1.0,127.14558505325,37.5911024715677,4131059000,True,True,True
14131000210,A04,9.0,9,효마을구리요양원,경기도,구리시,경기도 구리시 이문안로129번길 12-7 2층 (수택동),원주소,경기 구리시 이문안로129번길 12-7,1.0,127.146224723554,37.5919380711397,4131058000,True,True,True
14131000212,A04,9.0,9,행복한현대요양원,경기도,구리시,경기도 구리시 이문안로129번길 12-7 4층 (수택동),원주소,경기 구리시 이문안로129번길 12-7,1.0,127.146224723554,37.5919380711397,4131058000,True,True,True
14131000221,A04,9.0,9,구리숲요양원,경기도,구리시,경기도 구리시 이문안로 110 1층 (수택동 유치원동),원주소,경기 구리시 이문안로 110,1.0,127.143678645037,37.5914552031386,4131059000,True,True,True
14131000223,A03,40.0,36,두레간호전문요양원,경기도,구리시,경기도 구리시 아차산로 505 A동4층 (교문동 중앙하이츠 티움),원주소,경기 구리시 아차산로 505,1.0,127.130140006938,37.6000419429914,4131054100,True,True,True
14131000237,A04,9.0,8,행복재가노인복지요양원,경기도,구리시,경기도 구리시 응달말로 41 2층 (인창동),원주소,경기 구리시 응달말로 41,1.0,127.134424594492,37.604200705058,4131053000,True,True,True
14131000244,A03,49.0,37,구리한양요양원,경기도,구리시,경기도 구리시 동구릉로16번길 11 (인창동),원주소,경기 구리시 동구릉로16번길 11,1.0,127.132096473261,37.6023505385903,4131053000,True,True,True
14131000248,A04,9.0,9,우리들요양원,경기도,구리시,경기도 구리시 이문안로 95 4층2호 (수택동),원주소,경기 구리시 이문안로 95,1.0,127.142184053438,37.5920582445419,4131058000,True,True,True
14136000014,A03,40.0,29,아람노인요양시설,경기도,남양주시,경기도 남양주시 화도읍 비룡로440번길 27-10 (화도읍),원주소,경기 남양주시 화도읍 비룡로440번길 27-10,1.0,127.311928476022,37.6847707594346,4136025600,True,True,True
14136000016,A03,100.0,96,에덴노인전문요양센터,경기도,남양주시,경기도 남양주시 수동면 비룡로1742번길 36-52 (수동면),원주소,경기 남양주시 수동면 비룡로1742번길 36-52,1.0,127.289228889896,37.7641075667828,4136034000,True,True,True
14136000026,A03,29.0,28,쉼터요양원,경기도,남양주시,경기도 남양주시 별내면 송산로532번길 17 (별내면),원주소,경기 남양주시 별내면 송산로532번길 17,1.0,127.133927866952,37.6896953673392,4136031000,True,True,True
14136000060,A03,29.0,21,백삼한방요양원,경기도,남양주시,경기도 남양주시 금곡로 30 (금곡동),원주소,경기 남양주시 금곡로 30,1.0,127.206477826095,37.6339456003453,4136053000,True,True,True
14136000094,A03,99.0,99,하나케어센터,경기도,남양주시,경기도 남양주시 수동면 비룡로 1156-4 (수동면),원주소,경기 남양주시 수동면 비룡로 1156-4,1.0,127.29930350435,37.7293641654957,4136034000,True,True,True
14136000209,A04,9.0,9,희망노인공동생활가정,경기도,남양주시,경기도 남양주시 늘을3로 65-12 (호평동 금강프라자 308호 309호),원주소,경기 남양주시 늘을3로 65-12,1.0,127.247889868565,37.6602475900972,4136051000,True,True,True
14136000236,A03,86.0,48,참실버케어,경기도,남양주시,경기도 남양주시 진접읍 부마로106번길 49 (진접읍),원주소,경기 남양주시 진접읍 부마로106번길 49,1.0,127.200047063375,37.757947020102,4136025300,True,True,True
14136000242,A03,46.0,38,화도노인전문요양원,경기도,남양주시,경기도 남양주시 화도읍 먹갓로27번길 8 1 2동 (화도읍),도로명번호,경기 남양주시 화도읍 먹갓로27번길 8,1.0,127.273655225151,37.6569480964419,4136025600,True,True,True
14136000251,A03,55.0,45,예사랑노인전문요양원,경기도,남양주시,경기도 남양주시 진접읍 장현천로 28 9~10층 (진접읍),도로명번호,경기 남양주시 진접읍 장현천로 28,1.0,127.183879352572,37.7192044121841,4136025300,True,True,True
14136000319,A03,0.0,0,늘사랑실버케어센터,경기도,남양주시,경기도 남양주시 경춘로 1260 2 6층 (평내동 하나프라자),도로명번호,경기 남양주시 경춘로 1260,1.0,127.234794530891,37.6466628168998,4136052000,True,True,True
14136000326,A03,39.0,37,평강노인요양원,경기도,남양주시,경기도 남양주시 늘을1로 145 301호 (호평동 미라클센터),원주소,경기 남양주시 늘을1로 145,1.0,127.244670338712,37.6624937861819,4136051000,True,True,True
14136000347,A04,9.0,8,요한이네 요양원,경기도,남양주시,경기도 남양주시 화도읍 경춘로2192번길 61-12 (화도읍),원주소,경기 남양주시 화도읍 경춘로2192번길 61-12,1.0,127.336008697238,37.6504911976175,4136025600,True,True,True
14136000349,A03,62.0,36,신카네이션요양원,경기도,남양주시,경기도 남양주시 수동면 비룡로 1245 (수동면),원주소,경기 남양주시 수동면 비룡로 1245,1.0,127.294136636598,37.7338294824812,4136034000,True,True,True
14136000354,A03,80.0,49,더 연세실버전문요양원,경기도,남양주시,경기도 남양주시 평내로29번길 41 801호 (평내동 평내메인프라자),원주소,경기 남양주시 평내로29번길 41,1.0,127.234988219379,37.6454164634755,4136052000,True,True,True
14136000356,A03,75.0,62,(주)남양실버홈 효와수요양원,경기도,남양주시,경기도 남양주시 사릉로 13 3층 (금곡동 (금곡동 금곡이타워 사업장: 3층 6층 7층)),원주소,경기 남양주시 사릉로 13,1.0,127.20699212031,37.6345803434745,4136053000,True,True,True
14136000369,A03,29.0,23,동부실버요양원,경기도,남양주시,경기도 남양주시 경춘로 452 지하 2 4 5층 (지금동),도로명번호,경기 남양주시 경춘로 452,1.0,127.163575968573,37.6089025622696,4136056500,True,True,True
14136000384,A03,57.0,52,노인전문요양시설 수진사자비원,경기도,남양주시,경기도 남양주시 천마산로 109-30 (호평동),원주소,경기 남양주시 천마산로 109-30,1.0,127.250287066651,37.6714198877537,4136051000,True,True,True
14136000390,A03,82.0,58,A-성림케어센터,경기도,남양주시,경기도 남양주시 화도읍 먹갓로 78 (화도읍),원주소,경기 남양주시 화도읍 먹갓로 78,1.0,127.272802278586,37.6605896677027,4136025600,True,True,True
14136000404,A04,9.0,9,남양주봄나래요양원,경기도,남양주시,경기도 남양주시 수동면 지둔로445번길 11 (수동면),원주소,경기 남양주시 수동면 지둔로445번길 11,1.0,127.302709154208,37.7222395312945,4136034000,True,True,True
14136000407,A03,44.0,27,천마산금산요양원,경기도,남양주시,경기도 남양주시 화도읍 비룡로141번길 34 (화도읍),원주소,경기 남양주시 화도읍 비룡로141번길 34,1.0,127.297728195302,37.6635502779998,4136025600,True,True,True
14136000408,A03,85.0,84,정가원 노인전문요양원,경기도,남양주시,경기도 남양주시 오남읍 팔현로 98 (오남읍),원주소,경기 남양주시 오남읍 팔현로 98,1.0,127.223831870068,37.6940967569281,4136026200,True,True,True
14136000412,A03,36.0,34,함께하는 요양원,경기도,남양주시,경기도 남양주시 경춘로1350번길 35 301호 401호 (평내동 리치플러스),원주소,경기 남양주시 경춘로1350번길 35,1.0,127.243298419924,37.6503401497521,4136052000,True,True,True
14136000420,A04,9.0,5,새벽별요양원,경기도,남양주시,경기도 남양주시 화도읍 가곡로88번길 102-4 (화도읍),원주소,경기 남양주시 화도읍 가곡로88번길 102-4,1.0,127.302164862594,37.6956875115949,4136025600,True,True,True
14136000424,A04,9.0,9,행복한요양원,경기도,남양주시,경기도 남양주시 늘을1로 135 (호평동 남양빌딩 3층),원주소,경기 남양주시 늘을1로 135,1.0,127.243806169287,37.6621859089576,4136051000,True,True,True
14136000450,A03,26.0,7,늘소망요양원,경기도,남양주시,경기도 남양주시 수동면 축령산로 272-20 (수동면),원주소,경기 남양주시 수동면 축령산로 272-20,1.0,127.307542788252,37.7499330985108,4136034000,True,True,True
14136000452,A03,45.0,45,금곡요양원,경기도,남양주시,경기도 남양주시 금곡로 11-1 (금곡동),원주소,경기 남양주시 금곡로 11-1,1.0,127.204231676371,37.6336070456302,4136053000,True,True,True
14136000458,A03,22.0,19,실로암요양원,경기도,남양주시,경기도 남양주시 화도읍 가곡로 66 (화도읍),원주소,경기 남양주시 화도읍 가곡로 66,1.0,127.30253294903,37.6867937776533,4136025600,True,True,True
14136000459,A04,9.0,9,은빛사랑노인복지센터,경기도,남양주시,경기도 남양주시 두물로11번길 12-20 6층 (별내동 진영타운),원주소,경기 남양주시 두물로11번길 12-20,1.0,127.126293986106,37.6564663112073,4136057000,True,True,True
14136000464,A04,9.0,6,평내요양원,경기도,남양주시,경기도 남양주시 경춘로 1340 2층 (평내동 광인빌딩),원주소,경기 남양주시 경춘로 1340,1.0,127.240480351717,37.652030311915,4136052000,True,True,True
14136000478,A03,206.0,201,남양주 보훈요양원,경기도,남양주시,경기도 남양주시 덕송2로 71 (별내동),원주소,경기 남양주시 덕송2로 71,1.0,127.117597481721,37.6692885985093,4136057000,True,True,True
14136000480,A03,25.0,19,별가람요양원,경기도,남양주시,경기도 남양주시 별내3로 334 7층 (별내동),원주소,경기 남양주시 별내3로 334,1.0,127.11710253789,37.6670042959715,4136057000,True,True,True
14136000493,A04,9.0,9,성심실버요양원 2호점,경기도,남양주시,경기도 남양주시 와부읍 덕소로97번길 9 508509호 (와부읍 일신프라자),도로명번호,경기 남양주시 와부읍 덕소로97번길 9,1.0,127.213288246706,37.5861492434742,4136025000,True,True,True
14136000498,A03,39.0,18,휴안채요양원,경기도,남양주시,경기도 남양주시 금곡로 52 (금곡동),원주소,경기 남양주시 금곡로 52,1.0,127.208934724031,37.6338808191685,4136053000,True,True,True
14136000502,A03,29.0,29,A+서울실버노인전문요양원,경기도,남양주시,경기도 남양주시 와부읍 석실로율석길 95 (와부읍),원주소,경기 남양주시 와부읍 석실로율석길 95,1.0,127.219574149858,37.6158785527829,4136025000,True,True,True
14136000513,A04,9.0,4,지담요양원,경기도,남양주시,경기도 남양주시 수동면 비룡로 1132-31 1동 (수동면),원주소,경기 남양주시 수동면 비룡로 1132-31,1.0,127.302558418548,37.7292960322952,4136034000,True,True,True
14136000514,A03,99.0,74,엔젤요양원,경기도,남양주시,경기도 남양주시 진접읍 금강로1521번길 22-5 (진접읍),원주소,경기 남양주시 진접읍 금강로1521번길 22-5,1.0,127.190977424146,37.7279144335985,4136025300,True,True,True
14136000517,A03,29.0,20,민들레요양원,경기도,남양주시,경기도 남양주시 진접읍 해밀예당1로 40 601 602호 (진접읍 화성프라자),도로명번호,경기 남양주시 진접읍 해밀예당1로 40,1.0,127.186905679814,37.7122987492447,4136025300,True,True,True
14136000536,A03,18.0,15,성림케어 덕소센터 요양원,경기도,남양주시,경기도 남양주시 와부읍 수레로1번길 8 (와부읍 선플렉스별관 5층),원주소,경기 남양주시 와부읍 수레로1번길 8,1.0,127.212773682307,37.5873491211918,4136025000,True,True,True
14136000540,A04,9.0,5,다사랑 요양원,경기도,남양주시,경기도 남양주시 와부읍 수레로1번길 16 (와부읍),원주소,경기 남양주시 와부읍 수레로1번길 16,1.0,127.213237305269,37.5880569140553,4136025000,True,True,True
14136000553,A04,9.0,7,평강요양원,경기도,남양주시,경기도 남양주시 진건읍 진건오남로 44 4층층 (진건읍 광인빌딩),원주소,경기 남양주시 진건읍 진건오남로 44,1.0,127.179335632643,37.6547760130732,4136025900,True,True,True
14136000560,A03,79.0,78,튼튼노인요양시설,경기도,남양주시,경기도 남양주시 퇴계원읍 경춘북로558번길 12-4 (퇴계원읍 12-4 12-5),원주소,경기 남양주시 퇴계원읍 경춘북로558번길 12-4,1.0,127.146316352162,37.6467456342436,4136026500,True,True,True
14136000572,A03,29.0,27,남양주보은요양원,경기도,남양주시,경기도 남양주시 별내3로 322 (별내동 스카이프라자 503호 601호),원주소,경기 남양주시 별내3로 322,1.0,127.117659346908,37.6661875439465,4136057000,True,True,True
14136000577,A03,14.0,12,뉴비전요양원,경기도,남양주시,경기도 남양주시 오남읍 진건오남로 508 (오남읍 신명프라자207호),원주소,경기 남양주시 오남읍 진건오남로 508,1.0,127.208917323187,37.6787113959258,4136026200,True,True,True
14136000593,A04,9.0,7,해밀실버복지센터,경기도,남양주시,경기도 남양주시 진접읍 해밀예당1로 219 701 702호 (진접읍 삼성프라자),도로명번호,경기 남양주시 진접읍 해밀예당1로 219,1.0,127.20231797925,37.7205719788004,4136025300,True,True,True
14136000601,A03,45.0,35,기쁨노인전문요양원,경기도,남양주시,경기도 남양주시 늘을1로 145 2층1 3 5호 (호평동 미라클센터),원주소,경기 남양주시 늘을1로 145,1.0,127.244670338712,37.6624937861819,4136051000,True,True,True
14136000605,A04,9.0,7,디딤돌실버케어홈,경기도,남양주시,경기도 남양주시 경춘로 1340 3층 (평내동),원주소,경기 남양주시 경춘로 1340,1.0,127.240480351717,37.652030311915,4136052000,True,True,True
14136000610,A03,80.0,38,성심사랑요양원,경기도,남양주시,경기도 남양주시 진접읍 금강로1521번길 24 (진접읍),원주소,경기 남양주시 진접읍 금강로1521번길 24,1.0,127.190706592278,37.7277574725766,4136025300,True,True,True
14136000623,A03,86.0,85,효가원,경기도,남양주시,경기도 남양주시 오남읍 팔현로 82 (오남읍),원주소,경기 남양주시 오남읍 팔현로 82,1.0,127.222510586998,37.6938987905977,4136026200,True,True,True
14136000634,A03,99.0,76,남양주나눔요양원,경기도,남양주시,경기도 남양주시 진접읍 금강로1521번길 22-6 (진접읍),원주소,경기 남양주시 진접읍 금강로1521번길 22-6,1.0,127.19117409423,37.7277717615739,4136025300,True,True,True
14136000635,A03,20.0,20,사랑샘요양원,경기도,남양주시,경기도 남양주시 별내3로 328 7층701~703호 (별내동 광장프라자),원주소,경기 남양주시 별내3로 328,1.0,127.117329411662,37.6666922412984,4136057000,True,True,True
14136000640,A03,29.0,29,남양주해피트리요양원,경기도,남양주시,경기도 남양주시 경춘로 1260 10층 (평내동 하나프라자),원주소,경기 남양주시 경춘로 1260,1.0,127.234794530891,37.6466628168998,4136052000,True,True,True
14136000643,A04,9.0,8,수산나의집 요양원,경기도,남양주시,경기도 남양주시 수동면 비룡로972번길 50-39 (수동면),원주소,경기 남양주시 수동면 비룡로972번길 50-39,1.0,127.317341532652,37.7239806452278,4136034000,True,True,True
14136000651,A03,29.0,27,별내요양원,경기도,남양주시,경기도 남양주시 별내3로 318 5층 (별내동 리츠프라자),원주소,경기 남양주시 별내3로 318,1.0,127.117911354672,37.6658610473561,4136057000,True,True,True
14136000656,A03,29.0,21,남양주효녀심청이요양원,경기도,남양주시,경기도 남양주시 오남읍 양지로281번길 10 (오남읍),원주소,경기 남양주시 오남읍 양지로281번길 10,1.0,127.191992970635,37.6994614355378,4136026200,True,True,True
14136000657,A04,9.0,9,휴먼노인전문요양원,경기도,남양주시,경기도 남양주시 화도읍 창현로 19 3층 (화도읍 보람아트프라자),원주소,경기 남양주시 화도읍 창현로 19,1.0,127.306100868019,37.6491189512774,4136025600,True,True,True
14136000660,A04,9.0,9,웰케어요양센터,경기도,남양주시,경기도 남양주시 화도읍 비룡로 2 304호 (화도읍 테마프라자),원주소,경기 남양주시 화도읍 비룡로 2,1.0,127.301666956709,37.6525058937024,4136025600,True,True,True
14136000661,A04,9.0,9,사랑드림요양원,경기도,남양주시,경기도 남양주시 늘을3로 65-6 703호 (호평동 테마프라자),원주소,경기 남양주시 늘을3로 65-6,1.0,127.247612278831,37.6597238030585,4136051000,True,True,True
14136000664,A03,60.0,52,왕가전문요양원,경기도,남양주시,경기도 남양주시 별내면 청학로92번길 48-47 (별내면),원주소,경기 남양주시 별내면 청학로92번길 48-47,1.0,127.118152681051,37.7128987247389,4136031000,True,True,True
14136000665,A03,26.0,22,한사랑요양원,경기도,남양주시,경기도 남양주시 와부읍 수레로9번길 13 402 403호 (와부읍 아이비타워),도로명번호,경기 남양주시 와부읍 수레로9번길 13,1.0,127.213520849989,37.5879900885411,4136025000,True,True,True
14136000669,A03,70.0,55,온요양원,경기도,남양주시,경기도 남양주시 화도읍 북한강로 1397-6 (화도읍),원주소,경기 남양주시 화도읍 북한강로 1397-6,1.0,127.354269005939,37.6369094732603,4136025600,True,True,True
14136000678,A03,29.0,19,한마음요양원,경기도,남양주시,경기도 남양주시 진접읍 장현천로 120-1 (진접읍),원주소,경기 남양주시 진접읍 장현천로 120-1,1.0,127.177991089822,37.7261866034745,4136025300,True,True,True
14136000683,A04,9.0,9,금빛요양원,경기도,남양주시,경기도 남양주시 화도읍 가곡로112번길 11-1 (화도읍),원주소,경기 남양주시 화도읍 가곡로112번길 11-1,1.0,127.300279718357,37.6895038104283,4136025600,True,True,True
14136000685,A03,46.0,43,필그림요양원,경기도,남양주시,경기도 남양주시 별내면 송산로679번길 29 (별내면 지하1층~지상3층),원주소,경기 남양주시 별내면 송산로679번길 29,1.0,127.12292298066,37.6972126619685,4136031000,True,True,True
14136000699,A04,9.0,9,행복한자연요양원,경기도,남양주시,경기도 남양주시 화도읍 가곡로 97-3 1층 (화도읍),원주소,경기 남양주시 화도읍 가곡로 97-3,1.0,127.299595652524,37.6878809137737,4136025600,True,True,True
14136000706,A03,49.0,46,명성노인요양시설,경기도,남양주시,경기도 남양주시 퇴계원읍 퇴계원로 153 (퇴계원읍),원주소,경기 남양주시 퇴계원읍 퇴계원로 153,1.0,127.146076188392,37.6596752027767,4136026500,True,True,True
14136000734,A03,29.0,16,예가원,경기도,남양주시,경기도 남양주시 수동면 남가로1665번길 92 (수동면),원주소,경기 남양주시 수동면 남가로1665번길 92,1.0,127.343669721321,37.6992770281824,4136034000,True,True,True
14136000740,A03,17.0,13,뉴웰빙요양원,경기도,남양주시,경기도 남양주시 수동면 비룡로1742번길 45 (수동면),원주소,경기 남양주시 수동면 비룡로1742번길 45,1.0,127.286994108692,37.7665040049503,4136034000,True,True,True
14136000741,A03,41.0,27,+행복한요양원,경기도,남양주시,경기도 남양주시 경춘로1256번길 10 502~5호 (평내동 평내프라자),도로명번호,경기 남양주시 경춘로1256번길 10,1.0,127.234719794418,37.6456701737497,4136052000,True,True,True
14136000743,A03,34.0,14,보광요양원,경기도,남양주시,경기도 남양주시 진접읍 장현로107번길 14-34 (진접읍),원주소,경기 남양주시 진접읍 장현로107번길 14-34,1.0,127.182396508675,37.7219011600848,4136025300,True,True,True
14136000744,A03,70.0,48,성모요양원,경기도,남양주시,경기도 남양주시 진접읍 주곡로 154-18 (진접읍),원주소,경기 남양주시 진접읍 주곡로 154-18,1.0,127.20862508396,37.7270618480816,4136025300,True,True,True
14136000749,A03,15.0,14,남양주 수 요양원,경기도,남양주시,경기도 남양주시 경춘로1283번길 8 3층 (평내동),원주소,경기 남양주시 경춘로1283번길 8,1.0,127.235167528439,37.64967414524,4136052000,True,True,True
14136000755,A04,9.0,9,1004노인요양센터,경기도,남양주시,경기도 남양주시 화도읍 먹갓로 45 402호 (화도읍),원주소,경기 남양주시 화도읍 먹갓로 45,1.0,127.274054273855,37.6582189024195,4136025600,True,True,True
14136000756,A04,9.0,8,효사랑요양원,경기도,남양주시,경기도 남양주시 수동면 외방로62번길 26-20 1층 (수동면),원주소,경기 남양주시 수동면 외방로62번길 26-20,1.0,127.315672476082,37.7285354652028,4136034000,True,True,True
14136000759,A03,29.0,13,행복요양원,경기도,남양주시,경기도 남양주시 오남읍 진건오남로숫돌1길 7-4 (오남읍),원주소,경기 남양주시 오남읍 진건오남로숫돌1길 7-4,1.0,127.215553062716,37.6943729225231,4136026200,True,True,True
14136000763,A04,9.0,7,새순요양원,경기도,남양주시,경기도 남양주시 와부읍 수레로9번길 11 3층302-A B호 (와부읍 선플렉스),원주소,경기 남양주시 와부읍 수레로9번길 11,1.0,127.213026583956,37.5876943753377,4136025000,True,True,True
14136000778,A03,27.0,26,D+도담요양원,경기도,남양주시,경기도 남양주시 금곡로 72 6층 (금곡동 센타프라자),원주소,경기 남양주시 금곡로 72,1.0,127.21111058435,37.6344723162941,4136053000,True,True,True
14136000788,A03,49.0,46,온누리요양원,경기도,남양주시,경기도 남양주시 오남읍 진건오남로숫돌2길 18 (오남읍),원주소,경기 남양주시 오남읍 진건오남로숫돌2길 18,1.0,127.215918404122,37.6947702146781,4136026200,True,True,True
14136000792,A04,9.0,7,한사랑너싱홈1,경기도,남양주시,경기도 남양주시 와부읍 수레로9번길 11 301-A호 (와부읍),도로명번호,경기 남양주시 와부읍 수레로9번길 11,1.0,127.213026583956,37.5876943753377,4136025000,True,True,True
14136000793,A04,9.0,7,한사랑너싱홈2,경기도,남양주시,경기도 남양주시 와부읍 수레로9번길 11 301B 301C호 (와부읍 선플렉스),도로명번호,경기 남양주시 와부읍 수레로9번길 11,1.0,127.213026583956,37.5876943753377,4136025000,True,True,True
14136000796,A03,17.0,17,한아름요양원,경기도,남양주시,경기도 남양주시 화도읍 가곡로89번길 41 (화도읍),원주소,경기 남양주시 화도읍 가곡로89번길 41,1.0,127.299383141242,37.6844560385221,4136025600,True,True,True
14136000798,A04,9.0,7,비전요양원,경기도,남양주시,경기도 남양주시 오남읍 진건오남로 508 208호 (오남읍),원주소,경기 남양주시 오남읍 진건오남로 508,1.0,127.208917323187,37.6787113959258,4136026200,True,True,True
14136000810,A03,49.0,41,예송실버케어센터,경기도,남양주시,경기도 남양주시 늘을2로14번길 5 11층 (호평동),원주소,경기 남양주시 늘을2로14번길 5,1.0,127.244569306565,37.6541177667012,4136051000,True,True,True
14136000819,A03,83.0,75,베스트그린요양원,경기도,남양주시,경기도 남양주시 호평로68번길 121-14 (호평동),원주소,경기 남양주시 호평로68번길 121-14,1.0,127.258787080171,37.6558403800994,4136051000,True,True,True
14136000820,A03,64.0,43,남양주힐링케어,경기도,남양주시,경기도 남양주시 수동면 수산리 434-13 1 2동,원주소,경기 남양주시 수동면 수산리 434-13,1.0,127.289076905819,37.7323077413054,4136034000,True,True,True
14136000828,A04,9.0,6,사랑원요양원,경기도,남양주시,경기도 남양주시 화도읍 가곡로88번길 42-84 (화도읍),원주소,경기 남양주시 화도읍 가곡로88번길 42-84,1.0,127.304399368101,37.6910863504049,4136025600,True,True,True
14136000830,A04,9.0,9,성은노인요양센터,경기도,남양주시,경기도 남양주시 진건읍 고재로 38 3층 (진건읍),원주소,경기 남양주시 진건읍 고재로 38,1.0,127.168020645333,37.6357355319847,4136025900,True,True,True
14136000835,A03,48.0,38,더원요양원,경기도,남양주시,경기도 남양주시 화도읍 마치로 147-78 (화도읍),원주소,경기 남양주시 화도읍 마치로 147-78,1.0,127.270246548691,37.6554391555482,4136025600,True,True,True
14136000840,A03,116.0,96,더캐슬요양원,경기도,남양주시,경기도 남양주시 진접읍 진벌로 127 (진접읍),원주소,경기 남양주시 진접읍 진벌로 127,1.0,127.21937272529,37.7431005695891,4136025300,True,True,True
14136000847,A04,9.0,0,참행복요양원,경기도,남양주시,경기도 남양주시 수동면 비룡로 1750 1층 (수동면),원주소,경기 남양주시 수동면 비룡로 1750,1.0,127.283528504001,37.7660398389664,4136034000,True,True,True
14136000867,A04,9.0,9,사릉요양원,경기도,남양주시,경기도 남양주시 진건읍 진건오남로 44 5층 (진건읍 광인빌딩),원주소,경기 남양주시 진건읍 진건오남로 44,1.0,127.179335632643,37.6547760130732,4136025900,True,True,True
14136000894,A03,29.0,24,한소망요양원,경기도,남양주시,경기도 남양주시 수동면 비룡로850번길 44 (수동면),원주소,경기 남양주시 수동면 비룡로850번길 44,1.0,127.326401039708,37.7144809617014,4136034000,True,True,True
14136000897,A03,20.0,17,헤아림요양원,경기도,남양주시,경기도 남양주시 다산중앙로146번길 12-1 6층 (다산동 거성프라자),원주소,경기 남양주시 다산중앙로146번길 12-1,1.0,127.154028975107,37.6258118946005,4136054500,True,True,True
14136000902,A04,9.0,9,광릉내요양원,경기도,남양주시,경기도 남양주시 진접읍 광릉내로30번길 6-8 1층 (진접읍),원주소,경기 남양주시 진접읍 광릉내로30번길 6-8,1.0,127.199745239974,37.7426371392753,4136025300,True,True,True
14136000904,A03,48.0,46,뉴캐슬요양원,경기도,남양주시,경기도 남양주시 진접읍 진벌로 133-3 (진접읍),원주소,경기 남양주시 진접읍 진벌로 133-3,1.0,127.219692503855,37.7428882467068,4136025300,True,True,True
14136000905,A03,57.0,49,마석요양원,경기도,남양주시,경기도 남양주시 화도읍 묵현리 124번지 3호 외 1필지,지번정규화,경기 남양주시 화도읍 묵현리 124-3,1.0,127.297951753947,37.6636782830658,4136025600,True,True,True
14136000908,A03,41.0,37,누리요양원,경기도,남양주시,경기도 남양주시 화도읍 경춘로 1929 (화도읍 지하1층 2층 3층 4층),원주소,경기 남양주시 화도읍 경춘로 1929,1.0,127.302654123844,37.6519562903572,4136025600,True,True,True
14136000915,A04,9.0,6,삼성홈노인복지센터,경기도,남양주시,경기도 남양주시 덕송1로55번길 10 3층 (별내동 삼성홈타워),원주소,경기 남양주시 덕송1로55번길 10,1.0,127.118083334183,37.6666027424087,4136057000,True,True,True
14136000918,A04,9.0,6,A+해밀노인공동생활가정,경기도,남양주시,경기도 남양주시 오남읍 진건오남로884번길 23 (오남읍),원주소,경기 남양주시 오남읍 진건오남로884번길 23,1.0,127.198086904707,37.7054399484346,4136026200,True,True,True
14136000920,A03,75.0,57,광릉사랑요양원,경기도,남양주시,경기도 남양주시 진접읍 광릉내로30번길 12-6 (진접읍),원주소,경기 남양주시 진접읍 광릉내로30번길 12-6,1.0,127.200132866697,37.7428684809197,4136025300,True,True,True
14136000924,A03,22.0,17,새맘요양원,경기도,남양주시,경기도 남양주시 오남읍 진건오남로884번길 22-10 (오남읍),원주소,경기 남양주시 오남읍 진건오남로884번길 22-10,1.0,127.198973547763,37.7055528791824,4136026200,True,True,True
14136000927,A03,68.0,62,로하스요양원,경기도,남양주시,경기도 남양주시 화도읍 비룡로440번길 19-16 (화도읍),원주소,경기 남양주시 화도읍 비룡로440번길 19-16,1.0,127.312632536588,37.6848879138349,4136025600,True,True,True
14136000929,A03,13.0,12,늘푸른요양원,경기도,남양주시,경기도 남양주시 경춘로1256번길 10 406호 (평내동 평내프라자),원주소,경기 남양주시 경춘로1256번길 10,1.0,127.234719794418,37.6456701737497,4136052000,True,True,True
14136000934,A03,13.0,13,로뎀나무요양원,경기도,남양주시,경기도 남양주시 경춘로1256번길 10 5층506호 (평내동),원주소,경기 남양주시 경춘로1256번길 10,1.0,127.234719794418,37.6456701737497,4136052000,True,True,True
14136000936,A03,84.0,59,길요양원,경기도,남양주시,경기도 남양주시 화도읍 경춘로2247번길 29 (화도읍),원주소,경기 남양주시 화도읍 경춘로2247번길 29,1.0,127.336959518834,37.6590881446727,4136025600,True,True,True
14136000941,A03,45.0,42,한강요양원,경기도,남양주시,경기도 남양주시 와부읍 팔당로139번길 11-16 (와부읍),원주소,경기 남양주시 와부읍 팔당로139번길 11-16,1.0,127.247681946882,37.5462443733806,4136025000,True,True,True
14136000948,A03,99.0,87,매그너스 레지덴샬 케어홈,경기도,남양주시,경기도 남양주시 수동면 지둔로445번길 33-46 (수동면),원주소,경기 남양주시 수동면 지둔로445번길 33-46,1.0,127.298118603748,37.7225599909485,4136034000,True,True,True
14136000949,A03,21.0,20,나린요양원,경기도,남양주시,경기도 남양주시 오남읍 진건오남로 508 201호 (오남읍 신명프라자 201 201-1 202 211호),원주소,경기 남양주시 오남읍 진건오남로 508,1.0,127.208917323187,37.6787113959258,4136026200,True,True,True
14136000950,A03,29.0,28,행복요양센터,경기도,남양주시,경기도 남양주시 경춘로 1260 601~603호 (평내동 하나프라자),도로명번호,경기 남양주시 경춘로 1260,1.0,127.234794530891,37.6466628168998,4136052000,True,True,True
14136000951,A04,9.0,9,실버자연요양원,경기도,남양주시,경기도 남양주시 화도읍 북한강로 1679-40 (화도읍),원주소,경기 남양주시 화도읍 북한강로 1679-40,1.0,127.370635603089,37.6581262561976,4136025600,True,True,True
14136000953,A03,49.0,21,남양주하늘빛요양원,경기도,남양주시,경기도 남양주시 오남읍 진건오남로 508 101호 (오남읍 신명프라자),원주소,경기 남양주시 오남읍 진건오남로 508,1.0,127.208917323187,37.6787113959258,4136026200,True,True,True
14136000954,A04,9.0,9,마루요양원,경기도,남양주시,경기도 남양주시 화도읍 가곡로89번길 45 나동 (화도읍),원주소,경기 남양주시 화도읍 가곡로89번길 45,1.0,127.299328863155,37.6842366988437,4136025600,True,True,True
14136000957,A04,9.0,7,평화의집,경기도,남양주시,경기도 남양주시 화도읍 비룡로440번길 17-11 (화도읍),원주소,경기 남양주시 화도읍 비룡로440번길 17-11,1.0,127.313683817118,37.6852933537451,4136025600,True,True,True
14136000970,A03,29.0,28,실버만세요양원,경기도,남양주시,경기도 남양주시 화도읍 경춘로2247번길 37-63 (화도읍),원주소,경기 남양주시 화도읍 경춘로2247번길 37-63,1.0,127.336607450738,37.6606048646102,4136025600,True,True,True
14136000971,A04,9.0,8,정다운요양원,경기도,남양주시,경기도 남양주시 화도읍 가곡로 136 1층 (화도읍),원주소,경기 남양주시 화도읍 가곡로 136,1.0,127.297097128144,37.6902990522763,4136025600,True,True,True
14136000977,A03,72.0,66,우리들요양원,경기도,남양주시,경기도 남양주시 화도읍 수레로1092번길 5-28 (화도읍),원주소,경기 남양주시 화도읍 수레로1092번길 5-28,1.0,127.305456922668,37.6353441692214,4136025600,True,True,True
14136000980,A04,9.0,8,실버피아요양원,경기도,남양주시,경기도 남양주시 수동면 비룡로 605-39 (수동면),원주소,경기 남양주시 수동면 비룡로 605-39,1.0,127.322679779688,37.6934711849277,4136034000,True,True,True
14136000983,A03,49.0,43,사랑재활요양원,경기도,남양주시,경기도 남양주시 호평로 184 (호평동),원주소,경기 남양주시 호평로 184,1.0,127.2605599191,37.6558666603812,4136051000,True,True,True
14136000985,A03,25.0,25,덕노인요양원,경기도,남양주시,경기도 남양주시 진접읍 해밀예당1로 36 802-805호 (진접읍),도로명번호,경기 남양주시 진접읍 해밀예당1로 36,1.0,127.186674727016,37.7120086416181,4136025300,True,True,True
14136000986,A03,21.0,21,진접요양원,경기도,남양주시,경기도 남양주시 진접읍 경복대로 253 801호 (진접읍),원주소,경기 남양주시 진접읍 경복대로 253,1.0,127.202771442371,37.7211940409219,4136025300,True,True,True
14136000987,A03,17.0,15,새생명요양원,경기도,남양주시,경기도 남양주시 진접읍 부마로106번길 60 (진접읍),원주소,경기 남양주시 진접읍 부마로106번길 60,1.0,127.201577736788,37.7578789118513,4136025300,True,True,True
14136000992,A03,29.0,27,더청춘요양원,경기도,남양주시,경기도 남양주시 진접읍 부평로 33-31 (진접읍),원주소,경기 남양주시 진접읍 부평로 33-31,1.0,127.199669905835,37.7417508048255,4136025300,True,True,True
14136000993,A03,29.0,18,A+은빛요양원,경기도,남양주시,경기도 남양주시 경춘로1350번길 35 306호 (평내동),원주소,경기 남양주시 경춘로1350번길 35,1.0,127.243298419924,37.6503401497521,4136052000,True,True,True
14136000994,A03,12.0,11,참조은요양원,경기도,남양주시,경기도 남양주시 화도읍 가곡로88번길 42-51 (화도읍),원주소,경기 남양주시 화도읍 가곡로88번길 42-51,1.0,127.304371976899,37.6907093636256,4136025600,True,True,True
14136000997,A03,79.0,69,평안요양원,경기도,남양주시,경기도 남양주시 경춘로 1260 901호 (평내동 하나프라자),원주소,경기 남양주시 경춘로 1260,1.0,127.234794530891,37.6466628168998,4136052000,True,True,True
14136000999,A04,9.0,9,연재요양원,경기도,남양주시,경기도 남양주시 진접읍 해밀예당3로 116 701호 (진접읍),원주소,경기 남양주시 진접읍 해밀예당3로 116,1.0,127.197028030207,37.720026390405,4136025300,True,True,True
14136001002,A03,85.0,80,남양주노블스테이요양원,경기도,남양주시,경기도 남양주시 오남읍 진건오남로555번길 17-5 (오남읍),원주소,경기 남양주시 오남읍 진건오남로555번길 17-5,1.0,127.20802351725,37.6822978731457,4136026200,True,True,True
14136001005,A03,29.0,21,벧엘요양원,경기도,남양주시,경기도 남양주시 진접읍 장현천로 28 2층201 202호 (진접읍),원주소,경기 남양주시 진접읍 장현천로 28,1.0,127.183879352572,37.7192044121841,4136025300,True,True,True
14136001011,A03,49.0,40,참좋은요양원,경기도,남양주시,경기도 남양주시 화도읍 마치로 147-77 (화도읍),원주소,경기 남양주시 화도읍 마치로 147-77,1.0,127.269899118502,37.6556333913267,4136025600,True,True,True
14136001017,A04,9.0,7,"""A+""우리사랑요양센터",경기도,남양주시,경기도 남양주시 오남읍 진건오남로797번길 11 501호 (오남읍),원주소,경기 남양주시 오남읍 진건오남로797번길 11,1.0,127.201192274598,37.6982658221621,4136026200,True,True,True
14136001019,A03,48.0,46,해나요양원,경기도,남양주시,경기도 남양주시 화도읍 마치로 147-73 (화도읍),원주소,경기 남양주시 화도읍 마치로 147-73,1.0,127.270038693746,37.6552465515747,4136025600,True,True,True
14136001023,A03,22.0,17,아름다운복지 행복요양원,경기도,남양주시,경기도 남양주시 늘을1로16번길 25 703 704호 (호평동),도로명번호,경기 남양주시 늘을1로16번길 25,1.0,127.242900261479,37.6540741840143,4136051000,True,True,True
14136001026,A04,9.0,8,남양주천사요양원,경기도,남양주시,경기도 남양주시 화도읍 먹갓로 45 201호 (화도읍),원주소,경기 남양주시 화도읍 먹갓로 45,1.0,127.274054273855,37.6582189024195,4136025600,True,True,True
14136001027,A04,9.0,8,남양주우리복지센터,경기도,남양주시,경기도 남양주시 오남읍 진건오남로797번길 11 4층01호 (오남읍),원주소,경기 남양주시 오남읍 진건오남로797번길 11,1.0,127.201192274598,37.6982658221621,4136026200,True,True,True
14136001030,A03,29.0,22,다올건강실버케어,경기도,남양주시,경기도 남양주시 진접읍 금강로1521번길 13 (진접읍),원주소,경기 남양주시 진접읍 금강로1521번길 13,1.0,127.190853653254,37.7267600409103,4136025300,True,True,True
14136001040,A03,48.0,36,더바른실버케어요양원,경기도,남양주시,경기도 남양주시 화도읍 마치로 147-75 (화도읍),원주소,경기 남양주시 화도읍 마치로 147-75,1.0,127.269977319659,37.6554475204492,4136025600,True,True,True
14136001042,A03,49.0,46,효마을실버빌,경기도,남양주시,경기도 남양주시 화도읍 마치로 147-49 (화도읍),원주소,경기 남양주시 화도읍 마치로 147-49,1.0,127.270155712679,37.6556719965845,4136025600,True,True,True
14136001043,A03,86.0,81,도담요양원,경기도,남양주시,경기도 남양주시 진접읍 부마로106번길 49-1 (진접읍),원주소,경기 남양주시 진접읍 부마로106번길 49-1,1.0,127.200374487352,37.7585056028877,4136025300,True,True,True
14136001044,A03,49.0,41,별사랑요양원,경기도,남양주시,경기도 남양주시 별내3로 336 6 7층 (별내동 별내프라자),도로명번호,경기 남양주시 별내3로 336,1.0,127.116959699169,37.6672036443888,4136057000,True,True,True
14136001045,A03,29.0,28,무지개요양원,경기도,남양주시,경기도 남양주시 화도읍 경춘로지현1길 31-42 (화도읍),원주소,경기 남양주시 화도읍 경춘로지현1길 31-42,1.0,127.325593978102,37.6544656090342,4136025600,True,True,True
14136001047,A03,91.0,76,왕숙재활실버케어,경기도,남양주시,경기도 남양주시 진접읍 금강로1521번길 22-4 (진접읍),원주소,경기 남양주시 진접읍 금강로1521번길 22-4,1.0,127.190995566448,37.7276023982981,4136025300,True,True,True
14136001051,A03,14.0,14,참사랑요양원,경기도,남양주시,경기도 남양주시 오남읍 진건오남로 508 2층06호 (오남읍 신명프라자),원주소,경기 남양주시 오남읍 진건오남로 508,1.0,127.208917323187,37.6787113959258,4136026200,True,True,True
14136001053,A04,9.0,8,시온요양원,경기도,남양주시,경기도 남양주시 진접읍 해밀예당1로 220 6층06~07호 (진접읍 엠타워),원주소,경기 남양주시 진접읍 해밀예당1로 220,1.0,127.202615761402,37.7200885469666,4136025300,True,True,True
14136001055,A03,87.0,52,운수사랑요양원,경기도,남양주시,경기도 남양주시 수동면 지둔로 15 (수동면),원주소,경기 남양주시 수동면 지둔로 15,1.0,127.324104421929,37.7039400869281,4136034000,True,True,True
14136001058,A03,23.0,22,덕소효드림요양원,경기도,남양주시,경기도 남양주시 와부읍 덕소로 278 401~404호 (와부읍 강변스포렉스),도로명번호,경기 남양주시 와부읍 덕소로 278,1.0,127.225817510402,37.5770173619861,4136025000,True,True,True
14136001068,A03,29.0,21,더푸른요양원,경기도,남양주시,경기도 남양주시 진접읍 봉현로59번길 29-2 (진접읍),원주소,경기 남양주시 진접읍 봉현로59번길 29-2,1.0,127.174375178905,37.7177580169878,4136025300,True,True,True
14136001074,A03,20.0,15,가나안요양원,경기도,남양주시,경기도 남양주시 오남읍 진건오남로 508 102호 (오남읍),원주소,경기 남양주시 오남읍 진건오남로 508,1.0,127.208917323187,37.6787113959258,4136026200,True,True,True
14136001075,A03,78.0,73,봄꽃요양원,경기도,남양주시,경기도 남양주시 오남읍 진건오남로550번길 30-10 (오남읍),원주소,경기 남양주시 오남읍 진건오남로550번길 30-10,1.0,127.213193039204,37.6815232617919,4136026200,True,True,True
14136001076,A03,85.0,80,햇빛스마트요양원,경기도,남양주시,경기도 남양주시 진접읍 봉현로59번길 19 (진접읍),원주소,경기 남양주시 진접읍 봉현로59번길 19,1.0,127.175583848155,37.7178834403442,4136025300,True,True,True
14136001077,A03,87.0,84,파라다이스실버케어,경기도,남양주시,경기도 남양주시 진접읍 봉현로59번길 23-1 (진접읍),원주소,경기 남양주시 진접읍 봉현로59번길 23-1,1.0,127.175413919256,37.717920543036,4136025300,True,True,True
14136001078,A03,28.0,23,늘함께요양원,경기도,남양주시,경기도 남양주시 사릉로 14 5층504호 (금곡동 금곡프라자),원주소,경기 남양주시 사릉로 14,1.0,127.207668072057,37.6342709290322,4136053000,True,True,True
14136001084,A03,49.0,38,미소나이팅게일요양원,경기도,남양주시,경기도 남양주시 화도읍 마치로 147-79 (화도읍),원주소,경기 남양주시 화도읍 마치로 147-79,1.0,127.26982750835,37.6558243826557,4136025600,True,True,True
14136001085,A04,9.0,6,뉴현대요양원,경기도,남양주시,경기도 남양주시 진접읍 장현로 44-1 501호 (진접읍),원주소,경기 남양주시 진접읍 장현로 44-1,1.0,127.179255757671,37.7153642032038,4136025300,True,True,True
14136001094,A03,16.0,10,은혜실버홈요양원,경기도,남양주시,경기도 남양주시 오남읍 진건오남로 508 (오남읍 신명프라자 209호 210호),원주소,경기 남양주시 오남읍 진건오남로 508,1.0,127.208917323187,37.6787113959258,4136026200,True,True,True
14136001095,A03,49.0,46,마더링요양원,경기도,남양주시,경기도 남양주시 진접읍 진벌로 121 (진접읍),원주소,경기 남양주시 진접읍 진벌로 121,1.0,127.21884652963,37.7434554476492,4136025300,True,True,True
14136001097,A03,29.0,23,별내그린요양원,경기도,남양주시,경기도 남양주시 불암산로97번길 22-20 407동604호 (별내동 창동4단지주공아파트),원주소,경기 남양주시 불암산로97번길 22-20,1.0,127.101521741393,37.652063436071,4136057000,True,True,True
14136001098,A03,29.0,29,광명노인요양원,경기도,남양주시,경기도 남양주시 진접읍 팔야산단로57번길 37 (진접읍),원주소,경기 남양주시 진접읍 팔야산단로57번길 37,1.0,127.238481109323,37.7501289264596,4136025300,True,True,True
14136001100,A03,26.0,18,파랑새요양원,경기도,남양주시,경기도 남양주시 화도읍 경춘로지현3길 7 지하1~3층 (화도읍),원주소,경기 남양주시 화도읍 경춘로지현3길 7,1.0,127.332353700141,37.6602633828315,4136025600,True,True,True
14136001102,A03,77.0,49,플러스원요양원,경기도,남양주시,경기도 남양주시 경춘로 1511-1 (호평동),원주소,경기 남양주시 경춘로 1511-1,1.0,127.258308071283,37.6559107153246,4136051000,True,True,True
14136001104,A03,43.0,40,마음다해요양원,경기도,남양주시,경기도 남양주시 수동면 비룡로972번길 50-35 (수동면),원주소,경기 남양주시 수동면 비룡로972번길 50-35,1.0,127.317625908884,37.7237970729196,4136034000,True,True,True
14136001110,A03,88.0,87,성심실버케어,경기도,남양주시,경기도 남양주시 진접읍 봉현로 51-39 (진접읍),원주소,경기 남양주시 진접읍 봉현로 51-39,1.0,127.175288934915,37.7176335892387,4136025300,True,True,True
14136001112,A04,9.0,9,생명샘노인복지요양원,경기도,남양주시,경기도 남양주시 별내면 청학로48번길 47-13 (별내면),원주소,경기 남양주시 별내면 청학로48번길 47-13,1.0,127.126289143101,37.7066369939449,4136031000,True,True,True
14136001113,A03,81.0,66,다산요양원,경기도,남양주시,경기도 남양주시 화도읍 마치로 147-76 (화도읍),원주소,경기 남양주시 화도읍 마치로 147-76,1.0,127.2704229358,37.6552353100921,4136025600,True,True,True
14136001114,A03,49.0,33,보노요양원,경기도,남양주시,경기도 남양주시 와부읍 양정로219번길 197 (와부읍),원주소,경기 남양주시 와부읍 양정로219번길 197,1.0,127.211246996525,37.6113774649756,4136025000,True,True,True
14136001128,A03,49.0,45,삼성스위트너싱홈,경기도,남양주시,경기도 남양주시 와부읍 팔당로139번길 11-45 (와부읍),원주소,경기 남양주시 와부읍 팔당로139번길 11-45,1.0,127.24762401725,37.5468967264716,4136025000,True,True,True
14136001130,A03,29.0,28,참행복한요양원,경기도,남양주시,경기도 남양주시 금곡로 29-1 2 4 5층 (금곡동 서래빌딩),도로명번호,경기 남양주시 금곡로 29-1,1.0,127.20644319885,37.634246769826,4136053000,True,True,True
14136001131,A03,27.0,25,소나무요양원,경기도,남양주시,경기도 남양주시 경춘로 1260 203~206호 (평내동 하나프라자),도로명번호,경기 남양주시 경춘로 1260,1.0,127.234794530891,37.6466628168998,4136052000,True,True,True
14136001133,A03,21.0,21,늘봄요양원,경기도,남양주시,경기도 남양주시 진접읍 경복대로 253 501호 (진접읍 진접메디컬센터),원주소,경기 남양주시 진접읍 경복대로 253,1.0,127.202771442371,37.7211940409219,4136025300,True,True,True
14136001135,A03,29.0,26,팔당한강요양원,경기도,남양주시,경기도 남양주시 와부읍 팔당로139번길 15 (와부읍),원주소,경기 남양주시 와부읍 팔당로139번길 15,1.0,127.24766703821,37.5460477170321,4136025000,True,True,True
14136001137,A03,45.0,21,푸른숲요양원,경기도,남양주시,경기도 남양주시 진접읍 경복대로 303-16 (진접읍),원주소,경기 남양주시 진접읍 경복대로 303-16,1.0,127.20218436,37.7256607995962,4136025300,True,True,True
14136001139,A03,28.0,22,두레간호전문요양원,경기도,남양주시,경기도 남양주시 사릉로 14 4층401호 (금곡동 금곡프라자),원주소,경기 남양주시 사릉로 14,1.0,127.207668072057,37.6342709290322,4136053000,True,True,True
14136001140,A03,21.0,17,플러스이레실버요양원,경기도,남양주시,경기도 남양주시 늘을1로16번길 25 701~702호 (호평동),도로명번호,경기 남양주시 늘을1로16번길 25,1.0,127.242900261479,37.6540741840143,4136051000,True,True,True
14136001148,A03,24.0,21,우리실버요양원,경기도,남양주시,경기도 남양주시 오남읍 진건오남로797번길 11 601호 (오남읍),원주소,경기 남양주시 오남읍 진건오남로797번길 11,1.0,127.201192274598,37.6982658221621,4136026200,True,True,True
14136001149,A03,17.0,9,바른요양원,경기도,남양주시,경기도 남양주시 늘을1로 145 401호 (호평동 미라클센터),원주소,경기 남양주시 늘을1로 145,1.0,127.244670338712,37.6624937861819,4136051000,True,True,True
14136001153,A03,29.0,7,진성요양원,경기도,남양주시,경기도 남양주시 화도읍 가곡로112번길 13 (화도읍),원주소,경기 남양주시 화도읍 가곡로112번길 13,1.0,127.300628317588,37.6892709214749,4136025600,True,True,True
14136001154,A03,21.0,21,평내섬김요양원,경기도,남양주시,경기도 남양주시 경춘로 1260 406~408호 (평내동 하나프라자),도로명번호,경기 남양주시 경춘로 1260,1.0,127.234794530891,37.6466628168998,4136052000,True,True,True
14136001155,A03,29.0,27,A+가람요양원,경기도,남양주시,경기도 남양주시 평내로29번길 41 1002호 (평내동 메인프라자),원주소,경기 남양주시 평내로29번길 41,1.0,127.234988219379,37.6454164634755,4136052000,True,True,True
14136001159,A04,9.0,9,덕소행복한요양원,경기도,남양주시,경기도 남양주시 와부읍 덕소로 73 3층301호 (와부읍 세양아르비채리버),원주소,경기 남양주시 와부읍 덕소로 73,1.0,127.211520374513,37.5873280380708,4136025000,True,True,True
14136001163,A04,9.0,9,장현요양원,경기도,남양주시,경기도 남양주시 진접읍 장현로 44-1 4층 (진접읍),원주소,경기 남양주시 진접읍 장현로 44-1,1.0,127.179255757671,37.7153642032038,4136025300,True,True,True
14136001164,A03,79.0,77,남양주삼성요양원,경기도,남양주시,경기도 남양주시 진건읍 진건오남로374번길 29-8 (진건읍),원주소,경기 남양주시 진건읍 진건오남로374번길 29-8,1.0,127.200794414415,37.6709814193215,4136025900,True,True,True
14136001165,A04,9.0,9,간호전문우리요양원,경기도,남양주시,경기도 남양주시 오남읍 진건오남로797번길 11 205호 (오남읍),원주소,경기 남양주시 오남읍 진건오남로797번길 11,1.0,127.201192274598,37.6982658221621,4136026200,True,True,True
14136001171,A04,9.0,9,사랑이넘치는요양원,경기도,남양주시,경기도 남양주시 화도읍 수레로961번길 33 (화도읍),원주소,경기 남양주시 화도읍 수레로961번길 33,1.0,127.292613474708,37.6345105165135,4136025600,True,True,True
14136001175,A03,24.0,19,가온요양원,경기도,남양주시,경기도 남양주시 오남읍 진건오남로 508 203호 (오남읍),원주소,경기 남양주시 오남읍 진건오남로 508,1.0,127.208917323187,37.6787113959258,4136026200,True,True,True
14136001176,A04,9.0,9,효누리요양원,경기도,남양주시,경기도 남양주시 오남읍 진건오남로797번길 11 301 302호 (오남읍),도로명번호,경기 남양주시 오남읍 진건오남로797번길 11,1.0,127.201192274598,37.6982658221621,4136026200,True,True,True
14136001179,A03,99.0,25,백세만세실버케어,경기도,남양주시,경기도 남양주시 진접읍 봉현로 67-5 1동 및 2동 (진접읍),원주소,경기 남양주시 진접읍 봉현로 67-5,1.0,127.176568122412,37.7185595010473,4136025300,True,True,True
14136001180,A04,9.0,8,오남요양원,경기도,남양주시,경기도 남양주시 오남읍 진건오남로797번길 11 505호 (오남읍),원주소,경기 남양주시 오남읍 진건오남로797번길 11,1.0,127.201192274598,37.6982658221621,4136026200,True,True,True
14137000002,A03,75.0,72,노틀담 사랑터,경기도,오산시,경기도 오산시 가장로 709 (청학동),원주소,경기 오산시 가장로 709,1.0,127.055936034486,37.1535547881797,4137053000,True,True,True
14137000060,A03,48.0,47,참소망요양원,경기도,오산시,경기도 오산시 지곶43번길 15-7 (지곶동),원주소,경기 오산시 지곶43번길 15-7,1.0,127.023224254549,37.1798743236732,4137055000,True,True,True
14137000065,A03,68.0,58,큰나무실버하우스,경기도,오산시,경기도 오산시 외삼미로 27-23 (외삼미동),원주소,경기 오산시 외삼미로 27-23,1.0,127.052914318103,37.1920468541636,4137055000,True,True,True
14137000067,A03,49.0,24,노블효타운,경기도,오산시,경기도 오산시 오산로 265-10 (오산동 노블효타운),원주소,경기 오산시 오산로 265-10,1.0,127.067945943772,37.1507708168563,4137051000,True,True,True
14137000082,A03,111.0,106,세원노인전문요양원,경기도,오산시,경기도 오산시 오산로 123-13 (오산동),원주소,경기 오산시 오산로 123-13,1.0,127.067192132947,37.1374701551412,4137052300,True,True,True
14137000085,A03,85.0,65,더사랑요양원,경기도,오산시,경기도 오산시 양산로398번길 10-13 (양산동),원주소,경기 오산시 양산로398번길 10-13,1.0,127.029798596237,37.1936848378734,4137055000,True,True,True
14137000090,A03,77.0,77,세교샘너싱홈,경기도,오산시,경기도 오산시 세남로14번길 31-11 (세교동),원주소,경기 오산시 세남로14번길 31-11,1.0,127.038987374028,37.1914779244195,4137055000,True,True,True
14137000103,A04,9.0,9,오산요양원,경기도,오산시,경기도 오산시 운천로 76 701호 (오산동 한마음빌딩),원주소,경기 오산시 운천로 76,1.0,127.074787340547,37.1495112515031,4137051000,True,True,True
14137000121,A03,41.0,41,오산참사랑요양원,경기도,오산시,경기도 오산시 수청로 65-5 (내삼미동),원주소,경기 오산시 수청로 65-5,1.0,127.05675896485,37.1745266856827,4137054300,True,True,True
14137000123,A03,98.0,95,골든힐요양원,경기도,오산시,경기도 오산시 지곶43번길 41 (지곶동),원주소,경기 오산시 지곶43번길 41,1.0,127.026648589246,37.1791133828888,4137055000,True,True,True
14137000124,A03,29.0,26,한솔너싱홈물향기점,경기도,오산시,경기도 오산시 문헌공로 3 7층 (금암동 인피니트타워),원주소,경기 오산시 문헌공로 3,1.0,127.05074011902,37.1745161702814,4137054300,True,True,True
14137000125,A03,95.0,76,오산효요양원,경기도,오산시,경기도 오산시 성호대로 89 4 5층401 501호 (오산동 세명프라자),도로명번호,경기 오산시 성호대로 89,1.0,127.071409913888,37.1491423682932,4137051000,True,True,True
14137000126,A03,29.0,28,온유한요양원,경기도,오산시,경기도 오산시 경기대로 154 6층602~4호 (원동 패션폴라리스),원주소,경기 오산시 경기대로 154,1.0,127.073862014084,37.138475825833,4137052300,True,True,True
14137000127,A03,90.0,87,나누미요양복지타운 나누미요양원,경기도,오산시,경기도 오산시 오산로 49-19 (갈곶동),원주소,경기 오산시 오산로 49-19,1.0,127.068090009748,37.1329163080217,4137052300,True,True,True
14137000130,A03,36.0,28,오산참요양원,경기도,오산시,경기도 오산시 오산로 164 5층 (원동 양우프라자),원주소,경기 오산시 오산로 164,1.0,127.069063360416,37.14144185757,4137052300,True,True,True
14137000132,A03,61.0,42,행복한요양원,경기도,오산시,경기도 오산시 수목원로 606 401호 (세교동 CL타워),원주소,경기 오산시 수목원로 606,1.0,127.042207907957,37.1859069580944,4137055000,True,True,True
14137000138,A03,96.0,93,라온요양원,경기도,오산시,경기도 오산시 세남로14번길 50 (세교동),원주소,경기 오산시 세남로14번길 50,1.0,127.040377581963,37.1894420694269,4137055000,True,True,True
14137000139,A03,21.0,14,정드림요양원,경기도,오산시,경기도 오산시 대호로 141 2층1호 (궐동 SS프라자),원주소,경기 오산시 대호로 141,1.0,127.053858632028,37.1629087344368,4137053000,True,True,True
14137000141,A03,49.0,41,사랑재활요양센터,경기도,오산시,경기도 오산시 수월암1길 88-10 (두곡동),원주소,경기 오산시 수월암1길 88-10,1.0,127.044202606663,37.1268949179883,4122032000,True,False,True
14137000142,A03,44.0,34,크리스마스요양원,경기도,오산시,경기도 오산시 경기대로416번길 50 (은계동),원주소,경기 오산시 경기대로416번길 50,1.0,127.070577368841,37.1612384970942,4137054600,True,True,True
14137000143,A03,29.0,20,더좋은요양원,경기도,오산시,경기도 오산시 대호로 141 5 6층501 601~2호 (궐동 501 601 602호),도로명번호,경기 오산시 대호로 141,1.0,127.053858632028,37.1629087344368,4137053000,True,True,True
14137000145,A03,29.0,28,보듬너싱홈,경기도,오산시,경기도 오산시 지곶길 13-9 (지곶동),원주소,경기 오산시 지곶길 13-9,1.0,127.0216144054,37.1791978458314,4137055000,True,True,True
14137000147,A03,68.0,55,필봉요양원,경기도,오산시,경기도 오산시 삼미로47번길 61-13 (내삼미동),원주소,경기 오산시 삼미로47번길 61-13,1.0,127.070094684575,37.1774076103919,4137054600,True,True,True
14137000150,A03,39.0,34,오산힘찬요양원,경기도,오산시,경기도 오산시 경기대로 153 2 3층 (원동),도로명번호,경기 오산시 경기대로 153,1.0,127.073109469251,37.1383165342238,4137052300,True,True,True
14137000153,A03,99.0,87,실버캐슬요양원,경기도,오산시,경기도 오산시 지곶43번길 39 (지곶동),원주소,경기 오산시 지곶43번길 39,1.0,127.02630135598,37.1792704242669,4137055000,True,True,True
14137000154,A03,49.0,34,부모사랑요양원,경기도,오산시,경기도 오산시 지곶43번길 36 (지곶동),원주소,경기 오산시 지곶43번길 36,1.0,127.02573741281,37.1789573413523,4137055000,True,True,True
14137000155,A03,99.0,92,아가페요양원,경기도,오산시,경기도 오산시 북삼미로 192-24 (외삼미동),원주소,경기 오산시 북삼미로 192-24,1.0,127.063089707746,37.1944235354584,4137055000,True,True,True
14139000003,A03,58.0,36,이화실버케어요양원,경기도,시흥시,경기도 시흥시 비둘기공원로 8 (대야동 4층 5층 10층),원주소,경기 시흥시 비둘기공원로 8,1.0,126.790462966183,37.4440583578658,4139051000,True,True,True
14139000013,A03,29.0,10,부활사랑요양원,경기도,시흥시,경기도 시흥시 두문로 6 (신천동 2~4층),원주소,경기 시흥시 두문로 6,1.0,126.79165184272,37.4296474758831,4139052000,True,True,True
14139000014,A03,57.0,50,글라라의 집,경기도,시흥시,경기도 시흥시 동서로1051번안길 14 1-3층 (조남동),도로명번호,경기 시흥시 동서로1051번안길 14,1.0,126.856965672093,37.3832695947184,4139057000,True,True,True
14139000150,A03,29.0,24,예사랑노인요양원,경기도,시흥시,경기도 시흥시 장곡로 74 (장곡동 금강프라자5층),원주소,경기 시흥시 장곡로 74,1.0,126.780655231343,37.3797569948238,4139063100,True,True,True
14139000170,A04,9.0,8,은혜노인공동생활센터,경기도,시흥시,경기도 시흥시 대야로 42 (대야동 1층),원주소,경기 시흥시 대야로 42,1.0,126.790718478165,37.446976830855,4139051000,True,True,True
14139000185,A03,47.0,45,시화실버타운요양원,경기도,시흥시,경기도 시흥시 서촌상가4길 20 지하1-3층 (정왕동),원주소,경기 시흥시 서촌상가4길 20,1.0,126.731629503172,37.3458851480267,4139059200,True,True,True
14139000235,A03,26.0,26,희망노인전문요양원,경기도,시흥시,경기도 시흥시 은행로173번길 17 2층 (대야동 문국프라자),원주소,경기 시흥시 은행로173번길 17,1.0,126.796791529042,37.4448349086473,4139051000,True,True,True
14139000249,A03,17.0,16,연꽃마을요양원,경기도,시흥시,경기도 시흥시 연성로29번길 19 2층 (하중동),원주소,경기 시흥시 연성로29번길 19,1.0,126.805931984524,37.3922819531458,4139063000,True,True,True
14139000275,A03,24.0,14,길손노인전문요양원,경기도,시흥시,경기도 시흥시 비둘기공원6길 13-1 (대야동 501호 502호 503호),원주소,경기 시흥시 비둘기공원6길 13-1,1.0,126.791496796359,37.4422452751702,4139051000,True,True,True
14139000278,A03,17.0,17,행복한요양원,경기도,시흥시,경기도 시흥시 연성로13번길 5-4 2층201 202호 (하중동),원주소,경기 시흥시 연성로13번길 5-4,1.0,126.803997186209,37.3912892604586,4139063000,True,True,True
14139000279,A04,9.0,8,기쁜요양원,경기도,시흥시,경기도 시흥시 연성로29번길 19 301호 (하중동),원주소,경기 시흥시 연성로29번길 19,1.0,126.805931984524,37.3922819531458,4139063000,True,True,True
14139000284,A03,49.0,48,아이러브요양원,경기도,시흥시,경기도 시흥시 중심상가1길 14 4층 (정왕동),원주소,경기 시흥시 중심상가1길 14,1.0,126.734805076468,37.3433230299201,4139059100,True,True,True
14139000286,A04,9.0,9,보살핌요양센터,경기도,시흥시,경기도 시흥시 신천로44번안길 23 2층 (신천동),원주소,경기 시흥시 신천로44번안길 23,1.0,126.787349459772,37.4376649716103,4139052000,True,True,True
14139000295,A03,41.0,24,실로암노인요양원,경기도,시흥시,경기도 시흥시 비둘기공원7길 46 3층 5층 (대야동),원주소,경기 시흥시 비둘기공원7길 46,1.0,126.791717966553,37.4421549330704,4139051000,True,True,True
14139000299,A03,45.0,35,효사랑노인요양원,경기도,시흥시,경기도 시흥시 은행로 165 3층 4층 (대야동 선우프라자),원주소,경기 시흥시 은행로 165,1.0,126.798407116328,37.445574974245,4139051000,True,True,True
14139000302,A03,80.0,61,JS한마음요양원,경기도,시흥시,경기도 시흥시 월곶해안로 99 2 3 6층 (월곶동),도로명번호,경기 시흥시 월곶해안로 99,1.0,126.734787108122,37.3898674538227,4139058200,True,True,True
14139000312,A03,25.0,21,에스유실버홈,경기도,시흥시,경기도 시흥시 비둘기공원로 8 901 902호호 (대야동),도로명번호,경기 시흥시 비둘기공원로 8,1.0,126.790462966183,37.4440583578658,4139051000,True,True,True
14139000334,A03,26.0,24,해누리요양원,경기도,시흥시,경기도 시흥시 은행로173번길 17 3층 (대야동 문국프라자),원주소,경기 시흥시 은행로173번길 17,1.0,126.796791529042,37.4448349086473,4139051000,True,True,True
14139000339,A03,24.0,20,새소망요양원,경기도,시흥시,경기도 시흥시 비둘기공원6길 13-1 3층 (대야동 월드프라자),원주소,경기 시흥시 비둘기공원6길 13-1,1.0,126.791496796359,37.4422452751702,4139051000,True,True,True
14139000345,A04,9.0,9,시흥은혜요양원,경기도,시흥시,경기도 시흥시 은행로149번길 18 5층 (은행동 청암빌딩),원주소,경기 시흥시 은행로149번길 18,1.0,126.797781711986,37.4439872218258,4139054000,True,True,True
14139000356,A03,25.0,24,스마일 요양원,경기도,시흥시,경기도 시흥시 비둘기공원로 8 대야동701호 (대야동 시흥 메디칼),원주소,경기 시흥시 비둘기공원로 8,1.0,126.790462966183,37.4440583578658,4139051000,True,True,True
14139000370,A03,28.0,28,소나무요양원,경기도,시흥시,경기도 시흥시 중심상가로 312 2층 3층301호 (정왕동),원주소,경기 시흥시 중심상가로 312,1.0,126.746928252374,37.3375183102706,4139059100,True,True,True
14139000377,A03,27.0,24,하늘빛요양원,경기도,시흥시,경기도 시흥시 대은로103번길 7 5층 (대야동),원주소,경기 시흥시 대은로103번길 7,1.0,126.798634215302,37.4461824638908,4139051000,True,True,True
14139000378,A03,23.0,18,효사랑노인요양원2호점,경기도,시흥시,경기도 시흥시 은행로 165 2층 (대야동 선우프라자),원주소,경기 시흥시 은행로 165,1.0,126.798407116328,37.445574974245,4139051000,True,True,True
14139000385,A04,8.0,7,참조은요양원,경기도,시흥시,경기도 시흥시 하중로 201-1 하중동2층 (하중동),원주소,경기 시흥시 하중로 201-1,1.0,126.805232985996,37.3937136977689,4139063000,True,True,True
14139000396,A04,9.0,9,효행노인요양원,경기도,시흥시,경기도 시흥시 비둘기공원1길 25 4 (전체)층 (대야동 우곡프라자),정제주소,경기 시흥시 비둘기공원1길 25,1.0,126.791287372988,37.4414830085878,4139051000,True,True,True
14139000404,A03,49.0,44,배곧실버요양원,경기도,시흥시,경기도 시흥시 배곧4로 18 5층 (정왕동 에이플러스),원주소,경기 시흥시 배곧4로 18,1.0,126.726468850669,37.3779206073066,4139059600,True,True,True
14139000408,A04,9.0,9,한사랑요양원,경기도,시흥시,경기도 시흥시 은행로 151 201호 (은행동 드림빌딩),원주소,경기 시흥시 은행로 151,1.0,126.799203027493,37.4445179991515,4139054000,True,True,True
14139000417,A03,23.0,22,가람요양원,경기도,시흥시,경기도 시흥시 진말로3번길 16 4층 (장곡동 한림빌딩),원주소,경기 시흥시 진말로3번길 16,1.0,126.783658761926,37.3778925443091,4139063100,True,True,True
14139000423,A03,26.0,24,소망요양원,경기도,시흥시,경기도 시흥시 장현능곡로 184 303 501~2호 (능곡동),도로명번호,경기 시흥시 장현능곡로 184,1.0,126.810658162277,37.3694021885167,4139064000,True,True,True
14139000433,A03,63.0,58,시흥노인전문요양원,경기도,시흥시,경기도 시흥시 승지로60번길 17 5층 (능곡동),원주소,경기 시흥시 승지로60번길 17,1.0,126.812561839965,37.3687372909634,4139064000,True,True,True
14139000434,A04,8.0,8,능곡노인요양공동생활가정,경기도,시흥시,경기도 시흥시 장현능곡로 178 7층 (능곡동 능곡타운),원주소,경기 시흥시 장현능곡로 178,1.0,126.809914691134,37.369608862409,4139064000,True,True,True
14139000478,A03,28.0,29,새미은총요양원,경기도,시흥시,경기도 시흥시 월곶중앙로 64 5층 (월곶동 풍산프라자),원주소,경기 시흥시 월곶중앙로 64,1.0,126.738517787488,37.3891788226014,4139058200,True,True,True
14139000492,A03,25.0,24,너싱홈혜인요양원,경기도,시흥시,경기도 시흥시 도일로112번길 5-5 302호 (거모동 (도일시장1길10)),원주소,경기 시흥시 도일로112번길 5-5,1.0,126.78410902801,37.3410482557308,4139058100,True,True,True
14139000501,A03,28.0,28,행복요양원,경기도,시흥시,경기도 시흥시 월곶중앙로30번길 4 4층401호 (월곶동),원주소,경기 시흥시 월곶중앙로30번길 4,1.0,126.742398261746,37.387693446987,4139058200,True,True,True
14139000504,A03,22.0,17,한양노인전문요양원,경기도,시흥시,경기도 시흥시 함송로 24 5층508호 (정왕동 세종프라자),원주소,경기 시흥시 함송로 24,1.0,126.730387933666,37.3632165275906,4139059400,True,True,True
14139000506,A03,16.0,13,사랑이꽃피는요양원,경기도,시흥시,경기도 시흥시 서울대학로264번길 44-4 905호 (배곧동),원주소,경기 시흥시 서울대학로264번길 44-4,1.0,126.728228864094,37.3671758219536,4139059700,True,True,True
14139000507,A03,49.0,17,효담요양원,경기도,시흥시,경기도 시흥시 월곶중앙로30번안길 2 (월곶동 지하1·1-6층),원주소,경기 시흥시 월곶중앙로30번안길 2,1.0,126.74279041241,37.3894186740869,4139058200,True,True,True
14139000508,A03,20.0,17,쉴만한물가요양원,경기도,시흥시,경기도 시흥시 함송로 24 401호 (정왕동 세종프라자),원주소,경기 시흥시 함송로 24,1.0,126.730387933666,37.3632165275906,4139059400,True,True,True
14139000509,A03,29.0,28,드림요양원,경기도,시흥시,경기도 시흥시 중심상가로 146 4층 (정왕동 한일프라자),원주소,경기 시흥시 중심상가로 146,1.0,126.732054712782,37.346721724282,4139059200,True,True,True
14139000525,A04,9.0,7,온사랑실버홈,경기도,시흥시,경기도 시흥시 신천로44번안길 23 3층 (신천동),원주소,경기 시흥시 신천로44번안길 23,1.0,126.787349459772,37.4376649716103,4139052000,True,True,True
14139000528,A03,69.0,61,위드온시니어센터,경기도,시흥시,경기도 시흥시 정왕천로427번길 15 (정왕동),원주소,경기 시흥시 정왕천로427번길 15,1.0,126.751670069647,37.346239947604,4139058900,True,True,True
14139000529,A03,20.0,15,새에덴요양원,경기도,시흥시,경기도 시흥시 비둘기공원7길 48 5층 (대야동 동아프라자),원주소,경기 시흥시 비둘기공원7길 48,1.0,126.791286486995,37.4419240531131,4139051000,True,True,True
14139000530,A03,26.0,24,은빛요양원,경기도,시흥시,경기도 시흥시 함송로 18 5층 (정왕동 대림하이츠프라자),원주소,경기 시흥시 함송로 18,1.0,126.729925699618,37.3635246145289,4139059400,True,True,True
14139000533,A03,27.0,27,행운요양원,경기도,시흥시,경기도 시흥시 비둘기공원7길 53 5층 (대야동),원주소,경기 시흥시 비둘기공원7길 53,1.0,126.791744757911,37.4413766848519,4139051000,True,True,True
14139000534,A04,9.0,8,참사랑노인전문요양원,경기도,시흥시,경기도 시흥시 은행로173번길 15 5층501호 (대야동),원주소,경기 시흥시 은행로173번길 15,1.0,126.796921307752,37.4450264167755,4139051000,True,True,True
14139000541,A03,25.0,23,메르디앙요양원,경기도,시흥시,경기도 시흥시 배곧4로 32-28 5층504호 (정왕동),원주소,경기 시흥시 배곧4로 32-28,1.0,126.726011558245,37.3781445339791,4139059600,True,True,True
14139000543,A04,9.0,9,사랑요양원1,경기도,시흥시,경기도 시흥시 비둘기공원7길 48 4층 (대야동),원주소,경기 시흥시 비둘기공원7길 48,1.0,126.791286486995,37.4419240531131,4139051000,True,True,True
14139000546,A03,17.0,17,시흥행복한재활요양원,경기도,시흥시,경기도 시흥시 수인로2421번길 101 1 2층 (논곡동),원주소,경기 시흥시 수인로2421번길 101-1,1.0,126.859649419552,37.3873243499457,4139057000,True,True,True
14139000548,A03,24.0,24,겨자씨요양원,경기도,시흥시,경기도 시흥시 은계중앙로 364 7층 (대야동),원주소,경기 시흥시 은계중앙로 364,1.0,126.795686092509,37.4514036369179,4139051000,True,True,True
14139000549,A03,44.0,38,사랑스러운노인전문요양원,경기도,시흥시,경기도 시흥시 수인로3465번길 21 지하1-3층 (신천동),원주소,경기 시흥시 수인로3465번길 21,1.0,126.774642500724,37.4414483903162,4139052000,True,True,True
14139000554,A03,88.0,83,봄빛실버타운요양원,경기도,시흥시,경기도 시흥시 도일로123번길 41 1-4층 (거모동),도로명번호,경기 시흥시 도일로123번길 41,1.0,126.781543178711,37.3446591924066,4139058100,True,True,True
14139000567,A04,9.0,9,베다니마을노인전문요양원,경기도,시흥시,경기도 시흥시 은행로173번길 15 401호 (대야동),원주소,경기 시흥시 은행로173번길 15,1.0,126.796921307752,37.4450264167755,4139051000,True,True,True
14139000568,A04,9.0,10,천사요양원1호점,경기도,시흥시,경기도 시흥시 대은로 80 601호 (은행동),원주소,경기 시흥시 대은로 80,1.0,126.797401099736,37.4442428181712,4139054000,True,True,True
14139000569,A04,9.0,9,천사요양원2호점,경기도,시흥시,경기도 시흥시 대은로 80 602호 (은행동),원주소,경기 시흥시 대은로 80,1.0,126.797401099736,37.4442428181712,4139054000,True,True,True
14139000570,A03,21.0,20,정다운요양원,경기도,시흥시,경기도 시흥시 장현능곡로 178 6층601호 (능곡동),원주소,경기 시흥시 장현능곡로 178,1.0,126.809914691134,37.369608862409,4139064000,True,True,True
14139000573,A03,44.0,32,너싱홈꽃마루,경기도,시흥시,경기도 시흥시 군자로 474 301 401호 (거모동),도로명번호,경기 시흥시 군자로 474,1.0,126.783157413527,37.3472302720453,4139058100,True,True,True
14139000574,A03,21.0,21,연세간호 요양원,경기도,시흥시,경기도 시흥시 월곶중앙로 53 302 501호 (월곶동),도로명번호,경기 시흥시 월곶중앙로 53,1.0,126.739295801623,37.3882723115577,4139058200,True,True,True
14139000575,A03,41.0,36,골든케어재활요양원,경기도,시흥시,경기도 시흥시 목감남서로 9-5 3층 (조남동),원주소,경기 시흥시 목감남서로 9-5,1.0,126.85143457841,37.3780048526265,4139057000,True,True,True
14139000577,A03,48.0,47,정겨운요양원,경기도,시흥시,경기도 시흥시 수인로3395번길 2 2 3 5층 (신천동),도로명번호,경기 시흥시 수인로3395번길 2,1.0,126.781487397039,37.4413454626274,4139052000,True,True,True
14139000578,A03,25.0,25,은계호수요양원,경기도,시흥시,경기도 시흥시 은계로 260 4층6 7 8 9호 (은행동),원주소,경기 시흥시 은계로 260,1.0,126.80314626122,37.4448174617724,4139054000,True,True,True
14139000579,A04,9.0,5,예담요양원,경기도,시흥시,경기도 시흥시 대은로 80 702호 (은행동),원주소,경기 시흥시 대은로 80,1.0,126.797401099736,37.4442428181712,4139054000,True,True,True
14139000581,A04,9.0,9,경희요양원1,경기도,시흥시,경기도 시흥시 비둘기공원6길 19 501호 (대야동),원주소,경기 시흥시 비둘기공원6길 19,1.0,126.791077636868,37.441972789367,4139051000,True,True,True
14139000586,A03,18.0,18,아름다운실버홈,경기도,시흥시,경기도 시흥시 비둘기공원7길 33 703호 (대야동),원주소,경기 시흥시 비둘기공원7길 33,1.0,126.792745836313,37.443015045209,4139051000,True,True,True
14139000587,A03,20.0,17,수(재활)요양원,경기도,시흥시,경기도 시흥시 목감둘레로 253-35 6층 (조남동),원주소,경기 시흥시 목감둘레로 253-35,1.0,126.861384823261,37.3809802206293,4139057000,True,True,True
14139000588,A03,25.0,25,대야요양원,경기도,시흥시,경기도 시흥시 복지로 90 301호 (대야동),원주소,경기 시흥시 복지로 90,1.0,126.791666665051,37.4470043650839,4139051000,True,True,True
14139000590,A03,83.0,54,군자요양원,경기도,시흥시,경기도 시흥시 군자로 507 5 6층 (거모동),도로명번호,경기 시흥시 군자로 507,1.0,126.785291530298,37.3447951719735,4139058100,True,True,True
14139000591,A03,47.0,42,그레이스재활요양원,경기도,시흥시,경기도 시흥시 목감남서로 9-5 2층 (조남동),원주소,경기 시흥시 목감남서로 9-5,1.0,126.85143457841,37.3780048526265,4139057000,True,True,True
14139000595,A04,9.0,9,인애요양원 1호점,경기도,시흥시,경기도 시흥시 뱀내장터로 15 301호 (대야동),원주소,경기 시흥시 뱀내장터로 15,1.0,126.786431134197,37.4422015415116,4139051000,True,True,True
14139000596,A04,9.0,9,인애요양원 2호점,경기도,시흥시,경기도 시흥시 뱀내장터로 15 302호 (대야동),원주소,경기 시흥시 뱀내장터로 15,1.0,126.786431134197,37.4422015415116,4139051000,True,True,True
14139000598,A03,29.0,23,노블인노인전문요양원,경기도,시흥시,경기도 시흥시 매화1로22번길 8 1-4층 (매화동),도로명번호,경기 시흥시 매화1로22번길 8,1.0,126.812234766337,37.4158335162104,4139055000,True,True,True
14139000604,A03,61.0,28,부모사랑재활요양원,경기도,시흥시,경기도 시흥시 중심상가로 51 301 401층501호 (정왕동),도로명번호,경기 시흥시 중심상가로 51,1.0,126.72401667207,37.3521785123004,4139059300,True,True,True
14139000605,A04,9.0,9,경희요양원2,경기도,시흥시,경기도 시흥시 비둘기공원6길 19 501호 (대야동),원주소,경기 시흥시 비둘기공원6길 19,1.0,126.791077636868,37.441972789367,4139051000,True,True,True
14139000608,A03,29.0,28,임마누엘요양원,경기도,시흥시,경기도 시흥시 하중로136번길 14 1-3층 (하중동),도로명번호,경기 시흥시 하중로136번길 14,1.0,126.79945555319,37.3991225977415,4139063000,True,True,True
14139000609,A03,16.0,16,목감효요양원,경기도,시흥시,경기도 시흥시 솔고개길 4-7 5층 (목감동),원주소,경기 시흥시 솔고개길 4-7,1.0,126.861982762818,37.3826010503041,4139057000,True,True,True
14139000614,A04,9.0,9,사랑가득요양원,경기도,시흥시,경기도 시흥시 은행로 164 302 303호 (대야동),도로명번호,경기 시흥시 은행로 164,1.0,126.799057905763,37.4456671748777,4139051000,True,True,True
14139000620,A03,36.0,35,하모니요양원,경기도,시흥시,경기도 시흥시 장현능곡로 178 401호 (능곡동),원주소,경기 시흥시 장현능곡로 178,1.0,126.809914691134,37.369608862409,4139064000,True,True,True
14139000622,A03,46.0,46,사랑나무요양원,경기도,시흥시,경기도 시흥시 수인로3325번길 10 402호 (신천동 우명프라자),원주소,경기 시흥시 수인로3325번길 10,1.0,126.78821350024,37.4381992023884,4139052000,True,True,True
14139000625,A03,27.0,26,새봄요양원,경기도,시흥시,경기도 시흥시 승지로60번길 20 301 401호 (능곡동),도로명번호,경기 시흥시 승지로60번길 20,1.0,126.812004595519,37.3686955901364,4139064000,True,True,True
14139000628,A03,49.0,48,꿈에그린요양원,경기도,시흥시,경기도 시흥시 월동로 3-2 (월곶동 지하 1-4),원주소,경기 시흥시 월동로 3-2,1.0,126.765370873907,37.3819429128492,4139058200,True,True,True
14139000629,A03,18.0,18,해마루요양원,경기도,시흥시,경기도 시흥시 목감남서로 9-33 4층 (조남동),원주소,경기 시흥시 목감남서로 9-33,1.0,126.853326798021,37.3783391516982,4139057000,True,True,True
14139000634,A03,65.0,56,우리들노인전문요양원,경기도,시흥시,경기도 시흥시 월동로 3-4 (월곶동 지하 1-4),원주소,경기 시흥시 월동로 3-4,1.0,126.76558337729,37.3819055814308,4139058200,True,True,True
14139000637,A04,9.0,9,다솜요양원,경기도,시흥시,경기도 시흥시 하중로 177 4층 (하중동),원주소,경기 시흥시 하중로 177,1.0,126.803359303107,37.3954690290542,4139063000,True,True,True
14139000641,A03,27.0,25,보금자리요양원,경기도,시흥시,경기도 시흥시 황고개로 526 5층 (장곡동),원주소,경기 시흥시 황고개로 526,1.0,126.789208190438,37.3776119855081,4139063100,True,True,True
14139000642,A04,9.0,9,대야제일요양원,경기도,시흥시,경기도 시흥시 은행로 164 702 704호 (대야동),도로명번호,경기 시흥시 은행로 164,1.0,126.799057905763,37.4456671748777,4139051000,True,True,True
14139000645,A03,26.0,22,아도니스요양원,경기도,시흥시,경기도 시흥시 장현능곡로 184 7층701호 (능곡동),원주소,경기 시흥시 장현능곡로 184,1.0,126.810658162277,37.3694021885167,4139064000,True,True,True
14139000647,A03,28.0,27,성심재활요양원,경기도,시흥시,경기도 시흥시 연성로 103 3층 (하상동),원주소,경기 시흥시 연성로 103,1.0,126.81497620074,37.3908695025683,4139063000,True,True,True
14139000649,A03,86.0,45,에이스요양원,경기도,시흥시,경기도 시흥시 정왕대로 174 5층 (정왕동),원주소,경기 시흥시 정왕대로 174,1.0,126.733487876704,37.348135879561,4139059200,True,True,True
14139000655,A03,26.0,25,너싱홈 효원 요양원,경기도,시흥시,경기도 시흥시 함송로 18 4층401호 (정왕동),원주소,경기 시흥시 함송로 18,1.0,126.729925699618,37.3635246145289,4139059400,True,True,True
14139000660,A03,24.0,23,가온요양원,경기도,시흥시,경기도 시흥시 은행로173번길 17 4층 (대야동),원주소,경기 시흥시 은행로173번길 17,1.0,126.796791529042,37.4448349086473,4139051000,True,True,True
14139000661,A03,49.0,49,시흥더사랑요양원,경기도,시흥시,경기도 시흥시 은행로 86 9층 (은행동 경동프라자),원주소,경기 시흥시 은행로 86,1.0,126.797143105828,37.4392624738071,4139054000,True,True,True
14139000662,A03,28.0,9,나누리 요양원,경기도,시흥시,경기도 시흥시 은행로 86 4층401 402호 (은행동 경동프라자),원주소,경기 시흥시 은행로 86,1.0,126.797143105828,37.4392624738071,4139054000,True,True,True
14139000666,A03,89.0,85,로뎀재활요양원,경기도,시흥시,경기도 시흥시 월동로15번길 19 지하1 1~4층 (월곶동),도로명번호,경기 시흥시 월동로15번길 19,1.0,126.767136330862,37.3814787717576,4139058200,True,True,True
14139000672,A04,9.0,8,늘푸른사랑채 공동생활가정,경기도,시흥시,경기도 시흥시 옥구상가1길 29 3 4층 (정왕동),도로명번호,경기 시흥시 옥구상가1길 29,1.0,126.721233264366,37.3527254860078,4139059300,True,True,True
14139000675,A03,49.0,40,예은요양원,경기도,시흥시,경기도 시흥시 은행로 86 8층 (은행동 경동프라자),원주소,경기 시흥시 은행로 86,1.0,126.797143105828,37.4392624738071,4139054000,True,True,True
14139000676,A03,49.0,48,퀸요양원,경기도,시흥시,경기도 시흥시 은행로 86 7층 (은행동 경동프라자),원주소,경기 시흥시 은행로 86,1.0,126.797143105828,37.4392624738071,4139054000,True,True,True
14139000677,A04,6.0,6,오이도 그루터기요양원,경기도,시흥시,경기도 시흥시 오이도7길 16 1층 (정왕동),원주소,경기 시흥시 오이도7길 16,1.0,126.687850777172,37.3433188339521,4139059300,True,True,True
14139000680,A03,49.0,49,삼성재활전문요양원,경기도,시흥시,경기도 시흥시 연성로 95 4 5층 (하상동),도로명번호,경기 시흥시 연성로 95,1.0,126.814156904745,37.3909702134569,4139063000,True,True,True
14139000684,A03,49.0,6,실버랜드 요양원,경기도,시흥시,경기도 시흥시 월곶중앙로 58 5층 (월곶동),원주소,경기 시흥시 월곶중앙로 58,1.0,126.739006551422,37.3889407714747,4139058200,True,True,True
14139000685,A03,23.0,22,대야실버요양원,경기도,시흥시,경기도 시흥시 대은로103번길 7 4층 (대야동 신화프라자),원주소,경기 시흥시 대은로103번길 7,1.0,126.798634215302,37.4461824638908,4139051000,True,True,True
14139000693,A03,99.0,63,SK실버타운,경기도,시흥시,경기도 시흥시 배곧4로 32-19 401호 501호 (배곧동),원주소,경기 시흥시 배곧4로 32-19,1.0,126.726234378237,37.3772903404326,4139059600,True,True,True
14139000696,A04,9.0,9,가가호호요양원,경기도,시흥시,경기도 시흥시 은행로173번길 17 5층 (대야동 문국프라자),원주소,경기 시흥시 은행로173번길 17,1.0,126.796791529042,37.4448349086473,4139051000,True,True,True
14139000700,A04,9.0,7,나이팅게일요양원,경기도,시흥시,경기도 시흥시 비둘기공원7길 33 7층701호 (대야동 성원디아망타운),원주소,경기 시흥시 비둘기공원7길 33,1.0,126.792745836313,37.443015045209,4139051000,True,True,True
14139000704,A03,99.0,95,신세계요양원,경기도,시흥시,경기도 시흥시 배곧5로 66-26 (배곧동),원주소,경기 시흥시 배곧5로 66-26,1.0,126.736723074673,37.3820836244192,4139059600,True,True,True
14139000705,A03,91.0,80,아모르파티 꿈의요양원,경기도,시흥시,경기도 시흥시 배곧5로 66-26 (배곧동),원주소,경기 시흥시 배곧5로 66-26,1.0,126.736723074673,37.3820836244192,4139059600,True,True,True
14139000707,A04,9.0,9,부모사랑공동생활가정,경기도,시흥시,경기도 시흥시 하중로 177 5층 (하중동),원주소,경기 시흥시 하중로 177,1.0,126.803359303107,37.3954690290542,4139063000,True,True,True
14139000711,A03,49.0,41,케어닥 케어홈 2관,경기도,시흥시,경기도 시흥시 배곧5로 66-8 (배곧동),원주소,경기 시흥시 배곧5로 66-8,1.0,126.73478207056,37.3818084402923,4139059600,True,True,True
14139000715,A04,9.0,6,천사재활요양원1,경기도,시흥시,경기도 시흥시 뱀내장터로 15 4층 (대야동),원주소,경기 시흥시 뱀내장터로 15,1.0,126.786431134197,37.4422015415116,4139051000,True,True,True
14139000716,A04,9.0,7,천사재활요양원2,경기도,시흥시,경기도 시흥시 뱀내장터로 15 4층 (대야동),원주소,경기 시흥시 뱀내장터로 15,1.0,126.786431134197,37.4422015415116,4139051000,True,True,True
14139000717,A04,9.0,8,빛나요양원,경기도,시흥시,경기도 시흥시 호현로63번길 1 4층 (대야동),원주소,경기 시흥시 호현로63번길 1,1.0,126.785494528557,37.4456996503548,4139051000,True,True,True
14139000723,A03,29.0,17,363굿닥터요양원,경기도,시흥시,경기도 시흥시 호현로49번안길 1 (대야동),원주소,경기 시흥시 호현로49번안길 1,1.0,126.784359254651,37.4447150300191,4139051000,True,True,True
14139000724,A03,26.0,26,삼성요양원,경기도,시흥시,경기도 시흥시 연성로 95 2층201호 (하상동),원주소,경기 시흥시 연성로 95,1.0,126.814156904745,37.3909702134569,4139063000,True,True,True
14139000730,A04,9.0,8,효사랑우리집요양원,경기도,시흥시,경기도 시흥시 월곶중앙로14번길 86-1 2층 (월곶동),원주소,경기 시흥시 월곶중앙로14번길 86-1,1.0,126.740404590984,37.3935076066684,4139058200,True,True,True
14139000737,A03,46.0,45,사랑나무요양원,경기도,시흥시,경기도 시흥시 수인로3325번길 10 4층402호 (신천동 우명프라자),원주소,경기 시흥시 수인로3325번길 10,1.0,126.78821350024,37.4381992023884,4139052000,True,True,True
14139000750,A03,69.0,56,위드온시니어센터,경기도,시흥시,경기도 시흥시 정왕천로427번길 15 (정왕동),원주소,경기 시흥시 정왕천로427번길 15,1.0,126.751670069647,37.346239947604,4139058900,True,True,True
14139000753,A04,9.0,9,베다니요양원,경기도,시흥시,경기도 시흥시 은행로173번길 15 4층 (대야동),원주소,경기 시흥시 은행로173번길 15,1.0,126.796921307752,37.4450264167755,4139051000,True,True,True
14141000013,A03,19.0,18,봄빛요양원,경기도,군포시,경기도 군포시 대야2로 159 (대야미동 참이프라자 401 501호),원주소,경기 군포시 대야2로 159,1.0,126.916612116688,37.3288295555411,4141061000,True,True,True
14141000112,A03,29.0,21,카네이션요양원,경기도,군포시,경기도 군포시 이당로 107 (당정동),원주소,경기 군포시 이당로 107,1.0,126.95732932191,37.3447853476733,4141051000,True,True,True
14141000121,A04,9.0,9,봄봄실버케어,경기도,군포시,경기도 군포시 번영로 495 5층 (산본동 신명산빌딩),원주소,경기 군포시 번영로 495,1.0,126.931939270521,37.3581103112345,4141062000,True,True,True
14141000127,A04,9.0,8,봄봄요양원,경기도,군포시,경기도 군포시 번영로 495 5층 (산본동 신명산빌딩),원주소,경기 군포시 번영로 495,1.0,126.931939270521,37.3581103112345,4141062000,True,True,True
14141000151,A03,100.0,100,군포시립노인요양센터,경기도,군포시,경기도 군포시 군포로 221 (부곡동),원주소,경기 군포시 군포로 221,1.0,126.925414864449,37.333048025614,4141052000,True,True,True
14141000153,A03,46.0,33,너싱홈간호박사네,경기도,군포시,경기도 군포시 고산로 256 4층 (당동 (당동 금강프라자)),원주소,경기 군포시 고산로 256,1.0,126.944336310754,37.3465712847154,4141052000,True,True,True
14141000159,A03,35.0,21,봄날요양원,경기도,군포시,경기도 군포시 대야1로24번길 8 5~7층 (대야미동 군포신용협동조합),도로명번호,경기 군포시 대야1로24번길 8,1.0,126.91764776934,37.328036561721,4141061000,True,True,True
14141000166,A03,21.0,15,사랑행복실버타운,경기도,군포시,경기도 군포시 용호1로2번길 19 3층 (당동 대림프라자),원주소,경기 군포시 용호1로2번길 19,1.0,126.939750967596,37.3447239099816,4141052000,True,True,True
14141000177,A03,41.0,36,가인요양원,경기도,군포시,경기도 군포시 고산로250번길 19 4~5층 (당동 폴리프라자),도로명번호,경기 군포시 고산로250번길 19,1.0,126.94451550294,37.3478364141151,4141052000,True,True,True
14141000241,A03,29.0,22,미소요양원,경기도,군포시,경기도 군포시 고산로 679 9층 (산본동 미성프라자),원주소,경기 군포시 고산로 679,1.0,126.933974013894,37.3710839056756,4141055000,True,True,True
14141000248,A03,115.0,71,제일수요양원,경기도,군포시,경기도 군포시 번영로 604 B1~8층 (금정동),원주소,경기 군포시 번영로 604,1.0,126.942612174866,37.3628638440465,4141056000,True,True,True
14141000258,A03,37.0,37,군포에덴요양원,경기도,군포시,경기도 군포시 당정역로4번길 11 2층 (당정동 유영타운),원주소,경기 군포시 당정역로4번길 11,1.0,126.949530869708,37.3437144673956,4141051000,True,True,True
14141000259,A04,9.0,9,e행복한요양원1호점,경기도,군포시,경기도 군포시 군포로 506 3층 (당동),원주소,경기 군포시 군포로 506,1.0,126.945092674982,37.3513996223585,4141051000,True,True,True
14141000260,A04,9.0,9,e행복한요양원2호점,경기도,군포시,경기도 군포시 군포로 506 4층 (당동),원주소,경기 군포시 군포로 506,1.0,126.945092674982,37.3513996223585,4141051000,True,True,True
14141000261,A04,9.0,9,e행복한요양원3호점,경기도,군포시,경기도 군포시 군포로 506 5층 (당동),원주소,경기 군포시 군포로 506,1.0,126.945092674982,37.3513996223585,4141051000,True,True,True
14141000263,A03,16.0,15,군포요양원,경기도,군포시,경기도 군포시 산본로323번길 4-25 4층 (산본동),원주소,경기 군포시 산본로323번길 4-25,1.0,126.932274372096,37.3604029877478,4141062000,True,True,True
14141000275,A03,25.0,23,조은요양원,경기도,군포시,경기도 군포시 고산로 695 8층 (산본동),원주소,경기 군포시 고산로 695,1.0,126.93526888179,37.3721896392194,4141055000,True,True,True
14141000285,A04,9.0,7,우리요양원 목련점,경기도,군포시,경기도 군포시 고산로 685 1002호 (산본동 한빛타운),원주소,경기 군포시 고산로 685,1.0,126.934537625373,37.3715625734731,4141055000,True,True,True
14141000286,A04,9.0,8,우리요양원 동백점,경기도,군포시,경기도 군포시 고산로 685 1003호 (산본동 한빛타운),원주소,경기 군포시 고산로 685,1.0,126.934537625373,37.3715625734731,4141055000,True,True,True
14141000287,A04,9.0,7,우리요양원 매화점,경기도,군포시,경기도 군포시 고산로 685 1001호 (산본동 한빛타운),원주소,경기 군포시 고산로 685,1.0,126.934537625373,37.3715625734731,4141055000,True,True,True
14141000288,A03,20.0,19,가온요양원,경기도,군포시,경기도 군포시 산본로386번길 5-7 2~3층 (산본동 신호프라자),원주소,경기 군포시 산본로386번길 5-7,1.0,126.930173626032,37.365089809374,4141062000,True,True,True
14141000292,A03,42.0,35,성지요양원,경기도,군포시,경기도 군포시 고산로211번길 31 3층 (당정동 성원프라자),원주소,경기 군포시 고산로211번길 31,1.0,126.951097844757,37.3439102885673,4141051000,True,True,True
14141000293,A03,25.0,24,산본 정성요양원,경기도,군포시,경기도 군포시 고산로 683 6층 (산본동 현대아카데미센터),원주소,경기 군포시 고산로 683,1.0,126.934363573795,37.371392994094,4141055000,True,True,True
14141000315,A04,9.0,9,늘푸른요양원2,경기도,군포시,경기도 군포시 고산로 685 9층2호 (산본동 한빛타운빌딩),원주소,경기 군포시 고산로 685,1.0,126.934537625373,37.3715625734731,4141055000,True,True,True
14141000316,A04,9.0,6,늘푸른요양원3,경기도,군포시,경기도 군포시 고산로 685 9층3호 (산본동 한빛타운빌딩),원주소,경기 군포시 고산로 685,1.0,126.934537625373,37.3715625734731,4141055000,True,True,True
14141000324,A03,85.0,82,군포온누리요양원,경기도,군포시,경기도 군포시 군포로510번길 25 2층1호 (당동 당동누리에뜰해밀),원주소,경기 군포시 군포로510번길 25,1.0,126.946526335264,37.3521497547509,4141051000,True,True,True
14141000332,A03,92.0,92,꽃가람노인전문요양원,경기도,군포시,경기도 군포시 금산로6번길 12 (금정동),원주소,경기 군포시 금산로6번길 12,1.0,126.941930257601,37.3634344018885,4141056000,True,True,True
14141000333,A03,46.0,46,수리산요양원,경기도,군포시,경기도 군포시 금당로 29 (당동 성진빌딩),원주소,경기 군포시 금당로 29,1.0,126.940457998144,37.3504589589199,4141052000,True,True,True
14141000335,A03,49.0,47,더베스트요양원,경기도,군포시,경기도 군포시 번영로 598 (금정동),원주소,경기 군포시 번영로 598,1.0,126.941924411146,37.3625249925269,4141056000,True,True,True
14141000336,A03,25.0,22,산본요양원,경기도,군포시,경기도 군포시 고산로 683 801 803호 (산본동 현대아카데미센타),도로명번호,경기 군포시 고산로 683,1.0,126.934363573795,37.371392994094,4141055000,True,True,True
14141000344,A03,23.0,23,패밀리요양원,경기도,군포시,경기도 군포시 번영로 492 9층 (금정동),원주소,경기 군포시 번영로 492,1.0,126.932315893943,37.3570291138621,4141057000,True,True,True
14141000345,A03,49.0,50,군포윤사임당요양원,경기도,군포시,경기도 군포시 당정역로4번길 7 3층 (당정동),원주소,경기 군포시 당정역로4번길 7,1.0,126.949969145348,37.3434533548716,4141051000,True,True,True
14141000355,A03,35.0,29,새소망요양원,경기도,군포시,경기도 군포시 고산로211번길 31 4층 (당정동),원주소,경기 군포시 고산로211번길 31,1.0,126.951097844757,37.3439102885673,4141051000,True,True,True
14141000359,A03,154.0,130,군포효요양원,경기도,군포시,경기도 군포시 용호1로2번길 47-7 B102 3 4층 (당동),원주소,경기 군포시 용호1로2번길 47-7,1.0,126.941327604227,37.3465661365748,4141052000,True,True,True
14141000360,A03,49.0,47,무지개요양원,경기도,군포시,경기도 군포시 군포로 569 1~7층 (당동),도로명번호,경기 군포시 군포로 569,1.0,126.946853634343,37.3568159671856,4141051000,True,True,True
14141000363,A03,29.0,28,바른요양원,경기도,군포시,경기도 군포시 고산로 679 801호 (산본동),원주소,경기 군포시 고산로 679,1.0,126.933974013894,37.3710839056756,4141055000,True,True,True
14141000366,A03,23.0,20,한울요양원,경기도,군포시,경기도 군포시 번영로 492 5층501호 (금정동),원주소,경기 군포시 번영로 492,1.0,126.932315893943,37.3570291138621,4141057000,True,True,True
14141000368,A04,9.0,9,군포연세요양원,경기도,군포시,경기도 군포시 용호1로 32 2층 (당동 대한프라자),원주소,경기 군포시 용호1로 32,1.0,126.93879591063,37.3453623398788,4141052000,True,True,True
14141000370,A03,25.0,17,포시즌요양원 산본점,경기도,군포시,경기도 군포시 고산로 695 9층 (산본동),원주소,경기 군포시 고산로 695,1.0,126.93526888179,37.3721896392194,4141055000,True,True,True
14141000371,A04,9.0,9,효행요양원 1호점,경기도,군포시,경기도 군포시 광정로 58 5층 (산본동),원주소,경기 군포시 광정로 58,1.0,126.930982279358,37.3585078307294,4141062000,True,True,True
14141000373,A04,9.0,8,효행요양원 2호점,경기도,군포시,경기도 군포시 광정로 58 5층 (산본동),원주소,경기 군포시 광정로 58,1.0,126.930982279358,37.3585078307294,4141062000,True,True,True
14141000379,A03,26.0,26,산본해피요양원,경기도,군포시,경기도 군포시 번영로 514 7층 (금정동 현대프라자),원주소,경기 군포시 번영로 514,1.0,126.934266905171,37.3580974814628,4141057000,True,True,True
14141000380,A04,9.0,8,누림재활요양원,경기도,군포시,경기도 군포시 한세로56번길 9 3층 (당정동),원주소,경기 군포시 한세로56번길 9,1.0,126.955085807796,37.3475072483221,4141051000,True,True,True
14141000386,A04,9.0,9,금정효요양원-1호점,경기도,군포시,경기도 군포시 금산로 112 3층 (산본동),원주소,경기 군포시 금산로 112,1.0,126.936311703505,37.3718033049918,4141054000,True,True,True
14141000387,A04,9.0,9,금정효요양원-2호점,경기도,군포시,경기도 군포시 금산로 112 4층 (산본동),원주소,경기 군포시 금산로 112,1.0,126.936311703505,37.3718033049918,4141054000,True,True,True
14141000388,A04,9.0,9,금정효요양원-3호점,경기도,군포시,경기도 군포시 금산로 112 5층 (산본동),원주소,경기 군포시 금산로 112,1.0,126.936311703505,37.3718033049918,4141054000,True,True,True
14141000391,A03,29.0,29,온마음요양원,경기도,군포시,경기도 군포시 고산로 679 (산본동 미성프라자 7층 701호),원주소,경기 군포시 고산로 679,1.0,126.933974013894,37.3710839056756,4141055000,True,True,True
14141000392,A03,38.0,26,양지실버빌,경기도,군포시,경기도 군포시 광정로 80 (산본동 8층 801호),원주소,경기 군포시 광정로 80,1.0,126.929557570869,37.3602932777565,4141062000,True,True,True
14141000393,A03,21.0,21,함께사는요양원,경기도,군포시,경기도 군포시 고산로 681 (산본동 3층 301호(성원빌딩)),원주소,경기 군포시 고산로 681,1.0,126.934183307662,37.3712303488937,4141055000,True,True,True
14141000403,A03,23.0,20,온유요양원,경기도,군포시,경기도 군포시 고산로 695 (산본동 산본타운 504 505호),원주소,경기 군포시 고산로 695,1.0,126.93526888179,37.3721896392194,4141055000,True,True,True
14141000408,A03,29.0,3,좋은날 요양원,경기도,군포시,경기도 군포시 군포로499번길 15 (당동),원주소,경기 군포시 군포로499번길 15,1.0,126.943413800424,37.351383693915,4141051000,True,True,True
14141000414,A04,9.0,9,다정한요양원,경기도,군포시,경기도 군포시 고산로 685 4층 (산본동),원주소,경기 군포시 고산로 685,1.0,126.934537625373,37.3715625734731,4141055000,True,True,True
14143000003,A03,26.0,19,엘림요양원,경기도,의왕시,경기도 의왕시 부곡중앙남1길 41 (삼동),원주소,경기 의왕시 부곡중앙남1길 41,1.0,126.950439058613,37.3173629111913,4143052000,True,True,True
14143000012,A03,29.0,20,티.에이치.시 청계요양원,경기도,의왕시,경기도 의왕시 안양판교로 213 (청계동),원주소,경기 의왕시 안양판교로 213,1.0,126.994963711002,37.3897550545715,4143056000,True,True,True
14143000044,A03,42.0,31,늘푸른요양원,경기도,의왕시,경기도 의왕시 왕곡로 16 6층~8층 (왕곡동 의왕프라자),원주소,경기 의왕시 왕곡로 16,1.0,126.97618566329,37.3467283104613,4143051000,True,True,True
14143000055,A03,99.0,97,건강누리 의왕시립 노인요양원,경기도,의왕시,경기도 의왕시 오전로 27 (고천동),원주소,경기 의왕시 오전로 27,1.0,126.981154934398,37.3486885849098,4143051000,True,True,True
14143000082,A03,42.0,41,꿈에그린요양원,경기도,의왕시,경기도 의왕시 계원대학로 28 5층 (내손동),원주소,경기 의왕시 계원대학로 28,1.0,126.974555996782,37.3790928628463,4143054000,True,True,True
14143000085,A03,13.0,13,대한요양원,경기도,의왕시,경기도 의왕시 갈미2로 12 401호 (내손동 해피플러스투),원주소,경기 의왕시 갈미2로 12,1.0,126.974614595273,37.3787598567448,4143054000,True,True,True
14143000089,A03,24.0,23,내손요양원,경기도,의왕시,경기도 의왕시 계원대학로 40 601호 (내손동 반도프라자),원주소,경기 의왕시 계원대학로 40,1.0,126.975814161711,37.3789897793178,4143054000,True,True,True
14143000096,A04,9.0,9,월암실버타운요양원,경기도,의왕시,경기도 의왕시 월암새터마을길 6 (월암동),원주소,경기 의왕시 월암새터마을길 6,1.0,126.954602501346,37.3125021499515,4143052000,True,True,True
14143000109,A03,18.0,17,가람요양원,경기도,의왕시,경기도 의왕시 철도박물관로 81 3층 (삼동),원주소,경기 의왕시 철도박물관로 81,1.0,126.949503018361,37.3195713096324,4143052000,True,True,True
14143000117,A03,62.0,60,스칼라요양원,경기도,의왕시,경기도 의왕시 갈미2로 40 5~6층 (내손동 캠퍼스프라자),도로명번호,경기 의왕시 갈미2로 40,1.0,126.971412164308,37.3794619251627,4143054000,True,True,True
14143000120,A03,26.0,9,재활플러스요양원,경기도,의왕시,경기도 의왕시 내손로 82 7층 (내손동 신성프라자),원주소,경기 의왕시 내손로 82,1.0,126.979884431233,37.3872150885122,4143055000,True,True,True
14143000126,A03,61.0,61,우리함께요양원 포유의왕점,경기도,의왕시,경기도 의왕시 부곡초등3길 13 (삼동),원주소,경기 의왕시 부곡초등3길 13,1.0,126.951022294153,37.3172200698329,4143052000,True,True,True
14143000130,A03,70.0,61,강남재활요양원1동,경기도,의왕시,경기도 의왕시 월암새터마을길 10 (월암동),원주소,경기 의왕시 월암새터마을길 10,1.0,126.954367450663,37.3124334908075,4143052000,True,True,True
14143000131,A03,80.0,55,강남재활요양원2동,경기도,의왕시,경기도 의왕시 부곡동[월암동] 357번지 5호 ,지번정규화,경기 의왕시 월암동 357-5,1.0,126.954112321256,37.3123637421708,4143052000,True,True,True
14143000141,A04,9.0,8,늘사랑노인요양원,경기도,의왕시,경기도 의왕시 부곡중앙남6길 89 2층 (삼동),원주소,경기 의왕시 부곡중앙남6길 89,1.0,126.95429182288,37.3169817929525,4143052000,True,True,True
14143000144,A04,9.0,5,성심요양원,경기도,의왕시,경기도 의왕시 왕곡로 16 4층 (왕곡동),원주소,경기 의왕시 왕곡로 16,1.0,126.97618566329,37.3467283104613,4143051000,True,True,True
14143000154,A03,26.0,25,건강재활요양원,경기도,의왕시,경기도 의왕시 계원대학로 25 5층503~507호 (내손동),원주소,경기 의왕시 계원대학로 25,1.0,126.974399451186,37.3799200596712,4143054000,True,True,True
14143000156,A03,27.0,0,해찬실버스쿨 노인의료복지시설,경기도,의왕시,경기도 의왕시 이미로 16-8 2층 (포일동),원주소,경기 의왕시 이미로 16-8,1.0,126.988132616033,37.3997513176132,4143056000,True,True,True
14145000050,A03,25.0,24,오륜 너싱홈,경기도,하남시,경기도 하남시 감일로15번길 96 (감일동),원주소,경기 하남시 감일로15번길 96,1.0,127.145701225643,37.5107033405587,4145058200,True,True,True
14145000053,A03,53.0,52,효덕노인전문요양원,경기도,하남시,경기도 하남시 하남대로195번길 10 (상산곡동),원주소,경기 하남시 하남대로195번길 10,1.0,127.233093035562,37.4931237438276,4145051000,True,True,True
14145000065,A03,74.0,71,영락노인전문요양원,경기도,하남시,경기도 하남시 안터로 55 (풍산동),원주소,경기 하남시 안터로 55,1.0,127.183699665043,37.5471149293955,4145063000,True,True,True
14145000066,A04,9.0,7,낮은소리의집,경기도,하남시,경기도 하남시 서하남로23번길 33 (감북동),원주소,경기 하남시 서하남로23번길 33,1.0,127.147384861995,37.5181529081896,4145058000,True,True,True
14145000069,A03,41.0,42,경복궁노인전문요양원,경기도,하남시,경기도 하남시 하남대로 218 (상산곡동),원주소,경기 하남시 하남대로 218,1.0,127.233126367244,37.4950069588802,4145051000,True,True,True
14145000081,A03,22.0,14,노인전문요양원효덕,경기도,하남시,경기도 하남시 하남대로195번길 8 (상산곡동),원주소,경기 하남시 하남대로195번길 8,1.0,127.233308047999,37.4930305158674,4145051000,True,True,True
14145000125,A04,9.0,9,노인요양공동생활가정 효재너싱홈,경기도,하남시,경기도 하남시 하남대로 214-29 (상산곡동),원주소,경기 하남시 하남대로 214-29,1.0,127.234314036136,37.4949250504936,4145051000,True,True,True
14145000140,A03,46.0,47,언약사랑나눔요양원,경기도,하남시,경기도 하남시 초이로80번길 41 (초이동),원주소,경기 하남시 초이로80번길 41,1.0,127.173813667749,37.537974759007,4145060000,True,True,True
14145000158,A03,62.0,58,해오름요양센터,경기도,하남시,경기도 하남시 검단로 39 (하산곡동),원주소,경기 하남시 검단로 39,1.0,127.225938081909,37.5226968523139,4145051000,True,True,True
14145000165,A04,9.0,9,하남효요양원,경기도,하남시,경기도 하남시 검단산로 24 1층 (하산곡동),원주소,경기 하남시 검단산로 24,1.0,127.224256936765,37.5191391197047,4145051000,True,True,True
14145000169,A03,73.0,59,사랑노인전문요양원,경기도,하남시,경기도 하남시 초일로105번길 72 (초일동),원주소,경기 하남시 초일로105번길 72,1.0,127.183721394777,37.5334661158864,4145060000,True,True,True
14145000212,A03,48.0,48,아모시니어센터,경기도,하남시,경기도 하남시 미사강변대로54번길 97 2층 3층 (풍산동),원주소,경기 하남시 미사강변대로54번길 97,1.0,127.188854660954,37.5572367951762,4145063000,True,True,True
14145000214,A03,11.0,11,하남관심요양원,경기도,하남시,경기도 하남시 덕풍동로 111-10 A동305~307호 (덕풍동),원주소,경기 하남시 덕풍동로 111-10,1.0,127.208361485462,37.5516876328161,4145056000,True,True,True
14145000217,A03,67.0,65,청담하늘채요양원,경기도,하남시,경기도 하남시 산곡동로32번길 57 (하산곡동),원주소,경기 하남시 산곡동로32번길 57,1.0,127.233605710257,37.507853517412,4145051000,True,True,True
14145000218,A03,66.0,44,으뜸요양원,경기도,하남시,경기도 하남시 검단산로 36 (하산곡동),원주소,경기 하남시 검단산로 36,1.0,127.225546726036,37.51929433899,4145051000,True,True,True
14145000228,A04,9.0,9,참햇살요양원,경기도,하남시,경기도 하남시 덕풍동로 111-15 702 703호 (덕풍동),도로명번호,경기 하남시 덕풍동로 111-15,1.0,127.207944327517,37.5514350980398,4145056000,True,True,True
14145000236,A03,76.0,56,A(+)시니어스한사랑,경기도,하남시,경기도 하남시 초광로108번길 9 (광암동),원주소,경기 하남시 초광로108번길 9,1.0,127.173618462073,37.530837415947,4145060000,True,True,True
14145000241,A03,14.0,12,은혜요양원,경기도,하남시,경기도 하남시 미사강변대로 62 604~606호 (풍산동 바토프라자),도로명번호,경기 하남시 미사강변대로 62,1.0,127.187110476287,37.5554139735083,4145063000,True,True,True
14145000245,A03,65.0,64,하남요양원,경기도,하남시,경기도 하남시 산곡동로 94-1 (하산곡동),원주소,경기 하남시 산곡동로 94-1,1.0,127.227697108776,37.5117739651133,4145051000,True,True,True
14145000260,A03,62.0,53,서은요양원,경기도,하남시,경기도 하남시 산곡동로32번길 56 (하산곡동),원주소,경기 하남시 산곡동로32번길 56,1.0,127.233566861455,37.5071461266608,4145051000,True,True,True
14145000274,A03,49.0,47,서하남요양원,경기도,하남시,경기도 하남시 광암로176번길 17 (광암동),원주소,경기 하남시 광암로176번길 17,1.0,127.174598472504,37.5150233943278,4145058000,True,True,True
14145000284,A03,28.0,22,미사사랑요양원,경기도,하남시,경기도 하남시 미사동로40번길 49-8 (미사동),원주소,경기 하남시 미사동로40번길 49-8,1.0,127.203544235845,37.5688522496639,4145061000,True,True,True
14146000005,A03,140.0,134,온누리요양센터,경기도,용인시,경기도 용인시 처인구 양지면 주북로 441 (양지면),원주소,경기 용인시 처인구 양지읍 주북로 441,1.0,127.279819023016,37.245073770865,4146136000,True,True,True
14146000013,A03,49.0,33,샤인빌시니어스(주),경기도,용인시,경기도 용인시 처인구 양지면 주북로235번길 140 (양지면),원주소,경기 용인시 처인구 양지읍 주북로235번길 140,1.0,127.265736006794,37.257167193325,4146136000,True,True,True
14146000018,A03,40.0,37,송은요양원(죽전점),경기도,용인시,경기도 용인시 수지구 현암로 105 (죽전동 명지프라자 2 3층),원주소,경기 용인시 수지구 현암로 105,1.0,127.12083233489,37.3319786035649,4146554000,True,True,True
14146000019,A03,41.0,36,성은 실버케어스,경기도,용인시,경기도 용인시 수지구 푸른솔로 114 (죽전동),원주소,경기 용인시 수지구 푸른솔로 114,1.0,127.11740606033,37.328443071366,4146555500,True,True,True
14146000022,A03,99.0,95,대한간호복지재단 대한간호노인요양원,경기도,용인시,경기도 용인시 처인구 낙은로 76-27 (역북동),원주소,경기 용인시 처인구 낙은로 76-27,1.0,127.198197389604,37.2449818974451,4146152500,True,True,True
14146000023,A03,84.0,80,제일너싱홈,경기도,용인시,경기도 용인시 처인구 이동읍 백자로181번길 15 (이동읍),원주소,경기 용인시 처인구 이동읍 백자로181번길 15,1.0,127.172385315336,37.2096025028817,4146125600,True,True,True
14146000040,A03,80.0,67,인보마을,경기도,용인시,경기도 용인시 처인구 포곡읍 백옥대로1832번길 42 (포곡읍),원주소,경기 용인시 처인구 포곡읍 백옥대로1832번길 42,1.0,127.240210322778,37.2890529030276,4146125000,True,True,True
14146000041,A03,72.0,57,행복한 집,경기도,용인시,경기도 용인시 처인구 포곡읍 백옥대로1832번길 52 (포곡읍),원주소,경기 용인시 처인구 포곡읍 백옥대로1832번길 52,1.0,127.240559701148,37.2885949175912,4146125000,True,True,True
14146000116,A03,74.0,59,용인효사랑,경기도,용인시,경기도 용인시 처인구 백암면 용천로71번길 31 (백암면),원주소,경기 용인시 처인구 백암면 용천로71번길 31,1.0,127.365912001689,37.1223940753415,4146135000,True,True,True
14146000125,A04,9.0,8,로뎀의 집,경기도,용인시,경기도 용인시 처인구 동부로 514-13 (호동),원주소,경기 용인시 처인구 동부로 514-13,1.0,127.248444425723,37.1993351028662,4146154000,True,True,True
14146000239,A03,19.0,18,양지요양원,경기도,용인시,경기도 용인시 처인구 모현읍 오산로99번길 5-14 (모현읍),원주소,경기 용인시 처인구 모현읍 오산로99번길 5-14,1.0,127.159295448597,37.3253880695727,4146125300,True,True,True
14146000256,A03,48.0,29,행복요양원,경기도,용인시,경기도 용인시 수지구 동천로 12 (동천동),원주소,경기 용인시 수지구 동천로 12,1.0,127.101345349608,37.3416390093856,4146556000,True,True,True
14146000260,A03,24.0,18,아리실복지원,경기도,용인시,경기도 용인시 처인구 남사읍 원암로 407 (남사읍),원주소,경기 용인시 처인구 남사읍 원암로 407,1.0,127.176817236641,37.0961738601722,4146125900,True,True,True
14146000261,A03,80.0,66,용인노인전문요양원,경기도,용인시,경기도 용인시 처인구 백암면 근삼로 172 (백암면),원주소,경기 용인시 처인구 백암면 근삼로 172,1.0,127.355632509596,37.1326851658995,4146135000,True,True,True
14146000274,A04,9.0,7,남부효요양원(희락),경기도,용인시,경기도 용인시 기흥구 용구대로 2362 304호 (마북동 마북프라자),원주소,경기 용인시 기흥구 용구대로 2362,1.0,127.109184164903,37.2975134821321,4146357000,True,True,True
14146000297,A04,9.0,9,남부효요양원(화평),경기도,용인시,경기도 용인시 기흥구 용구대로 2362 303호 (마북동),원주소,경기 용인시 기흥구 용구대로 2362,1.0,127.109184164903,37.2975134821321,4146357000,True,True,True
14146000310,A03,27.0,22,너싱홈 한솔,경기도,용인시,경기도 용인시 수지구 현암로 157 501호 701호 (죽전동),원주소,경기 용인시 수지구 현암로 157,1.0,127.126952389888,37.3319060595014,4146554000,True,True,True
14146000320,A04,9.0,8,효봉원,경기도,용인시,경기도 용인시 처인구 원삼면 수정로6번길 108 (원삼면),원주소,경기 용인시 처인구 원삼면 수정로6번길 108,1.0,127.342248216074,37.1925125999459,4146134000,True,True,True
14146000333,A03,26.0,24,(주)사랑방요양원,경기도,용인시,경기도 용인시 기흥구 동백4로 7 6층 (중동 MD타운),원주소,경기 용인시 기흥구 동백4로 7,1.0,127.151647368569,37.2710215808103,4146357500,True,True,True
14146000348,A04,9.0,9,용인해바라기요양원,경기도,용인시,경기도 용인시 처인구 양지면 한터로439번길 32 (양지면),원주소,경기 용인시 처인구 양지읍 한터로439번길 32,1.0,127.254084218679,37.2645681457063,4146136000,True,True,True
14146000354,A03,78.0,77,즐거운우리집,경기도,용인시,경기도 용인시 처인구 양지면 주한로 58 (양지면),원주소,경기 용인시 처인구 양지읍 주한로 58,1.0,127.268752483859,37.2514093105879,4146136000,True,True,True
14146000362,A03,48.0,29,어르신요양센터,경기도,용인시,경기도 용인시 수지구 풍덕천로190번길 25 (풍덕천동 신건프라자 4 5층),원주소,경기 용인시 수지구 풍덕천로190번길 25,1.0,127.102556839966,37.3243112243674,4146551000,True,True,True
14146000377,A03,25.0,21,연화노인간호센터,경기도,용인시,경기도 용인시 수지구 정평로 132 (풍덕천동),원주소,경기 용인시 수지구 정평로 132,1.0,127.094937775418,37.324806753295,4146551000,True,True,True
14146000385,A03,68.0,49,(주)무지개실버케어스,경기도,용인시,경기도 용인시 기흥구 기흥로116번길 99 (언남동 지하1층 2~4층),원주소,경기 용인시 기흥구 기흥로116번길 99,1.0,127.12108421355,37.2900018535747,4146356000,True,True,True
14146000389,A03,62.0,61,(주)원하트 노인전문요양센터,경기도,용인시,경기도 용인시 기흥구 죽전로43번길 11-28 (보정동),원주소,경기 용인시 기흥구 죽전로43번길 11-28,1.0,127.112196624006,37.3216983119447,4146359000,True,True,True
14146000396,A03,90.0,76,서수지요양원,경기도,용인시,경기도 용인시 수지구 도마치로89번길 4-18 (성복동),원주소,경기 용인시 수지구 도마치로89번길 4-18,1.0,127.059921285455,37.3252464848434,4146559000,True,True,True
14146000412,A03,124.0,84,노블실버홈,경기도,용인시,경기도 용인시 기흥구 신구로 64 (구갈동),원주소,경기 용인시 기흥구 신구로 64,1.0,127.109791944454,37.2779385878429,4146352000,True,True,True
14146000452,A04,9.0,9,실로암요양원,경기도,용인시,경기도 용인시 수지구 신봉1로 62 (신봉동 LG프라자 501호 502호),원주소,경기 용인시 수지구 신봉1로 62,1.0,127.078584439102,37.3226055371867,4146553000,True,True,True
14146000498,A04,9.0,9,노인공동생활가정 가람,경기도,용인시,경기도 용인시 기흥구 신갈로84번길 27-8 (신갈동),원주소,경기 용인시 기흥구 신갈로84번길 27-8,1.0,127.109168093049,37.2745240434973,4146351000,True,True,True
14146000502,A03,66.0,66,수지성모요양원,경기도,용인시,경기도 용인시 수지구 고기로163번길 17 (동천동),원주소,경기 용인시 수지구 고기로163번길 17,1.0,127.084906297954,37.3483018177635,4146556000,True,True,True
14146000513,A03,41.0,35,새희망요양원,경기도,용인시,경기도 용인시 기흥구 흥덕중앙로 41 6층층 (영덕동 흥덕웰스프라자),원주소,경기 용인시 기흥구 흥덕중앙로 41,1.0,127.071564664297,37.2765080950565,4146351600,True,True,True
14146000560,A03,29.0,17,흥덕요양원,경기도,용인시,경기도 용인시 기흥구 흥덕2로117번길 23 901호 (영덕동 하워드힐하우스),원주소,경기 용인시 기흥구 흥덕2로117번길 23,1.0,127.071466371862,37.2778511545155,4146351600,True,True,True
14146000562,A03,37.0,36,봄날실버요양원,경기도,용인시,경기도 용인시 수지구 대지로 39 (죽전동 양지프라자 5 6층),원주소,경기 용인시 수지구 대지로 39,1.0,127.113848351265,37.328364554138,4146554000,True,True,True
14146000567,A03,40.0,18,하나요양원,경기도,용인시,경기도 용인시 처인구 백옥대로 1255-8 (유방동),원주소,경기 용인시 처인구 백옥대로 1255-8,1.0,127.211573163073,37.2481725051586,4146153000,True,True,True
14146000599,A03,44.0,36,용인효민요양원,경기도,용인시,경기도 용인시 처인구 백옥대로 1374 4층 (유방동),원주소,경기 용인시 처인구 백옥대로 1374,1.0,127.212879881679,37.2576845378945,4146153000,True,True,True
14146000604,A03,27.0,22,용인삼성노인전문요양원,경기도,용인시,경기도 용인시 처인구 금령로 62 901호 (김량장동 위너스파라자),원주소,경기 용인시 처인구 금령로 62,1.0,127.203264703543,37.2346557193728,4146151000,True,True,True
14146000607,A03,176.0,158,구성노인전문요양원,경기도,용인시,경기도 용인시 기흥구 구성1로 28 (청덕동),원주소,경기 용인시 기흥구 구성1로 28,1.0,127.145926601068,37.2922078654026,4146356000,True,True,True
14146000615,A03,29.0,29,동백마더요양원,경기도,용인시,경기도 용인시 기흥구 동백중앙로 203 601호 (중동 미주타운),원주소,경기 용인시 기흥구 동백중앙로 203,1.0,127.151775745525,37.2715067165547,4146357500,True,True,True
14146000635,A04,9.0,9,기흥해피요양원1호,경기도,용인시,경기도 용인시 기흥구 구갈로 64 10층1001호 (구갈동 소공빌딩),원주소,경기 용인시 기흥구 구갈로 64,1.0,127.111516509605,37.2802006571346,4146352000,True,True,True
14146000636,A04,9.0,8,기흥해피요양원2호,경기도,용인시,경기도 용인시 기흥구 구갈로 64 10층1001호 (구갈동 소공빌딩),원주소,경기 용인시 기흥구 구갈로 64,1.0,127.111516509605,37.2802006571346,4146352000,True,True,True
14146000647,A03,98.0,57,아름요양원,경기도,용인시,경기도 용인시 처인구 명지로 198 (남동),원주소,경기 용인시 처인구 명지로 198,1.0,127.196304806267,37.2254224590921,4146151000,True,True,True
14146000665,A03,16.0,15,예원요양원,경기도,용인시,경기도 용인시 처인구 양지면 중부대로1876번길 26 (양지면),원주소,경기 용인시 처인구 양지읍 중부대로1876번길 26,1.0,127.251792964641,37.2237452575596,4146136000,True,True,True
14146000682,A03,43.0,39,마더링케어 요양원,경기도,용인시,경기도 용인시 기흥구 강남동로 6 6층601호 (구갈동 그랜드프라자),원주소,경기 용인시 기흥구 강남동로 6,1.0,127.127754052312,37.271398838861,4146352000,True,True,True
14146000693,A03,17.0,14,함춘너싱홈,경기도,용인시,경기도 용인시 기흥구 구성로279번길 3-36 (청덕동),원주소,경기 용인시 기흥구 구성로279번길 3-36,1.0,127.143359101818,37.2916724530542,4146356000,True,True,True
14146000703,A03,29.0,28,다온실버케어,경기도,용인시,경기도 용인시 기흥구 강남서로 9 501호 (구갈동 아카데미프라자),원주소,경기 용인시 기흥구 강남서로 9,1.0,127.126664993265,37.2721162460957,4146352000,True,True,True
14146000719,A04,9.0,8,성모어르신요양센터,경기도,용인시,경기도 용인시 수지구 고기로427번길 26 (고기동),원주소,경기 용인시 수지구 고기로427번길 26,1.0,127.0611431922,37.3580829135886,4146556000,True,True,True
14146000720,A03,86.0,76,하이파이브요양원,경기도,용인시,경기도 용인시 기흥구 석성로521번길 12-3 (동백동),원주소,경기 용인시 기흥구 석성로521번길 12-3,1.0,127.158551911508,37.289391743771,4146357200,True,True,True
14146000733,A03,49.0,41,고은요양원,경기도,용인시,경기도 용인시 처인구 백옥대로941번길 12 (남동),원주소,경기 용인시 처인구 백옥대로941번길 12,1.0,127.207991541624,37.2208212300392,4146151000,True,True,True
14146000734,A03,40.0,38,상현노인전문요양원,경기도,용인시,경기도 용인시 수지구 심곡로 90 (상현동),원주소,경기 용인시 수지구 심곡로 90,1.0,127.082322740057,37.3099997832027,4146557000,True,True,True
14146000735,A04,9.0,9,송은요양원(죽전점)2관,경기도,용인시,경기도 용인시 수지구 현암로 105 6층 (죽전동 명지프라자),원주소,경기 용인시 수지구 현암로 105,1.0,127.12083233489,37.3319786035649,4146554000,True,True,True
14146000740,A04,9.0,8,가람요양원,경기도,용인시,경기도 용인시 처인구 해실로 67-6 (해곡동),원주소,경기 용인시 처인구 해실로 67-6,1.0,127.273448356975,37.1810777230137,4146154000,True,True,True
14146000753,A03,18.0,16,파인트리요양원,경기도,용인시,경기도 용인시 처인구 백암면 황새울로133번길 1-2 (백암면),원주소,경기 용인시 처인구 백암면 황새울로133번길 1-2,1.0,127.362643584851,37.1124577720133,4146135000,True,True,True
14146000765,A03,98.0,72,용인종합요양센터,경기도,용인시,경기도 용인시 처인구 금어로 2 3층 (유방동),원주소,경기 용인시 처인구 금어로 2,1.0,127.215520491193,37.2646871557216,4146153000,True,True,True
14146000779,A03,44.0,36,상아요양원,경기도,용인시,경기도 용인시 처인구 백옥대로 1321 (유방동),원주소,경기 용인시 처인구 백옥대로 1321,1.0,127.211719715932,37.2530566146897,4146153000,True,True,True
14146000782,A04,9.0,9,노인요양원 희망,경기도,용인시,경기도 용인시 수지구 현암로 157 6층 (죽전동 한솔프라자),원주소,경기 용인시 수지구 현암로 157,1.0,127.126952389888,37.3319060595014,4146554000,True,True,True
14146000783,A04,9.0,8,노인요양원 희망2,경기도,용인시,경기도 용인시 수지구 현암로 157 6층 (죽전동 한솔프라자),원주소,경기 용인시 수지구 현암로 157,1.0,127.126952389888,37.3319060595014,4146554000,True,True,True
14146000784,A03,28.0,27,수지행복마지요양원,경기도,용인시,경기도 용인시 수지구 이현로 115 201호 (상현동 상현프라자),원주소,경기 용인시 수지구 이현로 115,1.0,127.091107409277,37.3122663864717,4146558000,True,True,True
14146000794,A03,20.0,13,아름다운실버요양원,경기도,용인시,경기도 용인시 수지구 현암로 160 5층 (죽전동),원주소,경기 용인시 수지구 현암로 160,1.0,127.126946586659,37.3314077954437,4146554000,True,True,True
14146000808,A03,29.0,29,명품우리들요양원,경기도,용인시,경기도 용인시 수지구 현암로 95 7층 (죽전동 현대프라자),원주소,경기 용인시 수지구 현암로 95,1.0,127.119721962535,37.3318733205256,4146554000,True,True,True
14146000817,A04,9.0,9,장현숙요양센터,경기도,용인시,경기도 용인시 기흥구 중부대로 343 3층 (신갈동),원주소,경기 용인시 기흥구 중부대로 343,1.0,127.104897291637,37.2717585572451,4146351000,True,True,True
14146000819,A03,49.0,30,빛사랑요양원,경기도,용인시,경기도 용인시 기흥구 구성로 54 (마북동),원주소,경기 용인시 기흥구 구성로 54,1.0,127.115367800758,37.2946636737986,4146357000,True,True,True
14146000829,A03,94.0,79,성은실버케어스 2관,경기도,용인시,경기도 용인시 수지구 현암로 73 (죽전동),원주소,경기 용인시 수지구 현암로 73,1.0,127.117318386268,37.3316336210813,4146554000,True,True,True
14146000837,A04,9.0,5,헤아림 요양원(고운길),경기도,용인시,경기도 용인시 기흥구 마북로 141 3층A호 (마북동),원주소,경기 용인시 기흥구 마북로 141,1.0,127.122319338017,37.3031775237879,4146357000,True,True,True
14146000839,A03,97.0,95,백만송이실버케어,경기도,용인시,경기도 용인시 처인구 양지면 반정로 48 (양지면),원주소,경기 용인시 처인구 양지읍 반정로 48,1.0,127.253640379199,37.2213858910947,4146136000,True,True,True
14146000842,A03,28.0,16,평강 요양원,경기도,용인시,경기도 용인시 기흥구 사은로126번길 56 (보라동),원주소,경기 용인시 기흥구 사은로126번길 56,1.0,127.120801008754,37.2514528325803,4146353500,True,True,True
14146000854,A03,45.0,29,해마루실버케어,경기도,용인시,경기도 용인시 처인구 백암면 죽양대로801번길 26-64 (백암면),원주소,경기 용인시 처인구 백암면 죽양대로801번길 26-64,1.0,127.390459093527,37.1349094855791,4146135000,True,True,True
14146000856,A04,9.0,8,성복 그레이스 요양원,경기도,용인시,경기도 용인시 수지구 성복1로249번길 21 (성복동),원주소,경기 용인시 수지구 성복1로249번길 21,1.0,127.057065429144,37.3214008461163,4146559000,True,True,True
14146000857,A03,105.0,90,수지열린요양원,경기도,용인시,경기도 용인시 수지구 심곡로 27 (상현동),원주소,경기 용인시 수지구 심곡로 27,1.0,127.076651834456,37.3077741610065,4146557000,True,True,True
14146000861,A03,35.0,26,경기산들요양원,경기도,용인시,경기도 용인시 기흥구 중부대로874번길 11 1층 (상하동),원주소,경기 용인시 기흥구 중부대로874번길 11,1.0,127.147134096948,37.2501937459248,4146358600,True,True,True
14146000862,A03,99.0,90,그레이스요양원,경기도,용인시,경기도 용인시 기흥구 구성2로23번길 19 (청덕동),원주소,경기 용인시 기흥구 구성2로23번길 19,1.0,127.144935123652,37.2912420905289,4146356000,True,True,True
14146000863,A03,99.0,98,행복나무요양원,경기도,용인시,경기도 용인시 기흥구 구성2로23번길 21 (청덕동),원주소,경기 용인시 기흥구 구성2로23번길 21,1.0,127.144596883795,37.2913475651575,4146356000,True,True,True
14146000869,A03,29.0,23,용인시니어너싱홈,경기도,용인시,경기도 용인시 처인구 백암면 한택로88번길 92 (백암면),원주소,경기 용인시 처인구 백암면 한택로88번길 92,1.0,127.411435776021,37.1022400592956,4146135000,True,True,True
14146000871,A03,22.0,21,도손요양원,경기도,용인시,경기도 용인시 기흥구 한보라2로 5-5 301호 (보라동),원주소,경기 용인시 기흥구 한보라2로 5-5,1.0,127.110206577964,37.2545942027667,4146353500,True,True,True
14146000877,A03,26.0,26,해피라이프요양원,경기도,용인시,경기도 용인시 수지구 신봉2로 73-2 201 301호 (신봉동),도로명번호,경기 용인시 수지구 신봉2로 73-2,1.0,127.073021376769,37.3276457833461,4146553000,True,True,True
14146000878,A03,84.0,80,행복한동백요양원,경기도,용인시,경기도 용인시 기흥구 석성로521번길 14-22 (동백동),원주소,경기 용인시 기흥구 석성로521번길 14-22,1.0,127.157204574249,37.2907857335694,4146357200,True,True,True
14146000880,A03,49.0,49,정성가득 요양원,경기도,용인시,경기도 용인시 기흥구 한일로 12-2 (공세동),원주소,경기 용인시 기흥구 한일로 12-2,1.0,127.103272467187,37.2438318061463,4146354000,True,True,True
14146000885,A03,84.0,71,자연요양원,경기도,용인시,경기도 용인시 처인구 이동읍 백옥대로587번길 45 (이동읍),원주소,경기 용인시 처인구 이동읍 백옥대로587번길 45,1.0,127.201517288686,37.1902560256529,4146125600,True,True,True
14146000890,A03,88.0,42,더본행복타운요양원,경기도,용인시,경기도 용인시 기흥구 공세로90번길 28 (공세동),원주소,경기 용인시 기흥구 공세로90번길 28,1.0,127.110045547766,37.2342415546185,4146354000,True,True,True
14146000893,A03,66.0,37,용인예원요양원,경기도,용인시,경기도 용인시 기흥구 구성1로 22 3~5층 (청덕동 대림프라자),도로명번호,경기 용인시 기흥구 구성1로 22,1.0,127.145362737698,37.2919279762759,4146356000,True,True,True
14146000904,A03,89.0,83,기쁨재활요양원,경기도,용인시,경기도 용인시 처인구 이동읍 어진로 758 (이동읍),원주소,경기 용인시 처인구 이동읍 어진로 758,1.0,127.190292120238,37.1049500175876,4146125600,True,True,True
14146000905,A03,90.0,81,호수재활요양원,경기도,용인시,경기도 용인시 처인구 이동읍 어진로 760 (이동읍),원주소,경기 용인시 처인구 이동읍 어진로 760,1.0,127.190688481299,37.1050499397015,4146125600,True,True,True
14146000909,A03,48.0,30,더리치요양원,경기도,용인시,경기도 용인시 수지구 만현로67번길 34-15 (상현동),원주소,경기 용인시 수지구 만현로67번길 34-15,1.0,127.091128108019,37.3079190576723,4146558000,True,True,True
14146000911,A03,87.0,66,헤리티지요양원,경기도,용인시,경기도 용인시 기흥구 지삼로107번길 48-1 (지곡동),원주소,경기 용인시 기흥구 지삼로107번길 48-1,1.0,127.135614420886,37.2470677223205,4146353500,True,True,True
14146000912,A04,9.0,7,은지연요양원,경기도,용인시,경기도 용인시 처인구 원삼면 원양로 58-22 (원삼면),원주소,경기 용인시 처인구 원삼면 원양로 58-22,1.0,127.314282521182,37.1663236276465,4146134000,True,True,True
14146000915,A04,6.0,6,실로암요양원 2,경기도,용인시,경기도 용인시 수지구 신봉1로 62 2층201호 (신봉동 LG프라자),원주소,경기 용인시 수지구 신봉1로 62,1.0,127.078584439102,37.3226055371867,4146553000,True,True,True
14146000920,A04,9.0,9,한가족사랑요양센터(공생Ⅰ),경기도,용인시,경기도 용인시 기흥구 구갈로 64 9층 (구갈동 소공빌딩),원주소,경기 용인시 기흥구 구갈로 64,1.0,127.111516509605,37.2802006571346,4146352000,True,True,True
14146000922,A04,9.0,9,한가족사랑요양센터(공생Ⅱ),경기도,용인시,경기도 용인시 기흥구 구갈로 64 9층 (구갈동 소공빌딩),원주소,경기 용인시 기흥구 구갈로 64,1.0,127.111516509605,37.2802006571346,4146352000,True,True,True
14146000924,A03,75.0,73,꽃피는요양원,경기도,용인시,경기도 용인시 기흥구 마북로240번길 15-1 (마북동),원주소,경기 용인시 기흥구 마북로240번길 15-1,1.0,127.133099640926,37.3090662292155,4146357000,True,True,True
14146000927,A04,9.0,9,더사랑 효민요양센터,경기도,용인시,경기도 용인시 수지구 현암로 95 5층504 506-2호 (죽전동),원주소,경기 용인시 수지구 현암로 95,1.0,127.119721962535,37.3318733205256,4146554000,True,True,True
14146000930,A03,29.0,26,어르신사랑요양원,경기도,용인시,경기도 용인시 기흥구 흥덕2로87번길 18 D동503호 (영덕동),원주소,경기 용인시 기흥구 흥덕2로87번길 18,1.0,127.071589469754,37.275912222227,4146351600,True,True,True
14146000934,A03,49.0,42,꽃향기요양원,경기도,용인시,경기도 용인시 기흥구 언동로71번길 55 (청덕동),원주소,경기 용인시 기흥구 언동로71번길 55,1.0,127.143605715302,37.2880965671432,4146356000,True,True,True
14146000936,A03,29.0,21,맘편한요양원,경기도,용인시,경기도 용인시 기흥구 죽전로 57 8층801호 (보정동 엘림프라자),원주소,경기 용인시 기흥구 죽전로 57,1.0,127.115148317135,37.3207684937291,4146359000,True,True,True
14146000937,A04,9.0,8,소망주는요양원,경기도,용인시,경기도 용인시 수지구 성복2로 17 (성복동 성복동 수지골드프라자1차 116호),원주소,경기 용인시 수지구 성복2로 17,1.0,127.081023433323,37.3107115964055,4146559000,True,True,True
14146000949,A03,18.0,17,수지실버요양원,경기도,용인시,경기도 용인시 수지구 신봉2로 73-2 304호 (신봉동 아트프라자),원주소,경기 용인시 수지구 신봉2로 73-2,1.0,127.073021376769,37.3276457833461,4146553000,True,True,True
14146000951,A03,84.0,78,남동요양원,경기도,용인시,경기도 용인시 처인구 평옥로 38 (남동),원주소,경기 용인시 처인구 평옥로 38,1.0,127.210218454684,37.2199967148889,4146151000,True,True,True
14146000954,A03,98.0,96,늘봄실버타운요양원,경기도,용인시,경기도 용인시 기흥구 중부대로681번길 31-3 (상하동),원주소,경기 용인시 기흥구 중부대로681번길 31-3,1.0,127.140318198556,37.2679910247166,4146358600,True,True,True
14146000956,A03,49.0,49,용인숲요양원,경기도,용인시,경기도 용인시 처인구 한터로152번길 28-53 (고림동),원주소,경기 용인시 처인구 한터로152번길 28-53,1.0,127.226446390269,37.2482792517149,4146153000,True,True,True
14146000959,A03,92.0,84,노블레스 요양원,경기도,용인시,경기도 용인시 기흥구 중부대로681번길 31-1 (상하동),원주소,경기 용인시 기흥구 중부대로681번길 31-1,1.0,127.139765699462,37.2675288135608,4146358600,True,True,True
14146000963,A03,92.0,87,시니어캐슬요양원,경기도,용인시,경기도 용인시 기흥구 중부대로681번길 31-2 (상하동 기흥캐슬),원주소,경기 용인시 기흥구 중부대로681번길 31-2,1.0,127.1399551248,37.267783584356,4146358600,True,True,True
14146000964,A03,93.0,85,다인실버케어요양원,경기도,용인시,경기도 용인시 기흥구 중부대로681번길 31 (상하동),원주소,경기 용인시 기흥구 중부대로681번길 31,1.0,127.139935149038,37.2672241516653,4146358600,True,True,True
14146000965,A04,9.0,9,늘편한요양원,경기도,용인시,경기도 용인시 기흥구 구갈로 64 403호 (구갈동),원주소,경기 용인시 기흥구 구갈로 64,1.0,127.111516509605,37.2802006571346,4146352000,True,True,True
14146000968,A03,38.0,34,사랑방호수요양원,경기도,용인시,경기도 용인시 기흥구 동백5로 23 7 8층 (중동 명진프라자),도로명번호,경기 용인시 기흥구 동백5로 23,1.0,127.152284665482,37.2764789917162,4146357500,True,True,True
14146000972,A03,71.0,63,해피누리요양원,경기도,용인시,경기도 용인시 기흥구 탑실로 155-1 (공세동 해피누리요양원),원주소,경기 용인시 기흥구 탑실로 155-1,1.0,127.120439527012,37.2455759611334,4146354000,True,True,True
14146000975,A03,41.0,38,동백어르신요양원,경기도,용인시,경기도 용인시 기흥구 동백중앙로 273 4층 (중동),원주소,경기 용인시 기흥구 동백중앙로 273,1.0,127.153428293102,37.2770153454241,4146357500,True,True,True
14146000979,A03,43.0,40,수지제일요양원,경기도,용인시,경기도 용인시 수지구 심곡로 87 B동3층307 311호 (성복동 제일아이조움),원주소,경기 용인시 수지구 심곡로 87,1.0,127.081757585198,37.3107245169077,4146559000,True,True,True
14146000982,A04,9.0,9,우리기쁨요양원,경기도,용인시,경기도 용인시 기흥구 흥덕1로 101 301호 302호호 (영덕동 301~302호),원주소,경기 용인시 기흥구 흥덕1로 101,1.0,127.073779661523,37.2748261151394,4146351600,True,True,True
14146000991,A03,99.0,87,섬김재활요양원,경기도,용인시,경기도 용인시 처인구 이동읍 서리로 61 (이동읍),원주소,경기 용인시 처인구 이동읍 서리로 61,1.0,127.183750173992,37.1931658465198,4146125600,True,True,True
14146000995,A03,38.0,30,죽전노블요양원,경기도,용인시,경기도 용인시 수지구 현암로 95 6층 (죽전동),원주소,경기 용인시 수지구 현암로 95,1.0,127.119721962535,37.3318733205256,4146554000,True,True,True
14146000999,A03,36.0,29,(주)원하트 동백사랑마루요양원,경기도,용인시,경기도 용인시 기흥구 동백중앙로 221 5층501호 (중동),원주소,경기 용인시 기흥구 동백중앙로 221,1.0,127.150530173018,37.2731199071375,4146357500,True,True,True
14146001002,A03,84.0,84,동백소중한사람들요양원,경기도,용인시,경기도 용인시 기흥구 석성로521번길 14-20 (동백동),원주소,경기 용인시 기흥구 석성로521번길 14-20,1.0,127.157573684672,37.2906755865391,4146357200,True,True,True
14146001006,A04,9.0,9,보림요양원(믿음),경기도,용인시,경기도 용인시 수지구 동천로 83 401호 (동천동),원주소,경기 용인시 수지구 동천로 83,1.0,127.09443335546,37.3389818238173,4146556000,True,True,True
14146001007,A04,9.0,9,보림요양원(소망),경기도,용인시,경기도 용인시 수지구 동천로 83 402호 (동천동),원주소,경기 용인시 수지구 동천로 83,1.0,127.09443335546,37.3389818238173,4146556000,True,True,True
14146001019,A03,61.0,58,요양원 헤세드하우스,경기도,용인시,경기도 용인시 기흥구 동백죽전대로527번길 100-16 (중동),원주소,경기 용인시 기흥구 동백죽전대로527번길 100-16,1.0,127.143178094446,37.2818516288804,4146357700,True,True,True
14146001024,A03,99.0,85,아가페요양원,경기도,용인시,경기도 용인시 수지구 동천로 363-11 (동천동),원주소,경기 용인시 수지구 동천로 363-11,1.0,127.065913819414,37.3419710362798,4146556000,True,True,True
14146001026,A03,92.0,86,로얄튼너싱홈,경기도,용인시,경기도 용인시 기흥구 석성로521번길 14-2 (동백동),원주소,경기 용인시 기흥구 석성로521번길 14-2,1.0,127.157979298701,37.2897398593025,4146357200,True,True,True
14146001048,A03,80.0,73,동수원노인전문요양원,경기도,용인시,경기도 용인시 기흥구 흥덕2로87번길 17 (영덕동 세림프라자 601 701호),원주소,경기 용인시 기흥구 흥덕2로87번길 17,1.0,127.071884134202,37.2751237235744,4146351600,True,True,True
14146001067,A03,81.0,64,힐링하우스 실버요양센터,경기도,용인시,경기도 용인시 처인구 모현읍 새래로 146 (모현읍),원주소,경기 용인시 처인구 모현읍 새래로 146,1.0,127.251431225788,37.3007108893964,4146125300,True,True,True
14146001068,A03,85.0,43,서울간호전문요양원,경기도,용인시,경기도 용인시 기흥구 구성1로 20 3~5층 (청덕동),도로명번호,경기 용인시 기흥구 구성1로 20,1.0,127.14504695687,37.29169076017,4146356000,True,True,True
14146001082,A03,88.0,45,더본행복타운요양원,경기도,용인시,경기도 용인시 기흥구 공세로90번길 28 (공세동),원주소,경기 용인시 기흥구 공세로90번길 28,1.0,127.110045547766,37.2342415546185,4146354000,True,True,True
14146001084,A03,99.0,29,용인 프라임 재활 실버케어,경기도,용인시,경기도 용인시 처인구 신기로 137-1 (남동),원주소,경기 용인시 처인구 신기로 137-1,1.0,127.202522979138,37.2160779510715,4146151000,True,True,True
14146001085,A03,99.0,16,헤리티지 힐링케어,경기도,용인시,경기도 용인시 처인구 신기로 137 (남동),원주소,경기 용인시 처인구 신기로 137,1.0,127.203100754877,37.2160064097312,4146151000,True,True,True
14146001094,A03,108.0,40,수담채 실버스테이,경기도,용인시,경기도 용인시 수지구 수풍로71번길 15 (동천동),원주소,경기 용인시 수지구 수풍로71번길 15,1.0,127.091100628418,37.3307627989653,4146556000,True,True,True
14148000006,A04,9.0,9,사랑의 쉼터,경기도,파주시,경기도 파주시 적성면 율포리 162번지 3호 ,지번정규화,경기 파주시 적성면 율포리 162-3,1.0,126.952218602192,37.9778475689389,4148037000,True,True,True
14148000008,A04,9.0,9,은행재,경기도,파주시,경기도 파주시 성재길 37-21 (당하동),원주소,경기 파주시 성재길 37-21,1.0,126.748523443449,37.7365366008919,4148055000,True,True,True
14148000010,A03,80.0,57,진인노인요양원,경기도,파주시,경기도 파주시 파평면 늘노리 167번지 7호 ,지번정규화,경기 파주시 파평면 눌노리 167-7,1.0,126.855659887028,37.9301856078254,4148036000,True,True,True
14148000023,A03,29.0,26,기쁨의집,경기도,파주시,경기도 파주시 광탄면 보광로610번길 89 라동 (광탄면),원주소,경기 파주시 광탄면 보광로610번길 89,1.0,126.90786743176,37.7635901028144,4148035000,True,True,True
14148000030,A04,9.0,8,예빛마을,경기도,파주시,경기도 파주시 법원읍 보광로1794번길 63 (법원읍),원주소,경기 파주시 법원읍 보광로1794번길 63,1.0,126.870245496231,37.8373823736415,4148025600,True,True,True
14148000035,A03,18.0,18,한나노인요양원,경기도,파주시,경기도 파주시 광탄면 샘말길 36 (광탄면),원주소,경기 파주시 광탄면 샘말길 36,1.0,126.873331064439,37.7401439822255,4148035000,True,True,True
14148000076,A03,75.0,75,헤이리 너싱홈,경기도,파주시,경기도 파주시 탄현면 갈현로29번길 124-8 (탄현면),원주소,경기 파주시 탄현면 갈현로29번길 124-8,1.0,126.718487174471,37.7676161300911,4148032000,True,True,True
14148000109,A04,9.0,9,샬롬의집,경기도,파주시,경기도 파주시 조리읍 대원로 45 307동102호 (조리읍 동문그린씨티아파트),원주소,경기 파주시 조리읍 대원로 45,1.0,126.817158814673,37.7270881698889,4148026200,True,True,True
14148000145,A03,20.0,13,한빛실버카운티,경기도,파주시,경기도 파주시 광탄면 보광로482번길 26 (광탄면),원주소,경기 파주시 광탄면 보광로482번길 26,1.0,126.91522037589,37.7536949033116,4148035000,True,True,True
14148000148,A03,25.0,22,거북마을,경기도,파주시,경기도 파주시 파주읍 약수골길 74 (파주읍),원주소,경기 파주시 파주읍 약수골길 74,1.0,126.834931803395,37.8237572741564,4148025300,True,True,True
14148000162,A04,9.0,0,온누리실버홈,경기도,파주시,경기도 파주시 조리읍 대원로 56 308동101호 (조리읍 동문그린시티아파트),원주소,경기 파주시 조리읍 대원로 56,1.0,126.815568828075,37.7280879322999,4148026200,True,True,True
14148000164,A03,29.0,16,한울요양원,경기도,파주시,경기도 파주시 월롱면 서영로 128 (월롱면),원주소,경기 파주시 월롱면 서영로 128,1.0,126.768057548223,37.8233531132765,4148031000,True,True,True
14148000165,A03,29.0,28,온세그린노인전문요양원,경기도,파주시,경기도 파주시 새꽃로 62 (금촌동 아이닷베스트프라자 205~206호 304호),원주소,경기 파주시 새꽃로 62,1.0,126.768835529019,37.7556579532965,4148052000,True,True,True
14148000168,A03,29.0,15,파주밀요양원,경기도,파주시,경기도 파주시 중앙로 193 (금능동 메트로프라자 3층),원주소,경기 파주시 중앙로 193,1.0,126.781961626989,37.7544806291758,4148051000,True,True,True
14148000169,A04,9.0,8,좋은사람들요양원,경기도,파주시,경기도 파주시 숲속노을로 265 (문발동 토우프라자 6층),원주소,경기 파주시 숲속노을로 265,1.0,126.711201565927,37.7241358306124,4148059000,True,True,True
14148000191,A03,29.0,25,믿음의동산,경기도,파주시,경기도 파주시 법원읍 부흥로21번길 1025 (법원읍),원주소,경기 파주시 법원읍 부흥로21번길 1025,1.0,126.913479053342,37.8449550332236,4148025600,True,True,True
14148000192,A03,49.0,9,파주사랑요양원,경기도,파주시,경기도 파주시 풀무골로 10 (야동동),원주소,경기 파주시 풀무골로 10,1.0,126.757367967812,37.7722258790997,4148053000,True,True,True
14148000206,A03,24.0,23,산호케어,경기도,파주시,경기도 파주시 광탄면 보광로538번길 46 (광탄면),원주소,경기 파주시 광탄면 보광로538번길 46,1.0,126.910946433682,37.7560903954868,4148035000,True,True,True
14148000209,A04,8.0,6,베들레헴 요양원,경기도,파주시,경기도 파주시 조리읍 수레길 69 (조리읍),원주소,경기 파주시 조리읍 수레길 69,1.0,126.841764677357,37.7566120045162,4148026200,True,True,True
14148000221,A04,9.0,7,햇살가득요양원,경기도,파주시,경기도 파주시 법원읍 술이홀로907번길 139 (법원읍),원주소,경기 파주시 법원읍 술이홀로907번길 139,1.0,126.875804300025,37.8553352514833,4148025600,True,True,True
14148000224,A03,29.0,27,벧엘노인요양원,경기도,파주시,경기도 파주시 파평면 장승배기로 173-38 (파평면),원주소,경기 파주시 파평면 장승배기로 173-38,1.0,126.813125701266,37.8821445135882,4148036000,True,True,True
14148000226,A03,17.0,10,초록빛,경기도,파주시,경기도 파주시 황골로 76 (금촌동),원주소,경기 파주시 황골로 76,1.0,126.777371739092,37.7551329067144,4148051000,True,True,True
14148000233,A03,29.0,27,YJ요양원,경기도,파주시,경기도 파주시 송학1길 42 (야당동),원주소,경기 파주시 송학1길 42,1.0,126.763393332428,37.7117879215507,4148058000,True,True,True
14148000237,A03,29.0,19,파주연세요양센터,경기도,파주시,경기도 파주시 적성면 율곡로2490번길 17 (적성면),원주소,경기 파주시 적성면 율곡로2490번길 17,1.0,126.952380079801,37.9782484594202,4148037000,True,True,True
14148000238,A03,20.0,16,파주연세요양센터2,경기도,파주시,경기도 파주시 적성면 율곡로2490번길 17 (적성면),원주소,경기 파주시 적성면 율곡로2490번길 17,1.0,126.952380079801,37.9782484594202,4148037000,True,True,True
14148000239,A04,9.0,7,가가호호 노인복지센터,경기도,파주시,경기도 파주시 문산읍 개포래로 52 2층 (문산읍),원주소,경기 파주시 문산읍 개포래로 52,1.0,126.782636579319,37.8542072835972,4148025000,True,True,True
14148000241,A04,5.0,4,월롱패밀리 요양원,경기도,파주시,경기도 파주시 월롱면 다락고개길 81 (월롱면),원주소,경기 파주시 월롱면 다락고개길 81,1.0,126.790190666603,37.7946018241263,4148031000,True,True,True
14148000245,A04,9.0,9,우리집실버케어,경기도,파주시,경기도 파주시 조리읍 능안로 37 119동102호 (조리읍 한라비발디),원주소,경기 파주시 조리읍 능안로 37,1.0,126.80248923954,37.7417232690234,4148026200,True,True,True
14148000258,A03,77.0,40,성심노인전문요양원,경기도,파주시,경기도 파주시 문산읍 당동2로 11-1 (문산읍),원주소,경기 파주시 문산읍 당동2로 11-1,1.0,126.783859721965,37.8676550313081,4148025000,True,True,True
14148000268,A03,99.0,77,플로렌스 너싱홈,경기도,파주시,경기도 파주시 탄현면 새오리로 123 (탄현면),원주소,경기 파주시 탄현면 새오리로 123,1.0,126.686447743556,37.795156138202,4148032000,True,True,True
14148000280,A03,115.0,101,금촌파주요양원,경기도,파주시,경기도 파주시 한마음2길 35 (금촌동),원주소,경기 파주시 한마음2길 35,1.0,126.772200556374,37.7569266673289,4148052000,True,True,True
14148000282,A04,8.0,8,나눔사랑채요양원,경기도,파주시,경기도 파주시 당하1길 25 (당하동),원주소,경기 파주시 당하1길 25,1.0,126.748291654038,37.7461904178097,4148054000,True,True,True
14148000286,A03,20.0,17,지성노인요양센터(본관),경기도,파주시,경기도 파주시 광탄면 보광로 761-36 (광탄면),원주소,경기 파주시 광탄면 보광로 761-36,1.0,126.89607297448,37.7709163982102,4148035000,True,True,True
14148000292,A04,9.0,9,소담요양원,경기도,파주시,경기도 파주시 장터고개길 125 (맥금동),원주소,경기 파주시 장터고개길 125,1.0,126.731937848424,37.7778415171151,4148053000,True,True,True
14148000299,A03,29.0,10,연세덕은요양원,경기도,파주시,경기도 파주시 월롱면 엘지로 202 (월롱면),원주소,경기 파주시 월롱면 엘지로 202,1.0,126.777627454359,37.8124030636038,4148031000,True,True,True
14148000303,A04,9.0,9,효경실버홈,경기도,파주시,경기도 파주시 조리읍 대원로 45 501동101호 (조리읍),원주소,경기 파주시 조리읍 대원로 45,1.0,126.817158814673,37.7270881698889,4148026200,True,True,True
14148000309,A03,42.0,35,진사랑요양원,경기도,파주시,경기도 파주시 문산읍 장산로 65-25 (문산읍),원주소,경기 파주시 문산읍 장산로 65-25,1.0,126.764789689361,37.8949502034327,4148025000,True,True,True
14148000311,A03,29.0,29,정다운요양원,경기도,파주시,경기도 파주시 조리읍 베리고개길 64-42 (조리읍),원주소,경기 파주시 조리읍 베리고개길 64-42,1.0,126.797742510153,37.755670742424,4148026200,True,True,True
14148000318,A04,9.0,9,나누미 실버홈,경기도,파주시,경기도 파주시 조리읍 능안로 37 113동102호 (조리읍 한라아파트),원주소,경기 파주시 조리읍 능안로 37,1.0,126.80248923954,37.7417232690234,4148026200,True,True,True
14148000320,A03,29.0,22,복있는 사람들,경기도,파주시,경기도 파주시 광탄면 보광로 804-72 (광탄면),원주소,경기 파주시 광탄면 보광로 804-72,1.0,126.89504203132,37.7753427311493,4148035000,True,True,True
14148000322,A03,18.0,12,금촌 삼성요양원,경기도,파주시,경기도 파주시 한마음1길 26 2층 (금촌동 네오프라자),원주소,경기 파주시 한마음1길 26,1.0,126.771127587604,37.7565652837199,4148052000,True,True,True
14148000326,A03,35.0,31,미소요양원,경기도,파주시,경기도 파주시 중앙로 220 (금촌동),원주소,경기 파주시 중앙로 220,1.0,126.78034116521,37.7561794536882,4148051000,True,True,True
14148000327,A03,29.0,15,예빛 수 요양원,경기도,파주시,경기도 파주시 법원읍 보광로1794번길 62 (법원읍),원주소,경기 파주시 법원읍 보광로1794번길 62,1.0,126.870466622444,37.8370907980852,4148025600,True,True,True
14148000338,A04,9.0,7,파주노인요양원,경기도,파주시,경기도 파주시 장터고개길 332 (맥금동),원주소,경기 파주시 장터고개길 332,1.0,126.73226034298,37.7846365743031,4148053000,True,True,True
14148000342,A03,24.0,21,기쁨노인전문요양원,경기도,파주시,경기도 파주시 광탄면 보광로610번길 89 가 나 다동 (광탄면),원주소,경기 파주시 광탄면 보광로610번길 89,1.0,126.90786743176,37.7635901028144,4148035000,True,True,True
14148000347,A04,9.0,8,가정복지행복요양원,경기도,파주시,경기도 파주시 한마음1길 38 403 404호 (금촌동 골드시티프라자),도로명번호,경기 파주시 한마음1길 38,1.0,126.771186507007,37.7569628137858,4148052000,True,True,True
14148000350,A04,9.0,9,새봄요양원,경기도,파주시,경기도 파주시 광탄면 외화산길 333 (광탄면),원주소,경기 파주시 광탄면 외화산길 333,1.0,126.840701705471,37.7939667551469,4148035000,True,True,True
14148000351,A03,29.0,24,행복재활요양원,경기도,파주시,경기도 파주시 파평면 파산서원길 41 (파평면),원주소,경기 파주시 파평면 파산서원길 41,1.0,126.856587257973,37.9325248594341,4148036000,True,True,True
14148000354,A04,9.0,8,양지요양원,경기도,파주시,경기도 파주시 법원읍 술이홀로1372번길 145 2동 (법원읍),원주소,경기 파주시 법원읍 술이홀로1372번길 145,1.0,126.885582168165,37.8923066572319,4148025600,True,True,True
14148000355,A03,36.0,36,순수요양원,경기도,파주시,경기도 파주시 경의로 1108 501호 (야당동 월드타워7차),원주소,경기 파주시 경의로 1108,1.0,126.760254451097,37.7162643637915,4148057000,True,True,True
14148000356,A03,98.0,28,파주요양원,경기도,파주시,경기도 파주시 탄현면 평화로 670 (탄현면),원주소,경기 파주시 탄현면 평화로 670,1.0,126.712021742664,37.777255392056,4148032000,True,True,True
14148000359,A03,55.0,25,착한요양원,경기도,파주시,경기도 파주시 문산읍 문산역로 107 501~503호 (문산읍),도로명번호,경기 파주시 문산읍 문산역로 107,1.0,126.786705177537,37.8557771512962,4148025000,True,True,True
14148000363,A04,9.0,7,지성 노인요양센터,경기도,파주시,경기도 파주시 광탄면 보광로 800 (광탄면),원주소,경기 파주시 광탄면 보광로 800,1.0,126.89409344267,37.7724815926469,4148035000,True,True,True
14148000371,A03,26.0,19,술이홀요양원,경기도,파주시,경기도 파주시 법원읍 술이홀로907번길 100 (법원읍),원주소,경기 파주시 법원읍 술이홀로907번길 100,1.0,126.874714726991,37.853909332927,4148025600,True,True,True
14148000372,A04,9.0,9,은혜채 요양원,경기도,파주시,경기도 파주시 광탄면 내화산길 231 (광탄면),원주소,경기 파주시 광탄면 내화산길 231,1.0,126.834118561648,37.7858323555242,4148035000,True,True,True
14148000375,A03,27.0,27,(파주)심청이요양원,경기도,파주시,경기도 파주시 파주로 266 402호 (동패동 아이비타워),원주소,경기 파주시 파주로 266,1.0,126.718241997855,37.7261729297037,4148059000,True,True,True
14148000376,A03,99.0,90,아름다운요양원,경기도,파주시,경기도 파주시 하지석길 355 (하지석동),원주소,경기 파주시 하지석길 355,1.0,126.750416052171,37.7563832333401,4148054000,True,True,True
14148000379,A04,9.0,5,숲속둥지요양원,경기도,파주시,경기도 파주시 탄현면 가시내길 286 (탄현면),원주소,경기 파주시 탄현면 가시내길 286,1.0,126.714421936618,37.7860722636413,4148032000,True,True,True
14148000382,A03,39.0,23,다솜시니어,경기도,파주시,경기도 파주시 법원읍 자운서원로 62 (법원읍),원주소,경기 파주시 법원읍 자운서원로 62,1.0,126.870800674533,37.8550939087709,4148025600,True,True,True
14148000384,A03,22.0,18,고은요양원,경기도,파주시,경기도 파주시 청석로 262 402호 (동패동 이지타운),원주소,경기 파주시 청석로 262,1.0,126.718306402942,37.7251611154376,4148059000,True,True,True
14148000390,A03,84.0,71,샬렘요양원,경기도,파주시,경기도 파주시 방촌로348번길 40-3 (맥금동),원주소,경기 파주시 방촌로348번길 40-3,1.0,126.728005098205,37.7764273659047,4148053000,True,True,True
14148000392,A03,23.0,16,복있는사람들2관,경기도,파주시,경기도 파주시 광탄면 보광로 804-68 (광탄면),원주소,경기 파주시 광탄면 보광로 804-68,1.0,126.89487937396,37.7751028397433,4148035000,True,True,True
14148000398,A03,24.0,8,온세그린2관노인전문요양원,경기도,파주시,경기도 파주시 새꽃로 62 (금촌동 아이닷베스트프라자 201호 207~208호),원주소,경기 파주시 새꽃로 62,1.0,126.768835529019,37.7556579532965,4148052000,True,True,True
14148000399,A04,9.0,6,파주엔젤하우스,경기도,파주시,경기도 파주시 적성면 청송로699번길 66-1 (적성면),원주소,경기 파주시 적성면 청송로699번길 66-1,1.0,126.882777735804,37.9454047588115,4148037000,True,True,True
14148000401,A03,28.0,21,상쾌한요양원,경기도,파주시,경기도 파주시 청석로 260 801~804호 (동패동 트리플메디칼타워),도로명번호,경기 파주시 청석로 260,1.0,126.717738448876,37.7251029959277,4148059000,True,True,True
14148000404,A03,16.0,14,사랑나눔터2,경기도,파주시,경기도 파주시 빙고재길 81 (교하동),원주소,경기 파주시 빙고재길 81,1.0,126.746315634519,37.7521252575713,4148054000,True,True,True
14148000409,A04,9.0,9,전원요양원,경기도,파주시,경기도 파주시 월롱면 옥돌내길 91 (월롱면),원주소,경기 파주시 월롱면 옥돌내길 91,1.0,126.774897701413,37.8130421529411,4148031000,True,True,True
14148000412,A03,29.0,26,수호천사노인전문요양원,경기도,파주시,경기도 파주시 파주읍 봉서산로 287 (파주읍),원주소,경기 파주시 파주읍 봉서산로 287,1.0,126.806435449547,37.8303935707031,4148025300,True,True,True
14148000422,A04,9.0,9,새생명실버홈,경기도,파주시,경기도 파주시 산남로231번길 55 (산남동),원주소,경기 파주시 산남로231번길 55,1.0,126.708377073423,37.7003467656127,4148054000,True,True,True
14148000423,A03,23.0,16,행복한실버요양원,경기도,파주시,경기도 파주시 광탄면 말구리길 66 (광탄면),원주소,경기 파주시 광탄면 말구리길 66,1.0,126.897571101454,37.7977933230176,4148035000,True,True,True
14148000433,A04,7.0,6,숲속길요양원2,경기도,파주시,경기도 파주시 숲속노을로 271 5층501호 (문발동),원주소,경기 파주시 숲속노을로 271,1.0,126.711075089687,37.72466213702,4148059000,True,True,True
14148000434,A03,29.0,15,자유로요양원,경기도,파주시,경기도 파주시 탄현면 새오리로 215-19 (탄현면),원주소,경기 파주시 탄현면 새오리로 215-19,1.0,126.687001967733,37.802867821385,4148032000,True,True,True
14148000451,A03,21.0,17,축복요양원,경기도,파주시,경기도 파주시 한마음1길 38 4층405호 (금촌동 골드시티프라자),원주소,경기 파주시 한마음1길 38,1.0,126.771186507007,37.7569628137858,4148052000,True,True,True
14148000454,A03,28.0,26,유사랑요양원,경기도,파주시,경기도 파주시 금빛로 27 5층 (금촌동 광장프라자),원주소,경기 파주시 금빛로 27,1.0,126.766276640426,37.7522585196127,4148052000,True,True,True
14148000469,A04,9.0,9,양지요양원2관,경기도,파주시,경기도 파주시 법원읍 술이홀로1372번길 145 1동 (법원읍),원주소,경기 파주시 법원읍 술이홀로1372번길 145,1.0,126.885582168165,37.8923066572319,4148025600,True,True,True
14148000470,A03,44.0,40,그린요양원,경기도,파주시,경기도 파주시 중앙로 193 5층 (금릉동 금릉프라자),원주소,경기 파주시 중앙로 193,1.0,126.781961626989,37.7544806291758,4148051000,True,True,True
14148000472,A04,9.0,9,사랑노인요양원,경기도,파주시,경기도 파주시 새꽃로 62 505호 (금촌동 아이닷베스트프라자),원주소,경기 파주시 새꽃로 62,1.0,126.768835529019,37.7556579532965,4148052000,True,True,True
14148000473,A03,29.0,18,교하참사랑요양원,경기도,파주시,경기도 파주시 청석로 260 7층 (동패동 트리플메디칼타워),원주소,경기 파주시 청석로 260,1.0,126.717738448876,37.7251029959277,4148059000,True,True,True
14148000474,A03,27.0,19,다온노인전문요양원,경기도,파주시,경기도 파주시 한마음2길 25 404~406호 (금촌동),도로명번호,경기 파주시 한마음2길 25,1.0,126.772179697028,37.7563647852127,4148052000,True,True,True
14148000483,A04,9.0,8,금촌시니어스요양원,경기도,파주시,경기도 파주시 새꽃로 62 306호 (금촌동 아이닷베스트프라자),원주소,경기 파주시 새꽃로 62,1.0,126.768835529019,37.7556579532965,4148052000,True,True,True
14148000497,A04,9.0,8,행복한우리집,경기도,파주시,경기도 파주시 광탄면 외화산길 325 (광탄면),원주소,경기 파주시 광탄면 외화산길 325,1.0,126.840632208041,37.7934972608583,4148035000,True,True,True
14148000499,A03,16.0,12,e-상쾌한요양원,경기도,파주시,경기도 파주시 청석로 256 703 704호 (동패동),도로명번호,경기 파주시 청석로 256,1.0,126.717759686529,37.7247075214162,4148059000,True,True,True
14148000501,A04,9.0,8,미소드림요양원,경기도,파주시,경기도 파주시 파평면 화석정로126번길 144-30 (파평면),원주소,경기 파주시 파평면 화석정로126번길 144-30,1.0,126.809304461843,37.8856964021822,4148036000,True,True,True
14148000503,A03,17.0,13,메주꽃요양원,경기도,파주시,경기도 파주시 문산읍 문현말길 142 (문산읍),원주소,경기 파주시 문산읍 문현말길 142,1.0,126.76851059827,37.8450648120732,4148025000,True,True,True
14148000508,A03,28.0,25,운정너싱홈,경기도,파주시,경기도 파주시 가람로 6 5층501~503-2호 (와동동),원주소,경기 파주시 가람로 6,1.0,126.75102339017,37.7332835568466,4148055000,True,True,True
14148000509,A03,137.0,129,파주시민요양원,경기도,파주시,경기도 파주시 중앙로 286 (아동동 1층 일부 및 2~7층),원주소,경기 파주시 중앙로 286,1.0,126.776725898909,37.761642056933,4148051000,True,True,True
14148000511,A03,20.0,16,무지개요양원,경기도,파주시,경기도 파주시 가나무로 143 2층205~207호 (금릉동),원주소,경기 파주시 가나무로 143,1.0,126.781309195163,37.7545396949755,4148051000,True,True,True
14148000520,A04,9.0,7,한빛사랑요양원,경기도,파주시,경기도 파주시 장터고개길 182-55 1층 (맥금동),원주소,경기 파주시 장터고개길 182-55,1.0,126.733090556467,37.7812190430698,4148053000,True,True,True
14148000525,A03,27.0,15,소망요양원,경기도,파주시,경기도 파주시 청석로 266 701호 (동패동),원주소,경기 파주시 청석로 266,1.0,126.717749372434,37.725542334498,4148059000,True,True,True
14148000527,A03,99.0,98,솔밭요양원,경기도,파주시,경기도 파주시 광탄면 혜음로 577 (광탄면),원주소,경기 파주시 광탄면 혜음로 577,1.0,126.873964954854,37.7426059277897,4148035000,True,True,True
14148000531,A03,48.0,48,참다원요양원,경기도,파주시,경기도 파주시 적성면 말굽두리길 268 (적성면),원주소,경기 파주시 적성면 말굽두리길 268,1.0,126.904522080614,37.9541508873844,4148037000,True,True,True
14148000532,A03,48.0,33,설문해바라기요양원,경기도,파주시,경기도 파주시 상지석길 318-17 (상지석동),원주소,경기 파주시 상지석길 318-17,1.0,126.790312044509,37.7268997699091,4148058000,True,True,True
14148000534,A03,35.0,6,파주프라임요양원,경기도,파주시,경기도 파주시 청암로17번길 67 6층 (목동동 엠디프라자),원주소,경기 파주시 청암로17번길 67,1.0,126.733601707193,37.7288460452233,4148056000,True,True,True
14148000541,A04,9.0,9,예성스테이,경기도,파주시,경기도 파주시 문산읍 문현말길 50 (문산읍),원주소,경기 파주시 문산읍 문현말길 50,1.0,126.766823550246,37.8489222395263,4148025000,True,True,True
14148000542,A03,80.0,69,파주행복요양원,경기도,파주시,경기도 파주시 광탄면 양지말길 89 (광탄면),원주소,경기 파주시 광탄면 양지말길 89,1.0,126.85907175346,37.7502426029263,4148035000,True,True,True
14148000543,A03,49.0,37,들꽃재활요양원,경기도,파주시,경기도 파주시 광탄면 보광로741번길 23-24 (광탄면),원주소,경기 파주시 광탄면 보광로741번길 23-24,1.0,126.900725619355,37.7689522527235,4148035000,True,True,True
14148000545,A03,29.0,23,쏘울랜드요양원,경기도,파주시,경기도 파주시 새꽃로 124 3~4층 (금촌동),도로명번호,경기 파주시 새꽃로 124,1.0,126.76891346385,37.7611013745748,4148051000,True,True,True
14148000559,A03,27.0,22,은빛요양원,경기도,파주시,경기도 파주시 파주로 266 502호 (동패동),원주소,경기 파주시 파주로 266,1.0,126.718241997855,37.7261729297037,4148059000,True,True,True
14148000561,A03,99.0,91,라온 요양원,경기도,파주시,경기도 파주시 조리읍 능안로 332 (조리읍),원주소,경기 파주시 조리읍 능안로 332,1.0,126.788597511494,37.7407397327279,4148026200,True,True,True
14148000564,A03,96.0,73,파주운정요양원,경기도,파주시,경기도 파주시 조리읍 능안로 334 (조리읍),원주소,경기 파주시 조리읍 능안로 334,1.0,126.788994429572,37.7398015453731,4148026200,True,True,True
14148000576,A03,49.0,47,교하효요양원,경기도,파주시,경기도 파주시 청석로 272 9층901호 (동패동 센타프라자),원주소,경기 파주시 청석로 272,1.0,126.717803916119,37.7261446726078,4148059000,True,True,True
14148000583,A04,9.0,6,하날요양원,경기도,파주시,경기도 파주시 조리읍 사근절길 26 1층 (조리읍),원주소,경기 파주시 조리읍 사근절길 26,1.0,126.825185045952,37.7638985599638,4148026200,True,True,True
14148000593,A03,99.0,94,필그림재활요양원,경기도,파주시,경기도 파주시 광탄면 악대울길 7 (광탄면),원주소,경기 파주시 광탄면 악대울길 7,1.0,126.851340551109,37.7784661014969,4148035000,True,True,True
14148000595,A03,49.0,45,예담요양원,경기도,파주시,경기도 파주시 탄현면 새오리로 215-27 (탄현면),원주소,경기 파주시 탄현면 새오리로 215-27,1.0,126.687097502114,37.8032353049727,4148032000,True,True,True
14148000610,A04,9.0,8,예솜실버복지센터,경기도,파주시,경기도 파주시 광탄면 보광로 509-9 (광탄면),원주소,경기 파주시 광탄면 보광로 509-9,1.0,126.910398796926,37.7532597732246,4148035000,True,True,True
14148000613,A03,90.0,44,우리가족요양원,경기도,파주시,경기도 파주시 문산읍 방촌로 1675-46 (문산읍),원주소,경기 파주시 문산읍 방촌로 1675-46,1.0,126.781192875161,37.8645666996898,4148025000,True,True,True
14148000622,A03,48.0,14,문산재활요양원,경기도,파주시,경기도 파주시 문산읍 문산역로 107 (문산읍 4층 402호),원주소,경기 파주시 문산읍 문산역로 107,1.0,126.786705177537,37.8557771512962,4148025000,True,True,True
14148000624,A04,9.0,9,운정그리심요양원,경기도,파주시,경기도 파주시 미래로602번길 31 (와동동 401호),원주소,경기 파주시 미래로602번길 31,1.0,126.751861277657,37.7319250415019,4148055000,True,True,True
14148000629,A04,9.0,0,시민요양원,경기도,파주시,경기도 파주시 중앙로 286 2층 (아동동),원주소,경기 파주시 중앙로 286,1.0,126.776725898909,37.761642056933,4148051000,True,True,True
14148000630,A03,16.0,10,이화요양원(본관),경기도,파주시,경기도 파주시 파주읍 바리골길 114 (파주읍),원주소,경기 파주시 파주읍 바리골길 114,1.0,126.816054264252,37.8490241150517,4148025300,True,True,True
14148000640,A03,29.0,9,소망재활요양원,경기도,파주시,경기도 파주시 새꽃로 95 나동 (금촌동),원주소,경기 파주시 새꽃로 95,1.0,126.768377905147,37.7586691606779,4148051000,True,True,True
14148000641,A04,7.0,6,무지개요양원 별관,경기도,파주시,경기도 파주시 가나무로 143 401 402호 (금릉동),도로명번호,경기 파주시 가나무로 143,1.0,126.781309195163,37.7545396949755,4148051000,True,True,True
14148000642,A03,21.0,10,아도니스너싱홈,경기도,파주시,경기도 파주시 한마음2길 25 401 402호 (금촌동),도로명번호,경기 파주시 한마음2길 25,1.0,126.772179697028,37.7563647852127,4148052000,True,True,True
14148000643,A03,49.0,45,카리스요양원,경기도,파주시,경기도 파주시 상지석길 318-29 (상지석동),원주소,경기 파주시 상지석길 318-29,1.0,126.790579442105,37.7265651745207,4148058000,True,True,True
14148000644,A03,46.0,44,힐링요양원,경기도,파주시,경기도 파주시 청석로 260 901호 (동패동),원주소,경기 파주시 청석로 260,1.0,126.717738448876,37.7251029959277,4148059000,True,True,True
14148000648,A04,9.0,8,건강한 실버홈,경기도,파주시,경기도 파주시 문산읍 문산로 16 (문산읍),원주소,경기 파주시 문산읍 문산로 16,1.0,126.781021203851,37.8572922067531,4148025000,True,True,True
14148000658,A03,29.0,23,예사랑요양원,경기도,파주시,경기도 파주시 숲속노을로 265 501호 (문발동),원주소,경기 파주시 숲속노을로 265,1.0,126.711201565927,37.7241358306124,4148059000,True,True,True
14148000660,A03,29.0,15,아리랑 골든케어,경기도,파주시,경기도 파주시 탄현면 새오리로 215-34 (탄현면),원주소,경기 파주시 탄현면 새오리로 215-34,1.0,126.687678394595,37.8037275973042,4148032000,True,True,True
14148000666,A03,28.0,24,운정그레이스요양원,경기도,파주시,경기도 파주시 경의로1004번길 37 601호 (야당동),원주소,경기 파주시 경의로1004번길 37,1.0,126.75981802243,37.7097639571468,4148057000,True,True,True
14148000667,A03,49.0,39,보금자리노인전문요양원,경기도,파주시,경기도 파주시 한마음1길 9 (금촌동 107 201 302 401호),원주소,경기 파주시 한마음1길 9,1.0,126.770598473404,37.7557078877063,4148052000,True,True,True
14148000672,A03,49.0,8,구암재활요양원,경기도,파주시,경기도 파주시 문산읍 문향로39번길 59 (문산읍),원주소,경기 파주시 문산읍 문향로39번길 59,1.0,126.782676039835,37.8546223341052,4148025000,True,True,True
14148000674,A03,15.0,12,파주사랑요양원,경기도,파주시,경기도 파주시 한마음1길 38 4층408~410호 (금촌동),원주소,경기 파주시 한마음1길 38,1.0,126.771186507007,37.7569628137858,4148052000,True,True,True
14148000680,A04,9.0,8,이한요양원,경기도,파주시,경기도 파주시 광탄면 보광로 543 (광탄면),원주소,경기 파주시 광탄면 보광로 543,1.0,126.907665816377,37.756149947604,4148035000,True,True,True
14148000681,A04,9.0,9,은나무요양원,경기도,파주시,경기도 파주시 번영로 29 201호 (금촌동),원주소,경기 파주시 번영로 29,1.0,126.769826356036,37.7575812003816,4148052000,True,True,True
14148000684,A03,62.0,33,금촌재활요양원,경기도,파주시,경기도 파주시 한마음2길 25 (금촌동 금촌그린플라자 109 113 202 203 204호),원주소,경기 파주시 한마음2길 25,1.0,126.772179697028,37.7563647852127,4148052000,True,True,True
14148000685,A03,90.0,32,별하실버케어요양원,경기도,파주시,경기도 파주시 파주읍 봉서산로 55 (파주읍 별하실버케어요양원),원주소,경기 파주시 파주읍 봉서산로 55,1.0,126.796503684901,37.8453130983277,4148025300,True,True,True
14150000001,A03,70.0,55,다사랑요양원,경기도,이천시,경기도 이천시 설성면 송암로242번길 129 (설성면),원주소,경기 이천시 설성면 송암로242번길 129,1.0,127.529612002983,37.1639403563315,4150037000,True,True,True
14150000008,A03,211.0,116,참사랑전문요양원,경기도,이천시,경기도 이천시 신둔면 황무로338번길 197 (신둔면),원주소,경기 이천시 신둔면 황무로338번길 197,1.0,127.381569308074,37.2970024750073,4150031000,True,True,True
14150000009,A03,65.0,64,한나그린힐,경기도,이천시,경기도 이천시 대월면 대평로214번길 10-11 (대월면),원주소,경기 이천시 대월면 대평로214번길 10-11,1.0,127.499440572023,37.2226035998029,4150035000,True,True,True
14150000015,A03,100.0,93,한나요양원,경기도,이천시,경기도 이천시 대월면 대평로214번길 10-15 (대월면),원주소,경기 이천시 대월면 대평로214번길 10-15,1.0,127.498441469433,37.2222564033479,4150035000,True,True,True
14150000022,A03,38.0,28,소망요양원,경기도,이천시,경기도 이천시 설성면 진상미로582번길 80-90 (설성면),원주소,경기 이천시 설성면 진상미로582번길 80-90,1.0,127.526293705146,37.123042236818,4150037000,True,True,True
14150000025,A03,43.0,44,효경원,경기도,이천시,경기도 이천시 마장면 억만리로22번길 246 (마장면),원주소,경기 이천시 마장면 억만리로22번길 246,1.0,127.371301575405,37.2585145348975,4150034000,True,True,True
14150000028,A03,25.0,19,은혜의 동산,경기도,이천시,경기도 이천시 신둔면 마소로11번길 185-173 (신둔면),원주소,경기 이천시 신둔면 마소로11번길 185-173,1.0,127.379454731199,37.3114627073371,4150031000,True,True,True
14150000032,A03,23.0,23,지혜의 집,경기도,이천시,경기도 이천시 백사면 현방로66번길 224-20 (백사면),원주소,경기 이천시 백사면 현방로66번길 224-20,1.0,127.499527995989,37.3326058568993,4150032000,True,True,True
14150000036,A04,9.0,0,따뜻한집,경기도,이천시,경기도 이천시 모가면 진상미로 1479-17 (모가면),원주소,경기 이천시 모가면 진상미로 1479-17,1.0,127.473585090837,37.1862129738979,4150036000,True,True,True
14150000062,A03,29.0,25,사랑의집,경기도,이천시,경기도 이천시 율면 금율로828번길 198-50 (율면),원주소,경기 이천시 율면 금율로828번길 198-50,1.0,127.547473069882,37.067917898224,4150038000,True,True,True
14150000067,A03,84.0,74,삼육요양원,경기도,이천시,경기도 이천시 대월면 대산로91번길 159-53 (대월면),원주소,경기 이천시 대월면 대산로91번길 159-53,1.0,127.46648740618,37.2265155849286,4150035000,True,True,True
14150000126,A04,9.0,8,홍익요양원,경기도,이천시,경기도 이천시 설성면 진상미로420번길 137-6 (설성면),원주소,경기 이천시 설성면 진상미로420번길 137-6,1.0,127.52713461018,37.1182719274191,4150037000,True,True,True
14150000132,A03,29.0,28,신현요양원,경기도,이천시,경기도 이천시 중부대로1195번길 110-12 (장록동),원주소,경기 이천시 중부대로1195번길 110-12,1.0,127.454606913803,37.2554575320389,4150052000,True,True,True
14150000157,A03,29.0,19,우수요양원,경기도,이천시,경기도 이천시 모가면 대월로261번길 30-6 (모가면),원주소,경기 이천시 모가면 대월로261번길 30-6,1.0,127.488948566144,37.1844304723026,4150036000,True,True,True
14150000162,A04,9.0,9,조은요양원,경기도,이천시,경기도 이천시 마장면 중부대로644번길 168-2 (마장면),원주소,경기 이천시 마장면 중부대로644번길 168-2,1.0,127.398812303572,37.2509141047026,4150034000,True,True,True
14150000165,A03,28.0,26,이천벧엘요양원,경기도,이천시,경기도 이천시 율면 주래본죽로608번길 142-8 (율면),원주소,경기 이천시 율면 주래본죽로608번길 142-8,1.0,127.527229471885,37.0714032720241,4150038000,True,True,True
14150000170,A03,49.0,41,천상의집,경기도,이천시,경기도 이천시 설성면 진상미로924번길 121-36 (설성면),원주소,경기 이천시 설성면 진상미로924번길 121-36,1.0,127.499302497413,37.1513481324891,4150037000,True,True,True
14150000192,A03,29.0,0,우리요양원,경기도,이천시,경기도 이천시 백사면 이여로428번길 167 3층 (백사면),원주소,경기 이천시 백사면 이여로428번길 167,1.0,127.484344369124,37.3247953026288,4150032000,True,True,True
14150000207,A03,40.0,28,양지의료재단 부설 양지종합요양센터,경기도,이천시,경기도 이천시 호법면 덕평로 224 3층 (호법면),원주소,경기 이천시 호법면 덕평로 224,1.0,127.377794750684,37.1875812703533,4150033000,True,True,True
14150000213,A04,9.0,5,이천전원요양원,경기도,이천시,경기도 이천시 백사면 원적로869번길 203 (백사면),원주소,경기 이천시 백사면 원적로869번길 203,1.0,127.467721462419,37.3485096192559,4150032000,True,True,True
14150000222,A03,29.0,29,행복나래 요양원,경기도,이천시,경기도 이천시 양진로24번길 36 (사음동),원주소,경기 이천시 양진로24번길 36,1.0,127.422557139517,37.295994462743,4150053000,True,True,True
14150000223,A03,29.0,23,꽃가람요양원,경기도,이천시,경기도 이천시 마장면 억만리로 39 3층 (마장면),원주소,경기 이천시 마장면 억만리로 39,1.0,127.359541393705,37.2590253175392,4150034000,True,True,True
14150000231,A03,29.0,20,더베스트실버케어,경기도,이천시,경기도 이천시 마장면 작촌로 140 (마장면),원주소,경기 이천시 마장면 작촌로 140,1.0,127.342697550351,37.2450762665466,4150034000,True,True,True
14155000004,A03,22.0,17,소망의집,경기도,안성시,경기도 안성시 원곡면 평동길 113-68 (원곡면),원주소,경기 안성시 원곡면 평동길 113-68,1.0,127.114002758343,37.0687834957625,4155038000,True,True,True
14155000005,A03,107.0,89,성베드로의집,경기도,안성시,경기도 안성시 시미실길 251 (사곡동),원주소,경기 안성시 시미실길 251,1.0,127.259671504015,37.0386905538815,4155053000,True,True,True
14155000020,A03,85.0,77,무지개뜨는마을,경기도,안성시,경기도 안성시 미양면 법전길 330-36 (미양면),원주소,경기 안성시 미양면 법전길 330-36,1.0,127.206753433078,36.9441971676551,4155034000,True,True,True
14155000021,A03,70.0,45,구세군안성평화의마을,경기도,안성시,경기도 안성시 발화대1길 36-5 (발화동),원주소,경기 안성시 발화대1길 36-5,1.0,127.280640273237,36.983696985575,4155051000,True,True,True
14155000032,A03,165.0,107,파라밀 요양원,경기도,안성시,경기도 안성시 죽산면 녹배길 135 (죽산면),원주소,경기 안성시 죽산면 녹배길 135,1.0,127.388901648632,37.0659698925459,4155040000,True,True,True
14155000041,A03,29.0,24,밝은집,경기도,안성시,경기도 안성시 보개면 남사당로 489 (보개면),원주소,경기 안성시 보개면 남사당로 489,1.0,127.315983965939,37.0575191594451,4155031000,True,True,True
14155000043,A03,60.0,31,구세군안성요양원,경기도,안성시,경기도 안성시 금석길 22-36 (금석동),원주소,경기 안성시 금석길 22-36,1.0,127.270217366353,37.0289891955382,4155053000,True,True,True
14155000047,A03,300.0,7,인선사랑요양원,경기도,안성시,경기도 안성시 양성면 미리내성지로 274-29 (양성면),원주소,경기 안성시 양성면 미리내성지로 274-29,1.0,127.263514139427,37.1291690318613,4155036000,True,True,True
14155000078,A03,26.0,24,성모성심요양원,경기도,안성시,경기도 안성시 금광면 종합운동장로 39 (금광면),원주소,경기 안성시 금광면 종합운동장로 39,1.0,127.324245050734,37.0024522494987,4155032000,True,True,True
14155000097,A03,49.0,34,우리행복요양원,경기도,안성시,경기도 안성시 양성면 마정개나리길 37-9 (양성면),원주소,경기 안성시 양성면 마정개나리길 37-9,1.0,127.199395959141,37.0214531477661,4155036000,True,True,True
14155000102,A03,20.0,3,맞춤요양원,경기도,안성시,경기도 안성시 보개면 이전봉산길 127-19 (보개면),원주소,경기 안성시 보개면 이전봉산길 127-19,1.0,127.289542633322,37.0641989632102,4155031000,True,True,True
14155000105,A03,24.0,20,희망요양원,경기도,안성시,경기도 안성시 서운면 서운신기길 60-91 (서운면),원주소,경기 안성시 서운면 서운신기길 60-91,1.0,127.276138877319,36.9622674287288,4155033000,True,True,True
14155000110,A03,29.0,15,안성보은의 집,경기도,안성시,경기도 안성시 중앙로451번길 12-11 (봉산동),원주소,경기 안성시 중앙로451번길 12-11,1.0,127.277681434229,37.0065354230258,4155051000,True,True,True
14155000114,A03,29.0,29,한사랑너싱홈,경기도,안성시,경기도 안성시 죽산면 용설로 372 (죽산면),원주소,경기 안성시 죽산면 용설로 372,1.0,127.439845670474,37.0533974076337,4155040000,True,True,True
14155000115,A03,20.0,14,베다니복지원,경기도,안성시,경기도 안성시 서운면 서운초교길 40-3 (서운면),원주소,경기 안성시 서운면 서운초교길 40-3,1.0,127.254433840709,36.944845195711,4155033000,True,True,True
14155000117,A03,11.0,0,하늘정원,경기도,안성시,경기도 안성시 공도읍 상마정앞길 11 (공도읍),원주소,경기 안성시 공도읍 상마정앞길 11,1.0,127.202169607664,37.0177976480244,4155025000,True,True,True
14155000122,A03,25.0,18,시니어스 너싱홈,경기도,안성시,경기도 안성시 양성면 지남촌길 51 (양성면),원주소,경기 안성시 양성면 지남촌길 51,1.0,127.197015443748,37.0315295413096,4155036000,True,True,True
14155000123,A03,25.0,21,명문가노인요양원,경기도,안성시,경기도 안성시 보개면 종합운동장로 207 (보개면),원주소,경기 안성시 보개면 종합운동장로 207,1.0,127.322328231745,37.0153721574834,4155031000,True,True,True
14155000124,A04,9.0,9,빛드림요양원,경기도,안성시,경기도 안성시 죽산면 칠장로 238 (죽산면),원주소,경기 안성시 죽산면 칠장로 238,1.0,127.41345013052,37.0207979918712,4155040000,True,True,True
14155000133,A04,9.0,8,아름다운사람들,경기도,안성시,경기도 안성시 일죽면 죽화로 501-23 (일죽면),원주소,경기 안성시 일죽면 죽화로 501-23,1.0,127.479052300447,37.1065484944304,4155039000,True,True,True
14155000134,A03,29.0,26,기쁨의동산 요양원,경기도,안성시,경기도 안성시 공도읍 상마정앞길 87-16 (공도읍),원주소,경기 안성시 공도읍 상마정앞길 87-16,1.0,127.195298830471,37.018465859386,4155025000,True,True,True
14155000144,A03,106.0,78,안성요양원,경기도,안성시,경기도 안성시 죽산면 죽양대로 197-22 (죽산면),원주소,경기 안성시 죽산면 죽양대로 197-22,1.0,127.431035316605,37.0964067118988,4155040000,True,True,True
14155000145,A03,28.0,26,어르신요양센터 노을,경기도,안성시,경기도 안성시 공도읍 상마정앞길 24-3 (공도읍),원주소,경기 안성시 공도읍 상마정앞길 24-3,1.0,127.201688337929,37.019036097593,4155025000,True,True,True
14155000166,A03,20.0,20,안성동인요양원,경기도,안성시,경기도 안성시 인지1길 15 (인지동),원주소,경기 안성시 인지1길 15,1.0,127.266578413409,37.0049685832844,4155052000,True,True,True
14155000178,A04,9.0,9,참사랑요양원,경기도,안성시,경기도 안성시 대덕면 한사울길 54-9 (대덕면),원주소,경기 안성시 대덕면 한사울길 54-9,1.0,127.27138212536,37.0564573727594,4155035000,True,True,True
14155000180,A03,16.0,16,환희너싱홈,경기도,안성시,경기도 안성시 일죽면 하동길 24-29 (일죽면),원주소,경기 안성시 일죽면 하동길 24-29,1.0,127.480376873938,37.0895669182031,4155039000,True,True,True
14155000194,A03,49.0,39,한결요양원,경기도,안성시,경기도 안성시 삼죽면 동아예대길 23-27 (삼죽면),원주소,경기 안성시 삼죽면 동아예대길 23-27,1.0,127.361662534456,37.0542043184116,4155041000,True,True,True
14155000195,A04,9.0,9,태양의집 요양원,경기도,안성시,경기도 안성시 대덕면 미륵로 174-99 (대덕면),원주소,경기 안성시 대덕면 미륵로 174-99,1.0,127.277622069908,37.0668828223786,4155035000,True,True,True
14155000206,A03,90.0,69,사회복지법인 오로지 종합복지원(미리내요양원),경기도,안성시,경기도 안성시 양성면 미리내성지로 386-27 3~4층 (양성면),원주소,경기 안성시 양성면 미리내성지로 386-27,1.0,127.261607635028,37.1376550176709,4155036000,True,True,True
14155000212,A03,20.0,8,평안노인요양원,경기도,안성시,경기도 안성시 보개면 동평길 192 (보개면),원주소,경기 안성시 보개면 동평길 192,1.0,127.330281424793,37.0881602913271,4155031000,True,True,True
14155000214,A04,9.0,8,좋은요양원,경기도,안성시,경기도 안성시 안성맞춤대로 1043 5층 (서인동),원주소,경기 안성시 안성맞춤대로 1043,1.0,127.269018339913,37.0065897957154,4155052000,True,True,True
14155000217,A04,9.0,9,부모요양원,경기도,안성시,경기도 안성시 죽산면 남부길 24-6 (죽산면),원주소,경기 안성시 죽산면 남부길 24-6,1.0,127.420463577702,37.0733038428631,4155040000,True,True,True
14155000233,A03,35.0,26,시월애요양원,경기도,안성시,경기도 안성시 공도읍 웅교4길 46-22 (공도읍),원주소,경기 안성시 공도읍 웅교4길 46-22,1.0,127.184450351736,36.9811225002927,4155025000,True,True,True
14155000235,A03,49.0,47,동부케어공도 노인복지센터,경기도,안성시,경기도 안성시 공도읍 용머리안길 17 2~3층 (공도읍),도로명번호,경기 안성시 공도읍 용머리안길 17,1.0,127.163116935425,37.0049253641518,4155025000,True,True,True
14155000237,A03,43.0,36,아름다운인생요양원,경기도,안성시,경기도 안성시 샛터1길 22-1 (중리동),원주소,경기 안성시 샛터1길 22-1,1.0,127.271051298116,36.9889978924972,4155052000,True,True,True
14155000247,A03,142.0,119,라온요양원,경기도,안성시,경기도 안성시 공도읍 기업단지로 64-3 (공도읍),원주소,경기 안성시 공도읍 기업단지로 64-3,1.0,127.159617684264,37.0032892533627,4155025000,True,True,True
14155000253,A03,27.0,21,하임요양원,경기도,안성시,경기도 안성시 공도읍 상마정앞길 57 (공도읍),원주소,경기 안성시 공도읍 상마정앞길 57,1.0,127.198116344672,37.0204195921541,4155036000,True,True,True
14155000254,A03,119.0,117,효벤트요양원,경기도,안성시,경기도 안성시 금광면 금광오산로 128 (금광면),원주소,경기 안성시 금광면 금광오산로 128,1.0,127.314365646801,36.989958871591,4155032000,True,True,True
14155000256,A04,9.0,9,인지요양원,경기도,안성시,경기도 안성시 안성맞춤대로 1030-1 3층 (인지동),원주소,경기 안성시 안성맞춤대로 1030-1,1.0,127.269075590208,37.0054598033374,4155052000,True,True,True
14155000260,A03,49.0,44,우리가족요양원,경기도,안성시,경기도 안성시 공도읍 가족공원길 47 (공도읍),원주소,경기 안성시 공도읍 가족공원길 47,1.0,127.207581554865,37.0149679303312,4155025000,True,True,True
14155000266,A03,66.0,66,안성성모요양원,경기도,안성시,경기도 안성시 공도읍 기업단지로 14 (공도읍),원주소,경기 안성시 공도읍 기업단지로 14,1.0,127.162034975631,36.9996792204485,4155025000,True,True,True
14155000269,A03,48.0,34,안성조은요양원,경기도,안성시,경기도 안성시 공도읍 기업단지로 64-1 (공도읍),원주소,경기 안성시 공도읍 기업단지로 64-1,1.0,127.158870717279,37.0037428684466,4155025000,True,True,True
14155000270,A04,7.0,5,동안성노인요양원,경기도,안성시,경기도 안성시 일죽면 대화길 87-17 (일죽면),원주소,경기 안성시 일죽면 대화길 87-17,1.0,127.456456690506,37.1131065959103,4155039000,True,True,True
14155000271,A03,99.0,89,올리브실버케어요양원,경기도,안성시,경기도 안성시 공도읍 기업단지로 64-9 (공도읍),원주소,경기 안성시 공도읍 기업단지로 64-9,1.0,127.159196102859,37.0038599334206,4155025000,True,True,True
14155000276,A03,27.0,17,보금자리뜰안채요양원,경기도,안성시,경기도 안성시 공도읍 대림동산길 82 (공도읍),원주소,경기 안성시 공도읍 대림동산길 82,1.0,127.199783192492,37.0163397799258,4155025000,True,True,True
14155000280,A03,20.0,12,햇살가득 요양원,경기도,안성시,경기도 안성시 양성면 속말길 22-35 (양성면),원주소,경기 안성시 양성면 속말길 22-35,1.0,127.192880771552,37.0321843880657,4155036000,True,True,True
14155000284,A04,8.0,8,예다한노인요양원,경기도,안성시,경기도 안성시 죽산면 죽주로 153 (죽산면),원주소,경기 안성시 죽산면 죽주로 153,1.0,127.413220940579,37.0729835574564,4155040000,True,True,True
14155000290,A03,29.0,21,안성금오요양원,경기도,안성시,경기도 안성시 보개면 불현길 3 (보개면),원주소,경기 안성시 보개면 불현길 3,1.0,127.287207113113,37.0248591306006,4155031000,True,True,True
14155000298,A03,49.0,18,서희재활요양원,경기도,안성시,경기도 안성시 양성면 상마정앞길 90 (양성면),원주소,경기 안성시 양성면 상마정앞길 90,1.0,127.195021533403,37.0202389160386,4155036000,True,True,True
14157000007,A03,21.0,21,실로원,경기도,김포시,경기도 김포시 고촌읍 태리로 73-6 (고촌읍),원주소,경기 김포시 고촌읍 태리로 73-6,1.0,126.747853730335,37.6047532947877,4157025300,True,True,True
14157000013,A03,28.0,28,사랑의 뜨락,경기도,김포시,경기도 김포시 월곶면 점동로 65-139 (월곶면),원주소,경기 김포시 월곶면 점동로 65-139,1.0,126.566886746483,37.7218678935856,4157035000,True,True,True
14157000025,A03,18.0,16,로뎀동산,경기도,김포시,경기도 김포시 월곶면 고정로 79-48 (월곶면),원주소,경기 김포시 월곶면 고정로 79-48,1.0,126.57899199111,37.7260881706859,4157035000,True,True,True
14157000031,A03,16.0,16,에덴동산요양원,경기도,김포시,경기도 김포시 고촌읍 태리로47번길 49 (고촌읍),원주소,경기 김포시 고촌읍 태리로47번길 49,1.0,126.751483144236,37.6040232642591,4157025300,True,True,True
14157000075,A04,8.0,5,온누리요양원,경기도,김포시,경기도 김포시 북변중로 42 (북변동),원주소,경기 김포시 북변중로 42,1.0,126.712016358132,37.625553520128,4157051500,True,True,True
14157000099,A04,9.0,9,김포사랑채요양원,경기도,김포시,경기도 김포시 조리미로 39 (사우동 2층),원주소,경기 김포시 조리미로 39,1.0,126.722842940828,37.6170311730209,4157054000,True,True,True
14157000109,A03,48.0,41,연세노인전문요양원,경기도,김포시,경기도 김포시 북변1로 24 (북변동 3층),원주소,경기 김포시 북변1로 24,1.0,126.704591579207,37.6269294377812,4157051500,True,True,True
14157000146,A04,9.0,7,건강한,경기도,김포시,경기도 김포시 양도로 46 208동1302호 (풍무동 양도마을),원주소,경기 김포시 양도로 46,1.0,126.727533952853,37.6051790785103,4157055000,True,True,True
14157000147,A04,9.0,9,성지소망의 집,경기도,김포시,경기도 김포시 승가로 89 105동102호 (풍무동 장릉마을),원주소,경기 김포시 승가로 89,1.0,126.707835033756,37.6055697455133,4157055000,True,True,True
14157000156,A04,9.0,5,김포행복한요양원,경기도,김포시,경기도 김포시 양도로 46 210동104호 (풍무동 양도마을),원주소,경기 김포시 양도로 46,1.0,126.727533952853,37.6051790785103,4157055000,True,True,True
14157000157,A04,9.0,5,금빛사랑채요양원,경기도,김포시,경기도 김포시 하성면 동을산로227번길 47-7 (하성면),원주소,경기 김포시 하성면 동을산로227번길 47-7,1.0,126.633655316405,37.7016337245665,4157036000,True,True,True
14157000162,A03,48.0,44,삼성요양원,경기도,김포시,경기도 김포시 양촌읍 양곡1로 65 4층 (양촌읍),원주소,경기 김포시 양촌읍 양곡1로 65,1.0,126.622882017723,37.6563101530508,4157025600,True,True,True
14157000167,A04,9.0,7,아름다운 요양원,경기도,김포시,경기도 김포시 청송로 18 208동104호 (장기동 청송마을),원주소,경기 김포시 청송로 18,1.0,126.665975093898,37.6473899840304,4157052500,True,True,True
14157000176,A04,9.0,8,김포 건강한,경기도,김포시,경기도 김포시 양도로 46 210동103호 (풍무동 풍무동 양도마을),원주소,경기 김포시 양도로 46,1.0,126.727533952853,37.6051790785103,4157055000,True,True,True
14157000200,A03,43.0,28,진솔요양원,경기도,김포시,경기도 김포시 북변중로 70 (북변동),원주소,경기 김포시 북변중로 70,1.0,126.709553063582,37.6271063646537,4157051500,True,True,True
14157000209,A03,25.0,25,가족요양원,경기도,김포시,경기도 김포시 김포대로 841 701호 (사우동 제우스프라자),원주소,경기 김포시 김포대로 841,1.0,126.720028733022,37.6195366568818,4157054000,True,True,True
14157000211,A04,9.0,1,고촌연세실버홈,경기도,김포시,경기도 김포시 고촌읍 은행영사정로 19 3층 (고촌읍),원주소,경기 김포시 고촌읍 은행영사정로 19,1.0,126.772663968476,37.6016539281922,4157025300,True,True,True
14157000212,A03,49.0,43,미소요양원,경기도,김포시,경기도 김포시 월곶면 용강로37번길 76-18 (월곶면),원주소,경기 김포시 월곶면 용강로37번길 76-18,1.0,126.553437496285,37.7241106725918,4157035000,True,True,True
14157000214,A04,9.0,8,건강하다 전해라,경기도,김포시,경기도 김포시 양도로 46 206동104호 (풍무동 서해아파트),원주소,경기 김포시 양도로 46,1.0,126.727533952853,37.6051790785103,4157055000,True,True,True
14157000221,A03,26.0,20,우슬초요양원,경기도,김포시,경기도 김포시 대곶면 용두로18번길 30 (대곶면),원주소,경기 김포시 대곶면 용두로18번길 30,1.0,126.598533085809,37.6569030078057,4157034000,True,True,True
14157000227,A04,9.0,7,튼튼한,경기도,김포시,경기도 김포시 양도로 18 107동1층1호 (풍무동),원주소,경기 김포시 양도로 18,1.0,126.724500284636,37.6058163317631,4157055000,True,True,True
14157000238,A03,144.0,130,삼성훼밀리요양원,경기도,김포시,경기도 김포시 양촌읍 김포한강4로278번길 49-27 (양촌읍),원주소,경기 김포시 양촌읍 김포한강4로278번길 49-27,1.0,126.652599409953,37.6543896202185,4157025600,True,True,True
14157000265,A03,29.0,29,사랑마을,경기도,김포시,경기도 김포시 월곶면 김포대로2918번길 62 (월곶면),원주소,경기 김포시 월곶면 김포대로2918번길 62,1.0,126.541353305369,37.7216395125128,4157035000,True,True,True
14157000266,A04,9.0,10,김포다온 요양원,경기도,김포시,경기도 김포시 김포한강8로174번길 14 2층 (마산동),원주소,경기 김포시 김포한강8로174번길 14,1.0,126.644942593294,37.637236952331,4157057500,True,True,True
14157000297,A03,28.0,26,미소담 요양원,경기도,김포시,경기도 김포시 김포한강8로 169 6층 (마산동),원주소,경기 김포시 김포한강8로 169,1.0,126.64385642797,37.6376145231438,4157057500,True,True,True
14157000309,A03,49.0,44,김포해든요양원,경기도,김포시,경기도 김포시 하성면 하성로 489 1 2 3층 (하성면),도로명번호,경기 김포시 하성면 하성로 489,1.0,126.635666991804,37.7183239277156,4157036000,True,True,True
14157000330,A03,27.0,15,김포미가요양원,경기도,김포시,경기도 김포시 김포한강4로 543 1동702호 (구래동 지오프라자),원주소,경기 김포시 김포한강4로 543,1.0,126.623566311565,37.6453256320087,4157057000,True,True,True
14157000343,A03,87.0,39,주식회사 고양시니어 행복한요양원,경기도,김포시,경기도 김포시 월곶면 비석동로 69 (월곶면),원주소,경기 김포시 월곶면 비석동로 69,1.0,126.570285491067,37.7082864542673,4157035000,True,True,True
14157000344,A03,98.0,50,평화요양원,경기도,김포시,경기도 김포시 대곶면 대곶북로165번길 122 (대곶면),원주소,경기 김포시 대곶면 대곶북로165번길 122,1.0,126.57746826756,37.6633891668509,4157034000,True,True,True
14157000347,A03,14.0,14,포내리 요양원,경기도,김포시,경기도 김포시 월곶면 포내로83번길 64-8 1층 (월곶면),원주소,경기 김포시 월곶면 포내로83번길 64-8,1.0,126.526600374139,37.7195538443794,4157035000,True,True,True
14157000352,A04,9.0,6,김포수요양원,경기도,김포시,경기도 김포시 대곶면 대곶로119번길 147 (대곶면),원주소,경기 김포시 대곶면 대곶로119번길 147,1.0,126.546006202319,37.6589501151007,4157034000,True,True,True
14157000353,A03,72.0,72,제니스 요양원,경기도,김포시,경기도 김포시 통진읍 도이곶로21번길 31 (통진읍),원주소,경기 김포시 통진읍 도이곶로21번길 31,1.0,126.612906720469,37.6879134894264,4157025000,True,True,True
14157000361,A03,28.0,15,자연휴요양원,경기도,김포시,경기도 김포시 통진읍 마송로 65-38 (통진읍),원주소,경기 김포시 통진읍 마송로 65-38,1.0,126.600412346185,37.6827627627814,4157025000,True,True,True
14157000367,A03,99.0,52,굿닥터 재활요양원,경기도,김포시,경기도 김포시 통진읍 율마로 394 (통진읍),원주소,경기 김포시 통진읍 율마로 394,1.0,126.601011124337,37.6856871839939,4157025000,True,True,True
14157000368,A04,9.0,6,예담마을 요양원,경기도,김포시,경기도 김포시 월곶면 용강로37번길 138 (월곶면),원주소,경기 김포시 월곶면 용강로37번길 138,1.0,126.550121034805,37.7226912967448,4157035000,True,True,True
14157000370,A03,74.0,73,아름다운집,경기도,김포시,경기도 김포시 대곶면 대곶남로560번길 100 (대곶면),원주소,경기 김포시 대곶면 대곶남로560번길 100,1.0,126.605331106225,37.6333214843316,4157034000,True,True,True
14157000371,A03,49.0,44,가산 실버홈 요양원,경기도,김포시,경기도 김포시 월곶면 김포대학로 88 (월곶면),원주소,경기 김포시 월곶면 김포대학로 88,1.0,126.546040449769,37.728184871785,4157035000,True,True,True
14157000377,A03,99.0,73,김포프라임요양원,경기도,김포시,경기도 김포시 통진읍 김포대로 2337-21 (통진읍),원주소,경기 김포시 통진읍 김포대로 2337-21,1.0,126.587597842936,37.6939371829786,4157025000,True,True,True
14157000379,A03,44.0,31,김포예다인요양원,경기도,김포시,경기도 김포시 김포한강8로 386 11층1101~1106호 (구래동 센트럴프라자2),원주소,경기 김포시 김포한강8로 386,1.0,126.626184009334,37.643487398868,4157057000,True,True,True
14157000380,A03,29.0,7,늘푸른요양원,경기도,김포시,경기도 김포시 월곶면 김포대학로 74 (월곶면),원주소,경기 김포시 월곶면 김포대학로 74,1.0,126.544241911058,37.727264264531,4157035000,True,True,True
14157000384,A03,98.0,90,나원호요양원,경기도,김포시,경기도 김포시 대곶면 종생로50번길 21-47 (대곶면),원주소,경기 김포시 대곶면 종생로50번길 21-47,1.0,126.593382909114,37.6461477923347,4157034000,True,True,True
14157000389,A04,9.0,7,효자손요양원,경기도,김포시,경기도 김포시 사우중로 13 창대빌딩동1층 (사우동),원주소,경기 김포시 사우중로 13,1.0,126.71666033559,37.616842870185,4157054000,True,True,True
14157000394,A03,78.0,69,마송더봄요양원,경기도,김포시,경기도 김포시 통진읍 김포대로 2110-82 (통진읍),원주소,경기 김포시 통진읍 김포대로 2110-82,1.0,126.607409241627,37.6871586814486,4157025000,True,True,True
14157000395,A03,72.0,58,다은요양원,경기도,김포시,경기도 김포시 통진읍 도이곶로21번길 35 (통진읍),원주소,경기 김포시 통진읍 도이곶로21번길 35,1.0,126.613175537363,37.6880429402148,4157025000,True,True,True
14157000400,A03,49.0,44,김포사랑요양원,경기도,김포시,경기도 김포시 통진읍 김포대로 2056-21 (통진읍),원주소,경기 김포시 통진읍 김포대로 2056-21,1.0,126.615378011986,37.6851308133706,4157025000,True,True,True
14157000404,A03,49.0,34,조은요양원,경기도,김포시,경기도 김포시 월곶면 김포대로2918번길 60 (월곶면),원주소,경기 김포시 월곶면 김포대로2918번길 60,1.0,126.540604946137,37.7219488731394,4157035000,True,True,True
14157000409,A03,29.0,28,(김포)VIP요양원,경기도,김포시,경기도 김포시 통진읍 김포대로2004번길 53-5 (통진읍),원주소,경기 김포시 통진읍 김포대로2004번길 53-5,1.0,126.619220020876,37.6835058530569,4157025000,True,True,True
14157000413,A03,94.0,73,우리함께요양원 김포점,경기도,김포시,경기도 김포시 통진읍 율마로 333 (통진읍),원주소,경기 김포시 통진읍 율마로 333,1.0,126.597265604704,37.6805907156548,4157025000,True,True,True
14157000416,A03,99.0,87,힐링김포요양원,경기도,김포시,경기도 김포시 통진읍 율마로 335 (통진읍),원주소,경기 김포시 통진읍 율마로 335,1.0,126.59761025557,37.6811100415234,4157025000,True,True,True
14157000417,A03,99.0,99,153요양원,경기도,김포시,경기도 김포시 양촌읍 해평로 132 (양촌읍),원주소,경기 김포시 양촌읍 해평로 132,1.0,126.659548143834,37.653544759699,4157025600,True,True,True
14157000438,A03,192.0,159,한강시니어타운,경기도,김포시,경기도 김포시 김포한강4로 140 (장기동),원주소,경기 김포시 김포한강4로 140,1.0,126.666231281608,37.6458985064289,4157052500,True,True,True
14157000441,A03,90.0,55,더편한요양원,경기도,김포시,경기도 김포시 통진읍 김포대로 2337-19 (통진읍),원주소,경기 김포시 통진읍 김포대로 2337-19,1.0,126.587397848294,37.694405528598,4157025000,True,True,True
14157000443,A03,29.0,11,실버팰리스요양원,경기도,김포시,경기도 김포시 통진읍 김포대로 2337-12 (통진읍),원주소,경기 김포시 통진읍 김포대로 2337-12,1.0,126.587742244045,37.6948060431995,4157025000,True,True,True
14157000444,A03,29.0,12,닥터M요양원,경기도,김포시,경기도 김포시 김포한강8로 416 (구래동 6층),원주소,경기 김포시 김포한강8로 416,1.0,126.622775348817,37.6428068511903,4157057000,True,True,True
14157000445,A03,98.0,94,메밀꽃요양원,경기도,김포시,경기도 김포시 통진읍 마송로 221 (통진읍),원주소,경기 김포시 통진읍 마송로 221,1.0,126.588119008648,37.6905854110841,4157025000,True,True,True
14157000447,A03,96.0,95,김포그레이스요양원,경기도,김포시,경기도 김포시 통진읍 마송로 223 (통진읍),원주소,경기 김포시 통진읍 마송로 223,1.0,126.588155055617,37.6908942096447,4157025000,True,True,True
14157000466,A03,29.0,13,라파요양원,경기도,김포시,경기도 김포시 월곶면 용강로 184 (월곶면),원주소,경기 김포시 월곶면 용강로 184,1.0,126.55928113035,37.7352665986674,4157035000,True,True,True
14157000468,A03,98.0,89,김포더힐실버케어요양원,경기도,김포시,경기도 김포시 통진읍 마송로 225 (통진읍),원주소,경기 김포시 통진읍 마송로 225,1.0,126.588193487266,37.6912023858268,4157025000,True,True,True
14157000469,A03,29.0,11,유니온요양원,경기도,김포시,경기도 김포시 양촌읍 양곡2로 30 5층 (양촌읍 김포메디시티),원주소,경기 김포시 양촌읍 양곡2로 30,1.0,126.627572209382,37.6540900892458,4157025600,True,True,True
14157000470,A03,67.0,52,가브리엘요양원,경기도,김포시,경기도 김포시 승가로 91 2~3층 (풍무동),도로명번호,경기 김포시 승가로 91,1.0,126.711483169619,37.6057327892621,4157055000,True,True,True
14157000477,A03,42.0,3,부추꽃더클래식 너싱홈,경기도,김포시,경기도 김포시 김포한강7로22번길 123 (마산동),원주소,경기 김포시 김포한강7로22번길 123,1.0,126.637353366401,37.6415818210978,4157057500,True,True,True
14159000007,A03,76.0,76,해뜨는마을,경기도,화성시,경기도 화성시 봉담읍 분천길118번길 6-7 (봉담읍),원주소,경기 화성시 효행구 봉담읍 분천길118번길 6-7,1.0,126.952553737753,37.2020538241245,4159025300,True,True,True
14159000008,A03,68.0,51,화성노인전문요양원,경기도,화성시,경기도 화성시 정남면 서봉로851번길 130 (정남면),원주소,경기 화성시 효행구 정남면 서봉로851번길 130,1.0,126.948554158956,37.1544767132482,4159041000,True,True,True
14159000009,A03,60.0,49,늘푸른너싱홈,경기도,화성시,경기도 화성시 우정읍 수정고개길 108 (우정읍),원주소,경기 화성시 만세구 우정읍 수정고개길 108,1.0,126.82344633517,37.0969426824031,4159025600,True,True,True
14159000013,A04,9.0,5,원광한가족노인요양공동생활가정,경기도,화성시,경기도 화성시 남양읍 남양로930번길 34-8 (남양읍),원주소,경기 화성시 만세구 남양읍 남양로930번길 34-8,1.0,126.83503677057,37.2207006548041,4159026200,True,True,True
14159000023,A03,99.0,91,묘희원,경기도,화성시,경기도 화성시 남양읍 현대기아로 649 (남양읍),원주소,경기 화성시 만세구 남양읍 현대기아로 649,1.0,126.854047934174,37.2058819942247,4159026200,True,True,True
14159000024,A03,61.0,42,상락원,경기도,화성시,경기도 화성시 남양읍 주석로280번길 53-8 (남양읍),원주소,경기 화성시 만세구 남양읍 주석로280번길 53-8,1.0,126.85558811646,37.2052091753538,4159026200,True,True,True
14159000073,A03,80.0,81,노인요양원 다정마을,경기도,화성시,경기도 화성시 10용사로 661-69 (반송동),원주소,경기 화성시 동탄구 10용사로 661-69,1.0,127.082635130927,37.189891383126,4159058600,True,True,True
14159000077,A03,42.0,28,염광노인요양원,경기도,화성시,경기도 화성시 송산면 삼존로 80 (송산면),원주소,경기 화성시 만세구 송산면 삼존로 80,1.0,126.764628787485,37.2157785451856,4159034000,True,True,True
14159000088,A03,36.0,27,하늘정원 요양원,경기도,화성시,경기도 화성시 송산면 고포길 56 (송산면),원주소,경기 화성시 만세구 송산면 고포길 56,1.0,126.670784603794,37.2360792309226,4159034000,True,True,True
14159000102,A03,49.0,17,GMS 화성 요양원,경기도,화성시,경기도 화성시 팔탄면 월문길 11-30 (팔탄면),원주소,경기 화성시 만세구 팔탄면 월문길 11-30,1.0,126.870457575723,37.1227380433258,4159036000,True,True,True
14159000105,A04,9.0,7,한사랑 요양시설,경기도,화성시,경기도 화성시 장안면 노진길 96-7 (장안면),원주소,경기 화성시 만세구 장안면 노진길 96-7,1.0,126.813443369901,37.0450213047274,4159037000,True,True,True
14159000121,A03,29.0,29,소망의동산 실로원,경기도,화성시,경기도 화성시 봉담읍 분천길 185 (봉담읍),원주소,경기 화성시 효행구 봉담읍 분천길 185,1.0,126.951093018829,37.1951779325927,4159025300,True,True,True
14159000125,A04,9.0,9,소망의 집,경기도,화성시,경기도 화성시 향남읍 한두골길 21-52 (향남읍),원주소,경기 화성시 만세구 향남읍 한두골길 21-52,1.0,126.955920498678,37.1232161026524,4159025900,True,True,True
14159000132,A04,9.0,9,은혜요양원,경기도,화성시,경기도 화성시 향남읍 갈천길 39 (향남읍),원주소,경기 화성시 만세구 향남읍 갈천길 39,1.0,126.981475086729,37.1268621545577,4159025900,True,True,True
14159000187,A04,9.0,7,화성사랑의집,경기도,화성시,경기도 화성시 정남면 덕절중앙길 1-39 (정남면),원주소,경기 화성시 효행구 정남면 덕절중앙길 1-39,1.0,127.025047095252,37.1345249428583,4159041000,True,True,True
14159000198,A03,20.0,15,신흥실버요양원,경기도,화성시,경기도 화성시 우정읍 조암북로19번길 16 (우정읍),원주소,경기 화성시 만세구 우정읍 조암북로19번길 16,1.0,126.816689441906,37.0867565886776,4159025600,True,True,True
14159000207,A03,100.0,26,상록요양원,경기도,화성시,경기도 화성시 마도면 화성로888번길 42 (마도면),원주소,경기 화성시 만세구 마도면 화성로888번길 42,1.0,126.783311383833,37.2015492411206,4159033000,True,True,True
14159000209,A04,9.0,9,소망너싱홈,경기도,화성시,경기도 화성시 마도면 마도로160번길 46-10 (마도면),원주소,경기 화성시 만세구 마도면 마도로160번길 46-10,1.0,126.72119736621,37.1821871450361,4159033000,True,True,True
14159000211,A03,27.0,15,성민쉼터,경기도,화성시,경기도 화성시 송산면 매봉산길 81 (송산면),원주소,경기 화성시 만세구 송산면 매봉산길 81,1.0,126.743451688406,37.2209143278777,4159034000,True,True,True
14159000217,A04,8.0,7,다사랑노인요양원,경기도,화성시,경기도 화성시 서신면 영종이길 72-25 (서신면),원주소,경기 화성시 만세구 서신면 영종이길 72-25,1.0,126.714769386483,37.1417642284168,4159035000,True,True,True
14159000230,A03,44.0,39,봉담효가요양원,경기도,화성시,경기도 화성시 봉담읍 동화길 81-10 6층 8층 (봉담읍 상도프라자),원주소,경기 화성시 효행구 봉담읍 동화길 81-10,1.0,126.958606930839,37.2171957228857,4159025300,True,True,True
14159000243,A03,48.0,36,화성 사랑마루,경기도,화성시,경기도 화성시 향남읍 서봉로115번길 21-44 (향남읍),원주소,경기 화성시 만세구 향남읍 서봉로115번길 21-44,1.0,126.913467248813,37.1030365264801,4159025900,True,True,True
14159000253,A03,29.0,16,보배로운 요양원,경기도,화성시,경기도 화성시 양감면 정문길 63 (양감면),원주소,경기 화성시 만세구 양감면 정문길 63,1.0,126.990969530452,37.0965224039841,4159040000,True,True,True
14159000279,A03,54.0,49,(주)함께향남실버케어센터,경기도,화성시,경기도 화성시 향남읍 제암길56번길 75 (향남읍),원주소,경기 화성시 만세구 향남읍 제암길56번길 75,1.0,126.896579582566,37.1299985212356,4159025900,True,True,True
14159000286,A04,9.0,3,로뎀나무,경기도,화성시,경기도 화성시 비봉면 미륵골로 88 (비봉면),원주소,경기 화성시 효행구 비봉면 미륵골로 88,1.0,126.868331651544,37.2280371377968,4159032000,True,True,True
14159000323,A04,9.0,9,화성너싱홈,경기도,화성시,경기도 화성시 남양읍 현대기아로400번길 54 (남양읍),원주소,경기 화성시 만세구 남양읍 현대기아로400번길 54,1.0,126.850385521642,37.1832023633128,4159026200,True,True,True
14159000333,A03,49.0,46,꿈담요양원,경기도,화성시,경기도 화성시 봉담읍 진등3길 11-21 (봉담읍),원주소,경기 화성시 효행구 봉담읍 진등3길 11-21,1.0,126.947120002557,37.2214758192912,4159025300,True,True,True
14159000350,A03,29.0,28,영진요양원,경기도,화성시,경기도 화성시 봉담읍 동화새터길 96 801호 (봉담읍 스타타워3),원주소,경기 화성시 효행구 봉담읍 동화새터길 96,1.0,126.959509787739,37.2174983369744,4159025300,True,True,True
14159000356,A04,9.0,6,화성너싱홈2,경기도,화성시,경기도 화성시 남양읍 현대기아로400번길 54 (남양읍),원주소,경기 화성시 만세구 남양읍 현대기아로400번길 54,1.0,126.850385521642,37.1832023633128,4159026200,True,True,True
14159000364,A03,29.0,22,비봉요양원,경기도,화성시,경기도 화성시 비봉면 쌍학길 24 (비봉면),원주소,경기 화성시 효행구 비봉면 쌍학길 24,1.0,126.893685075953,37.2462154403716,4159032000,True,True,True
14159000370,A03,28.0,25,참빛요양원,경기도,화성시,경기도 화성시 효행로 1072 8층 (병점동 상록프라자),원주소,경기 화성시 병점구 효행로 1072,1.0,127.044327827206,37.2149396946892,4159054000,True,True,True
14159000372,A03,29.0,28,경기사랑요양원,경기도,화성시,경기도 화성시 장안면 황골길 68 (장안면),원주소,경기 화성시 만세구 장안면 황골길 68,1.0,126.867519601884,37.0937570787232,4159037000,True,True,True
14159000374,A03,56.0,38,예요양원,경기도,화성시,경기도 화성시 향남읍 행정중앙2로 63-18 601 701호 (향남읍 크리스탈빌딩),도로명번호,경기 화성시 만세구 향남읍 행정중앙2로 63-18,1.0,126.922555761282,37.1303120830677,4159025900,True,True,True
14159000377,A03,29.0,23,The더기쁨요양원,경기도,화성시,경기도 화성시 효행로 1063 6층 (진안동 우성메디프랜드),원주소,경기 화성시 병점구 효행로 1063,1.0,127.043118194094,37.2149863650377,4159052000,True,True,True
14159000394,A03,27.0,22,가람효행타운,경기도,화성시,경기도 화성시 팔탄면 건달산로 219-18 (팔탄면),원주소,경기 화성시 만세구 팔탄면 건달산로 219-18,1.0,126.907721546247,37.191643210401,4159036000,True,True,True
14159000412,A03,26.0,21,새소망요양원,경기도,화성시,경기도 화성시 마도면 청원서길 25-27 (마도면),원주소,경기 화성시 만세구 마도면 청원서길 25-27,1.0,126.760437173449,37.180940863311,4159033000,True,True,True
14159000419,A03,49.0,45,향남노블케어,경기도,화성시,경기도 화성시 장안면 황골길 66 (장안면),원주소,경기 화성시 만세구 장안면 황골길 66,1.0,126.867093658854,37.0938042685918,4159037000,True,True,True
14159000420,A04,9.0,9,보은의집,경기도,화성시,경기도 화성시 봉담읍 복만터길 29-22 (봉담읍),원주소,경기 화성시 효행구 봉담읍 복만터길 29-22,1.0,126.941778708249,37.1797518265938,4159025300,True,True,True
14159000434,A03,67.0,34,희망노인전문요양원,경기도,화성시,경기도 화성시 기안길 74-6 (기안동),원주소,경기 화성시 효행구 기안길 74-6,1.0,126.983188993886,37.2277960204164,4159056000,True,True,True
14159000435,A04,9.0,6,믿음의집,경기도,화성시,경기도 화성시 우정읍 성신재길 72-4 (우정읍),원주소,경기 화성시 만세구 우정읍 성신재길 72-4,1.0,126.781370797891,37.0802223863852,4159025600,True,True,True
14159000448,A04,9.0,9,정문실로암요양원,경기도,화성시,경기도 화성시 양감면 포당길 26-4 (양감면),원주소,경기 화성시 만세구 양감면 포당길 26-4,1.0,126.98745889971,37.0959542317927,4159040000,True,True,True
14159000460,A03,94.0,93,노인요양원 샬롬하우스,경기도,화성시,경기도 화성시 서신면 계곡촌길 23 (서신면),원주소,경기 화성시 만세구 서신면 계곡촌길 23,1.0,126.675610220781,37.1684425195205,4159035000,True,True,True
14159000476,A03,22.0,18,매송사랑마을요양원,경기도,화성시,경기도 화성시 매송면 송숙로 243-21 (매송면),원주소,경기 화성시 효행구 매송면 송숙로 243-21,1.0,126.908234097842,37.2634486179998,4159031000,True,True,True
14159000477,A03,29.0,26,희망실버케어센터,경기도,화성시,경기도 화성시 장안면 버들로 1065-14 (장안면),원주소,경기 화성시 만세구 장안면 버들로 1065-14,1.0,126.831713564368,37.1224396937905,4159037000,True,True,True
14159000502,A03,29.0,27,효마을365요양원,경기도,화성시,경기도 화성시 향남읍 향봉로 106-3 (향남읍),원주소,경기 화성시 만세구 향남읍 향봉로 106-3,1.0,126.939407001753,37.1433838604574,4159025900,True,True,True
14159000503,A03,29.0,23,한솔너싱홈,경기도,화성시,경기도 화성시 봉담읍 형제봉길 12 (봉담읍),원주소,경기 화성시 효행구 봉담읍 형제봉길 12,1.0,126.928505104022,37.1742410957902,4159025300,True,True,True
14159000515,A03,29.0,28,동화요양원,경기도,화성시,경기도 화성시 봉담읍 동화길 93-6 601~701호 (봉담읍 Z-ZONE타워),도로명번호,경기 화성시 효행구 봉담읍 동화길 93-6,1.0,126.959428786768,37.2164347106813,4159025300,True,True,True
14159000517,A03,29.0,27,팔탄숲속요양원,경기도,화성시,경기도 화성시 팔탄면 마곡길 34-12 (팔탄면),원주소,경기 화성시 만세구 팔탄면 마곡길 34-12,1.0,126.906475861191,37.1664466689556,4159036000,True,True,True
14159000518,A03,29.0,18,해피하우스 요양원,경기도,화성시,경기도 화성시 영통로61번길 11 2층205~206호 (반월동 스타프라자),원주소,경기 화성시 병점구 영통로61번길 11,1.0,127.061377552687,37.2347149565338,4159055000,True,True,True
14159000519,A03,29.0,17,화성요양원,경기도,화성시,경기도 화성시 양감면 장승백이길 21-4 (양감면),원주소,경기 화성시 만세구 양감면 장승백이길 21-4,1.0,126.917340356332,37.0679638223962,4159040000,True,True,True
14159000522,A04,9.0,9,우리요양원,경기도,화성시,경기도 화성시 기배로30번길 5-20 (기안동),원주소,경기 화성시 효행구 기배로30번길 5-20,1.0,126.98042713239,37.2213688701144,4159056000,True,True,True
14159000527,A04,9.0,2,화성효마을요양원,경기도,화성시,경기도 화성시 장안면 참냉기길 21-5 (장안면),원주소,경기 화성시 만세구 장안면 참냉기길 21-5,1.0,126.81366597221,37.0491026182988,4159037000,True,True,True
14159000529,A03,97.0,82,화성플러스요양원,경기도,화성시,경기도 화성시 향남읍 문언동길 1 (향남읍),원주소,경기 화성시 만세구 향남읍 문언동길 1,1.0,126.89176700899,37.090429985027,4159025900,True,True,True
14159000531,A03,46.0,46,꿈담숲요양원,경기도,화성시,경기도 화성시 봉담읍 흰돌산길 128-11 (봉담읍),원주소,경기 화성시 효행구 봉담읍 흰돌산길 128-11,1.0,126.927399988652,37.1851054331792,4159025300,True,True,True
14159000536,A03,49.0,42,효사랑요양원,경기도,화성시,경기도 화성시 봉담읍 형제봉길 10 (봉담읍),원주소,경기 화성시 효행구 봉담읍 형제봉길 10,1.0,126.928980271383,37.1746171217316,4159025300,True,True,True
14159000545,A04,8.0,8,두손애요양원,경기도,화성시,경기도 화성시 양감면 생이길 21 (양감면),원주소,경기 화성시 만세구 양감면 생이길 21,1.0,126.943468200358,37.0821735407906,4159040000,True,True,True
14159000546,A03,41.0,29,성민요양원,경기도,화성시,경기도 화성시 서신면 싸리재길 34-18 (서신면 지하1층~2층),원주소,경기 화성시 만세구 서신면 싸리재길 34-18,1.0,126.70535603861,37.1651841512529,4159035000,True,True,True
14159000549,A04,9.0,7,다인너싱홈,경기도,화성시,경기도 화성시 우정읍 기아자동차로 40 (우정읍),원주소,경기 화성시 만세구 우정읍 기아자동차로 40,1.0,126.765240637722,37.0375841273813,4159025600,True,True,True
14159000550,A03,48.0,42,현대실버요양원,경기도,화성시,경기도 화성시 우정읍 쌍봉로 322-29 (우정읍),원주소,경기 화성시 만세구 우정읍 쌍봉로 322-29,1.0,126.809163664851,37.1081108892744,4159025600,True,True,True
14159000551,A03,49.0,43,미소드림요양원,경기도,화성시,경기도 화성시 안녕길24번길 15-14 (안녕동),원주소,경기 화성시 병점구 안녕길24번길 15-14,1.0,126.98837763412,37.2029630859992,4159057000,True,True,True
14159000552,A03,29.0,23,건영실버요양원,경기도,화성시,경기도 화성시 향남읍 발안양감로 187 704호 (향남읍 센트럴프라자),원주소,경기 화성시 만세구 향남읍 발안양감로 187,1.0,126.910882613707,37.1164018271862,4159025900,True,True,True
14159000559,A03,61.0,52,동탄재활요양원,경기도,화성시,경기도 화성시 메타폴리스로 53 10층 (반송동 스타프라자),원주소,경기 화성시 동탄구 메타폴리스로 53,1.0,127.073195044809,37.2022134448101,4159058500,True,True,True
14159000566,A03,96.0,90,행복한재활요양원,경기도,화성시,경기도 화성시 세자로441번길 11 (안녕동),원주소,경기 화성시 병점구 세자로441번길 11,1.0,126.982691285377,37.204586356488,4159057000,True,True,True
14159000574,A03,26.0,14,화성에이스요양원,경기도,화성시,경기도 화성시 향남읍 왜골길 10 (향남읍),원주소,경기 화성시 만세구 향남읍 왜골길 10,1.0,126.9434068246,37.1185793213161,4159025900,True,True,True
14159000575,A03,82.0,36,행복플러스요양원,경기도,화성시,경기도 화성시 봉담읍 시청로 1375 (봉담읍),원주소,경기 화성시 효행구 봉담읍 시청로 1375,1.0,126.9331174135,37.1733371465435,4159025300,True,True,True
14159000581,A03,48.0,42,세종효요양원,경기도,화성시,경기도 화성시 향남읍 솔태상두길 12 (향남읍),원주소,경기 화성시 만세구 향남읍 솔태상두길 12,1.0,126.933603735469,37.1083035378579,4159025900,True,True,True
14159000582,A03,71.0,68,연세재활요양원,경기도,화성시,경기도 화성시 정남면 서봉로995번길 9 (정남면),원주소,경기 화성시 효행구 정남면 서봉로995번길 9,1.0,126.970906998337,37.1620730207426,4159041000,True,True,True
14159000586,A03,27.0,20,남양효나눔요양원,경기도,화성시,경기도 화성시 남양읍 남양성지로 123 4층401호 (남양읍 삼기프라자),원주소,경기 화성시 만세구 남양읍 남양성지로 123,1.0,126.817220044988,37.2081992137885,4159026200,True,True,True
14159000587,A03,29.0,24,아름다운요양원,경기도,화성시,경기도 화성시 팔탄면 대평안길 57 (팔탄면),원주소,경기 화성시 만세구 팔탄면 대평안길 57,1.0,126.846592697909,37.1349768919461,4159036000,True,True,True
14159000588,A03,99.0,38,다원실버케어,경기도,화성시,경기도 화성시 향남읍 터넉골로 240 (향남읍),원주소,경기 화성시 만세구 향남읍 터넉골로 240,1.0,126.893862207783,37.1335099906099,4159025900,True,True,True
14159000594,A03,25.0,12,마음봄 요양원,경기도,화성시,경기도 화성시 팔탄면 지월길 36 (팔탄면),원주소,경기 화성시 만세구 팔탄면 지월길 36,1.0,126.889847071235,37.1452966170175,4159036000,True,True,True
14159000598,A03,29.0,17,효메디케어요양원,경기도,화성시,경기도 화성시 서신면 제부로 285-8 (서신면),원주소,경기 화성시 만세구 서신면 제부로 285-8,1.0,126.659871899398,37.1693581030504,4159035000,True,True,True
14159000604,A03,29.0,16,마실요양원,경기도,화성시,경기도 화성시 병점중앙로 155 4층401호 (진안동 렉스몰),원주소,경기 화성시 병점구 병점중앙로 155,1.0,127.038188200956,37.2114457597217,4159052000,True,True,True
14159000607,A03,29.0,23,봉담중앙요양원,경기도,화성시,경기도 화성시 봉담읍 동화새터길 96 6층 (봉담읍 스타타워3),원주소,경기 화성시 효행구 봉담읍 동화새터길 96,1.0,126.959509787739,37.2174983369744,4159025300,True,True,True
14159000609,A03,29.0,28,늘사랑요양원,경기도,화성시,경기도 화성시 효행로 1056 9층 (병점동 탑프라자),원주소,경기 화성시 병점구 효행로 1056,1.0,127.042874742607,37.2142126319786,4159052000,True,True,True
14159000610,A03,49.0,29,노블힐요양원,경기도,화성시,경기도 화성시 향남읍 발안양감로 187 6층 (향남읍 센트럴프라자),원주소,경기 화성시 만세구 향남읍 발안양감로 187,1.0,126.910882613707,37.1164018271862,4159025900,True,True,True
14159000611,A03,49.0,38,더편안요양원,경기도,화성시,경기도 화성시 향남읍 발안로 103-24 (향남읍),원주소,경기 화성시 만세구 향남읍 발안로 103-24,1.0,126.92233654467,37.1320684702985,4159025900,True,True,True
14159000616,A03,48.0,46,동탄효드림요양원,경기도,화성시,경기도 화성시 동탄문화센터로 61 13층 (반송동 아시아프라자),원주소,경기 화성시 동탄구 동탄문화센터로 61,1.0,127.072110127955,37.1996799926645,4159058500,True,True,True
14159000617,A03,99.0,64,올바른너싱홈,경기도,화성시,경기도 화성시 남양읍 남양시장로25번길 7 (남양읍),원주소,경기 화성시 만세구 남양읍 남양시장로25번길 7,1.0,126.811755903405,37.209123242644,4159026200,True,True,True
14159000621,A03,99.0,80,화성 꽃피는요양원,경기도,화성시,경기도 화성시 남양읍 남양시장로25번길 9 (남양읍),원주소,경기 화성시 만세구 남양읍 남양시장로25번길 9,1.0,126.812165404526,37.2093033816928,4159026200,True,True,True
14159000623,A03,29.0,27,더베스트요양원,경기도,화성시,경기도 화성시 봉담읍 최루백로 349-24 (봉담읍),원주소,경기 화성시 효행구 봉담읍 최루백로 349-24,1.0,126.972195730289,37.1986892275719,4159025300,True,True,True
14159000627,A04,7.0,5,사랑실버빌,경기도,화성시,경기도 화성시 마도면 석교로 158-34 (마도면),원주소,경기 화성시 만세구 마도면 석교로 158-34,1.0,126.775786098562,37.2041670231212,4159033000,True,True,True
14159000628,A04,9.0,7,그린너싱홈,경기도,화성시,경기도 화성시 향남읍 동오1길 51-14 (향남읍),원주소,경기 화성시 만세구 향남읍 동오1길 51-14,1.0,126.948959228289,37.1348304405296,4159025900,True,True,True
14159000629,A03,48.0,38,우리함께요양원(동탄점),경기도,화성시,경기도 화성시 금곡로257번길 35 (금곡동),원주소,경기 화성시 동탄구 금곡로257번길 35,1.0,127.074604430824,37.1826246671338,4159060000,True,True,True
14159000633,A03,96.0,79,화성카네이션너싱홈,경기도,화성시,경기도 화성시 서신면 안벼슬길 11 (서신면),원주소,경기 화성시 만세구 서신면 안벼슬길 11,1.0,126.7251527758,37.1552725360348,4159035000,True,True,True
14159000634,A03,92.0,60,비봉골든케어재활요양원,경기도,화성시,경기도 화성시 비봉면 양노로29번길 15 (비봉면),원주소,경기 화성시 효행구 비봉면 양노로29번길 15,1.0,126.865346535317,37.2373188832114,4159032000,True,True,True
14159000637,A03,99.0,69,남양성심요양원,경기도,화성시,경기도 화성시 남양읍 남양천로 73 (남양읍),원주소,경기 화성시 만세구 남양읍 남양천로 73,1.0,126.825420511386,37.2120468092606,4159026200,True,True,True
14159000638,A03,38.0,21,포레스트요양원,경기도,화성시,경기도 화성시 정남면 만년로 576 (정남면),원주소,경기 화성시 효행구 정남면 만년로 576,1.0,126.983727764559,37.1725164715278,4159041000,True,True,True
14159000639,A03,29.0,17,우정요양원,경기도,화성시,경기도 화성시 우정읍 기아자동차로 703-9 (우정읍),원주소,경기 화성시 만세구 우정읍 기아자동차로 703-9,1.0,126.809449957368,37.0702942698661,4159025600,True,True,True
14159000644,A03,75.0,33,골든네스트요양원,경기도,화성시,경기도 화성시 향남읍 도이3길 26-13 (향남읍),원주소,경기 화성시 만세구 향남읍 도이3길 26-13,1.0,126.920344392148,37.141383852362,4159025900,True,True,True
14159000645,A03,99.0,75,봄날요양원,경기도,화성시,경기도 화성시 봉담읍 최루백로 206-7 (봉담읍),원주소,경기 화성시 효행구 봉담읍 최루백로 206-7,1.0,126.96133436131,37.205695460517,4159025300,True,True,True
14159000646,A03,99.0,87,다정요양원,경기도,화성시,경기도 화성시 봉담읍 최루백로 206-10 (봉담읍),원주소,경기 화성시 효행구 봉담읍 최루백로 206-10,1.0,126.961364406798,37.2061997885484,4159025300,True,True,True
14159000647,A03,99.0,69,오아시스요양원,경기도,화성시,경기도 화성시 봉담읍 최루백로 206-9 (봉담읍),원주소,경기 화성시 효행구 봉담읍 최루백로 206-9,1.0,126.960948033104,37.2060205230897,4159025300,True,True,True
14159000648,A03,82.0,53,정담케어남양,경기도,화성시,경기도 화성시 남양읍 역골동로 161 (남양읍),원주소,경기 화성시 만세구 남양읍 역골동로 161,1.0,126.830019659207,37.2142628700839,4159026200,True,True,True
14159000649,A04,9.0,9,병점요양원,경기도,화성시,경기도 화성시 경기대로 1008 3층 (병점동),원주소,경기 화성시 병점구 경기대로 1008,1.0,127.036848784123,37.2060524052696,4159053000,True,True,True
14159000650,A04,7.0,5,병점요양원2,경기도,화성시,경기도 화성시 경기대로 1008 3층 (병점동),원주소,경기 화성시 병점구 경기대로 1008,1.0,127.036848784123,37.2060524052696,4159053000,True,True,True
14159000659,A03,91.0,26,그린실버홈,경기도,화성시,경기도 화성시 화산로62번길 4 (송산동),원주소,경기 화성시 병점구 화산로62번길 4,1.0,127.015030698032,37.2093854840978,4159057000,True,True,True
14159000663,A03,49.0,38,보은요양원,경기도,화성시,경기도 화성시 팔탄면 마당바위로 135 (팔탄면),원주소,경기 화성시 만세구 팔탄면 마당바위로 135,1.0,126.912748282386,37.1616517921054,4159036000,True,True,True
14159000664,A03,49.0,42,가재울재활요양원,경기도,화성시,경기도 화성시 팔탄면 삼천병마로 355-68 (팔탄면),원주소,경기 화성시 만세구 팔탄면 삼천병마로 355-68,1.0,126.917994000708,37.145599482089,4159036000,True,True,True
14159000665,A03,99.0,65,가담비시니어케어,경기도,화성시,경기도 화성시 남양읍 화성로1081번길 89-2 (남양읍),원주소,경기 화성시 만세구 남양읍 화성로1081번길 89-2,1.0,126.80044833848,37.2132029737174,4159026200,True,True,True
14159000668,A03,139.0,65,화성성광재활요양원,경기도,화성시,경기도 화성시 남양읍 화성로1081번길 66 (남양읍),원주소,경기 화성시 만세구 남양읍 화성로1081번길 66,1.0,126.802989743897,37.2118946703997,4159026200,True,True,True
14159000672,A03,91.0,35,굿모닝재활전문요양원,경기도,화성시,경기도 화성시 남양읍 역골동로 151-8 (남양읍),원주소,경기 화성시 만세구 남양읍 역골동로 151-8,1.0,126.829811902963,37.2135643491023,4159026200,True,True,True
14159000678,A03,29.0,25,백세요양원 향남점,경기도,화성시,경기도 화성시 향남읍 분향동길 4-11 (향남읍),원주소,경기 화성시 만세구 향남읍 분향동길 4-11,1.0,126.899386614733,37.1084632578725,4159025900,True,True,True
14159000679,A03,29.0,22,한사랑실버밸리요양원,경기도,화성시,경기도 화성시 향남읍 백토관리길 97-2 (향남읍),원주소,경기 화성시 만세구 향남읍 백토관리길 97-2,1.0,126.948107520259,37.1263900894875,4159025900,True,True,True
14159000680,A03,29.0,25,하늘나무실버케어,경기도,화성시,경기도 화성시 동탄원천로 338-7 2층201호 (능동 동탄브이프라자),원주소,경기 화성시 동탄구 동탄원천로 338-7,1.0,127.05886774075,37.2172606813848,4159058700,True,True,True
14159000681,A03,29.0,25,엘너싱홈,경기도,화성시,경기도 화성시 기배로171번길 113 (기안동),원주소,경기 화성시 효행구 기배로171번길 113,1.0,126.986457531921,37.2323439350816,4159056000,True,True,True
14159000688,A04,9.0,9,부모사랑 실버하우스,경기도,화성시,경기도 화성시 봉담읍 방골길 22 1층 (봉담읍),원주소,경기 화성시 효행구 봉담읍 방골길 22,1.0,126.933468575587,37.162080172675,4159025300,True,True,True
14159000691,A03,49.0,48,새봄요양원,경기도,화성시,경기도 화성시 봉담읍 기배로30번길 33 (봉담읍),원주소,경기 화성시 효행구 봉담읍 기배로30번길 33,1.0,126.978347029827,37.2184231595245,4159025300,True,True,True
14159000698,A03,87.0,51,청담요양원,경기도,화성시,경기도 화성시 봉담읍 기배로30번길 31 (봉담읍),원주소,경기 화성시 효행구 봉담읍 기배로30번길 31,1.0,126.978613410638,37.2183031881792,4159025300,True,True,True
14159000701,A03,29.0,17,상리요양원,경기도,화성시,경기도 화성시 봉담읍 삼천병마로 1271 5층501호 (봉담읍),원주소,경기 화성시 효행구 봉담읍 삼천병마로 1271,1.0,126.94807797142,37.2199559036827,4159025300,True,True,True
14159000705,A03,49.0,38,동탄요양원,경기도,화성시,경기도 화성시 병점1로 218 B동901호 902호 (병점동 씨네샤르망),원주소,경기 화성시 병점구 병점1로 218,1.0,127.042701831478,37.2136563863294,4159054000,True,True,True
14159000713,A03,23.0,13,병점효사랑요양원,경기도,화성시,경기도 화성시 효행로 1051 5층501호 (진안동 메인프라자),원주소,경기 화성시 병점구 효행로 1051,1.0,127.041975034192,37.214632843366,4159052000,True,True,True
14159000715,A03,29.0,18,동원요양원,경기도,화성시,경기도 화성시 봉담읍 최루백로 130-14 (봉담읍),원주소,경기 화성시 효행구 봉담읍 최루백로 130-14,1.0,126.953927323267,37.210747164536,4159025300,True,True,True
14159000718,A03,93.0,27,화성베스트재활전문요양원,경기도,화성시,경기도 화성시 남양읍 역골동로 157-3 (남양읍),원주소,경기 화성시 만세구 남양읍 역골동로 157-3,1.0,126.830023165702,37.2138548802579,4159026200,True,True,True
14159000722,A03,99.0,73,미소요양원,경기도,화성시,경기도 화성시 안녕북길 39-17 (안녕동),원주소,경기 화성시 병점구 안녕북길 39-17,1.0,126.981231812169,37.206918504877,4159057000,True,True,True
14159000723,A03,93.0,0,화성베스트요양원,경기도,화성시,경기도 화성시 남양읍 역골동로 157-5 (남양읍),원주소,경기 화성시 만세구 남양읍 역골동로 157-5,1.0,126.829816355205,37.2138392654776,4159026200,True,True,True
14159000724,A03,29.0,13,봉담 효행 요양원,경기도,화성시,경기도 화성시 봉담읍 동화새터길 11-10 (봉담읍),원주소,경기 화성시 효행구 봉담읍 동화새터길 11-10,1.0,126.954164074573,37.2233109466137,4159025300,True,True,True
14161000003,A03,81.0,65,너싱홈그린힐,경기도,광주시,경기도 광주시 탄벌길 108 (탄벌동),원주소,경기 광주시 탄벌길 108,1.0,127.236079596535,37.421977980614,4161055000,True,True,True
14161000010,A03,41.0,40,한마음너싱홈,경기도,광주시,경기도 광주시 경안로 143 (경안동),원주소,경기 광주시 경안로 143,1.0,127.247698115996,37.40960595295,4161051000,True,True,True
14161000013,A03,152.0,102,작은안나의집,경기도,광주시,경기도 광주시 도척면 도척로 882-9 (도척면),원주소,경기 광주시 도척면 도척로 882-9,1.0,127.308715050077,37.290320845201,4161033000,True,True,True
14161000027,A04,9.0,8,쉴만한물가,경기도,광주시,경기도 광주시 초월읍 양지길 28-24 (초월읍),원주소,경기 광주시 초월읍 양지길 28-24,1.0,127.319150655224,37.4190615671727,4161025300,True,True,True
14161000033,A03,92.0,85,오크힐스 광주요양원,경기도,광주시,경기도 광주시 매자리길 94-60 (매산동),원주소,경기 광주시 매자리길 94-60,1.0,127.257421414687,37.3503594712189,4161059000,True,True,True
14161000042,A03,48.0,32,정훈노인전문요양원,경기도,광주시,경기도 광주시 곤지암읍 부항길 135-5 (곤지암읍),원주소,경기 광주시 곤지암읍 부항길 135-5,1.0,127.409336649997,37.3518871102267,4161025900,True,True,True
14161000057,A04,9.0,8,글로리아요양원,경기도,광주시,경기도 광주시 곤지암읍 새재길190번길 38-8 (곤지암읍),원주소,경기 광주시 곤지암읍 새재길190번길 38-8,1.0,127.407134326332,37.3416937732737,4161025900,True,True,True
14161000061,A03,58.0,50,수산나요양원,경기도,광주시,경기도 광주시 초월읍 도평길 71 (초월읍),원주소,경기 광주시 초월읍 도평길 71,1.0,127.297472793273,37.3961818122366,4161025300,True,True,True
14161000067,A03,24.0,24,너싱홈 해원,경기도,광주시,경기도 광주시 초월읍 하오개길71번길 42-29 (초월읍),원주소,경기 광주시 초월읍 하오개길71번길 42-29,1.0,127.335609987525,37.3776263036387,4161025300,True,True,True
14161000085,A03,29.0,25,동인요양원,경기도,광주시,경기도 광주시 목동길46번길 28 (목동),원주소,경기 광주시 목동길46번길 28,1.0,127.194916947124,37.3825330311091,4161056000,True,True,True
14161000086,A04,9.0,9,마리아의작은집,경기도,광주시,경기도 광주시 초월읍 도곡길 132-4 (초월읍),원주소,경기 광주시 초월읍 도곡길 132-4,1.0,127.29003740375,37.3681280713328,4161025300,True,True,True
14161000088,A03,28.0,27,유림노인전문요양원,경기도,광주시,경기도 광주시 퇴촌면 광동로 57-13 (퇴촌면),원주소,경기 광주시 퇴촌면 광동로 57-13,1.0,127.309214674209,37.4710565794533,4161034000,True,True,True
14161000091,A03,25.0,19,참사랑너싱홈,경기도,광주시,경기도 광주시 대명대길11번길 37 (능평동),원주소,경기 광주시 대명대길11번길 37,1.0,127.168259826882,37.3599965345624,4161061000,True,True,True
14161000100,A03,29.0,28,로뎀요양원,경기도,광주시,경기도 광주시 광남안로 325 (목동),원주소,경기 광주시 광남안로 325,1.0,127.197539541483,37.3888481787397,4161056000,True,True,True
14161000108,A03,29.0,28,남서울너싱홈,경기도,광주시,경기도 광주시 새말길 324-15 (신현동),원주소,경기 광주시 새말길 324-15,1.0,127.176302868179,37.380625766789,4161060000,True,True,True
14161000133,A03,29.0,28,효성너싱홈,경기도,광주시,경기도 광주시 퇴촌면 천진암로 749-5 (퇴촌면),원주소,경기 광주시 퇴촌면 천진암로 749-5,1.0,127.344635640173,37.4513214751437,4161034000,True,True,True
14161000169,A04,9.0,9,효심요양원,경기도,광주시,경기도 광주시 초월읍 독고개길 16 2층 (초월읍),원주소,경기 광주시 초월읍 독고개길 16,1.0,127.315794733362,37.3585954128569,4161025300,True,True,True
14161000174,A03,49.0,41,효람요양원,경기도,광주시,경기도 광주시 곤지암읍 경충대로311번길 116 (곤지암읍),원주소,경기 광주시 곤지암읍 경충대로311번길 116,1.0,127.362259305948,37.328677228859,4161025900,True,True,True
14161000175,A04,9.0,7,은혜의집,경기도,광주시,경기도 광주시 문형산길 62 1층 (신현동),원주소,경기 광주시 문형산길 62,1.0,127.164299757273,37.3630822597602,4161060000,True,True,True
14161000183,A03,128.0,112,행복한요양원,경기도,광주시,경기도 광주시 대명대길 38-8 (능평동),원주소,경기 광주시 대명대길 38-8,1.0,127.169890500241,37.3573022063509,4161061000,True,True,True
14161000186,A03,49.0,40,요양원실버브릿지,경기도,광주시,경기도 광주시 곤지암읍 경충대로 551 4-6층 (곤지암읍),도로명번호,경기 광주시 곤지암읍 경충대로 551,1.0,127.346958805396,37.3481664235048,4161025900,True,True,True
14161000224,A03,129.0,123,행복한요양원 3관,경기도,광주시,경기도 광주시 대명대길 39 (능평동),원주소,경기 광주시 대명대길 39,1.0,127.16938988757,37.3580503260337,4161061000,True,True,True
14161000239,A03,91.0,75,광주웰케어노인요양원,경기도,광주시,경기도 광주시 도척면 도척로 1051 (도척면),원주소,경기 광주시 도척면 도척로 1051,1.0,127.297614311451,37.2790684900601,4161033000,True,True,True
14161000243,A03,63.0,56,우리가요양원,경기도,광주시,경기도 광주시 퇴촌면 가새골길 16-10 (퇴촌면),원주소,경기 광주시 퇴촌면 가새골길 16-10,1.0,127.316845561394,37.4384714510896,4161034000,True,True,True
14161000244,A03,60.0,60,위더스요양원,경기도,광주시,경기도 광주시 초월읍 경충대로 974-57 (초월읍),원주소,경기 광주시 초월읍 경충대로 974-57,1.0,127.311555439438,37.3671725051374,4161025300,True,True,True
14161000245,A03,67.0,53,아이너싱홈,경기도,광주시,경기도 광주시 퇴촌면 산수로 1289 (퇴촌면),원주소,경기 광주시 퇴촌면 산수로 1289,1.0,127.306586367591,37.4696180322148,4161034000,True,True,True
14161000246,A03,25.0,19,동행너싱홈,경기도,광주시,경기도 광주시 곤지암읍 새재길190번길 31-66 (곤지암읍),원주소,경기 광주시 곤지암읍 새재길190번길 31-66,1.0,127.412979024022,37.3454909726506,4161025900,True,True,True
14161000247,A03,52.0,52,불곡산숲 실버홈 요양원,경기도,광주시,경기도 광주시 상태길81번길 58-2 (신현동),원주소,경기 광주시 상태길81번길 58-2,1.0,127.147528357209,37.3504894452006,4161060000,True,True,True
14161000249,A03,74.0,70,사랑하는 요양원,경기도,광주시,경기도 광주시 목동길 57-2 (목동),원주소,경기 광주시 목동길 57-2,1.0,127.196995525474,37.3815274694722,4161056000,True,True,True
14161000251,A03,49.0,48,따뜻한 요양원,경기도,광주시,경기도 광주시 목동길 57-1 (목동),원주소,경기 광주시 목동길 57-1,1.0,127.19738009972,37.3817853316839,4161056000,True,True,True
14161000254,A03,74.0,74,미소드림요양원,경기도,광주시,경기도 광주시 목동길 57-4 (목동),원주소,경기 광주시 목동길 57-4,1.0,127.197335436969,37.3814167076871,4161056000,True,True,True
14161000255,A03,28.0,26,로이스 요양원,경기도,광주시,경기도 광주시 양촌길 103-7 (양벌동),원주소,경기 광주시 양촌길 103-7,1.0,127.245360430414,37.3712140111532,4161059000,True,True,True
14161000263,A03,49.0,34,노아요양원,경기도,광주시,경기도 광주시 양촌길 185 (양벌동),원주소,경기 광주시 양촌길 185,1.0,127.254659329552,37.3700166270995,4161059000,True,True,True
14161000265,A03,38.0,37,소망실버하우스,경기도,광주시,경기도 광주시 고불로186번길 28-11 (태전동),원주소,경기 광주시 고불로186번길 28-11,1.0,127.215284056742,37.3973466290552,4161056000,True,True,True
14161000269,A03,37.0,35,스마일요양원,경기도,광주시,경기도 광주시 곤지암읍 경충대로 363-36 (곤지암읍),원주소,경기 광주시 곤지암읍 경충대로 363-36,1.0,127.365351258266,37.3363479844428,4161025900,True,True,True
14161000274,A03,28.0,22,너싱홈로아,경기도,광주시,경기도 광주시 초월읍 하오개길71번길 42-27 (초월읍),원주소,경기 광주시 초월읍 하오개길71번길 42-27,1.0,127.335221827253,37.3773743077744,4161025300,True,True,True
14161000279,A03,49.0,25,강남더숲요양원,경기도,광주시,경기도 광주시 목동길 123-46 (목동),원주소,경기 광주시 목동길 123-46,1.0,127.18943210887,37.3793516917567,4161056000,True,True,True
14161000283,A03,99.0,96,소나무요양원,경기도,광주시,경기도 광주시 광남안로 81 (태전동),원주소,경기 광주시 광남안로 81,1.0,127.217972639068,37.3876924912918,4161056000,True,True,True
14161000294,A03,49.0,32,노블레스요양원,경기도,광주시,경기도 광주시 오포안로 87-4 (문형동),원주소,경기 광주시 오포안로 87-4,1.0,127.199243915204,37.3537734874175,4161058000,True,True,True
14161000295,A03,49.0,48,너싱홈예원,경기도,광주시,경기도 광주시 마루들길 226-2 (양벌동),원주소,경기 광주시 마루들길 226-2,1.0,127.256355962148,37.3773999992018,4161059000,True,True,True
14161000308,A03,49.0,46,휴드림요양원,경기도,광주시,경기도 광주시 퇴촌면 석둔길 6 (퇴촌면),원주소,경기 광주시 퇴촌면 석둔길 6,1.0,127.372568380038,37.4781559117337,4161034000,True,True,True
14163000010,A03,200.0,127,양주대진요양원,경기도,양주시,경기도 양주시 남면 휴암로284번길 426-59 (남면),원주소,경기 양주시 남면 휴암로284번길 426-59,1.0,126.975354710591,37.8721187248244,4163032000,True,True,True
14163000011,A03,48.0,42,성 빈첸시오의 집,경기도,양주시,경기도 양주시 은현면 은현로55번길 224 (은현면),원주소,경기 양주시 은현면 은현로55번길 224,1.0,127.01375547886,37.8777771070464,4163031000,True,True,True
14163000015,A03,72.0,41,양주노블케어,경기도,양주시,경기도 양주시 은현면 화합로969번길 185-105 (은현면),원주소,경기 양주시 은현면 화합로969번길 185-105,1.0,127.036444225247,37.86857988808,4163031000,True,True,True
14163000016,A03,29.0,29,에버그린 노인요양센터,경기도,양주시,경기도 양주시 장흥면 가마골로258번길 68 (장흥면),원주소,경기 양주시 장흥면 가마골로258번길 68,1.0,126.980702063693,37.7418358103276,4163034000,True,True,True
14163000019,A03,20.0,15,하예성 사랑의 집,경기도,양주시,경기도 양주시 남면 감악산로52번길 99-19 (남면),원주소,경기 양주시 남면 감악산로52번길 99-19,1.0,126.988138756946,37.875569448913,4163032000,True,True,True
14163000021,A03,29.0,17,둥지실버홈,경기도,양주시,경기도 양주시 장흥면 권율로309번길 67-38 에이동 씨동 (장흥면),원주소,경기 양주시 장흥면 권율로309번길 67-38,1.0,126.952237379273,37.7411733394334,4163034000,True,True,True
14163000052,A03,24.0,11,영파실버홈 사랑의집,경기도,양주시,경기도 양주시 백석읍 권율로842번길 33 (백석읍),원주소,경기 양주시 백석읍 권율로842번길 33,1.0,126.963373881914,37.7737589833283,4163025000,True,True,True
14163000077,A04,9.0,9,연화실버요양원,경기도,양주시,경기도 양주시 평화로 1167-56 (산북동),원주소,경기 양주시 평화로 1167-56,1.0,127.043630952311,37.7953326675632,4163051000,True,True,True
14163000081,A03,60.0,52,염광의집,경기도,양주시,경기도 양주시 장흥면 권율로 156-23 (장흥면),원주소,경기 양주시 장흥면 권율로 156-23,1.0,126.951271466504,37.7288109139201,4163034000,True,True,True
14163000084,A03,15.0,7,우리집요양원,경기도,양주시,경기도 양주시 백석읍 부흥로397번길 45 (백석읍),원주소,경기 양주시 백석읍 부흥로397번길 45,1.0,126.946131245391,37.818387396875,4163025000,True,True,True
14163000122,A04,6.0,5,한울노인공동생활가정,경기도,양주시,경기도 양주시 부흥로 2162 109동401호 (삼숭동 나래아파트),원주소,경기 양주시 부흥로 2162,1.0,127.094502162281,37.8065060101553,4163052000,True,True,True
14163000129,A04,7.0,0,양주실버홈,경기도,양주시,경기도 양주시 고암길 200 102동705호 (고암동 덕정 중흥에스클래스),원주소,경기 양주시 고암길 200,1.0,127.075686679022,37.8338302175076,4163055000,True,True,True
14163000131,A03,36.0,34,은혜요양원,경기도,양주시,경기도 양주시 남면 화합로387번길 325 (남면),원주소,경기 양주시 남면 화합로387번길 325,1.0,126.965872313333,37.8703081529889,4163032000,True,True,True
14163000137,A03,24.0,24,겸손의 집 양주요양원,경기도,양주시,경기도 양주시 평화로 1916-113 (봉양동),원주소,경기 양주시 평화로 1916-113,1.0,127.060448317384,37.8569706347744,4163053000,True,True,True
14163000149,A03,29.0,20,천수효요양원,경기도,양주시,경기도 양주시 어하고개로132번길 80 (삼숭동),원주소,경기 양주시 어하고개로132번길 80,1.0,127.107294436382,37.810140602284,4163052000,True,True,True
14163000155,A03,60.0,40,삼성노인전문요양원,경기도,양주시,경기도 양주시 백석읍 기산로440번길 88 (백석읍),원주소,경기 양주시 백석읍 기산로440번길 88,1.0,126.938021812646,37.7729202102409,4163025000,True,True,True
14163000172,A03,130.0,106,서울실버케어스,경기도,양주시,경기도 양주시 장흥면 호국로 407-6 (장흥면),원주소,경기 양주시 장흥면 호국로 407-6,1.0,126.963833425059,37.7132151025656,4163034000,True,True,True
14163000174,A03,49.0,45,서울양주요양원,경기도,양주시,경기도 양주시 천보산로71번길 123 (회암동),원주소,경기 양주시 천보산로71번길 123,1.0,127.092735529753,37.8436802298991,4163057000,True,True,True
14163000177,A03,29.0,29,힐링케어요양원,경기도,양주시,경기도 양주시 화합로 1240-13 (회정동),원주소,경기 양주시 화합로 1240-13,1.0,127.052129816108,37.8461375077956,4163054000,True,True,True
14163000181,A03,29.0,24,행복한노인요양원,경기도,양주시,경기도 양주시 백석읍 부흥로397번길 21 (백석읍 지층 1층),원주소,경기 양주시 백석읍 부흥로397번길 21,1.0,126.946324751534,37.8176352759349,4163025000,True,True,True
14163000187,A03,49.0,16,양주실버케어센터,경기도,양주시,경기도 양주시 광적면 그루고개로32번길 17 (광적면),원주소,경기 양주시 광적면 그루고개로32번길 17,1.0,126.989858462933,37.8199152284656,4163033000,True,True,True
14163000191,A03,29.0,29,양주행복마을요양원,경기도,양주시,경기도 양주시 백석읍 월암로 72-5 (백석읍),원주소,경기 양주시 백석읍 월암로 72-5,1.0,126.95688297283,37.8009102522072,4163025000,True,True,True
14163000194,A03,49.0,49,섬김요양원,경기도,양주시,경기도 양주시 광적면 광적로65번길 226-38 (광적면),원주소,경기 양주시 광적면 광적로65번길 226-38,1.0,126.97234651554,37.8299952015684,4163033000,True,True,True
14163000199,A03,29.0,23,주원요양원,경기도,양주시,경기도 양주시 화합로1426번길 9 (덕정동),원주소,경기 양주시 화합로1426번길 9,1.0,127.066926521262,37.8408805334238,4163055000,True,True,True
14163000212,A04,5.0,3,아름체실버케어센타,경기도,양주시,경기도 양주시 백석읍 고릉말로56번길 39 1층 (백석읍),원주소,경기 양주시 백석읍 고릉말로56번길 39,1.0,126.997763699566,37.8007580204165,4163025000,True,True,True
14163000213,A04,9.0,8,효드림노인복지센터,경기도,양주시,경기도 양주시 회정로 134 2층 (덕정동 두리테크),원주소,경기 양주시 회정로 134,1.0,127.068336267092,37.8371682436631,4163055000,True,True,True
14163000214,A04,9.0,9,우리요양원,경기도,양주시,경기도 양주시 평화로 1521 4층 (덕계동),원주소,경기 양주시 평화로 1521,1.0,127.051556984468,37.8256009503744,4163054000,True,True,True
14163000225,A04,9.0,5,VIP효양주요양센타,경기도,양주시,경기도 양주시 고덕로 185 2층 (덕계동),원주소,경기 양주시 고덕로 185,1.0,127.062084517657,37.80518773844,4163054000,True,True,True
14163000227,A04,9.0,9,참좋은이웃,경기도,양주시,경기도 양주시 남면 화합로387번길 287 (남면),원주소,경기 양주시 남면 화합로387번길 287,1.0,126.964675380047,37.8689863773841,4163032000,True,True,True
14163000231,A04,9.0,0,동그라미요양원,경기도,양주시,경기도 양주시 백석읍 가업리 236번지 5호 ,지번정규화,경기 양주시 백석읍 가업리 236-5,1.0,126.975991578243,37.7878187857813,4163025000,True,True,True
14163000237,A03,72.0,70,자스민요양원,경기도,양주시,경기도 양주시 백석읍 기산로471번길 1-1 (백석읍),원주소,경기 양주시 백석읍 기산로471번길 1-1,1.0,126.940957889748,37.7764017812572,4163025000,True,True,True
14163000251,A04,9.0,7,그랜드요양원,경기도,양주시,경기도 양주시 은현면 화합로 865-2 (은현면),원주소,경기 양주시 은현면 화합로 865-2,1.0,127.023793850205,37.8670408783083,4163031000,True,True,True
14163000274,A04,9.0,8,한우리요양원,경기도,양주시,경기도 양주시 고읍남로 6-14 4층402호 (광사동),원주소,경기 양주시 고읍남로 6-14,1.0,127.079151354261,37.7959233885451,4163052000,True,True,True
14163000278,A03,49.0,31,보훈케어노인전문요양원,경기도,양주시,경기도 양주시 은현면 은현로 13 (은현면),원주소,경기 양주시 은현면 은현로 13,1.0,127.021334295181,37.8706583019778,4163031000,True,True,True
14163000280,A04,9.0,9,큰열매요양원,경기도,양주시,경기도 양주시 백석읍 꿈나무로 130 2층 (백석읍 유경정빌딩),원주소,경기 양주시 백석읍 꿈나무로 130,1.0,126.990908837637,37.7974866643278,4163025000,True,True,True
14163000283,A03,20.0,17,양주제일요양원,경기도,양주시,경기도 양주시 칠봉산로168번길 153-82 (봉양동),원주소,경기 양주시 칠봉산로168번길 153-82,1.0,127.090901902802,37.8530901261402,4163053000,True,True,True
14163000285,A04,9.0,9,하나요양원,경기도,양주시,경기도 양주시 고읍남로 6-14 4층 (광사동 제이프라자),원주소,경기 양주시 고읍남로 6-14,1.0,127.079151354261,37.7959233885451,4163052000,True,True,True
14163000291,A03,49.0,46,핀란드의숲요양원,경기도,양주시,경기도 양주시 부흥로 1936 4 5층 (광사동 4층(401호) 5층(501 503호)),도로명번호,경기 양주시 부흥로 1936,1.0,127.077888854685,37.7946791022598,4163052000,True,True,True
14163000294,A03,27.0,11,효마루요양원,경기도,양주시,경기도 양주시 광적면 광적로325번길 12 (광적면),원주소,경기 양주시 광적면 광적로325번길 12,1.0,126.965435726828,37.8436337373613,4163033000,True,True,True
14163000297,A03,99.0,80,온누리요양원,경기도,양주시,경기도 양주시 장흥면 가마골로 246-54 (장흥면),원주소,경기 양주시 장흥면 가마골로 246-54,1.0,126.979296484511,37.7404921366642,4163034000,True,True,True
14163000300,A03,49.0,44,효자재활요양원,경기도,양주시,경기도 양주시 백석읍 기산로440번길 78 (백석읍),원주소,경기 양주시 백석읍 기산로440번길 78,1.0,126.938643192123,37.7733987671999,4163025000,True,True,True
14163000301,A03,100.0,96,스마일요양원,경기도,양주시,경기도 양주시 장흥면 호국로 95-22 (장흥면),원주소,경기 양주시 장흥면 호국로 95-22,1.0,126.933966498941,37.7165217934415,4163034000,True,True,True
14163000310,A03,49.0,0,이화실버케어요양원,경기도,양주시,경기도 양주시 장흥면 가마골로 246-24 (장흥면),원주소,경기 양주시 장흥면 가마골로 246-24,1.0,126.978343215808,37.7405748545526,4163034000,True,True,True
14163000313,A04,9.0,8,VIP양주요양센터,경기도,양주시,경기도 양주시 고덕로 185 2층 (덕계동),원주소,경기 양주시 고덕로 185,1.0,127.062084517657,37.80518773844,4163054000,True,True,True
14163000318,A04,9.0,9,백석요양원,경기도,양주시,경기도 양주시 백석읍 부흥로 963 2층 (백석읍 제이빌딩),원주소,경기 양주시 백석읍 부흥로 963,1.0,126.996007698651,37.8092445612828,4163025000,True,True,True
14163000321,A03,87.0,22,사랑사랑요양원,경기도,양주시,경기도 양주시 장흥면 가마골로 246-35 (장흥면),원주소,경기 양주시 장흥면 가마골로 246-35,1.0,126.978378527672,37.7412604986195,4163034000,True,True,True
14163000327,A03,29.0,20,기산요양원,경기도,양주시,경기도 양주시 백석읍 기산로440번길 32-17 (백석읍),원주소,경기 양주시 백석읍 기산로440번길 32-17,1.0,126.937981659578,37.7757410172802,4163025000,True,True,True
14163000328,A03,35.0,24,늘사랑요양원,경기도,양주시,경기도 양주시 부흥로 1932 4층 (광사동),원주소,경기 양주시 부흥로 1932,1.0,127.077677992073,37.7944394057017,4163052000,True,True,True
14163000329,A03,49.0,49,실버트리요양원,경기도,양주시,경기도 양주시 회정로 134 6층 (덕정동 두리테크),원주소,경기 양주시 회정로 134,1.0,127.068336267092,37.8371682436631,4163055000,True,True,True
14163000341,A03,81.0,64,송추재활요양원,경기도,양주시,경기도 양주시 장흥면 가마골로 246-31 (장흥면),원주소,경기 양주시 장흥면 가마골로 246-31,1.0,126.97812059682,37.7410317850437,4163034000,True,True,True
14163000347,A03,66.0,46,실버랜드요양원,경기도,양주시,경기도 양주시 장흥면 권율로 101-12 (장흥면),원주소,경기 양주시 장흥면 권율로 101-12,1.0,126.948777875533,37.7244023049885,4163034000,True,True,True
14163000352,A03,49.0,23,이레실버케어,경기도,양주시,경기도 양주시 장흥면 가마골로 246-20 (장흥면 외 1필지),원주소,경기 양주시 장흥면 가마골로 246-20,1.0,126.978247405827,37.7403726594002,4163034000,True,True,True
14163000354,A03,99.0,82,프라임요양원,경기도,양주시,경기도 양주시 장흥면 가마골로 246-57 (장흥면),원주소,경기 양주시 장흥면 가마골로 246-57,1.0,126.980025546945,37.7408998609581,4163034000,True,True,True
14163000358,A03,24.0,23,큰나무요양원,경기도,양주시,경기도 양주시 백석읍 양주산성로 838-49 (백석읍),원주소,경기 양주시 백석읍 양주산성로 838-49,1.0,126.968738162418,37.7939247930297,4163025000,True,True,True
14163000365,A03,60.0,48,해누리요양원,경기도,양주시,경기도 양주시 칠봉산로 201-39 (봉양동),원주소,경기 양주시 칠봉산로 201-39,1.0,127.0758274837,37.8508643646513,4163053000,True,True,True
14163000375,A03,47.0,37,참소중한요양원,경기도,양주시,경기도 양주시 고읍남로 6-14 201 601~2호 (광사동),도로명번호,경기 양주시 고읍남로 6-14,1.0,127.079151354261,37.7959233885451,4163052000,True,True,True
14163000377,A03,49.0,24,다올건강실버케어,경기도,양주시,경기도 양주시 장흥면 가마골로 246-34 (장흥면 외 1),원주소,경기 양주시 장흥면 가마골로 246-34,1.0,126.978423477573,37.7407956968387,4163034000,True,True,True
14163000383,A03,63.0,46,서진요양원,경기도,양주시,경기도 양주시 원학로147번길 53 에이동 (광사동),원주소,경기 양주시 원학로147번길 53,1.0,127.066368487866,37.775167346348,4163052000,True,True,True
14163000389,A03,46.0,39,은샘요양원,경기도,양주시,경기도 양주시 장흥면 가마골로 279 (장흥면),원주소,경기 양주시 장흥면 가마골로 279,1.0,126.975530265816,37.742510036351,4163034000,True,True,True
14163000392,A03,29.0,23,사랑채요양원,경기도,양주시,경기도 양주시 부흥로 1932 3층301호 (광사동),원주소,경기 양주시 부흥로 1932,1.0,127.077677992073,37.7944394057017,4163052000,True,True,True
14163000393,A03,74.0,60,제일케어요양원,경기도,양주시,경기도 양주시 장흥면 권율로 103 (장흥면),원주소,경기 양주시 장흥면 권율로 103,1.0,126.948579969187,37.7240323699468,4163034000,True,True,True
14163000394,A03,22.0,15,인수요양원,경기도,양주시,경기도 양주시 남면 삼육사로194번길 66-12 가동 (남면),원주소,경기 양주시 남면 삼육사로194번길 66-12,1.0,126.982710899885,37.8972758317773,4163032000,True,True,True
14163000395,A03,88.0,67,더클래식요양원,경기도,양주시,경기도 양주시 장흥면 호국로 95-12 (장흥면),원주소,경기 양주시 장흥면 호국로 95-12,1.0,126.933787951857,37.7161701336962,4163034000,True,True,True
14163000398,A03,49.0,20,더편한요양원,경기도,양주시,경기도 양주시 백석읍 기산로 423-50 (백석읍),원주소,경기 양주시 백석읍 기산로 423-50,1.0,126.937462578703,37.778579408822,4163025000,True,True,True
14163000400,A03,99.0,96,양주푸른힐요양원,경기도,양주시,경기도 양주시 백석읍 양주산성로 763-13 (백석읍),원주소,경기 양주시 백석읍 양주산성로 763-13,1.0,126.971752569852,37.7864091914724,4163025000,True,True,True
14163000402,A03,29.0,10,더쉼요양원,경기도,양주시,경기도 양주시 평화로 1404 2 3층 (덕계동),도로명번호,경기 양주시 평화로 1404,1.0,127.046693933681,37.8163466375386,4163054000,True,True,True
14163000405,A03,65.0,45,예가요양원,경기도,양주시,경기도 양주시 장흥면 호국로 95-20 (장흥면),원주소,경기 양주시 장흥면 호국로 95-20,1.0,126.934148748786,37.7162798940669,4163034000,True,True,True
14163000406,A03,87.0,82,삼성힐링요양원,경기도,양주시,경기도 양주시 장흥면 가마골로 246-10 (장흥면),원주소,경기 양주시 장흥면 가마골로 246-10,1.0,126.978281228422,37.739939119187,4163034000,True,True,True
14163000408,A03,41.0,24,해오름요양원,경기도,양주시,경기도 양주시 백석읍 기산로440번길 91 (백석읍 해오름요양원),원주소,경기 양주시 백석읍 기산로440번길 91,1.0,126.938690293914,37.772852176747,4163025000,True,True,True
14163000414,A03,80.0,73,송추VIP요양원,경기도,양주시,경기도 양주시 장흥면 가마골로 246-45 (장흥면),원주소,경기 양주시 장흥면 가마골로 246-45,1.0,126.979418100157,37.7409292181519,4163034000,True,True,True
14163000415,A03,49.0,49,A+물댄동산,경기도,양주시,경기도 양주시 은현면 운하로434번길 20 (은현면 물댄동산요양원),원주소,경기 양주시 은현면 운하로434번길 20,1.0,127.03503329816,37.8869141622261,4163031000,True,True,True
14163000416,A03,49.0,30,해바라기요양원,경기도,양주시,경기도 양주시 백석읍 기산로440번길 111 (백석읍 해바라기요양원),원주소,경기 양주시 백석읍 기산로440번길 111,1.0,126.938560417191,37.7717889712261,4163025000,True,True,True
14163000418,A04,9.0,9,마루요양원,경기도,양주시,경기도 양주시 부흥로2092번길 44 나호 (삼숭동),원주소,경기 양주시 부흥로2092번길 44,1.0,127.08793536133,37.8036267643123,4163052000,True,True,True
14163000419,A03,82.0,81,송추스위트홈,경기도,양주시,경기도 양주시 장흥면 가마골로 246-36 (장흥면),원주소,경기 양주시 장흥면 가마골로 246-36,1.0,126.978534595627,37.7402446843072,4163034000,True,True,True
14163000420,A03,99.0,95,더해피케어요양원,경기도,양주시,경기도 양주시 장흥면 가마골로 246-58 (장흥면),원주소,경기 양주시 장흥면 가마골로 246-58,1.0,126.979600446129,37.7404300227781,4163034000,True,True,True
14163000423,A03,29.0,25,선암요양원,경기도,양주시,경기도 양주시 은현면 화합로941번길 32 (은현면 선암요양원),원주소,경기 양주시 은현면 화합로941번길 32,1.0,127.028200404249,37.862157115356,4163031000,True,True,True
14163000424,A03,79.0,62,양주보금자리요양원,경기도,양주시,경기도 양주시 백석읍 중앙로223번길 123-21 (백석읍 양주보금자리요양원),원주소,경기 양주시 백석읍 중앙로223번길 123-21,1.0,126.982499739355,37.7925901638798,4163025000,True,True,True
14163000425,A03,49.0,42,성신요양원,경기도,양주시,경기도 양주시 양주산성로49번길 54 (남방동),원주소,경기 양주시 양주산성로49번길 54,1.0,127.036405201866,37.7681317169971,4163051000,True,True,True
14163000426,A04,9.0,9,사랑나눔요양원,경기도,양주시,경기도 양주시 옥정로 222 1103호 (옥정동),원주소,경기 양주시 옥정로 222,1.0,127.092154181486,37.8214014227854,4163058000,True,True,True
14163000427,A03,29.0,27,민들레요양원,경기도,양주시,경기도 양주시 옥정로 218 10층1~3호 (옥정동),원주소,경기 양주시 옥정로 218,1.0,127.092146795329,37.8210331174872,4163058000,True,True,True
14163000428,A03,57.0,45,효드림케어요양원,경기도,양주시,경기도 양주시 고삼로 92 (만송동),원주소,경기 양주시 고삼로 92,1.0,127.093641869654,37.7970647304668,4163052000,True,True,True
14163000433,A03,99.0,69,아델라실버케어A,경기도,양주시,경기도 양주시 장흥면 호국로 407-25 (장흥면),원주소,경기 양주시 장흥면 호국로 407-25,1.0,126.963622782426,37.7137504862578,4163034000,True,True,True
14163000434,A03,99.0,72,아델라실버케어B,경기도,양주시,경기도 양주시 장흥면 호국로 407-27 (장흥면),원주소,경기 양주시 장흥면 호국로 407-27,1.0,126.963977953375,37.7138346561196,4163034000,True,True,True
14163000435,A03,95.0,80,베스트케어요양원,경기도,양주시,경기도 양주시 장흥면 호국로 439-10 (장흥면),원주소,경기 양주시 장흥면 호국로 439-10,1.0,126.965478849813,37.7126600555569,4163034000,True,True,True
14163000436,A03,29.0,26,효나무요양원,경기도,양주시,경기도 양주시 장흥면 권율로 615-1 (장흥면),원주소,경기 양주시 장흥면 권율로 615-1,1.0,126.966397050421,37.7593103831932,4163034000,True,True,True
14163000437,A03,36.0,35,광적요양원,경기도,양주시,경기도 양주시 광적면 광적로30번길 5-17 (광적면),원주소,경기 양주시 광적면 광적로30번길 5-17,1.0,126.983176416792,37.822560213737,4163033000,True,True,True
14163000441,A03,103.0,76,라파요양원,경기도,양주시,경기도 양주시 백석읍 양주산성로 763-11 (백석읍),원주소,경기 양주시 백석읍 양주산성로 763-11,1.0,126.971577052965,37.7867259275811,4163025000,True,True,True
14163000442,A03,99.0,97,감동보금자리요양원,경기도,양주시,경기도 양주시 백석읍 중앙로223번길 127-25 (백석읍),원주소,경기 양주시 백석읍 중앙로223번길 127-25,1.0,126.982169376209,37.792502360714,4163025000,True,True,True
14163000445,A03,80.0,41,꽃동산실버요양원,경기도,양주시,경기도 양주시 은현면 화합로1080번길 184-52 (은현면),원주소,경기 양주시 은현면 화합로1080번길 184-52,1.0,127.025109551454,37.8499438848555,4163031000,True,True,True
14163000448,A03,90.0,66,보아스의집,경기도,양주시,경기도 양주시 장흥면 호국로 95-10 (장흥면),원주소,경기 양주시 장흥면 호국로 95-10,1.0,126.933722903518,37.7159830551736,4163034000,True,True,True
14163000449,A03,93.0,74,거북이요양원,경기도,양주시,경기도 양주시 장흥면 가마골로 246-38 (장흥면),원주소,경기 양주시 장흥면 가마골로 246-38,1.0,126.978791305951,37.7399743498718,4163034000,True,True,True
14163000450,A04,9.0,7,조은요양원,경기도,양주시,경기도 양주시 율정로139번길 17 1층 (율정동),원주소,경기 양주시 율정로139번길 17,1.0,127.102521272715,37.8292945997922,4163057000,True,True,True
14163000452,A03,84.0,75,양주재활 요양원,경기도,양주시,경기도 양주시 양주산성로 73-12 (남방동),원주소,경기 양주시 양주산성로 73-12,1.0,127.03620376801,37.767945639674,4163051000,True,True,True
14163000454,A03,49.0,45,늘푸른요양원,경기도,양주시,경기도 양주시 평화로1399번길 20 (덕계동),원주소,경기 양주시 평화로1399번길 20,1.0,127.045160706453,37.8155584468845,4163054000,True,True,True
14163000457,A04,9.0,9,송이요양원,경기도,양주시,경기도 양주시 양주산성로164번길 29-22 (남방동),원주소,경기 양주시 양주산성로164번길 29-22,1.0,127.027975805039,37.7729597665608,4163051000,True,True,True
14163000459,A03,49.0,41,송추푸른요양원,경기도,양주시,경기도 양주시 장흥면 가마골로 246-16 (장흥면),원주소,경기 양주시 장흥면 가마골로 246-16,1.0,126.978138994628,37.740198842361,4163034000,True,True,True
14163000460,A03,45.0,45,실버트리요양원(2호점),경기도,양주시,경기도 양주시 회정로 134 8층801호 (덕정동 두리테크덕정타운),원주소,경기 양주시 회정로 134,1.0,127.068336267092,37.8371682436631,4163055000,True,True,True
14163000468,A03,29.0,19,들꽃요양원,경기도,양주시,경기도 양주시 백석읍 양주산성로 880-11 (백석읍),원주소,경기 양주시 백석읍 양주산성로 880-11,1.0,126.964806900073,37.794558141088,4163025000,True,True,True
14163000470,A03,69.0,43,일영실버케어,경기도,양주시,경기도 양주시 장흥면 호국로 95-14 (장흥면),원주소,경기 양주시 장흥면 호국로 95-14,1.0,126.933973835759,37.7160504085454,4163034000,True,True,True
14163000474,A03,66.0,48,정원산책요양원,경기도,양주시,경기도 양주시 백석읍 호명로 53-21 (백석읍 정원산책요양원),원주소,경기 양주시 백석읍 호명로 53-21,1.0,126.993295685595,37.7902086801122,4163025000,True,True,True
14163000478,A03,36.0,23,은현실버스테이,경기도,양주시,경기도 양주시 은현면 화합로863번길 34-218 (은현면),원주소,경기 양주시 은현면 화합로863번길 34-218,1.0,127.026179768203,37.8711795144846,4163031000,True,True,True
14163000480,A03,99.0,74,이안복지센터요양원,경기도,양주시,경기도 양주시 백석읍 기산로 457-20 (백석읍),원주소,경기 양주시 백석읍 기산로 457-20,1.0,126.940297797899,37.777574593368,4163025000,True,True,True
14163000482,A03,72.0,37,연세요양원,경기도,양주시,경기도 양주시 장흥면 가마골로 246-25 (장흥면),원주소,경기 양주시 장흥면 가마골로 246-25,1.0,126.977971352624,37.7408192186061,4163034000,True,True,True
14163000488,A03,29.0,23,VIP양주요양원,경기도,양주시,경기도 양주시 고덕로 185 3층 (덕계동),원주소,경기 양주시 고덕로 185,1.0,127.062084517657,37.80518773844,4163054000,True,True,True
14163000491,A03,49.0,41,로뎀요양원,경기도,양주시,경기도 양주시 백석읍 권율로1398번길 29 (백석읍),원주소,경기 양주시 백석읍 권율로1398번길 29,1.0,126.980283139124,37.8069647240551,4163025000,True,True,True
14163000493,A03,60.0,25,가연재활요양원,경기도,양주시,경기도 양주시 만삼로 54 (만송동),원주소,경기 양주시 만삼로 54,1.0,127.09814729034,37.7922613755239,4163052000,True,True,True
14163000496,A03,87.0,76,로뎀실버케어,경기도,양주시,경기도 양주시 장흥면 가마골로100번길 68-26 (장흥면),원주소,경기 양주시 장흥면 가마골로100번길 68-26,1.0,126.979689516229,37.7275249000266,4163034000,True,True,True
14163000497,A04,9.0,8,마음숲시니어케어,경기도,양주시,경기도 양주시 백석읍 부흥로1204번길 70-65 (백석읍),원주소,경기 양주시 백석읍 부흥로1204번길 70-65,1.0,127.005294653742,37.7908686161965,4163025000,True,True,True
14163000502,A03,64.0,44,참좋은요양원,경기도,양주시,경기도 양주시 백석읍 권율로847번길 10-19 (백석읍),원주소,경기 양주시 백석읍 권율로847번길 10-19,1.0,126.959834054898,37.7744822951752,4163025000,True,True,True
14163000505,A03,95.0,66,양주부모사랑요양원,경기도,양주시,경기도 양주시 백석읍 양주산성로800번길 27 (백석읍),원주소,경기 양주시 백석읍 양주산성로800번길 27,1.0,126.971873901365,37.7912710810588,4163025000,True,True,True
14163000506,A03,49.0,42,해와달요양원,경기도,양주시,경기도 양주시 평화로 1426 6 7층 (덕계동 영토빌딩),도로명번호,경기 양주시 평화로 1426,1.0,127.04627028041,37.8181094379162,4163054000,True,True,True
14163000508,A03,20.0,12,다정마을요양원,경기도,양주시,경기도 양주시 광적면 부흥로 936-14 (광적면),원주소,경기 양주시 광적면 부흥로 936-14,1.0,126.992995956912,37.8095362412558,4163033000,True,True,True
14163000509,A03,98.0,34,나루재활요양원,경기도,양주시,경기도 양주시 고삼로 129-22 (삼숭동),원주소,경기 양주시 고삼로 129-22,1.0,127.098883428045,37.7985545100727,4163052000,True,True,True
14163000510,A03,81.0,75,우리사랑요양원,경기도,양주시,경기도 양주시 백석읍 부흥로1086번길 20 (백석읍),원주소,경기 양주시 백석읍 부흥로1086번길 20,1.0,127.00393541065,37.8007350915257,4163025000,True,True,True
14163000517,A03,83.0,61,서울스마트효요양원,경기도,양주시,경기도 양주시 장흥면 가마골로 246-43 (장흥면),원주소,경기 양주시 장흥면 가마골로 246-43,1.0,126.978779396232,37.7411564194306,4163034000,True,True,True
14163000518,A03,29.0,13,꽃밭에서 요양원,경기도,양주시,경기도 양주시 장흥면 가마골로 246-40 (장흥면),원주소,경기 양주시 장흥면 가마골로 246-40,1.0,126.979281724928,37.7401227366474,4163034000,True,True,True
14163000523,A03,49.0,9,더편한요양원,경기도,양주시,경기도 양주시 백석읍 기산로 423-50 (백석읍),원주소,경기 양주시 백석읍 기산로 423-50,1.0,126.937462578703,37.778579408822,4163025000,True,True,True
14163000526,A03,27.0,25,한마음 요양원,경기도,양주시,경기도 양주시 양주산성로164번길 29-27 (남방동),원주소,경기 양주시 양주산성로164번길 29-27,1.0,127.026491897949,37.7724503438723,4163051000,True,True,True
14163000528,A03,75.0,20,하늘궁돌봄요양원,경기도,양주시,경기도 양주시 장흥면 권율로309번길 317-59 (장흥면),원주소,경기 양주시 장흥면 권율로309번길 317-59,1.0,126.944248910378,37.7492779174478,4163034000,True,True,True
14163000530,A03,49.0,9,더 사임당 재활요양원,경기도,양주시,경기도 양주시 고삼로 129-18 (삼숭동 더 사임당 재활요양원),원주소,경기 양주시 고삼로 129-18,1.0,127.099025729288,37.7981529227282,4163052000,True,True,True
14165000009,A03,29.0,29,가족처럼노인요양원,경기도,포천시,경기도 포천시 일동면 화동로 1648 (일동면),원주소,경기 포천시 일동면 화동로 1648,1.0,127.360573762679,37.9973307103774,4165037000,True,True,True
14165000010,A03,48.0,36,포천분도마을,경기도,포천시,경기도 포천시 자작로4길 71 (자작동),원주소,경기 포천시 자작로4길 71,1.0,127.164672597025,37.8731125098859,4165052000,True,True,True
14165000011,A03,100.0,85,사회복지법인 효담전문요양원,경기도,포천시,경기도 포천시 가산면 부흥로 718 (가산면),원주소,경기 포천시 가산면 부흥로 718,1.0,127.191374716031,37.8112542723494,4165033000,True,True,True
14165000018,A03,48.0,48,모현노인요양원,경기도,포천시,경기도 포천시 왕방로 210 (신읍동),원주소,경기 포천시 왕방로 210,1.0,127.199483866534,37.8987076966712,4165051000,True,True,True
14165000021,A04,9.0,4,우리집,경기도,포천시,경기도 포천시 소흘읍 무림2길 29-27 (소흘읍),원주소,경기 포천시 소흘읍 무림2길 29-27,1.0,127.135855005142,37.7731846165898,4165025000,True,True,True
14165000035,A03,42.0,35,소망의집,경기도,포천시,경기도 포천시 일동면 성장로 385 (일동면),원주소,경기 포천시 일동면 성장로 385,1.0,127.294228650545,38.0163942073761,4165037000,True,True,True
14165000037,A03,90.0,44,포천노인전문요양센터,경기도,포천시,경기도 포천시 신북면 탑신로 1463 (신북면),원주소,경기 포천시 신북면 탑신로 1463,1.0,127.12309075707,37.9603129543174,4165034000,True,True,True
14165000043,A03,26.0,25,선혜원,경기도,포천시,경기도 포천시 관인면 북원로641번길 28 (관인면),원주소,경기 포천시 관인면 북원로641번길 28,1.0,127.238950684269,38.1418157848459,4165040000,True,True,True
14165000056,A03,29.0,22,샬롬의집,경기도,포천시,경기도 포천시 일동면 윗갈기1길 87 (일동면),원주소,경기 포천시 일동면 윗갈기1길 87,1.0,127.316549610792,37.9658615949308,4165037000,True,True,True
14165000059,A04,9.0,6,에덴동산요양원,경기도,포천시,경기도 포천시 소흘읍 죽엽산로405번길 12 (소흘읍),원주소,경기 포천시 소흘읍 죽엽산로405번길 12,1.0,127.167889563675,37.7967731187262,4165025000,True,True,True
14165000072,A04,9.0,9,포천효사랑,경기도,포천시,경기도 포천시 화현면 화동로432번길 16 (화현면),원주소,경기 포천시 화현면 화동로432번길 16,1.0,127.309068785613,37.9052081209798,4165041000,True,True,True
14165000118,A03,29.0,24,포천부모님실버타운요양원,경기도,포천시,경기도 포천시 내촌면 금강로3029번길 3 (내촌면),원주소,경기 포천시 내촌면 금강로3029번길 3,1.0,127.267523082439,37.8333997065349,4165032000,True,True,True
14165000124,A04,9.0,4,임마누엘공동생활가정,경기도,포천시,경기도 포천시 이동면 화동로1908번길 87-133 (이동면),원주소,경기 포천시 이동면 화동로1908번길 87-133,1.0,127.384509567846,38.0186472244948,4165038000,True,True,True
14165000126,A03,29.0,20,사랑의집,경기도,포천시,경기도 포천시 일동면 성장로 379-2 (일동면),원주소,경기 포천시 일동면 성장로 379-2,1.0,127.294903303565,38.0160913384269,4165037000,True,True,True
14165000128,A03,28.0,27,사랑가득요양원,경기도,포천시,경기도 포천시 일동면 새낭로 56 (일동면),원주소,경기 포천시 일동면 새낭로 56,1.0,127.335462908455,37.9837865113919,4165037000,True,True,True
14165000143,A03,36.0,31,포천사랑마루,경기도,포천시,경기도 포천시 소흘읍 송우로 80 (소흘읍 황금프라자 8층),원주소,경기 포천시 소흘읍 송우로 80,1.0,127.140624572518,37.8303802024638,4165025000,True,True,True
14165000148,A04,9.0,9,소망공동체요양원,경기도,포천시,경기도 포천시 화합로262번길 58 (동교동),원주소,경기 포천시 화합로262번길 58,1.0,127.13374640362,37.8397193964826,4165052000,True,True,True
14165000160,A03,19.0,17,샬롬하우스요양원,경기도,포천시,경기도 포천시 가산면 시우동1길 65 (가산면),원주소,경기 포천시 가산면 시우동1길 65,1.0,127.172716783851,37.8337451029563,4165033000,True,True,True
14165000164,A03,99.0,70,믿음의집,경기도,포천시,경기도 포천시 일동면 성장로 377-2 (일동면),원주소,경기 포천시 일동면 성장로 377-2,1.0,127.294358476125,38.0170217364175,4165037000,True,True,True
14165000168,A03,29.0,28,광릉수목요양원,경기도,포천시,경기도 포천시 소흘읍 광릉수목원로 845-92 (소흘읍),원주소,경기 포천시 소흘읍 광릉수목원로 845-92,1.0,127.149270611878,37.7737300470976,4165025000,True,True,True
14165000174,A04,9.0,9,엘림요양원,경기도,포천시,경기도 포천시 소흘읍 죽엽산로405번길 32 (소흘읍),원주소,경기 포천시 소흘읍 죽엽산로405번길 32,1.0,127.169693819243,37.7964192496193,4165025000,True,True,True
14165000182,A04,9.0,9,선단동산돌노인요양공동생활가정,경기도,포천시,경기도 포천시 삼육사로 2055-53 (선단동),원주소,경기 포천시 삼육사로 2055-53,1.0,127.149939381119,37.8616578873329,4165052000,True,True,True
14165000191,A04,9.0,6,로뎀요양원,경기도,포천시,경기도 포천시 소흘읍 무봉로 109 (소흘읍),원주소,경기 포천시 소흘읍 무봉로 109,1.0,127.135106111974,37.7947039644024,4165025000,True,True,True
14165000192,A03,49.0,43,축석요양원,경기도,포천시,경기도 포천시 소흘읍 무란길 23-46 (소흘읍),원주소,경기 포천시 소흘읍 무란길 23-46,1.0,127.118360878825,37.7858312916763,4165025000,True,True,True
14165000201,A03,29.0,10,마음과마음노인전문요양원,경기도,포천시,경기도 포천시 이동면 화동로2419번길 3 (이동면),원주소,경기 포천시 이동면 화동로2419번길 3,1.0,127.385399462179,38.0581026559475,4165038000,True,True,True
14165000203,A03,25.0,22,웰케어노인요양원,경기도,포천시,경기도 포천시 군내면 청군로 2813-27 (군내면),원주소,경기 포천시 군내면 청군로 2813-27,1.0,127.249636818774,37.8661024829664,4165031000,True,True,True
14165000206,A03,26.0,25,천사의집,경기도,포천시,경기도 포천시 영북면 호국로3791번길 67-26 (영북면),원주소,경기 포천시 영북면 호국로3791번길 67-26,1.0,127.267703132585,38.0718696821915,4165039000,True,True,True
14165000218,A04,6.0,4,행복실버홈,경기도,포천시,경기도 포천시 신북면 면암길 89 (신북면),원주소,경기 포천시 신북면 면암길 89,1.0,127.20455423618,37.9114231879497,4165034000,True,True,True
14165000220,A03,49.0,48,포천삼부요양원,경기도,포천시,경기도 포천시 소흘읍 죽엽산로196번길 96 (소흘읍),원주소,경기 포천시 소흘읍 죽엽산로196번길 96,1.0,127.157035450381,37.8085217247171,4165025000,True,True,True
14165000227,A03,24.0,22,햇빛요양원,경기도,포천시,경기도 포천시 호국로 959 A동동다호호 (선단동 엘카운티),원주소,경기 포천시 호국로 959,1.0,127.163008206024,37.8511884119686,4165052000,True,True,True
14165000237,A03,24.0,11,휴사랑요양원,경기도,포천시,경기도 포천시 자작로2길 25-14 (자작동),원주소,경기 포천시 자작로2길 25-14,1.0,127.172194201681,37.8671959425349,4165052000,True,True,True
14165000238,A03,95.0,95,산정호수 노인요양센터,경기도,포천시,경기도 포천시 영북면 산정호수로 344 (영북면),원주소,경기 포천시 영북면 산정호수로 344,1.0,127.310186806696,38.0684492410204,4165039000,True,True,True
14165000245,A03,49.0,41,유황수목원요양원,경기도,포천시,경기도 포천시 소흘읍 이곡길 149 (소흘읍),원주소,경기 포천시 소흘읍 이곡길 149,1.0,127.149596773369,37.7889115686856,4165025000,True,True,True
14165000251,A03,29.0,26,행복의집,경기도,포천시,경기도 포천시 일동면 성장로 379-1 (일동면),원주소,경기 포천시 일동면 성장로 379-1,1.0,127.294738116062,38.0161888722023,4165037000,True,True,True
14165000263,A04,9.0,6,싱글벙글요양원,경기도,포천시,경기도 포천시 정문동길 24-16 (어룡동),원주소,경기 포천시 정문동길 24-16,1.0,127.188861183898,37.8869612238802,4165051000,True,True,True
14165000265,A04,9.0,8,사랑요양원,경기도,포천시,경기도 포천시 가산면 가산로309번길 23-10 (가산면),원주소,경기 포천시 가산면 가산로309번길 23-10,1.0,127.184811242191,37.8472270732186,4165033000,True,True,True
14165000271,A03,50.0,35,연세실버전문요양원,경기도,포천시,경기도 포천시 소흘읍 송우로 80 7층 (소흘읍 황금프라자),원주소,경기 포천시 소흘읍 송우로 80,1.0,127.140624572518,37.8303802024638,4165025000,True,True,True
14165000276,A03,29.0,27,조은요양원,경기도,포천시,경기도 포천시 중앙로 45 (신읍동),원주소,경기 포천시 중앙로 45,1.0,127.198286736684,37.8915809078325,4165051000,True,True,True
14165000283,A03,21.0,17,더 편한 요양원,경기도,포천시,경기도 포천시 영중면 성장로55번길 42 (영중면),원주소,경기 포천시 영중면 성장로55번길 42,1.0,127.268066654371,38.0288122952933,4165036000,True,True,True
14165000303,A03,71.0,9,초록마을요양센터,경기도,포천시,경기도 포천시 화현면 금강로 3645-53 (화현면),원주소,경기 포천시 화현면 금강로 3645-53,1.0,127.30055776256,37.8825921743904,4165041000,True,True,True
14165000315,A03,27.0,27,참조은요양원,경기도,포천시,경기도 포천시 중앙로197번길 17 5층 6층 (신읍동),원주소,경기 포천시 중앙로197번길 17,1.0,127.206013228689,37.9029854808097,4165051000,True,True,True
14165000319,A03,29.0,21,안식의집,경기도,포천시,경기도 포천시 일동면 성장로 379 (일동면),원주소,경기 포천시 일동면 성장로 379,1.0,127.294479262142,38.0161579883878,4165037000,True,True,True
14165000321,A03,26.0,23,바른나무요양원,경기도,포천시,경기도 포천시 소흘읍 송우로 76 7층 (소흘읍 랜드프라자),원주소,경기 포천시 소흘읍 송우로 76,1.0,127.141028492604,37.8301944831906,4165025000,True,True,True
14165000322,A04,9.0,8,실버트리요양원,경기도,포천시,경기도 포천시 소흘읍 송우로 65 8층 (소흘읍 메듀파크),원주소,경기 포천시 소흘읍 송우로 65,1.0,127.141604121829,37.8293940148441,4165025000,True,True,True
14165000333,A03,90.0,81,한울요양원,경기도,포천시,경기도 포천시 이동면 화동로 2301 (이동면),원주소,경기 포천시 이동면 화동로 2301,1.0,127.380200353262,38.0491107830599,4165038000,True,True,True
14165000335,A03,99.0,96,서울베스트케어,경기도,포천시,경기도 포천시 소흘읍 광릉수목원로 1159-1 (소흘읍),원주소,경기 포천시 소흘읍 광릉수목원로 1159-1,1.0,127.118953482362,37.7786833600094,4165025000,True,True,True
14165000338,A03,99.0,96,축복VIP요양원,경기도,포천시,경기도 포천시 소흘읍 광릉수목원로 1159-3 (소흘읍),원주소,경기 포천시 소흘읍 광릉수목원로 1159-3,1.0,127.118330565783,37.7781397154354,4165025000,True,True,True
14165000339,A03,99.0,93,드림시니어케어,경기도,포천시,경기도 포천시 소흘읍 광릉수목원로 1159-2 (소흘읍),원주소,경기 포천시 소흘읍 광릉수목원로 1159-2,1.0,127.118712182439,37.7783461026144,4165025000,True,True,True
14165000340,A03,21.0,21,천사마을요양원,경기도,포천시,경기도 포천시 영북면 산정호수로 344 (영북면),원주소,경기 포천시 영북면 산정호수로 344,1.0,127.310186806696,38.0684492410204,4165039000,True,True,True
14165000346,A03,25.0,13,진달래요양원,경기도,포천시,경기도 포천시 신북면 삼성당4길 24-97 (신북면),원주소,경기 포천시 신북면 삼성당4길 24-97,1.0,127.211977518514,37.9572128425859,4165034000,True,True,True
14165000347,A03,49.0,39,쉼터한울요양원,경기도,포천시,경기도 포천시 자작로2길 67 (자작동),원주소,경기 포천시 자작로2길 67,1.0,127.170792219663,37.8658103428938,4165052000,True,True,True
14165000348,A03,29.0,22,노인전문요양원 효인,경기도,포천시,경기도 포천시 소흘읍 태봉로 138 8층801호 (소흘읍 희성리치프라자),원주소,경기 포천시 소흘읍 태봉로 138,1.0,127.139896039142,37.8299829380778,4165025000,True,True,True
14165000350,A04,9.0,8,포천무지개요양원,경기도,포천시,경기도 포천시 군내면 어가길 139-3 (군내면),원주소,경기 포천시 군내면 어가길 139-3,1.0,127.197707112774,37.8745103051909,4165031000,True,True,True
14165000351,A03,99.0,63,낙원의집,경기도,포천시,경기도 포천시 일동면 성장로 379-2 (일동면),원주소,경기 포천시 일동면 성장로 379-2,1.0,127.294903303565,38.0160913384269,4165037000,True,True,True
14165000352,A03,75.0,54,포천제일요양원,경기도,포천시,경기도 포천시 원모루로2길 58 (신읍동),원주소,경기 포천시 원모루로2길 58,1.0,127.196433068024,37.8946104687005,4165051000,True,True,True
14165000354,A03,40.0,28,한마음재활요양원,경기도,포천시,경기도 포천시 화현면 화동로402번길 26 (화현면),원주소,경기 포천시 화현면 화동로402번길 26,1.0,127.30974891195,37.9010147946856,4165041000,True,True,True
14165000355,A04,9.0,8,마루요양원,경기도,포천시,경기도 포천시 영북면 호국로 3574 (영북면),원주소,경기 포천시 영북면 호국로 3574,1.0,127.271277901385,38.0557438058768,4165039000,True,True,True
14165000356,A03,26.0,26,에이원요양원,경기도,포천시,경기도 포천시 소흘읍 송우로 76 5층 (소흘읍 랜드프라자),원주소,경기 포천시 소흘읍 송우로 76,1.0,127.141028492604,37.8301944831906,4165025000,True,True,True
14165000357,A04,9.0,8,루디아요양원,경기도,포천시,경기도 포천시 영중면 양문로1길 34 (영중면),원주소,경기 포천시 영중면 양문로1길 34,1.0,127.246219733085,37.9991534137756,4165036000,True,True,True
14165000360,A03,49.0,47,포천VIP요양원,경기도,포천시,경기도 포천시 신북면 중앙로405번길 31-1 (신북면),원주소,경기 포천시 신북면 중앙로405번길 31-1,1.0,127.212682884742,37.921250927566,4165034000,True,True,True
14165000363,A03,75.0,25,엘레강스요양원,경기도,포천시,경기도 포천시 군내면 청군로2916번길 18 (군내면),원주소,경기 포천시 군내면 청군로2916번길 18,1.0,127.245934260127,37.8718263365364,4165031000,True,True,True
14165000368,A03,82.0,54,늘샘요양원,경기도,포천시,경기도 포천시 소흘읍 죽엽산로 502-36 (소흘읍),원주소,경기 포천시 소흘읍 죽엽산로 502-36,1.0,127.163649814237,37.7889834345712,4165025000,True,True,True
14165000369,A03,29.0,27,간호전문한결요양원,경기도,포천시,경기도 포천시 소흘읍 송우로 79 7층 (소흘읍),원주소,경기 포천시 소흘읍 송우로 79,1.0,127.140264876065,37.829926099632,4165025000,True,True,True
14165000370,A03,29.0,28,재활플러스요양원,경기도,포천시,경기도 포천시 소흘읍 송우로 61 3층 (소흘읍 삼원프라자),원주소,경기 포천시 소흘읍 송우로 61,1.0,127.142154241724,37.8290988299804,4165025000,True,True,True
14165000375,A04,9.0,9,효원요양원1호점,경기도,포천시,경기도 포천시 소흘읍 송우로 73 7층 (소흘읍 대한프라자),원주소,경기 포천시 소흘읍 송우로 73,1.0,127.140938200246,37.8296638387276,4165025000,True,True,True
14165000376,A04,9.0,4,효원요양원2호점,경기도,포천시,경기도 포천시 소흘읍 송우로 73 7층 (소흘읍 대한프라자),원주소,경기 포천시 소흘읍 송우로 73,1.0,127.140938200246,37.8296638387276,4165025000,True,True,True
14165000377,A03,29.0,18,평화의집,경기도,포천시,경기도 포천시 일동면 성장로 377 (일동면),원주소,경기 포천시 일동면 성장로 377,1.0,127.294000901721,38.0168521761604,4165037000,True,True,True
14165000378,A03,28.0,28,포천효경원요양원,경기도,포천시,경기도 포천시 관인면 북원로 542 (관인면),원주소,경기 포천시 관인면 북원로 542,1.0,127.248241971032,38.1371838779063,4165040000,True,True,True
14165000379,A03,84.0,77,솔모루요양원,경기도,포천시,경기도 포천시 소흘읍 죽엽산로35번길 36-13 (소흘읍),원주소,경기 포천시 소흘읍 죽엽산로35번길 36-13,1.0,127.154573871762,37.8291219266828,4165025000,True,True,True
14165000380,A03,84.0,77,우리가족요양원,경기도,포천시,경기도 포천시 소흘읍 죽엽산로35번길 36-25 (소흘읍),원주소,경기 포천시 소흘읍 죽엽산로35번길 36-25,1.0,127.155025359476,37.8286721171681,4165025000,True,True,True
14165000383,A03,85.0,68,다올재활실버케어,경기도,포천시,경기도 포천시 소흘읍 광릉수목원로 1163 (소흘읍),원주소,경기 포천시 소흘읍 광릉수목원로 1163,1.0,127.118692653666,37.7793370914323,4165025000,True,True,True
14165000384,A03,85.0,35,다올건강실버케어,경기도,포천시,경기도 포천시 소흘읍 광릉수목원로 1165 B동 (소흘읍),원주소,경기 포천시 소흘읍 광릉수목원로 1165,1.0,127.118503940031,37.7792323191942,4165025000,True,True,True
14165000392,A03,29.0,19,예담요양원,경기도,포천시,경기도 포천시 소흘읍 죽엽산로196번길 100-1 (소흘읍),원주소,경기 포천시 소흘읍 죽엽산로196번길 100-1,1.0,127.157641898968,37.808223238203,4165025000,True,True,True
14165000393,A03,71.0,60,서울굿케어힐링센터,경기도,포천시,경기도 포천시 소흘읍 광릉수목원로 689 (소흘읍),원주소,경기 포천시 소흘읍 광릉수목원로 689,1.0,127.160636618223,37.7721286849196,4165025000,True,True,True
14165000394,A03,71.0,70,서울굿케어힐링하우스,경기도,포천시,경기도 포천시 소흘읍 광릉수목원로 691 (소흘읍),원주소,경기 포천시 소흘읍 광릉수목원로 691,1.0,127.160210051084,37.7721701693721,4165025000,True,True,True
14165000401,A04,9.0,6,행복한요양원,경기도,포천시,경기도 포천시 내촌면 금강로 2243 (내촌면),원주소,경기 포천시 내촌면 금강로 2243,1.0,127.226051830558,37.7788775893179,4165032000,True,True,True
14165000403,A04,9.0,9,늘기쁨요양원,경기도,포천시,경기도 포천시 소흘읍 죽엽산로 560 (소흘읍),원주소,경기 포천시 소흘읍 죽엽산로 560,1.0,127.163590128366,37.7850316310907,4165025000,True,True,True
14165000404,A03,29.0,22,미소실버요양원,경기도,포천시,경기도 포천시 신북면 중앙로207번길 30 (신북면),원주소,경기 포천시 신북면 중앙로207번길 30,1.0,127.205884558775,37.905449333927,4165034000,True,True,True
14165000410,A03,28.0,28,사임당요양원,경기도,포천시,경기도 포천시 소흘읍 송우로 62 (소흘읍 송우웰빙타운 4층),원주소,경기 포천시 소흘읍 송우로 62,1.0,127.142410666437,37.8295988205238,4165025000,True,True,True
14165000412,A03,49.0,29,햇살가득요양원,경기도,포천시,경기도 포천시 소흘읍 무란길 23-76 (소흘읍),원주소,경기 포천시 소흘읍 무란길 23-76,1.0,127.118802315498,37.7854410912937,4165025000,True,True,True
14165000413,A03,29.0,26,우리요양원,경기도,포천시,경기도 포천시 소흘읍 송우로 65 (소흘읍 메듀파크 4층),원주소,경기 포천시 소흘읍 송우로 65,1.0,127.141604121829,37.8293940148441,4165025000,True,True,True
14165000414,A04,9.0,1,프렌즈,경기도,포천시,경기도 포천시 소흘읍 이곡1길 33 (소흘읍),원주소,경기 포천시 소흘읍 이곡1길 33,1.0,127.152872262853,37.7833301423461,4165025000,True,True,True
14167000115,A03+A04,32.0,19,대신노인요양시설소호의집,경기도,여주시,경기도 여주시 대신면 여양1로 144 (대신면),원주소,경기 여주시 대신면 여양1로 144,1.0,127.559614958023,37.4081177281977,4167035000,True,True,True
14167000121,A04,9.0,9,늘사랑노인요양공동생활가정,경기도,여주시,경기도 여주시 강천면 원양1로 774 (강천면),원주소,경기 여주시 강천면 원양1로 774,1.0,127.752617183308,37.3417311157828,4167037000,True,True,True
14167000124,A04,9.0,9,성화노인요양원,경기도,여주시,경기도 여주시 점동면 건장이길 53-18 (점동면),원주소,경기 여주시 점동면 건장이길 53-18,1.0,127.708951237091,37.214961611252,4167031000,True,True,True
14167000126,A04,9.0,7,주구양요양원,경기도,여주시,경기도 여주시 세종대왕면 구양2길 102 (세종대왕면),원주소,경기 여주시 세종대왕면 구양2길 102,1.0,127.577672896224,37.3216488046076,4167034500,True,True,True
14167000129,A04,9.0,0,행복요양원,경기도,여주시,경기도 여주시 흥천면 시광길 28 (흥천면),원주소,경기 여주시 흥천면 시광길 28,1.0,127.559336496323,37.3074219907454,4167032000,True,True,True
14167000135,A03,38.0,27,너싱홈 돌체,경기도,여주시,경기도 여주시 가남읍 신대동길 2-41 (가남읍),원주소,경기 여주시 가남읍 신대동길 2-41,1.0,127.551458972623,37.214763827922,4167025000,True,True,True
14167000139,A03,20.0,20,여주 시온의 집,경기도,여주시,경기도 여주시 북내면 서원2길 37 (북내면),원주소,경기 여주시 북내면 서원2길 37,1.0,127.697202792749,37.3991366598204,4167036000,True,True,True
14167000161,A03,44.0,42,사랑이가득한 요양원,경기도,여주시,경기도 여주시 명성로 342-39 (매룡동),원주소,경기 여주시 명성로 342-39,1.0,127.660685275264,37.2789640267741,4167051000,True,True,True
14167000163,A03,49.0,15,파블러스요양원,경기도,여주시,경기도 여주시 교동로 73 (교동),원주소,경기 여주시 교동로 73,1.0,127.631998941608,37.2818181488081,4167052000,True,True,True
14167000168,A03,28.0,26,금사농협요양원,경기도,여주시,경기도 여주시 산북면 용담1길 33-38 (산북면),원주소,경기 여주시 산북면 용담1길 33-38,1.0,127.461439770012,37.4238930847747,4167038000,True,True,True
14167000170,A04,9.0,8,여주드림의 집(공동생활가정),경기도,여주시,경기도 여주시 여양로233번길 5-14 2층 (천송동 천송한의원),원주소,경기 여주시 여양로233번길 5-14,1.0,127.648665565083,37.3020144188803,4167053000,True,True,True
14167000174,A03,17.0,16,미소가득한요양원,경기도,여주시,경기도 여주시 세종로517번길 7-8 (점봉동),원주소,경기 여주시 세종로517번길 7-8,1.0,127.649330679331,37.2550228899295,4167051000,True,True,True
14167000175,A03,17.0,17,여주가족사랑요양원,경기도,여주시,경기도 여주시 강천면 마감로 117-60 (강천면),원주소,경기 여주시 강천면 마감로 117-60,1.0,127.693693405005,37.2952343223529,4167037000,True,True,True
14167000182,A03,49.0,28,여주요양원,경기도,여주시,경기도 여주시 세종로79번길 8 5층501호 (홍문동 월드피아2040),원주소,경기 여주시 세종로79번길 8,1.0,127.635991942416,37.2903309900867,4167051000,True,True,True
14167000185,A04,9.0,9,동여주노인요양원,경기도,여주시,경기도 여주시 가남읍 그랜드그린길 101 (가남읍),원주소,경기 여주시 가남읍 그랜드그린길 101,1.0,127.616176075827,37.2199393538933,4167025000,True,True,True
14167000186,A04,9.0,7,더실버하우스 요양원,경기도,여주시,경기도 여주시 세종대왕면 백석1길 30-15 (세종대왕면),원주소,경기 여주시 세종대왕면 백석1길 30-15,1.0,127.591921588111,37.3326733601386,4167034500,True,True,True
14173000004,A03,29.0,26,에덴의집,경기도,여주시,경기도 여주시 대신면 여양로 1145-30 (대신면),원주소,경기 여주시 대신면 여양로 1145-30,1.0,127.603603983987,37.3607098242742,4167035000,True,True,True
14173000008,A03,18.0,15,소망의집,경기도,여주시,경기도 여주시 북내면 중암1길 59 (북내면),원주소,경기 여주시 북내면 중암1길 59,1.0,127.719778703497,37.3519940842384,4167036000,True,True,True
14173000009,A03,20.0,18,희망의집,경기도,여주시,경기도 여주시 금사면 이여로 1213-21 (금사면),원주소,경기 여주시 금사면 이여로 1213-21,1.0,127.524839070586,37.3878680411711,4167033000,True,True,True
14173000022,A03,26.0,22,천사의집,경기도,여주시,경기도 여주시 가남읍 은봉리 615번지 ,원주소,경기 여주시 가남읍 은봉리 615,1.0,127.546284387191,37.1829466400247,4167025000,True,True,True
14173000027,A03,85.0,85,우리노인전문요양원,경기도,여주시,경기도 여주시 세종대왕면 중부대로 2806-3 (세종대왕면),원주소,경기 여주시 세종대왕면 중부대로 2806-3,1.0,127.616900903487,37.299971257982,4167034500,True,True,True
14173000028,A04,9.0,9,은빛고운마을,경기도,여주시,경기도 여주시 점동면 장여로 987-43 (점동면),원주소,경기 여주시 점동면 장여로 987-43,1.0,127.657829014298,37.1879257293108,4167031000,True,True,True
14173000067,A03,199.0,175,대진요양시설,경기도,여주시,경기도 여주시 강천면 강천로 702 (강천면),원주소,경기 여주시 강천면 강천로 702,1.0,127.691366395217,37.2627003119018,4167037000,True,True,True
14173000070,A03,21.0,21,예뜰요양원,경기도,여주시,경기도 여주시 북내면 좌암2길 66 (북내면),원주소,경기 여주시 북내면 좌암2길 66,1.0,127.695703317638,37.344331494807,4167036000,True,True,True
14173000072,A03,29.0,29,신륵사노인요양원,경기도,여주시,경기도 여주시 신륵로 112-32 (천송동),원주소,경기 여주시 신륵로 112-32,1.0,127.659486108581,37.2994422105584,4167053000,True,True,True
14173000077,A03,72.0,67,시애노병원부설 전문요양센터,경기도,여주시,경기도 여주시 북내면 도예로 361-40 (북내면),원주소,경기 여주시 북내면 도예로 361-40,1.0,127.66798626416,37.3266093465947,4167036000,True,True,True
14173000090,A03,29.0,28,해듬요양원,경기도,여주시,경기도 여주시 산북면 용담1길 32-44 (산북면),원주소,경기 여주시 산북면 용담1길 32-44,1.0,127.468473672885,37.4235524083075,4167038000,True,True,True
14173000094,A03,80.0,80,우리노인요양원,경기도,여주시,경기도 여주시 세종대왕면 중부대로 2806-4 (세종대왕면),원주소,경기 여주시 세종대왕면 중부대로 2806-4,1.0,127.616480796188,37.2995876291246,4167034500,True,True,True
14173000102,A04,9.0,8,희망요양원,경기도,여주시,경기도 여주시 금사면 이여로 1213-21 (금사면),원주소,경기 여주시 금사면 이여로 1213-21,1.0,127.524839070586,37.3878680411711,4167033000,True,True,True
14173000107,A03,20.0,18,베데스다요양원,경기도,여주시,경기도 여주시 도예로 113-14 (오학동),원주소,경기 여주시 도예로 113-14,1.0,127.647025807952,37.3130709831343,4167053000,True,True,True
14180000004,A03,90.0,76,은혜마을,경기도,연천군,경기도 연천군 전곡읍 전은길 184-40 (전곡읍),원주소,경기 연천군 전곡읍 전은길 184-40,1.0,127.079045550818,38.0443767395403,4180025300,True,True,True
14180000009,A03,49.0,44,겸손의 집,경기도,연천군,경기도 연천군 전곡읍 현문로312번길 24 (전곡읍),원주소,경기 연천군 전곡읍 현문로312번길 24,1.0,127.09870400556,38.0609210780291,4180025300,True,True,True
14180000011,A03,26.0,0,할렐루야 사랑의집,경기도,연천군,경기도 연천군 군남면 황지로55번길 80 (군남면),원주소,경기 연천군 군남면 황지로55번길 80,1.0,127.040100605795,38.033126732258,4180031000,True,True,True
14180000013,A03,15.0,5,등대마을,경기도,연천군,경기도 연천군 연천읍 연천로335번길 84-50 (연천읍),원주소,경기 연천군 연천읍 연천로335번길 84-50,1.0,127.069831976654,38.1091820584132,4180025000,True,True,True
14180000015,A03,28.0,5,행복한우리집,경기도,연천군,경기도 연천군 청산면 전영로168번길 44 (청산면),원주소,경기 연천군 청산면 전영로168번길 44,1.0,127.08214022923,38.031826376463,4180032000,True,True,True
14180000071,A03,27.0,22,시온요양원,경기도,연천군,경기도 연천군 군남면 청정로2267번길 17 (군남면),원주소,경기 연천군 군남면 청정로2267번길 17,1.0,127.038199347667,38.0307789253407,4180031000,True,True,True
14180000072,A03,16.0,15,베이스캠프,경기도,연천군,경기도 연천군 전곡읍 평화로861번길 115 (전곡읍),원주소,경기 연천군 전곡읍 평화로861번길 115,1.0,127.066745110207,38.0404006658876,4180025300,True,True,True
14180000083,A04,9.0,6,한마음요양원,경기도,연천군,경기도 연천군 장남면 장백로330번길 137-30 (장남면),원주소,경기 연천군 장남면 장백로330번길 137-30,1.0,126.887540284417,37.9968323493101,4180038000,True,True,True
14180000087,A03,36.0,31,로뎀요양원,경기도,연천군,경기도 연천군 전곡읍 밤골로 53 2층 (전곡읍),원주소,경기 연천군 전곡읍 밤골로 53,1.0,127.074466527266,38.0205862276954,4180025300,True,True,True
14180000103,A04,9.0,7,새비전노인요양공동생활가정,경기도,연천군,경기도 연천군 전곡읍 온골로 7 1층 (전곡읍),원주소,경기 연천군 전곡읍 온골로 7,1.0,127.07027541325,38.0222199338028,4180025300,True,True,True
14180000121,A03,26.0,25,희망실버요양원,경기도,연천군,경기도 연천군 전곡읍 전곡로 32 (전곡읍),원주소,경기 연천군 전곡읍 전곡로 32,1.0,127.072602564978,38.0164230408869,4180025300,True,True,True
14180000122,A03,29.0,22,파인트리골든케어,경기도,연천군,경기도 연천군 청산면 청신로 283 (청산면),원주소,경기 연천군 청산면 청신로 283,1.0,127.088166255846,37.9902988024398,4180032000,True,True,True
14182000006,A03,29.0,20,샘물복지타운,경기도,가평군,경기도 가평군 상면 물골길 441-129 (상면),원주소,경기 가평군 상면 물골길 441-129,1.0,127.28796212405,37.8525392356206,4182033000,True,True,True
14182000010,A03,60.0,35,백둔리상신노인전문요양원,경기도,가평군,경기도 가평군 북면 백둔로 380-102 (북면),원주소,경기 가평군 북면 백둔로 380-102,1.0,127.464706189531,37.904162645668,4182035000,True,True,True
14182000011,A03,48.0,12,열린복지랜드 웰빙요양원,경기도,가평군,경기도 가평군 설악면 유명로 1906-22 (설악면),원주소,경기 가평군 설악면 유명로 1906-22,1.0,127.471821372882,37.6809291990302,4182031000,True,True,True
14182000012,A03,99.0,70,가평꽃동네노인요양시설(평화의집),경기도,가평군,경기도 가평군 조종면 꽃동네길 52 (조종면),원주소,경기 가평군 조종면 꽃동네길 52,1.0,127.350882834123,37.884893231262,4182034500,True,True,True
14182000014,A03,28.0,22,가평사랑의요양원,경기도,가평군,경기도 가평군 가평읍 태봉두밀로 525-137 (가평읍),원주소,경기 가평군 가평읍 태봉두밀로 525-137,1.0,127.446584062002,37.8121525835165,4182025000,True,True,True
14182000018,A03,49.0,47,한솔너싱홈청평센터,경기도,가평군,경기도 가평군 청평면 북한강로 2070 (청평면),원주소,경기 가평군 청평면 북한강로 2070,1.0,127.395890353316,37.7007005065746,4182032500,True,True,True
14182000046,A03,15.0,12,이레요양원,경기도,가평군,경기도 가평군 설악면 유명로 1277-26 (설악면),원주소,경기 가평군 설악면 유명로 1277-26,1.0,127.474405663235,37.6488694205933,4182031000,True,True,True
14182000062,A04,9.0,9,노인요양 생명의빛,경기도,가평군,경기도 가평군 상면 기와집길 10 (상면),원주소,경기 가평군 상면 기와집길 10,1.0,127.355745665196,37.8055294526606,4182033000,True,True,True
14182000099,A03,17.0,17,설악양지노인요양원,경기도,가평군,경기도 가평군 설악면 유명로 2285 (설악면),원주소,경기 가평군 설악면 유명로 2285,1.0,127.448148187819,37.7047646029421,4182031000,True,True,True
14182000104,A03,49.0,44,해암요양원,경기도,가평군,경기도 가평군 청평면 경춘로 706 (청평면),원주소,경기 가평군 청평면 경춘로 706,1.0,127.40956988165,37.7312974821997,4182032500,True,True,True
14182000108,A03,23.0,21,정다운요양원,경기도,가평군,경기도 가평군 조종면 운악청계로491번길 106 (조종면),원주소,경기 가평군 조종면 운악청계로491번길 106,1.0,127.346959638737,37.8540808136144,4182034500,True,True,True
14182000113,A04,9.0,8,가평효사랑요양원,경기도,가평군,경기도 가평군 가평읍 용추로 6 (가평읍),원주소,경기 가평군 가평읍 용추로 6,1.0,127.505516832129,37.8412585455826,4182025000,True,True,True
14182000121,A03,49.0,39,우남 휴 드림케어,경기도,가평군,경기도 가평군 설악면 유명로 1808-20 (설악면),원주소,경기 가평군 설악면 유명로 1808-20,1.0,127.473836509283,37.6782201897039,4182031000,True,True,True
14182000123,A04,8.0,8,상면효사랑요양원,경기도,가평군,경기도 가평군 상면 솔안길 26 (상면),원주소,경기 가평군 상면 솔안길 26,1.0,127.304298376145,37.8268675415557,4182033000,True,True,True
14183000003,A03,49.0,40,밝은집,경기도,양평군,경기도 양평군 단월면 잼박골길 81 (단월면),원주소,경기 양평군 단월면 잼박골길 81,1.0,127.654398746706,37.5260489683808,4183036000,True,True,True
14183000006,A03,28.0,20,양평안식관 소규모요양센터,경기도,양평군,경기도 양평군 용문면 마룡웃말길 56 (용문면),원주소,경기 양평군 용문면 마룡웃말길 56,1.0,127.600353471052,37.5023252911752,4183040000,True,True,True
14183000008,A03,43.0,30,라파엘의집,경기도,양평군,경기도 양평군 용문면 대흥로 321 (용문면),원주소,경기 양평군 용문면 대흥로 321,1.0,127.560773671633,37.4733446439791,4183040000,True,True,True
14183000009,A03,13.0,13,양평시온의집,경기도,양평군,경기도 양평군 지평면 매방골길 30-3 (지평면),원주소,경기 양평군 지평면 매방골길 30-3,1.0,127.652498481652,37.4397289950973,4183039500,True,True,True
14183000014,A04,9.0,5,원광보은의집,경기도,양평군,경기도 양평군 양평읍 양근골안길 33 (양평읍),원주소,경기 양평군 양평읍 양근골안길 33,1.0,127.488704677194,37.4992975090408,4183025000,True,True,True
14183000018,A03,28.0,22,사랑의집,경기도,양평군,경기도 양평군 양동면 사이실1길 225 (양동면),원주소,경기 양평군 양동면 사이실1길 225,1.0,127.756647150154,37.4507962872126,4183038000,True,True,True
14183000021,A03,24.0,16,너싱홈해바라기,경기도,양평군,경기도 양평군 용문면 중원산로490번길 30-1 (용문면),원주소,경기 양평군 용문면 중원산로490번길 30-1,1.0,127.620451575387,37.5440352462058,4183040000,True,True,True
14183000068,A04,9.0,1,주사랑공동체,경기도,양평군,경기도 양평군 강하면 전의1길 36 (강하면),원주소,경기 양평군 강하면 전의1길 36,1.0,127.431995817016,37.501897409202,4183032000,True,True,True
14183000075,A03,29.0,26,노블원요양센터,경기도,양평군,경기도 양평군 양동면 월은길 31 (양동면),원주소,경기 양평군 양동면 월은길 31,1.0,127.721741264797,37.4362675665286,4183038000,True,True,True
14183000088,A04,9.0,9,양수우리요양원,경기도,양평군,경기도 양평군 양서면 용담3길 4 2층 (양서면),원주소,경기 양평군 양서면 용담3길 4,1.0,127.325141622975,37.543045725036,4183033000,True,True,True
14183000094,A03,69.0,48,양평요양원,경기도,양평군,경기도 양평군 강상면 강상로 135 (강상면),원주소,경기 양평군 강상면 강상로 135,1.0,127.459658349742,37.4817836049523,4183031000,True,True,True
14183000095,A03,111.0,94,무진노인전문요양원,경기도,양평군,경기도 양평군 청운면 백동길 1-36 (청운면),원주소,경기 양평군 청운면 백동길 1-36,1.0,127.682807710942,37.5386159827394,4183037000,True,True,True
14183000101,A03,49.0,35,실로암 평화의집,경기도,양평군,경기도 양평군 지평면 고재길 154 (지평면),원주소,경기 양평군 지평면 고재길 154,1.0,127.604326083675,37.4310379798284,4183039500,True,True,True
14183000102,A04,9.0,8,희원요양원,경기도,양평군,경기도 양평군 양서면 용담2길 9-6 (양서면),원주소,경기 양평군 양서면 용담2길 9-6,1.0,127.323705612868,37.5432879836878,4183033000,True,True,True
14183000103,A04,9.0,6,희원노인간호센터,경기도,양평군,경기도 양평군 양서면 용담2길 9-6 (양서면),원주소,경기 양평군 양서면 용담2길 9-6,1.0,127.323705612868,37.5432879836878,4183033000,True,True,True
14183000104,A04,9.0,8,느티나무요양원,경기도,양평군,경기도 양평군 청운면 정지골길 28 (청운면),원주소,경기 양평군 청운면 정지골길 28,1.0,127.748022314439,37.5804746360124,4183037000,True,True,True
14183000119,A03,15.0,14,양평청계노인요양원,경기도,양평군,경기도 양평군 양서면 청계길165번길 79 (양서면),원주소,경기 양평군 양서면 청계길165번길 79,1.0,127.409392603756,37.5393862193966,4183033000,True,True,True
14183000122,A03,49.0,30,늘푸른노인요양원,경기도,양평군,경기도 양평군 양평읍 대흥로 154 (양평읍),원주소,경기 양평군 양평읍 대흥로 154,1.0,127.54600179423,37.4798244349627,4183025000,True,True,True
14183000123,A03,29.0,28,양평시니어센터,경기도,양평군,경기도 양평군 양서면 대심상심길 148-11 (양서면),원주소,경기 양평군 양서면 대심상심길 148-11,1.0,127.407916344379,37.5028969877587,4183033000,True,True,True
14183000124,A03,15.0,15,양평성모원,경기도,양평군,경기도 양평군 옥천면 원통이길 156 (옥천면),원주소,경기 양평군 옥천면 원통이길 156,1.0,127.448486478759,37.5375196248015,4183034000,True,True,True
14183000125,A03,65.0,64,양평군노인요양원,경기도,양평군,경기도 양평군 양평읍 중앙로111번길 34 (양평읍),원주소,경기 양평군 양평읍 중앙로111번길 34,1.0,127.504680278339,37.4965195073625,4183025000,True,True,True
14183000128,A03,25.0,20,무지개공동체,경기도,양평군,경기도 양평군 단월면 석산로 927-1 (단월면),원주소,경기 양평군 단월면 석산로 927-1,1.0,127.601125297468,37.6068470572189,4183036000,True,True,True
14183000129,A03,63.0,42,올리브요양원,경기도,양평군,경기도 양평군 청운면 신론로 406-13 (청운면),원주소,경기 양평군 청운면 신론로 406-13,1.0,127.781158567856,37.5577347492787,4183037000,True,True,True
14183000136,A03,29.0,29,둥지원 실버타운,경기도,양평군,경기도 양평군 용문면 용문로621번길 23-24 (용문면),원주소,경기 양평군 용문면 용문로621번길 23-24,1.0,127.607869767641,37.5047954847732,4183040000,True,True,True
14183000138,A03,87.0,85,마리아의집,경기도,양평군,경기도 양평군 옥천면 신복길116번길 22 (옥천면),원주소,경기 양평군 옥천면 신복길116번길 22,1.0,127.467803463016,37.5325243592519,4183034000,True,True,True
14183000145,A03,29.0,24,궁을행복요양원,경기도,양평군,경기도 양평군 지평면 여양2로 1366 (지평면 제3동),원주소,경기 양평군 지평면 여양2로 1366,1.0,127.686183438806,37.4175768097243,4183039500,True,True,True
14183000146,A04,9.0,8,성요셉마을,경기도,양평군,경기도 양평군 양동면 양서북로 840-15 (양동면),원주소,경기 양평군 양동면 양서북로 840-15,1.0,127.775023523669,37.4830556143683,4183038000,True,True,True
14183000158,A03,49.0,49,서종실버타운요양원,경기도,양평군,경기도 양평군 서종면 서능로 3 (서종면),원주소,경기 양평군 서종면 서능로 3,1.0,127.389056951572,37.5834712789277,4183035000,True,True,True
14183000165,A04,9.0,7,성요셉의집,경기도,양평군,경기도 양평군 용문면 상망길 174-19 (용문면),원주소,경기 양평군 용문면 상망길 174-19,1.0,127.643788485039,37.5337006202029,4183040000,True,True,True
14183000182,A03,74.0,73,주식회사 장수만세 양평실버타운,경기도,양평군,경기도 양평군 용문면 용문산로 107 (용문면),원주소,경기 양평군 용문면 용문산로 107,1.0,127.603394627303,37.5084112253293,4183040000,True,True,True
14183000185,A03,26.0,22,양평행복한요양원,경기도,양평군,경기도 양평군 용문면 중원산로490번길 30-15 (용문면),원주소,경기 양평군 용문면 중원산로490번길 30-15,1.0,127.620524861388,37.5431023408774,4183040000,True,True,True
14183000193,A03,88.0,84,양수힐링센터,경기도,양평군,경기도 양평군 양서면 용담제방길 34 (양서면),원주소,경기 양평군 양서면 용담제방길 34,1.0,127.334524443627,37.5482297017157,4183033000,True,True,True
14183000203,A03,29.0,27,양평숲요양원,경기도,양평군,경기도 양평군 강하면 동오1길 80 (강하면),원주소,경기 양평군 강하면 동오1길 80,1.0,127.397161760733,37.4656077902924,4183032000,True,True,True
14183000214,A03,22.0,9,청운 행복한요양원,경기도,양평군,경기도 양평군 청운면 경강로 4741-1 (청운면),원주소,경기 양평군 청운면 경강로 4741-1,1.0,127.754285627778,37.5385817949271,4183037000,True,True,True
14183000219,A03,29.0,29,가인요양원,경기도,양평군,경기도 양평군 용문면 용문산로 204 (용문면),원주소,경기 양평군 용문면 용문산로 204,1.0,127.604073530746,37.5157458781805,4183040000,True,True,True
14183000224,A03,29.0,9,휴레스트,경기도,양평군,경기도 양평군 서종면 황순원로 503 (서종면),원주소,경기 양평군 서종면 황순원로 503,1.0,127.391345834051,37.5764010443187,4183035000,True,True,True
14183000227,A03,25.0,25,햇빛촌,경기도,양평군,경기도 양평군 지평면 곡수귀골길 20-15 (지평면),원주소,경기 양평군 지평면 곡수귀골길 20-15,1.0,127.620691405186,37.41360533635,4183039500,True,True,True
14183000231,A03,29.0,15,골든네스트요양원,경기도,양평군,경기도 양평군 용문면 연수로 189 (용문면),원주소,경기 양평군 용문면 연수로 189,1.0,127.579136671701,37.4967572956502,4183040000,True,True,True
14183000232,A03,28.0,25,행복한 경희요양원,경기도,양평군,경기도 양평군 단월면 단월리길 61 (단월면),원주소,경기 양평군 단월면 단월리길 61,1.0,127.663118426226,37.6200802306444,4183036000,True,True,True
14183000233,A03,26.0,25,사랑채요양원,경기도,양평군,경기도 양평군 지평면 대평신론길 33 (지평면),원주소,경기 양평군 지평면 대평신론길 33,1.0,127.632541503602,37.4187803364097,4183039500,True,True,True
14183000234,A04,9.0,5,엘림노인재활요양제일선교센터,경기도,양평군,경기도 양평군 서종면 중미산로 373 (서종면 지하1층  지상1층),원주소,경기 양평군 서종면 중미산로 373,1.0,127.383941265819,37.6041982861085,4183035000,True,True,True
