행정동코드,성별,연령,인구
1111051500,남,0,117
1111051500,남,5,177
1111051500,남,10,252
1111051500,남,15,276
1111051500,남,20,306
1111051500,남,25,357
1111051500,남,30,364
1111051500,남,35,307
1111051500,남,40,408
1111051500,남,45,381
1111051500,남,50,478
1111051500,남,55,386
1111051500,남,60,367
1111051500,남,65,287
1111051500,남,70,199
1111051500,남,75,166
1111051500,남,80,147
1111051500,남,85,83
1111051500,남,90,24
1111051500,남,95,4
1111051500,남,100,2
1111051500,여,0,104
1111051500,여,5,168
1111051500,여,10,239
1111051500,여,15,268
1111051500,여,20,272
1111051500,여,25,417
1111051500,여,30,436
1111051500,여,35,393
1111051500,여,40,514
1111051500,여,45,505
1111051500,여,50,551
1111051500,여,55,504
1111051500,여,60,417
1111051500,여,65,362
1111051500,여,70,278
1111051500,여,75,264
1111051500,여,80,210
1111051500,여,85,120
1111051500,여,90,52
1111051500,여,95,12
1111051500,여,100,4
1111053000,남,0,76
1111053000,남,5,146
1111053000,남,10,123
1111053000,남,15,133
1111053000,남,20,175
1111053000,남,25,257
1111053000,남,30,379
1111053000,남,35,246
1111053000,남,40,323
1111053000,남,45,285
1111053000,남,50,353
1111053000,남,55,323
1111053000,남,60,307
1111053000,남,65,270
1111053000,남,70,153
1111053000,남,75,148
1111053000,남,80,123
1111053000,남,85,87
1111053000,남,90,26
1111053000,남,95,10
1111053000,남,100,4
1111053000,여,0,88
1111053000,여,5,134
1111053000,여,10,171
1111053000,여,15,197
1111053000,여,20,225
1111053000,여,25,390
1111053000,여,30,445
1111053000,여,35,377
1111053000,여,40,417
1111053000,여,45,382
1111053000,여,50,415
1111053000,여,55,368
1111053000,여,60,365
1111053000,여,65,313
1111053000,여,70,220
1111053000,여,75,192
1111053000,여,80,171
1111053000,여,85,120
1111053000,여,90,42
1111053000,여,95,12
1111053000,여,100,3
1111054000,남,0,15
1111054000,남,5,22
1111054000,남,10,37
1111054000,남,15,53
1111054000,남,20,48
1111054000,남,25,73
1111054000,남,30,65
1111054000,남,35,71
1111054000,남,40,79
1111054000,남,45,74
1111054000,남,50,73
1111054000,남,55,85
1111054000,남,60,95
1111054000,남,65,88
1111054000,남,70,66
1111054000,남,75,51
1111054000,남,80,43
1111054000,남,85,18
1111054000,남,90,10
1111054000,남,95,2
1111054000,남,100,1
1111054000,여,0,16
1111054000,여,5,29
1111054000,여,10,35
1111054000,여,15,32
1111054000,여,20,44
1111054000,여,25,75
1111054000,여,30,80
1111054000,여,35,80
1111054000,여,40,92
1111054000,여,45,62
1111054000,여,50,91
1111054000,여,55,87
1111054000,여,60,96
1111054000,여,65,103
1111054000,여,70,66
1111054000,여,75,69
1111054000,여,80,54
1111054000,여,85,36
1111054000,여,90,18
1111054000,여,95,1
1111054000,여,100,1
1111055000,남,0,67
1111055000,남,5,124
1111055000,남,10,208
1111055000,남,15,221
1111055000,남,20,235
1111055000,남,25,290
1111055000,남,30,330
1111055000,남,35,241
1111055000,남,40,312
1111055000,남,45,310
1111055000,남,50,394
1111055000,남,55,338
1111055000,남,60,337
1111055000,남,65,306
1111055000,남,70,186
1111055000,남,75,160
1111055000,남,80,119
1111055000,남,85,62
1111055000,남,90,20
1111055000,남,95,3
1111055000,남,100,0
1111055000,여,0,56
1111055000,여,5,131
1111055000,여,10,173
1111055000,여,15,194
1111055000,여,20,239
1111055000,여,25,279
1111055000,여,30,319
1111055000,여,35,285
1111055000,여,40,387
1111055000,여,45,366
1111055000,여,50,459
1111055000,여,55,441
1111055000,여,60,381
1111055000,여,65,349
1111055000,여,70,212
1111055000,여,75,205
1111055000,여,80,155
1111055000,여,85,104
1111055000,여,90,37
1111055000,여,95,23
1111055000,여,100,3
1111056000,남,0,195
1111056000,남,5,317
1111056000,남,10,360
1111056000,남,15,373
1111056000,남,20,462
1111056000,남,25,489
1111056000,남,30,522
1111056000,남,35,456
1111056000,남,40,584
1111056000,남,45,504
1111056000,남,50,703
1111056000,남,55,670
1111056000,남,60,732
1111056000,남,65,599
1111056000,남,70,383
1111056000,남,75,276
1111056000,남,80,199
1111056000,남,85,132
1111056000,남,90,42
1111056000,남,95,7
1111056000,남,100,4
1111056000,여,0,180
1111056000,여,5,268
1111056000,여,10,382
1111056000,여,15,407
1111056000,여,20,440
1111056000,여,25,559
1111056000,여,30,510
1111056000,여,35,560
1111056000,여,40,680
1111056000,여,45,659
1111056000,여,50,855
1111056000,여,55,875
1111056000,여,60,812
1111056000,여,65,687
1111056000,여,70,397
1111056000,여,75,378
1111056000,여,80,279
1111056000,여,85,205
1111056000,여,90,92
1111056000,여,95,30
1111056000,여,100,8
1111057000,남,0,87
1111057000,남,5,141
1111057000,남,10,198
1111057000,남,15,193
1111057000,남,20,209
1111057000,남,25,179
1111057000,남,30,180
1111057000,남,35,186
1111057000,남,40,287
1111057000,남,45,315
1111057000,남,50,420
1111057000,남,55,294
1111057000,남,60,288
1111057000,남,65,225
1111057000,남,70,148
1111057000,남,75,120
1111057000,남,80,85
1111057000,남,85,54
1111057000,남,90,13
1111057000,남,95,4
1111057000,남,100,0
1111057000,여,0,98
1111057000,여,5,182
1111057000,여,10,279
1111057000,여,15,257
1111057000,여,20,231
1111057000,여,25,195
1111057000,여,30,203
1111057000,여,35,228
1111057000,여,40,349
1111057000,여,45,327
1111057000,여,50,424
1111057000,여,55,288
1111057000,여,60,320
1111057000,여,65,274
1111057000,여,70,183
1111057000,여,75,161
1111057000,여,80,157
1111057000,여,85,80
1111057000,여,90,24
1111057000,여,95,6
1111057000,여,100,4
1111058000,남,0,158
1111058000,남,5,201
1111058000,남,10,188
1111058000,남,15,181
1111058000,남,20,210
1111058000,남,25,290
1111058000,남,30,323
1111058000,남,35,313
1111058000,남,40,403
1111058000,남,45,379
1111058000,남,50,437
1111058000,남,55,345
1111058000,남,60,283
1111058000,남,65,254
1111058000,남,70,162
1111058000,남,75,128
1111058000,남,80,100
1111058000,남,85,53
1111058000,남,90,9
1111058000,남,95,4
1111058000,남,100,0
1111058000,여,0,150
1111058000,여,5,218
1111058000,여,10,182
1111058000,여,15,218
1111058000,여,20,234
1111058000,여,25,351
1111058000,여,30,376
1111058000,여,35,405
1111058000,여,40,476
1111058000,여,45,423
1111058000,여,50,473
1111058000,여,55,373
1111058000,여,60,335
1111058000,여,65,328
1111058000,여,70,231
1111058000,여,75,196
1111058000,여,80,144
1111058000,여,85,85
1111058000,여,90,26
1111058000,여,95,7
1111058000,여,100,0
1111060000,남,0,36
1111060000,남,5,55
1111060000,남,10,67
1111060000,남,15,84
1111060000,남,20,81
1111060000,남,25,108
1111060000,남,30,119
1111060000,남,35,123
1111060000,남,40,145
1111060000,남,45,132
1111060000,남,50,183
1111060000,남,55,148
1111060000,남,60,144
1111060000,남,65,112
1111060000,남,70,82
1111060000,남,75,70
1111060000,남,80,52
1111060000,남,85,30
1111060000,남,90,9
1111060000,남,95,1
1111060000,남,100,0
1111060000,여,0,19
1111060000,여,5,41
1111060000,여,10,73
1111060000,여,15,73
1111060000,여,20,93
1111060000,여,25,115
1111060000,여,30,144
1111060000,여,35,117
1111060000,여,40,167
1111060000,여,45,153
1111060000,여,50,196
1111060000,여,55,160
1111060000,여,60,169
1111060000,여,65,119
1111060000,여,70,106
1111060000,여,75,100
1111060000,여,80,95
1111060000,여,85,46
1111060000,여,90,19
1111060000,여,95,8
1111060000,여,100,0
1111061500,남,0,41
1111061500,남,5,39
1111061500,남,10,57
1111061500,남,15,53
1111061500,남,20,132
1111061500,남,25,341
1111061500,남,30,346
1111061500,남,35,234
1111061500,남,40,279
1111061500,남,45,239
1111061500,남,50,330
1111061500,남,55,394
1111061500,남,60,466
1111061500,남,65,436
1111061500,남,70,252
1111061500,남,75,195
1111061500,남,80,138
1111061500,남,85,55
1111061500,남,90,15
1111061500,남,95,2
1111061500,남,100,2
1111061500,여,0,37
1111061500,여,5,36
1111061500,여,10,53
1111061500,여,15,47
1111061500,여,20,178
1111061500,여,25,318
1111061500,여,30,231
1111061500,여,35,176
1111061500,여,40,166
1111061500,여,45,156
1111061500,여,50,173
1111061500,여,55,173
1111061500,여,60,228
1111061500,여,65,201
1111061500,여,70,140
1111061500,여,75,134
1111061500,여,80,115
1111061500,여,85,67
1111061500,여,90,22
1111061500,여,95,8
1111061500,여,100,1
1111063000,남,0,25
1111063000,남,5,42
1111063000,남,10,33
1111063000,남,15,51
1111063000,남,20,153
1111063000,남,25,356
1111063000,남,30,333
1111063000,남,35,187
1111063000,남,40,178
1111063000,남,45,147
1111063000,남,50,214
1111063000,남,55,260
1111063000,남,60,260
1111063000,남,65,204
1111063000,남,70,118
1111063000,남,75,99
1111063000,남,80,96
1111063000,남,85,24
1111063000,남,90,10
1111063000,남,95,0
1111063000,남,100,0
1111063000,여,0,22
1111063000,여,5,53
1111063000,여,10,52
1111063000,여,15,47
1111063000,여,20,236
1111063000,여,25,380
1111063000,여,30,259
1111063000,여,35,142
1111063000,여,40,119
1111063000,여,45,128
1111063000,여,50,161
1111063000,여,55,187
1111063000,여,60,197
1111063000,여,65,140
1111063000,여,70,117
1111063000,여,75,124
1111063000,여,80,86
1111063000,여,85,46
1111063000,여,90,17
1111063000,여,95,7
1111063000,여,100,0
1111064000,남,0,35
1111064000,남,5,47
1111064000,남,10,75
1111064000,남,15,93
1111064000,남,20,223
1111064000,남,25,450
1111064000,남,30,393
1111064000,남,35,217
1111064000,남,40,212
1111064000,남,45,174
1111064000,남,50,267
1111064000,남,55,232
1111064000,남,60,252
1111064000,남,65,194
1111064000,남,70,147
1111064000,남,75,115
1111064000,남,80,81
1111064000,남,85,40
1111064000,남,90,13
1111064000,남,95,3
1111064000,남,100,0
1111064000,여,0,40
1111064000,여,5,46
1111064000,여,10,62
1111064000,여,15,95
1111064000,여,20,308
1111064000,여,25,571
1111064000,여,30,400
1111064000,여,35,232
1111064000,여,40,212
1111064000,여,45,181
1111064000,여,50,250
1111064000,여,55,262
1111064000,여,60,270
1111064000,여,65,222
1111064000,여,70,172
1111064000,여,75,147
1111064000,여,80,136
1111064000,여,85,85
1111064000,여,90,27
1111064000,여,95,8
1111064000,여,100,0
1111065000,남,0,103
1111065000,남,5,136
1111065000,남,10,244
1111065000,남,15,363
1111065000,남,20,966
1111065000,남,25,1178
1111065000,남,30,681
1111065000,남,35,394
1111065000,남,40,452
1111065000,남,45,423
1111065000,남,50,606
1111065000,남,55,507
1111065000,남,60,457
1111065000,남,65,389
1111065000,남,70,228
1111065000,남,75,202
1111065000,남,80,199
1111065000,남,85,99
1111065000,남,90,32
1111065000,남,95,3
1111065000,남,100,1
1111065000,여,0,82
1111065000,여,5,158
1111065000,여,10,254
1111065000,여,15,349
1111065000,여,20,1245
1111065000,여,25,952
1111065000,여,30,586
1111065000,여,35,376
1111065000,여,40,485
1111065000,여,45,473
1111065000,여,50,675
1111065000,여,55,537
1111065000,여,60,512
1111065000,여,65,391
1111065000,여,70,317
1111065000,여,75,332
1111065000,여,80,292
1111065000,여,85,171
1111065000,여,90,61
1111065000,여,95,15
1111065000,여,100,5
1111067000,남,0,33
1111067000,남,5,20
1111067000,남,10,43
1111067000,남,15,50
1111067000,남,20,96
1111067000,남,25,169
1111067000,남,30,187
1111067000,남,35,143
1111067000,남,40,145
1111067000,남,45,122
1111067000,남,50,172
1111067000,남,55,255
1111067000,남,60,320
1111067000,남,65,248
1111067000,남,70,160
1111067000,남,75,93
1111067000,남,80,64
1111067000,남,85,36
1111067000,남,90,7
1111067000,남,95,0
1111067000,남,100,0
1111067000,여,0,17
1111067000,여,5,32
1111067000,여,10,32
1111067000,여,15,46
1111067000,여,20,105
1111067000,여,25,149
1111067000,여,30,164
1111067000,여,35,106
1111067000,여,40,94
1111067000,여,45,117
1111067000,여,50,172
1111067000,여,55,220
1111067000,여,60,220
1111067000,여,65,217
1111067000,여,70,130
1111067000,여,75,123
1111067000,여,80,100
1111067000,여,85,48
1111067000,여,90,19
1111067000,여,95,4
1111067000,여,100,0
1111068000,남,0,32
1111068000,남,5,49
1111068000,남,10,68
1111068000,남,15,96
1111068000,남,20,178
1111068000,남,25,292
1111068000,남,30,310
1111068000,남,35,216
1111068000,남,40,205
1111068000,남,45,228
1111068000,남,50,399
1111068000,남,55,448
1111068000,남,60,440
1111068000,남,65,347
1111068000,남,70,207
1111068000,남,75,158
1111068000,남,80,93
1111068000,남,85,49
1111068000,남,90,17
1111068000,남,95,3
1111068000,남,100,0
1111068000,여,0,33
1111068000,여,5,41
1111068000,여,10,63
1111068000,여,15,95
1111068000,여,20,173
1111068000,여,25,258
1111068000,여,30,222
1111068000,여,35,151
1111068000,여,40,146
1111068000,여,45,196
1111068000,여,50,348
1111068000,여,55,425
1111068000,여,60,387
1111068000,여,65,353
1111068000,여,70,226
1111068000,여,75,181
1111068000,여,80,178
1111068000,여,85,82
1111068000,여,90,24
1111068000,여,95,7
1111068000,여,100,0
1111069000,남,0,70
1111069000,남,5,77
1111069000,남,10,93
1111069000,남,15,119
1111069000,남,20,164
1111069000,남,25,249
1111069000,남,30,256
1111069000,남,35,199
1111069000,남,40,229
1111069000,남,45,179
1111069000,남,50,268
1111069000,남,55,293
1111069000,남,60,298
1111069000,남,65,245
1111069000,남,70,141
1111069000,남,75,105
1111069000,남,80,72
1111069000,남,85,26
1111069000,남,90,17
1111069000,남,95,4
1111069000,남,100,0
1111069000,여,0,76
1111069000,여,5,56
1111069000,여,10,85
1111069000,여,15,115
1111069000,여,20,166
1111069000,여,25,214
1111069000,여,30,262
1111069000,여,35,185
1111069000,여,40,193
1111069000,여,45,195
1111069000,여,50,285
1111069000,여,55,323
1111069000,여,60,298
1111069000,여,65,250
1111069000,여,70,165
1111069000,여,75,131
1111069000,여,80,115
1111069000,여,85,73
1111069000,여,90,20
1111069000,여,95,4
1111069000,여,100,0
1111070000,남,0,43
1111070000,남,5,47
1111070000,남,10,79
1111070000,남,15,89
1111070000,남,20,123
1111070000,남,25,211
1111070000,남,30,215
1111070000,남,35,189
1111070000,남,40,198
1111070000,남,45,213
1111070000,남,50,284
1111070000,남,55,253
1111070000,남,60,280
1111070000,남,65,202
1111070000,남,70,150
1111070000,남,75,104
1111070000,남,80,67
1111070000,남,85,31
1111070000,남,90,6
1111070000,남,95,2
1111070000,남,100,0
1111070000,여,0,34
1111070000,여,5,58
1111070000,여,10,76
1111070000,여,15,85
1111070000,여,20,172
1111070000,여,25,210
1111070000,여,30,221
1111070000,여,35,180
1111070000,여,40,185
1111070000,여,45,190
1111070000,여,50,271
1111070000,여,55,260
1111070000,여,60,280
1111070000,여,65,236
1111070000,여,70,159
1111070000,여,75,133
1111070000,여,80,127
1111070000,여,85,62
1111070000,여,90,27
1111070000,여,95,8
1111070000,여,100,1
1111071000,남,0,52
1111071000,남,5,50
1111071000,남,10,60
1111071000,남,15,68
1111071000,남,20,295
1111071000,남,25,690
1111071000,남,30,653
1111071000,남,35,351
1111071000,남,40,282
1111071000,남,45,286
1111071000,남,50,414
1111071000,남,55,397
1111071000,남,60,412
1111071000,남,65,353
1111071000,남,70,223
1111071000,남,75,158
1111071000,남,80,110
1111071000,남,85,34
1111071000,남,90,9
1111071000,남,95,5
1111071000,남,100,0
1111071000,여,0,43
1111071000,여,5,48
1111071000,여,10,51
1111071000,여,15,98
1111071000,여,20,568
1111071000,여,25,974
1111071000,여,30,711
1111071000,여,35,308
1111071000,여,40,232
1111071000,여,45,232
1111071000,여,50,329
1111071000,여,55,371
1111071000,여,60,336
1111071000,여,65,295
1111071000,여,70,205
1111071000,여,75,162
1111071000,여,80,144
1111071000,여,85,65
1111071000,여,90,19
1111071000,여,95,3
1111071000,여,100,0
1114052000,남,0,30
1114052000,남,5,40
1114052000,남,10,35
1114052000,남,15,18
1114052000,남,20,23
1114052000,남,25,49
1114052000,남,30,107
1114052000,남,35,102
1114052000,남,40,138
1114052000,남,45,110
1114052000,남,50,98
1114052000,남,55,73
1114052000,남,60,56
1114052000,남,65,64
1114052000,남,70,30
1114052000,남,75,24
1114052000,남,80,18
1114052000,남,85,5
1114052000,남,90,3
1114052000,남,95,0
1114052000,남,100,0
1114052000,여,0,27
1114052000,여,5,41
1114052000,여,10,50
1114052000,여,15,43
1114052000,여,20,46
1114052000,여,25,96
1114052000,여,30,118
1114052000,여,35,119
1114052000,여,40,158
1114052000,여,45,114
1114052000,여,50,85
1114052000,여,55,75
1114052000,여,60,52
1114052000,여,65,48
1114052000,여,70,40
1114052000,여,75,23
1114052000,여,80,19
1114052000,여,85,11
1114052000,여,90,4
1114052000,여,95,3
1114052000,여,100,0
1114054000,남,0,38
1114054000,남,5,44
1114054000,남,10,52
1114054000,남,15,50
1114054000,남,20,71
1114054000,남,25,133
1114054000,남,30,139
1114054000,남,35,109
1114054000,남,40,134
1114054000,남,45,150
1114054000,남,50,203
1114054000,남,55,215
1114054000,남,60,275
1114054000,남,65,261
1114054000,남,70,177
1114054000,남,75,92
1114054000,남,80,88
1114054000,남,85,36
1114054000,남,90,7
1114054000,남,95,7
1114054000,남,100,0
1114054000,여,0,42
1114054000,여,5,32
1114054000,여,10,51
1114054000,여,15,47
1114054000,여,20,90
1114054000,여,25,119
1114054000,여,30,147
1114054000,여,35,132
1114054000,여,40,120
1114054000,여,45,122
1114054000,여,50,193
1114054000,여,55,171
1114054000,여,60,180
1114054000,여,65,200
1114054000,여,70,133
1114054000,여,75,124
1114054000,여,80,76
1114054000,여,85,57
1114054000,여,90,27
1114054000,여,95,10
1114054000,여,100,2
1114055000,남,0,14
1114055000,남,5,15
1114055000,남,10,26
1114055000,남,15,29
1114055000,남,20,46
1114055000,남,25,90
1114055000,남,30,103
1114055000,남,35,68
1114055000,남,40,67
1114055000,남,45,72
1114055000,남,50,108
1114055000,남,55,93
1114055000,남,60,95
1114055000,남,65,94
1114055000,남,70,59
1114055000,남,75,44
1114055000,남,80,31
1114055000,남,85,8
1114055000,남,90,4
1114055000,남,95,1
1114055000,남,100,1
1114055000,여,0,15
1114055000,여,5,8
1114055000,여,10,20
1114055000,여,15,46
1114055000,여,20,77
1114055000,여,25,107
1114055000,여,30,92
1114055000,여,35,81
1114055000,여,40,99
1114055000,여,45,108
1114055000,여,50,134
1114055000,여,55,119
1114055000,여,60,125
1114055000,여,65,160
1114055000,여,70,98
1114055000,여,75,82
1114055000,여,80,69
1114055000,여,85,40
1114055000,여,90,26
1114055000,여,95,4
1114055000,여,100,0
1114057000,남,0,29
1114057000,남,5,38
1114057000,남,10,52
1114057000,남,15,46
1114057000,남,20,160
1114057000,남,25,219
1114057000,남,30,280
1114057000,남,35,186
1114057000,남,40,148
1114057000,남,45,139
1114057000,남,50,164
1114057000,남,55,173
1114057000,남,60,148
1114057000,남,65,171
1114057000,남,70,99
1114057000,남,75,69
1114057000,남,80,59
1114057000,남,85,26
1114057000,남,90,11
1114057000,남,95,1
1114057000,남,100,0
1114057000,여,0,27
1114057000,여,5,35
1114057000,여,10,45
1114057000,여,15,53
1114057000,여,20,194
1114057000,여,25,230
1114057000,여,30,226
1114057000,여,35,185
1114057000,여,40,134
1114057000,여,45,108
1114057000,여,50,127
1114057000,여,55,115
1114057000,여,60,140
1114057000,여,65,157
1114057000,여,70,90
1114057000,여,75,75
1114057000,여,80,78
1114057000,여,85,42
1114057000,여,90,24
1114057000,여,95,10
1114057000,여,100,2
1114058000,남,0,38
1114058000,남,5,38
1114058000,남,10,49
1114058000,남,15,82
1114058000,남,20,342
1114058000,남,25,326
1114058000,남,30,241
1114058000,남,35,149
1114058000,남,40,137
1114058000,남,45,128
1114058000,남,50,159
1114058000,남,55,145
1114058000,남,60,143
1114058000,남,65,131
1114058000,남,70,94
1114058000,남,75,71
1114058000,남,80,64
1114058000,남,85,23
1114058000,남,90,9
1114058000,남,95,2
1114058000,남,100,1
1114058000,여,0,23
1114058000,여,5,35
1114058000,여,10,50
1114058000,여,15,105
1114058000,여,20,315
1114058000,여,25,234
1114058000,여,30,164
1114058000,여,35,112
1114058000,여,40,137
1114058000,여,45,105
1114058000,여,50,135
1114058000,여,55,139
1114058000,여,60,131
1114058000,여,65,141
1114058000,여,70,106
1114058000,여,75,95
1114058000,여,80,77
1114058000,여,85,56
1114058000,여,90,18
1114058000,여,95,5
1114058000,여,100,0
1114059000,남,0,33
1114059000,남,5,28
1114059000,남,10,45
1114059000,남,15,45
1114059000,남,20,146
1114059000,남,25,316
1114059000,남,30,411
1114059000,남,35,257
1114059000,남,40,200
1114059000,남,45,147
1114059000,남,50,186
1114059000,남,55,212
1114059000,남,60,248
1114059000,남,65,229
1114059000,남,70,145
1114059000,남,75,96
1114059000,남,80,69
1114059000,남,85,20
1114059000,남,90,6
1114059000,남,95,2
1114059000,남,100,0
1114059000,여,0,31
1114059000,여,5,27
1114059000,여,10,33
1114059000,여,15,58
1114059000,여,20,278
1114059000,여,25,445
1114059000,여,30,395
1114059000,여,35,216
1114059000,여,40,179
1114059000,여,45,142
1114059000,여,50,171
1114059000,여,55,167
1114059000,여,60,190
1114059000,여,65,186
1114059000,여,70,155
1114059000,여,75,106
1114059000,여,80,92
1114059000,여,85,49
1114059000,여,90,14
1114059000,여,95,5
1114059000,여,100,0
1114060500,남,0,47
1114060500,남,5,17
1114060500,남,10,18
1114060500,남,15,15
1114060500,남,20,48
1114060500,남,25,133
1114060500,남,30,260
1114060500,남,35,260
1114060500,남,40,141
1114060500,남,45,105
1114060500,남,50,109
1114060500,남,55,115
1114060500,남,60,130
1114060500,남,65,128
1114060500,남,70,79
1114060500,남,75,39
1114060500,남,80,33
1114060500,남,85,16
1114060500,남,90,4
1114060500,남,95,2
1114060500,남,100,0
1114060500,여,0,45
1114060500,여,5,29
1114060500,여,10,19
1114060500,여,15,25
1114060500,여,20,61
1114060500,여,25,172
1114060500,여,30,246
1114060500,여,35,188
1114060500,여,40,127
1114060500,여,45,92
1114060500,여,50,83
1114060500,여,55,60
1114060500,여,60,83
1114060500,여,65,54
1114060500,여,70,50
1114060500,여,75,39
1114060500,여,80,31
1114060500,여,85,20
1114060500,여,90,3
1114060500,여,95,3
1114060500,여,100,0
1114061500,남,0,48
1114061500,남,5,52
1114061500,남,10,42
1114061500,남,15,70
1114061500,남,20,166
1114061500,남,25,351
1114061500,남,30,370
1114061500,남,35,280
1114061500,남,40,283
1114061500,남,45,232
1114061500,남,50,327
1114061500,남,55,331
1114061500,남,60,338
1114061500,남,65,248
1114061500,남,70,185
1114061500,남,75,143
1114061500,남,80,95
1114061500,남,85,42
1114061500,남,90,6
1114061500,남,95,2
1114061500,남,100,0
1114061500,여,0,42
1114061500,여,5,82
1114061500,여,10,60
1114061500,여,15,69
1114061500,여,20,257
1114061500,여,25,480
1114061500,여,30,377
1114061500,여,35,282
1114061500,여,40,236
1114061500,여,45,202
1114061500,여,50,256
1114061500,여,55,277
1114061500,여,60,315
1114061500,여,65,256
1114061500,여,70,178
1114061500,여,75,169
1114061500,여,80,151
1114061500,여,85,56
1114061500,여,90,35
1114061500,여,95,10
1114061500,여,100,1
1114062500,남,0,92
1114062500,남,5,119
1114062500,남,10,161
1114062500,남,15,202
1114062500,남,20,361
1114062500,남,25,583
1114062500,남,30,649
1114062500,남,35,458
1114062500,남,40,450
1114062500,남,45,405
1114062500,남,50,556
1114062500,남,55,517
1114062500,남,60,484
1114062500,남,65,471
1114062500,남,70,305
1114062500,남,75,266
1114062500,남,80,179
1114062500,남,85,78
1114062500,남,90,14
1114062500,남,95,2
1114062500,남,100,0
1114062500,여,0,90
1114062500,여,5,112
1114062500,여,10,133
1114062500,여,15,174
1114062500,여,20,379
1114062500,여,25,656
1114062500,여,30,592
1114062500,여,35,442
1114062500,여,40,427
1114062500,여,45,411
1114062500,여,50,556
1114062500,여,55,516
1114062500,여,60,589
1114062500,여,65,546
1114062500,여,70,353
1114062500,여,75,305
1114062500,여,80,282
1114062500,여,85,124
1114062500,여,90,61
1114062500,여,95,16
1114062500,여,100,1
1114063500,남,0,185
1114063500,남,5,199
1114063500,남,10,226
1114063500,남,15,211
1114063500,남,20,350
1114063500,남,25,478
1114063500,남,30,597
1114063500,남,35,528
1114063500,남,40,549
1114063500,남,45,479
1114063500,남,50,589
1114063500,남,55,626
1114063500,남,60,652
1114063500,남,65,592
1114063500,남,70,429
1114063500,남,75,319
1114063500,남,80,254
1114063500,남,85,107
1114063500,남,90,29
1114063500,남,95,11
1114063500,남,100,1
1114063500,여,0,187
1114063500,여,5,230
1114063500,여,10,206
1114063500,여,15,207
1114063500,여,20,354
1114063500,여,25,572
1114063500,여,30,621
1114063500,여,35,568
1114063500,여,40,612
1114063500,여,45,496
1114063500,여,50,709
1114063500,여,55,719
1114063500,여,60,713
1114063500,여,65,751
1114063500,여,70,528
1114063500,여,75,450
1114063500,여,80,354
1114063500,여,85,269
1114063500,여,90,92
1114063500,여,95,28
1114063500,여,100,3
1114064500,남,0,153
1114064500,남,5,155
1114064500,남,10,173
1114064500,남,15,181
1114064500,남,20,311
1114064500,남,25,431
1114064500,남,30,557
1114064500,남,35,504
1114064500,남,40,412
1114064500,남,45,378
1114064500,남,50,493
1114064500,남,55,498
1114064500,남,60,535
1114064500,남,65,465
1114064500,남,70,302
1114064500,남,75,218
1114064500,남,80,156
1114064500,남,85,88
1114064500,남,90,19
1114064500,남,95,3
1114064500,남,100,1
1114064500,여,0,146
1114064500,여,5,148
1114064500,여,10,178
1114064500,여,15,168
1114064500,여,20,331
1114064500,여,25,479
1114064500,여,30,589
1114064500,여,35,516
1114064500,여,40,412
1114064500,여,45,388
1114064500,여,50,568
1114064500,여,55,552
1114064500,여,60,586
1114064500,여,65,501
1114064500,여,70,363
1114064500,여,75,330
1114064500,여,80,295
1114064500,여,85,169
1114064500,여,90,66
1114064500,여,95,15
1114064500,여,100,2
1114065000,남,0,118
1114065000,남,5,107
1114065000,남,10,114
1114065000,남,15,128
1114065000,남,20,228
1114065000,남,25,411
1114065000,남,30,499
1114065000,남,35,413
1114065000,남,40,382
1114065000,남,45,356
1114065000,남,50,428
1114065000,남,55,467
1114065000,남,60,413
1114065000,남,65,333
1114065000,남,70,193
1114065000,남,75,159
1114065000,남,80,113
1114065000,남,85,41
1114065000,남,90,18
1114065000,남,95,3
1114065000,남,100,1
1114065000,여,0,105
1114065000,여,5,112
1114065000,여,10,125
1114065000,여,15,142
1114065000,여,20,270
1114065000,여,25,530
1114065000,여,30,567
1114065000,여,35,358
1114065000,여,40,356
1114065000,여,45,317
1114065000,여,50,407
1114065000,여,55,425
1114065000,여,60,389
1114065000,여,65,354
1114065000,여,70,244
1114065000,여,75,226
1114065000,여,80,171
1114065000,여,85,89
1114065000,여,90,31
1114065000,여,95,8
1114065000,여,100,0
1114066500,남,0,130
1114066500,남,5,170
1114066500,남,10,171
1114066500,남,15,185
1114066500,남,20,232
1114066500,남,25,293
1114066500,남,30,345
1114066500,남,35,282
1114066500,남,40,333
1114066500,남,45,331
1114066500,남,50,385
1114066500,남,55,466
1114066500,남,60,438
1114066500,남,65,393
1114066500,남,70,224
1114066500,남,75,164
1114066500,남,80,114
1114066500,남,85,50
1114066500,남,90,25
1114066500,남,95,5
1114066500,남,100,1
1114066500,여,0,113
1114066500,여,5,143
1114066500,여,10,166
1114066500,여,15,191
1114066500,여,20,275
1114066500,여,25,298
1114066500,여,30,367
1114066500,여,35,299
1114066500,여,40,391
1114066500,여,45,309
1114066500,여,50,465
1114066500,여,55,479
1114066500,여,60,468
1114066500,여,65,374
1114066500,여,70,232
1114066500,여,75,204
1114066500,여,80,197
1114066500,여,85,120
1114066500,여,90,49
1114066500,여,95,10
1114066500,여,100,0
1114067000,남,0,166
1114067000,남,5,157
1114067000,남,10,113
1114067000,남,15,112
1114067000,남,20,236
1114067000,남,25,619
1114067000,남,30,872
1114067000,남,35,663
1114067000,남,40,564
1114067000,남,45,372
1114067000,남,50,405
1114067000,남,55,416
1114067000,남,60,444
1114067000,남,65,342
1114067000,남,70,235
1114067000,남,75,180
1114067000,남,80,116
1114067000,남,85,32
1114067000,남,90,14
1114067000,남,95,4
1114067000,남,100,0
1114067000,여,0,132
1114067000,여,5,139
1114067000,여,10,105
1114067000,여,15,124
1114067000,여,20,395
1114067000,여,25,914
1114067000,여,30,976
1114067000,여,35,634
1114067000,여,40,527
1114067000,여,45,388
1114067000,여,50,465
1114067000,여,55,405
1114067000,여,60,407
1114067000,여,65,404
1114067000,여,70,274
1114067000,여,75,242
1114067000,여,80,164
1114067000,여,85,98
1114067000,여,90,40
1114067000,여,95,9
1114067000,여,100,2
1114068000,남,0,205
1114068000,남,5,251
1114068000,남,10,195
1114068000,남,15,198
1114068000,남,20,210
1114068000,남,25,365
1114068000,남,30,456
1114068000,남,35,490
1114068000,남,40,641
1114068000,남,45,491
1114068000,남,50,482
1114068000,남,55,453
1114068000,남,60,459
1114068000,남,65,378
1114068000,남,70,237
1114068000,남,75,176
1114068000,남,80,135
1114068000,남,85,72
1114068000,남,90,16
1114068000,남,95,1
1114068000,남,100,2
1114068000,여,0,251
1114068000,여,5,219
1114068000,여,10,162
1114068000,여,15,164
1114068000,여,20,282
1114068000,여,25,484
1114068000,여,30,558
1114068000,여,35,583
1114068000,여,40,577
1114068000,여,45,388
1114068000,여,50,465
1114068000,여,55,439
1114068000,여,60,415
1114068000,여,65,361
1114068000,여,70,251
1114068000,여,75,260
1114068000,여,80,185
1114068000,여,85,106
1114068000,여,90,49
1114068000,여,95,6
1114068000,여,100,3
1117051000,남,0,139
1117051000,남,5,203
1117051000,남,10,287
1117051000,남,15,305
1117051000,남,20,353
1117051000,남,25,647
1117051000,남,30,837
1117051000,남,35,597
1117051000,남,40,612
1117051000,남,45,505
1117051000,남,50,663
1117051000,남,55,595
1117051000,남,60,589
1117051000,남,65,492
1117051000,남,70,338
1117051000,남,75,237
1117051000,남,80,156
1117051000,남,85,71
1117051000,남,90,20
1117051000,남,95,5
1117051000,남,100,1
1117051000,여,0,132
1117051000,여,5,185
1117051000,여,10,229
1117051000,여,15,275
1117051000,여,20,378
1117051000,여,25,735
1117051000,여,30,766
1117051000,여,35,597
1117051000,여,40,610
1117051000,여,45,539
1117051000,여,50,691
1117051000,여,55,634
1117051000,여,60,683
1117051000,여,65,563
1117051000,여,70,398
1117051000,여,75,312
1117051000,여,80,268
1117051000,여,85,195
1117051000,여,90,64
1117051000,여,95,20
1117051000,여,100,6
1117052000,남,0,51
1117052000,남,5,72
1117052000,남,10,95
1117052000,남,15,139
1117052000,남,20,204
1117052000,남,25,458
1117052000,남,30,510
1117052000,남,35,349
1117052000,남,40,366
1117052000,남,45,287
1117052000,남,50,322
1117052000,남,55,264
1117052000,남,60,317
1117052000,남,65,290
1117052000,남,70,214
1117052000,남,75,165
1117052000,남,80,137
1117052000,남,85,64
1117052000,남,90,15
1117052000,남,95,2
1117052000,남,100,2
1117052000,여,0,53
1117052000,여,5,64
1117052000,여,10,80
1117052000,여,15,119
1117052000,여,20,227
1117052000,여,25,394
1117052000,여,30,437
1117052000,여,35,333
1117052000,여,40,295
1117052000,여,45,262
1117052000,여,50,331
1117052000,여,55,305
1117052000,여,60,368
1117052000,여,65,359
1117052000,여,70,258
1117052000,여,75,228
1117052000,여,80,173
1117052000,여,85,130
1117052000,여,90,48
1117052000,여,95,11
1117052000,여,100,1
1117053000,남,0,26
1117053000,남,5,37
1117053000,남,10,50
1117053000,남,15,76
1117053000,남,20,100
1117053000,남,25,250
1117053000,남,30,333
1117053000,남,35,228
1117053000,남,40,220
1117053000,남,45,260
1117053000,남,50,479
1117053000,남,55,506
1117053000,남,60,605
1117053000,남,65,436
1117053000,남,70,231
1117053000,남,75,152
1117053000,남,80,97
1117053000,남,85,46
1117053000,남,90,10
1117053000,남,95,3
1117053000,남,100,2
1117053000,여,0,27
1117053000,여,5,38
1117053000,여,10,44
1117053000,여,15,52
1117053000,여,20,144
1117053000,여,25,272
1117053000,여,30,288
1117053000,여,35,185
1117053000,여,40,165
1117053000,여,45,156
1117053000,여,50,221
1117053000,여,55,228
1117053000,여,60,219
1117053000,여,65,205
1117053000,여,70,115
1117053000,여,75,112
1117053000,여,80,96
1117053000,여,85,53
1117053000,여,90,18
1117053000,여,95,4
1117053000,여,100,3
1117055500,남,0,113
1117055500,남,5,120
1117055500,남,10,178
1117055500,남,15,269
1117055500,남,20,480
1117055500,남,25,1025
1117055500,남,30,1090
1117055500,남,35,683
1117055500,남,40,595
1117055500,남,45,550
1117055500,남,50,734
1117055500,남,55,747
1117055500,남,60,687
1117055500,남,65,515
1117055500,남,70,331
1117055500,남,75,241
1117055500,남,80,201
1117055500,남,85,94
1117055500,남,90,17
1117055500,남,95,2
1117055500,남,100,2
1117055500,여,0,98
1117055500,여,5,135
1117055500,여,10,198
1117055500,여,15,290
1117055500,여,20,1227
1117055500,여,25,1273
1117055500,여,30,1019
1117055500,여,35,586
1117055500,여,40,510
1117055500,여,45,602
1117055500,여,50,747
1117055500,여,55,711
1117055500,여,60,703
1117055500,여,65,601
1117055500,여,70,468
1117055500,여,75,365
1117055500,여,80,315
1117055500,여,85,166
1117055500,여,90,53
1117055500,여,95,16
1117055500,여,100,1
1117056000,남,0,283
1117056000,남,5,275
1117056000,남,10,267
1117056000,남,15,210
1117056000,남,20,345
1117056000,남,25,735
1117056000,남,30,1132
1117056000,남,35,812
1117056000,남,40,731
1117056000,남,45,533
1117056000,남,50,592
1117056000,남,55,487
1117056000,남,60,483
1117056000,남,65,385
1117056000,남,70,224
1117056000,남,75,175
1117056000,남,80,91
1117056000,남,85,50
1117056000,남,90,20
1117056000,남,95,1
1117056000,남,100,0
1117056000,여,0,244
1117056000,여,5,279
1117056000,여,10,210
1117056000,여,15,233
1117056000,여,20,558
1117056000,여,25,1183
1117056000,여,30,1318
1117056000,여,35,961
1117056000,여,40,779
1117056000,여,45,584
1117056000,여,50,606
1117056000,여,55,495
1117056000,여,60,515
1117056000,여,65,415
1117056000,여,70,268
1117056000,여,75,195
1117056000,여,80,164
1117056000,여,85,75
1117056000,여,90,35
1117056000,여,95,4
1117056000,여,100,1
1117057000,남,0,142
1117057000,남,5,193
1117057000,남,10,222
1117057000,남,15,200
1117057000,남,20,309
1117057000,남,25,488
1117057000,남,30,641
1117057000,남,35,498
1117057000,남,40,520
1117057000,남,45,448
1117057000,남,50,560
1117057000,남,55,539
1117057000,남,60,511
1117057000,남,65,386
1117057000,남,70,264
1117057000,남,75,205
1117057000,남,80,135
1117057000,남,85,69
1117057000,남,90,21
1117057000,남,95,4
1117057000,남,100,0
1117057000,여,0,176
1117057000,여,5,195
1117057000,여,10,234
1117057000,여,15,291
1117057000,여,20,418
1117057000,여,25,635
1117057000,여,30,703
1117057000,여,35,513
1117057000,여,40,486
1117057000,여,45,450
1117057000,여,50,583
1117057000,여,55,555
1117057000,여,60,509
1117057000,여,65,464
1117057000,여,70,281
1117057000,여,75,267
1117057000,여,80,187
1117057000,여,85,164
1117057000,여,90,50
1117057000,여,95,14
1117057000,여,100,3
1117058000,남,0,153
1117058000,남,5,183
1117058000,남,10,176
1117058000,남,15,181
1117058000,남,20,269
1117058000,남,25,402
1117058000,남,30,542
1117058000,남,35,423
1117058000,남,40,420
1117058000,남,45,352
1117058000,남,50,411
1117058000,남,55,402
1117058000,남,60,372
1117058000,남,65,246
1117058000,남,70,149
1117058000,남,75,131
1117058000,남,80,109
1117058000,남,85,43
1117058000,남,90,18
1117058000,남,95,2
1117058000,남,100,0
1117058000,여,0,150
1117058000,여,5,197
1117058000,여,10,157
1117058000,여,15,171
1117058000,여,20,347
1117058000,여,25,511
1117058000,여,30,557
1117058000,여,35,470
1117058000,여,40,436
1117058000,여,45,385
1117058000,여,50,482
1117058000,여,55,449
1117058000,여,60,342
1117058000,여,65,290
1117058000,여,70,200
1117058000,여,75,187
1117058000,여,80,149
1117058000,여,85,91
1117058000,여,90,37
1117058000,여,95,10
1117058000,여,100,0
1117059000,남,0,144
1117059000,남,5,135
1117059000,남,10,151
1117059000,남,15,179
1117059000,남,20,304
1117059000,남,25,421
1117059000,남,30,533
1117059000,남,35,437
1117059000,남,40,431
1117059000,남,45,320
1117059000,남,50,462
1117059000,남,55,438
1117059000,남,60,422
1117059000,남,65,328
1117059000,남,70,233
1117059000,남,75,191
1117059000,남,80,134
1117059000,남,85,57
1117059000,남,90,11
1117059000,남,95,1
1117059000,남,100,2
1117059000,여,0,149
1117059000,여,5,149
1117059000,여,10,145
1117059000,여,15,169
1117059000,여,20,295
1117059000,여,25,536
1117059000,여,30,545
1117059000,여,35,406
1117059000,여,40,423
1117059000,여,45,357
1117059000,여,50,491
1117059000,여,55,466
1117059000,여,60,442
1117059000,여,65,422
1117059000,여,70,300
1117059000,여,75,265
1117059000,여,80,212
1117059000,여,85,102
1117059000,여,90,37
1117059000,여,95,10
1117059000,여,100,2
1117062500,남,0,363
1117062500,남,5,247
1117062500,남,10,237
1117062500,남,15,243
1117062500,남,20,469
1117062500,남,25,874
1117062500,남,30,1308
1117062500,남,35,979
1117062500,남,40,801
1117062500,남,45,575
1117062500,남,50,665
1117062500,남,55,815
1117062500,남,60,753
1117062500,남,65,615
1117062500,남,70,367
1117062500,남,75,264
1117062500,남,80,179
1117062500,남,85,109
1117062500,남,90,29
1117062500,남,95,3
1117062500,남,100,1
1117062500,여,0,327
1117062500,여,5,255
1117062500,여,10,210
1117062500,여,15,245
1117062500,여,20,542
1117062500,여,25,1222
1117062500,여,30,1508
1117062500,여,35,1088
1117062500,여,40,858
1117062500,여,45,586
1117062500,여,50,853
1117062500,여,55,828
1117062500,여,60,738
1117062500,여,65,605
1117062500,여,70,364
1117062500,여,75,278
1117062500,여,80,234
1117062500,여,85,164
1117062500,여,90,61
1117062500,여,95,17
1117062500,여,100,5
1117063000,남,0,395
1117063000,남,5,698
1117063000,남,10,718
1117063000,남,15,598
1117063000,남,20,648
1117063000,남,25,599
1117063000,남,30,591
1117063000,남,35,694
1117063000,남,40,1007
1117063000,남,45,906
1117063000,남,50,1067
1117063000,남,55,981
1117063000,남,60,810
1117063000,남,65,719
1117063000,남,70,401
1117063000,남,75,309
1117063000,남,80,266
1117063000,남,85,182
1117063000,남,90,68
1117063000,남,95,18
1117063000,남,100,2
1117063000,여,0,375
1117063000,여,5,638
1117063000,여,10,660
1117063000,여,15,634
1117063000,여,20,635
1117063000,여,25,645
1117063000,여,30,727
1117063000,여,35,914
1117063000,여,40,1161
1117063000,여,45,1073
1117063000,여,50,1303
1117063000,여,55,1026
1117063000,여,60,863
1117063000,여,65,724
1117063000,여,70,501
1117063000,여,75,442
1117063000,여,80,455
1117063000,여,85,284
1117063000,여,90,129
1117063000,여,95,35
1117063000,여,100,6
1117064000,남,0,108
1117064000,남,5,77
1117064000,남,10,98
1117064000,남,15,130
1117064000,남,20,170
1117064000,남,25,228
1117064000,남,30,308
1117064000,남,35,330
1117064000,남,40,330
1117064000,남,45,211
1117064000,남,50,285
1117064000,남,55,309
1117064000,남,60,271
1117064000,남,65,286
1117064000,남,70,184
1117064000,남,75,132
1117064000,남,80,99
1117064000,남,85,37
1117064000,남,90,19
1117064000,남,95,5
1117064000,남,100,1
1117064000,여,0,127
1117064000,여,5,86
1117064000,여,10,82
1117064000,여,15,127
1117064000,여,20,170
1117064000,여,25,238
1117064000,여,30,304
1117064000,여,35,338
1117064000,여,40,308
1117064000,여,45,256
1117064000,여,50,345
1117064000,여,55,329
1117064000,여,60,359
1117064000,여,65,356
1117064000,여,70,236
1117064000,여,75,189
1117064000,여,80,149
1117064000,여,85,98
1117064000,여,90,37
1117064000,여,95,15
1117064000,여,100,1
1117065000,남,0,51
1117065000,남,5,54
1117065000,남,10,42
1117065000,남,15,62
1117065000,남,20,123
1117065000,남,25,334
1117065000,남,30,397
1117065000,남,35,278
1117065000,남,40,229
1117065000,남,45,186
1117065000,남,50,212
1117065000,남,55,225
1117065000,남,60,277
1117065000,남,65,216
1117065000,남,70,123
1117065000,남,75,95
1117065000,남,80,78
1117065000,남,85,43
1117065000,남,90,21
1117065000,남,95,5
1117065000,남,100,0
1117065000,여,0,49
1117065000,여,5,53
1117065000,여,10,54
1117065000,여,15,68
1117065000,여,20,106
1117065000,여,25,258
1117065000,여,30,306
1117065000,여,35,196
1117065000,여,40,197
1117065000,여,45,179
1117065000,여,50,234
1117065000,여,55,252
1117065000,여,60,278
1117065000,여,65,229
1117065000,여,70,177
1117065000,여,75,162
1117065000,여,80,111
1117065000,여,85,88
1117065000,여,90,38
1117065000,여,95,7
1117065000,여,100,1
1117066000,남,0,63
1117066000,남,5,111
1117066000,남,10,96
1117066000,남,15,94
1117066000,남,20,204
1117066000,남,25,395
1117066000,남,30,529
1117066000,남,35,369
1117066000,남,40,385
1117066000,남,45,256
1117066000,남,50,316
1117066000,남,55,259
1117066000,남,60,268
1117066000,남,65,258
1117066000,남,70,158
1117066000,남,75,141
1117066000,남,80,127
1117066000,남,85,57
1117066000,남,90,27
1117066000,남,95,5
1117066000,남,100,1
1117066000,여,0,59
1117066000,여,5,88
1117066000,여,10,96
1117066000,여,15,123
1117066000,여,20,197
1117066000,여,25,386
1117066000,여,30,459
1117066000,여,35,342
1117066000,여,40,372
1117066000,여,45,298
1117066000,여,50,360
1117066000,여,55,316
1117066000,여,60,352
1117066000,여,65,307
1117066000,여,70,233
1117066000,여,75,216
1117066000,여,80,201
1117066000,여,85,126
1117066000,여,90,34
1117066000,여,95,15
1117066000,여,100,3
1117068500,남,0,230
1117068500,남,5,238
1117068500,남,10,247
1117068500,남,15,227
1117068500,남,20,305
1117068500,남,25,479
1117068500,남,30,603
1117068500,남,35,606
1117068500,남,40,680
1117068500,남,45,508
1117068500,남,50,571
1117068500,남,55,510
1117068500,남,60,451
1117068500,남,65,455
1117068500,남,70,282
1117068500,남,75,202
1117068500,남,80,156
1117068500,남,85,83
1117068500,남,90,19
1117068500,남,95,7
1117068500,남,100,0
1117068500,여,0,213
1117068500,여,5,240
1117068500,여,10,203
1117068500,여,15,229
1117068500,여,20,332
1117068500,여,25,504
1117068500,여,30,723
1117068500,여,35,679
1117068500,여,40,719
1117068500,여,45,552
1117068500,여,50,712
1117068500,여,55,532
1117068500,여,60,549
1117068500,여,65,464
1117068500,여,70,340
1117068500,여,75,270
1117068500,여,80,212
1117068500,여,85,98
1117068500,여,90,55
1117068500,여,95,18
1117068500,여,100,1
1117069000,남,0,135
1117069000,남,5,196
1117069000,남,10,306
1117069000,남,15,374
1117069000,남,20,421
1117069000,남,25,357
1117069000,남,30,385
1117069000,남,35,360
1117069000,남,40,470
1117069000,남,45,567
1117069000,남,50,598
1117069000,남,55,435
1117069000,남,60,459
1117069000,남,65,380
1117069000,남,70,215
1117069000,남,75,139
1117069000,남,80,118
1117069000,남,85,92
1117069000,남,90,32
1117069000,남,95,7
1117069000,남,100,4
1117069000,여,0,137
1117069000,여,5,178
1117069000,여,10,335
1117069000,여,15,362
1117069000,여,20,414
1117069000,여,25,359
1117069000,여,30,366
1117069000,여,35,365
1117069000,여,40,529
1117069000,여,45,585
1117069000,여,50,637
1117069000,여,55,508
1117069000,여,60,460
1117069000,여,65,375
1117069000,여,70,253
1117069000,여,75,193
1117069000,여,80,207
1117069000,여,85,192
1117069000,여,90,59
1117069000,여,95,15
1117069000,여,100,2
1117070000,남,0,46
1117070000,남,5,47
1117070000,남,10,88
1117070000,남,15,134
1117070000,남,20,176
1117070000,남,25,356
1117070000,남,30,393
1117070000,남,35,275
1117070000,남,40,287
1117070000,남,45,250
1117070000,남,50,335
1117070000,남,55,343
1117070000,남,60,313
1117070000,남,65,287
1117070000,남,70,174
1117070000,남,75,125
1117070000,남,80,93
1117070000,남,85,48
1117070000,남,90,15
1117070000,남,95,2
1117070000,남,100,0
1117070000,여,0,27
1117070000,여,5,40
1117070000,여,10,61
1117070000,여,15,86
1117070000,여,20,139
1117070000,여,25,279
1117070000,여,30,297
1117070000,여,35,213
1117070000,여,40,232
1117070000,여,45,244
1117070000,여,50,339
1117070000,여,55,355
1117070000,여,60,409
1117070000,여,65,334
1117070000,여,70,229
1117070000,여,75,200
1117070000,여,80,147
1117070000,여,85,79
1117070000,여,90,32
1117070000,여,95,7
1117070000,여,100,1
1120052000,남,0,254
1120052000,남,5,255
1120052000,남,10,242
1120052000,남,15,271
1120052000,남,20,377
1120052000,남,25,626
1120052000,남,30,730
1120052000,남,35,659
1120052000,남,40,654
1120052000,남,45,502
1120052000,남,50,674
1120052000,남,55,582
1120052000,남,60,609
1120052000,남,65,497
1120052000,남,70,300
1120052000,남,75,209
1120052000,남,80,160
1120052000,남,85,60
1120052000,남,90,20
1120052000,남,95,4
1120052000,남,100,1
1120052000,여,0,234
1120052000,여,5,263
1120052000,여,10,231
1120052000,여,15,270
1120052000,여,20,455
1120052000,여,25,704
1120052000,여,30,801
1120052000,여,35,662
1120052000,여,40,609
1120052000,여,45,539
1120052000,여,50,668
1120052000,여,55,664
1120052000,여,60,658
1120052000,여,65,511
1120052000,여,70,371
1120052000,여,75,297
1120052000,여,80,202
1120052000,여,85,131
1120052000,여,90,49
1120052000,여,95,10
1120052000,여,100,1
1120053500,남,0,462
1120053500,남,5,562
1120053500,남,10,440
1120053500,남,15,391
1120053500,남,20,651
1120053500,남,25,1019
1120053500,남,30,1047
1120053500,남,35,994
1120053500,남,40,1109
1120053500,남,45,810
1120053500,남,50,1015
1120053500,남,55,999
1120053500,남,60,922
1120053500,남,65,717
1120053500,남,70,448
1120053500,남,75,297
1120053500,남,80,258
1120053500,남,85,117
1120053500,남,90,21
1120053500,남,95,2
1120053500,남,100,0
1120053500,여,0,402
1120053500,여,5,527
1120053500,여,10,439
1120053500,여,15,372
1120053500,여,20,830
1120053500,여,25,1380
1120053500,여,30,1281
1120053500,여,35,1153
1120053500,여,40,1085
1120053500,여,45,847
1120053500,여,50,1197
1120053500,여,55,1089
1120053500,여,60,941
1120053500,여,65,742
1120053500,여,70,500
1120053500,여,75,438
1120053500,여,80,350
1120053500,여,85,203
1120053500,여,90,78
1120053500,여,95,15
1120053500,여,100,1
1120054000,남,0,214
1120054000,남,5,251
1120054000,남,10,305
1120054000,남,15,391
1120054000,남,20,848
1120054000,남,25,1163
1120054000,남,30,969
1120054000,남,35,663
1120054000,남,40,675
1120054000,남,45,638
1120054000,남,50,828
1120054000,남,55,811
1120054000,남,60,890
1120054000,남,65,687
1120054000,남,70,470
1120054000,남,75,352
1120054000,남,80,242
1120054000,남,85,91
1120054000,남,90,34
1120054000,남,95,5
1120054000,남,100,0
1120054000,여,0,240
1120054000,여,5,234
1120054000,여,10,288
1120054000,여,15,425
1120054000,여,20,937
1120054000,여,25,1084
1120054000,여,30,863
1120054000,여,35,661
1120054000,여,40,623
1120054000,여,45,619
1120054000,여,50,860
1120054000,여,55,885
1120054000,여,60,834
1120054000,여,65,778
1120054000,여,70,521
1120054000,여,75,421
1120054000,여,80,369
1120054000,여,85,213
1120054000,여,90,61
1120054000,여,95,17
1120054000,여,100,1
1120055000,남,0,76
1120055000,남,5,88
1120055000,남,10,92
1120055000,남,15,258
1120055000,남,20,1295
1120055000,남,25,1396
1120055000,남,30,657
1120055000,남,35,302
1120055000,남,40,272
1120055000,남,45,270
1120055000,남,50,337
1120055000,남,55,292
1120055000,남,60,285
1120055000,남,65,213
1120055000,남,70,142
1120055000,남,75,137
1120055000,남,80,121
1120055000,남,85,47
1120055000,남,90,11
1120055000,남,95,1
1120055000,남,100,0
1120055000,여,0,57
1120055000,여,5,85
1120055000,여,10,102
1120055000,여,15,346
1120055000,여,20,1308
1120055000,여,25,878
1120055000,여,30,440
1120055000,여,35,250
1120055000,여,40,239
1120055000,여,45,247
1120055000,여,50,331
1120055000,여,55,324
1120055000,여,60,269
1120055000,여,65,232
1120055000,여,70,199
1120055000,여,75,195
1120055000,여,80,152
1120055000,여,85,90
1120055000,여,90,13
1120055000,여,95,6
1120055000,여,100,0
1120056000,남,0,210
1120056000,남,5,225
1120056000,남,10,220
1120056000,남,15,256
1120056000,남,20,370
1120056000,남,25,584
1120056000,남,30,594
1120056000,남,35,534
1120056000,남,40,523
1120056000,남,45,483
1120056000,남,50,551
1120056000,남,55,486
1120056000,남,60,469
1120056000,남,65,393
1120056000,남,70,256
1120056000,남,75,182
1120056000,남,80,146
1120056000,남,85,58
1120056000,남,90,14
1120056000,남,95,1
1120056000,남,100,4
1120056000,여,0,165
1120056000,여,5,223
1120056000,여,10,231
1120056000,여,15,288
1120056000,여,20,518
1120056000,여,25,659
1120056000,여,30,626
1120056000,여,35,526
1120056000,여,40,540
1120056000,여,45,491
1120056000,여,50,610
1120056000,여,55,519
1120056000,여,60,492
1120056000,여,65,406
1120056000,여,70,268
1120056000,여,75,247
1120056000,여,80,196
1120056000,여,85,106
1120056000,여,90,33
1120056000,여,95,12
1120056000,여,100,5
1120057000,남,0,377
1120057000,남,5,394
1120057000,남,10,396
1120057000,남,15,451
1120057000,남,20,531
1120057000,남,25,622
1120057000,남,30,793
1120057000,남,35,859
1120057000,남,40,866
1120057000,남,45,791
1120057000,남,50,1042
1120057000,남,55,880
1120057000,남,60,807
1120057000,남,65,647
1120057000,남,70,428
1120057000,남,75,355
1120057000,남,80,234
1120057000,남,85,97
1120057000,남,90,28
1120057000,남,95,7
1120057000,남,100,1
1120057000,여,0,314
1120057000,여,5,437
1120057000,여,10,471
1120057000,여,15,550
1120057000,여,20,619
1120057000,여,25,727
1120057000,여,30,917
1120057000,여,35,894
1120057000,여,40,916
1120057000,여,45,928
1120057000,여,50,1086
1120057000,여,55,954
1120057000,여,60,868
1120057000,여,65,750
1120057000,여,70,564
1120057000,여,75,488
1120057000,여,80,360
1120057000,여,85,207
1120057000,여,90,70
1120057000,여,95,16
1120057000,여,100,4
1120058000,남,0,211
1120058000,남,5,286
1120058000,남,10,356
1120058000,남,15,389
1120058000,남,20,338
1120058000,남,25,413
1120058000,남,30,506
1120058000,남,35,481
1120058000,남,40,603
1120058000,남,45,582
1120058000,남,50,705
1120058000,남,55,534
1120058000,남,60,480
1120058000,남,65,398
1120058000,남,70,248
1120058000,남,75,224
1120058000,남,80,180
1120058000,남,85,71
1120058000,남,90,17
1120058000,남,95,5
1120058000,남,100,0
1120058000,여,0,176
1120058000,여,5,263
1120058000,여,10,362
1120058000,여,15,347
1120058000,여,20,419
1120058000,여,25,454
1120058000,여,30,515
1120058000,여,35,554
1120058000,여,40,673
1120058000,여,45,683
1120058000,여,50,724
1120058000,여,55,573
1120058000,여,60,526
1120058000,여,65,460
1120058000,여,70,336
1120058000,여,75,298
1120058000,여,80,255
1120058000,여,85,139
1120058000,여,90,49
1120058000,여,95,3
1120058000,여,100,0
1120059000,남,0,252
1120059000,남,5,296
1120059000,남,10,233
1120059000,남,15,282
1120059000,남,20,324
1120059000,남,25,406
1120059000,남,30,490
1120059000,남,35,576
1120059000,남,40,706
1120059000,남,45,548
1120059000,남,50,601
1120059000,남,55,514
1120059000,남,60,527
1120059000,남,65,455
1120059000,남,70,318
1120059000,남,75,215
1120059000,남,80,124
1120059000,남,85,76
1120059000,남,90,17
1120059000,남,95,3
1120059000,남,100,0
1120059000,여,0,241
1120059000,여,5,248
1120059000,여,10,278
1120059000,여,15,235
1120059000,여,20,308
1120059000,여,25,441
1120059000,여,30,572
1120059000,여,35,654
1120059000,여,40,660
1120059000,여,45,545
1120059000,여,50,623
1120059000,여,55,598
1120059000,여,60,586
1120059000,여,65,577
1120059000,여,70,367
1120059000,여,75,311
1120059000,여,80,229
1120059000,여,85,141
1120059000,여,90,57
1120059000,여,95,12
1120059000,여,100,1
1120061500,남,0,387
1120061500,남,5,387
1120061500,남,10,297
1120061500,남,15,325
1120061500,남,20,489
1120061500,남,25,690
1120061500,남,30,846
1120061500,남,35,971
1120061500,남,40,970
1120061500,남,45,759
1120061500,남,50,898
1120061500,남,55,777
1120061500,남,60,778
1120061500,남,65,670
1120061500,남,70,436
1120061500,남,75,303
1120061500,남,80,232
1120061500,남,85,92
1120061500,남,90,28
1120061500,남,95,3
1120061500,남,100,3
1120061500,여,0,363
1120061500,여,5,379
1120061500,여,10,273
1120061500,여,15,323
1120061500,여,20,519
1120061500,여,25,706
1120061500,여,30,967
1120061500,여,35,994
1120061500,여,40,958
1120061500,여,45,790
1120061500,여,50,948
1120061500,여,55,902
1120061500,여,60,880
1120061500,여,65,763
1120061500,여,70,536
1120061500,여,75,466
1120061500,여,80,382
1120061500,여,85,200
1120061500,여,90,73
1120061500,여,95,15
1120061500,여,100,5
1120062000,남,0,291
1120062000,남,5,325
1120062000,남,10,242
1120062000,남,15,224
1120062000,남,20,242
1120062000,남,25,385
1120062000,남,30,476
1120062000,남,35,597
1120062000,남,40,748
1120062000,남,45,509
1120062000,남,50,547
1120062000,남,55,491
1120062000,남,60,466
1120062000,남,65,400
1120062000,남,70,274
1120062000,남,75,211
1120062000,남,80,133
1120062000,남,85,62
1120062000,남,90,15
1120062000,남,95,1
1120062000,남,100,1
1120062000,여,0,257
1120062000,여,5,286
1120062000,여,10,246
1120062000,여,15,216
1120062000,여,20,258
1120062000,여,25,378
1120062000,여,30,588
1120062000,여,35,683
1120062000,여,40,739
1120062000,여,45,555
1120062000,여,50,598
1120062000,여,55,493
1120062000,여,60,548
1120062000,여,65,534
1120062000,여,70,354
1120062000,여,75,297
1120062000,여,80,216
1120062000,여,85,143
1120062000,여,90,47
1120062000,여,95,7
1120062000,여,100,1
1120064500,남,0,528
1120064500,남,5,579
1120064500,남,10,424
1120064500,남,15,375
1120064500,남,20,482
1120064500,남,25,602
1120064500,남,30,964
1120064500,남,35,1113
1120064500,남,40,1294
1120064500,남,45,884
1120064500,남,50,907
1120064500,남,55,855
1120064500,남,60,812
1120064500,남,65,736
1120064500,남,70,476
1120064500,남,75,352
1120064500,남,80,229
1120064500,남,85,115
1120064500,남,90,29
1120064500,남,95,10
1120064500,남,100,2
1120064500,여,0,560
1120064500,여,5,584
1120064500,여,10,433
1120064500,여,15,370
1120064500,여,20,539
1120064500,여,25,728
1120064500,여,30,1172
1120064500,여,35,1356
1120064500,여,40,1323
1120064500,여,45,955
1120064500,여,50,1082
1120064500,여,55,955
1120064500,여,60,1012
1120064500,여,65,898
1120064500,여,70,559
1120064500,여,75,451
1120064500,여,80,396
1120064500,여,85,204
1120064500,여,90,90
1120064500,여,95,22
1120064500,여,100,0
1120065000,남,0,182
1120065000,남,5,222
1120065000,남,10,209
1120065000,남,15,248
1120065000,남,20,407
1120065000,남,25,679
1120065000,남,30,831
1120065000,남,35,610
1120065000,남,40,585
1120065000,남,45,412
1120065000,남,50,615
1120065000,남,55,711
1120065000,남,60,719
1120065000,남,65,542
1120065000,남,70,290
1120065000,남,75,176
1120065000,남,80,115
1120065000,남,85,54
1120065000,남,90,12
1120065000,남,95,4
1120065000,남,100,0
1120065000,여,0,187
1120065000,여,5,184
1120065000,여,10,194
1120065000,여,15,232
1120065000,여,20,435
1120065000,여,25,641
1120065000,여,30,784
1120065000,여,35,648
1120065000,여,40,521
1120065000,여,45,471
1120065000,여,50,702
1120065000,여,55,722
1120065000,여,60,666
1120065000,여,65,516
1120065000,여,70,270
1120065000,여,75,247
1120065000,여,80,184
1120065000,여,85,93
1120065000,여,90,36
1120065000,여,95,7
1120065000,여,100,0
1120066000,남,0,151
1120066000,남,5,137
1120066000,남,10,178
1120066000,남,15,196
1120066000,남,20,291
1120066000,남,25,514
1120066000,남,30,622
1120066000,남,35,519
1120066000,남,40,440
1120066000,남,45,409
1120066000,남,50,451
1120066000,남,55,449
1120066000,남,60,433
1120066000,남,65,371
1120066000,남,70,225
1120066000,남,75,177
1120066000,남,80,125
1120066000,남,85,54
1120066000,남,90,8
1120066000,남,95,1
1120066000,남,100,0
1120066000,여,0,135
1120066000,여,5,147
1120066000,여,10,157
1120066000,여,15,199
1120066000,여,20,308
1120066000,여,25,556
1120066000,여,30,662
1120066000,여,35,538
1120066000,여,40,437
1120066000,여,45,430
1120066000,여,50,478
1120066000,여,55,420
1120066000,여,60,445
1120066000,여,65,406
1120066000,여,70,268
1120066000,여,75,194
1120066000,여,80,154
1120066000,여,85,91
1120066000,여,90,33
1120066000,여,95,9
1120066000,여,100,0
1120067000,남,0,140
1120067000,남,5,148
1120067000,남,10,177
1120067000,남,15,183
1120067000,남,20,305
1120067000,남,25,597
1120067000,남,30,729
1120067000,남,35,560
1120067000,남,40,528
1120067000,남,45,467
1120067000,남,50,593
1120067000,남,55,701
1120067000,남,60,859
1120067000,남,65,641
1120067000,남,70,364
1120067000,남,75,232
1120067000,남,80,165
1120067000,남,85,61
1120067000,남,90,19
1120067000,남,95,1
1120067000,남,100,0
1120067000,여,0,130
1120067000,여,5,130
1120067000,여,10,170
1120067000,여,15,190
1120067000,여,20,331
1120067000,여,25,552
1120067000,여,30,608
1120067000,여,35,495
1120067000,여,40,444
1120067000,여,45,415
1120067000,여,50,583
1120067000,여,55,600
1120067000,여,60,702
1120067000,여,65,573
1120067000,여,70,370
1120067000,여,75,301
1120067000,여,80,214
1120067000,여,85,100
1120067000,여,90,43
1120067000,여,95,7
1120067000,여,100,0
1120069000,남,0,115
1120069000,남,5,117
1120069000,남,10,128
1120069000,남,15,138
1120069000,남,20,231
1120069000,남,25,503
1120069000,남,30,538
1120069000,남,35,362
1120069000,남,40,389
1120069000,남,45,299
1120069000,남,50,392
1120069000,남,55,396
1120069000,남,60,438
1120069000,남,65,331
1120069000,남,70,223
1120069000,남,75,167
1120069000,남,80,110
1120069000,남,85,54
1120069000,남,90,15
1120069000,남,95,3
1120069000,남,100,1
1120069000,여,0,93
1120069000,여,5,95
1120069000,여,10,104
1120069000,여,15,137
1120069000,여,20,280
1120069000,여,25,516
1120069000,여,30,602
1120069000,여,35,366
1120069000,여,40,337
1120069000,여,45,299
1120069000,여,50,382
1120069000,여,55,372
1120069000,여,60,376
1120069000,여,65,305
1120069000,여,70,222
1120069000,여,75,179
1120069000,여,80,154
1120069000,여,85,96
1120069000,여,90,19
1120069000,여,95,6
1120069000,여,100,1
1120072000,남,0,88
1120072000,남,5,110
1120072000,남,10,106
1120072000,남,15,138
1120072000,남,20,251
1120072000,남,25,438
1120072000,남,30,494
1120072000,남,35,364
1120072000,남,40,359
1120072000,남,45,353
1120072000,남,50,425
1120072000,남,55,481
1120072000,남,60,500
1120072000,남,65,392
1120072000,남,70,229
1120072000,남,75,161
1120072000,남,80,91
1120072000,남,85,40
1120072000,남,90,13
1120072000,남,95,3
1120072000,남,100,0
1120072000,여,0,62
1120072000,여,5,89
1120072000,여,10,112
1120072000,여,15,113
1120072000,여,20,235
1120072000,여,25,466
1120072000,여,30,443
1120072000,여,35,266
1120072000,여,40,331
1120072000,여,45,248
1120072000,여,50,373
1120072000,여,55,396
1120072000,여,60,416
1120072000,여,65,367
1120072000,여,70,236
1120072000,여,75,185
1120072000,여,80,143
1120072000,여,85,67
1120072000,여,90,24
1120072000,여,95,3
1120072000,여,100,2
1120079000,남,0,61
1120079000,남,5,76
1120079000,남,10,106
1120079000,남,15,154
1120079000,남,20,348
1120079000,남,25,845
1120079000,남,30,753
1120079000,남,35,410
1120079000,남,40,369
1120079000,남,45,401
1120079000,남,50,508
1120079000,남,55,599
1120079000,남,60,493
1120079000,남,65,420
1120079000,남,70,253
1120079000,남,75,190
1120079000,남,80,163
1120079000,남,85,69
1120079000,남,90,16
1120079000,남,95,3
1120079000,남,100,1
1120079000,여,0,51
1120079000,여,5,70
1120079000,여,10,106
1120079000,여,15,136
1120079000,여,20,503
1120079000,여,25,1015
1120079000,여,30,686
1120079000,여,35,362
1120079000,여,40,298
1120079000,여,45,294
1120079000,여,50,387
1120079000,여,55,381
1120079000,여,60,381
1120079000,여,65,344
1120079000,여,70,260
1120079000,여,75,255
1120079000,여,80,202
1120079000,여,85,113
1120079000,여,90,35
1120079000,여,95,7
1120079000,여,100,1
1121571000,남,0,76
1121571000,남,5,78
1121571000,남,10,90
1121571000,남,15,209
1121571000,남,20,1572
1121571000,남,25,2738
1121571000,남,30,1717
1121571000,남,35,767
1121571000,남,40,581
1121571000,남,45,482
1121571000,남,50,574
1121571000,남,55,491
1121571000,남,60,434
1121571000,남,65,363
1121571000,남,70,265
1121571000,남,75,211
1121571000,남,80,149
1121571000,남,85,79
1121571000,남,90,16
1121571000,남,95,1
1121571000,남,100,0
1121571000,여,0,63
1121571000,여,5,80
1121571000,여,10,105
1121571000,여,15,287
1121571000,여,20,2779
1121571000,여,25,3122
1121571000,여,30,1578
1121571000,여,35,729
1121571000,여,40,533
1121571000,여,45,401
1121571000,여,50,432
1121571000,여,55,441
1121571000,여,60,394
1121571000,여,65,423
1121571000,여,70,321
1121571000,여,75,262
1121571000,여,80,180
1121571000,여,85,104
1121571000,여,90,30
1121571000,여,95,9
1121571000,여,100,2
1121573000,남,0,137
1121573000,남,5,185
1121573000,남,10,232
1121573000,남,15,265
1121573000,남,20,691
1121573000,남,25,1258
1121573000,남,30,1085
1121573000,남,35,689
1121573000,남,40,643
1121573000,남,45,570
1121573000,남,50,654
1121573000,남,55,654
1121573000,남,60,712
1121573000,남,65,519
1121573000,남,70,372
1121573000,남,75,289
1121573000,남,80,213
1121573000,남,85,78
1121573000,남,90,14
1121573000,남,95,0
1121573000,남,100,0
1121573000,여,0,121
1121573000,여,5,178
1121573000,여,10,201
1121573000,여,15,240
1121573000,여,20,846
1121573000,여,25,1326
1121573000,여,30,1019
1121573000,여,35,635
1121573000,여,40,665
1121573000,여,45,540
1121573000,여,50,636
1121573000,여,55,638
1121573000,여,60,681
1121573000,여,65,660
1121573000,여,70,384
1121573000,여,75,362
1121573000,여,80,268
1121573000,여,85,148
1121573000,여,90,46
1121573000,여,95,10
1121573000,여,100,3
1121574000,남,0,118
1121574000,남,5,131
1121574000,남,10,173
1121574000,남,15,177
1121574000,남,20,327
1121574000,남,25,777
1121574000,남,30,919
1121574000,남,35,593
1121574000,남,40,573
1121574000,남,45,448
1121574000,남,50,526
1121574000,남,55,579
1121574000,남,60,582
1121574000,남,65,455
1121574000,남,70,302
1121574000,남,75,249
1121574000,남,80,149
1121574000,남,85,70
1121574000,남,90,15
1121574000,남,95,0
1121574000,남,100,0
1121574000,여,0,134
1121574000,여,5,109
1121574000,여,10,139
1121574000,여,15,153
1121574000,여,20,510
1121574000,여,25,1147
1121574000,여,30,965
1121574000,여,35,591
1121574000,여,40,478
1121574000,여,45,415
1121574000,여,50,596
1121574000,여,55,609
1121574000,여,60,602
1121574000,여,65,541
1121574000,여,70,335
1121574000,여,75,282
1121574000,여,80,224
1121574000,여,85,104
1121574000,여,90,38
1121574000,여,95,10
1121574000,여,100,1
1121575000,남,0,148
1121575000,남,5,246
1121575000,남,10,307
1121575000,남,15,308
1121575000,남,20,504
1121575000,남,25,967
1121575000,남,30,1035
1121575000,남,35,711
1121575000,남,40,728
1121575000,남,45,624
1121575000,남,50,772
1121575000,남,55,739
1121575000,남,60,815
1121575000,남,65,617
1121575000,남,70,414
1121575000,남,75,306
1121575000,남,80,213
1121575000,남,85,81
1121575000,남,90,17
1121575000,남,95,0
1121575000,남,100,0
1121575000,여,0,139
1121575000,여,5,237
1121575000,여,10,290
1121575000,여,15,307
1121575000,여,20,593
1121575000,여,25,1180
1121575000,여,30,1127
1121575000,여,35,733
1121575000,여,40,726
1121575000,여,45,661
1121575000,여,50,858
1121575000,여,55,927
1121575000,여,60,884
1121575000,여,65,743
1121575000,여,70,523
1121575000,여,75,397
1121575000,여,80,250
1121575000,여,85,116
1121575000,여,90,38
1121575000,여,95,17
1121575000,여,100,1
1121576000,남,0,130
1121576000,남,5,162
1121576000,남,10,191
1121576000,남,15,204
1121576000,남,20,359
1121576000,남,25,731
1121576000,남,30,815
1121576000,남,35,618
1121576000,남,40,553
1121576000,남,45,499
1121576000,남,50,600
1121576000,남,55,680
1121576000,남,60,689
1121576000,남,65,561
1121576000,남,70,331
1121576000,남,75,262
1121576000,남,80,180
1121576000,남,85,74
1121576000,남,90,17
1121576000,남,95,3
1121576000,남,100,0
1121576000,여,0,133
1121576000,여,5,129
1121576000,여,10,172
1121576000,여,15,212
1121576000,여,20,395
1121576000,여,25,798
1121576000,여,30,771
1121576000,여,35,504
1121576000,여,40,462
1121576000,여,45,470
1121576000,여,50,663
1121576000,여,55,683
1121576000,여,60,709
1121576000,여,65,599
1121576000,여,70,384
1121576000,여,75,369
1121576000,여,80,258
1121576000,여,85,119
1121576000,여,90,27
1121576000,여,95,9
1121576000,여,100,0
1121577000,남,0,233
1121577000,남,5,281
1121577000,남,10,376
1121577000,남,15,463
1121577000,남,20,779
1121577000,남,25,1149
1121577000,남,30,1244
1121577000,남,35,889
1121577000,남,40,874
1121577000,남,45,888
1121577000,남,50,1114
1121577000,남,55,1220
1121577000,남,60,1226
1121577000,남,65,1024
1121577000,남,70,645
1121577000,남,75,513
1121577000,남,80,309
1121577000,남,85,127
1121577000,남,90,25
1121577000,남,95,3
1121577000,남,100,3
1121577000,여,0,222
1121577000,여,5,253
1121577000,여,10,344
1121577000,여,15,437
1121577000,여,20,682
1121577000,여,25,1185
1121577000,여,30,1143
1121577000,여,35,858
1121577000,여,40,855
1121577000,여,45,853
1121577000,여,50,1279
1121577000,여,55,1429
1121577000,여,60,1359
1121577000,여,65,1138
1121577000,여,70,779
1121577000,여,75,572
1121577000,여,80,422
1121577000,여,85,196
1121577000,여,90,76
1121577000,여,95,20
1121577000,여,100,3
1121578000,남,0,113
1121578000,남,5,103
1121578000,남,10,122
1121578000,남,15,121
1121578000,남,20,294
1121578000,남,25,645
1121578000,남,30,677
1121578000,남,35,427
1121578000,남,40,419
1121578000,남,45,345
1121578000,남,50,364
1121578000,남,55,324
1121578000,남,60,319
1121578000,남,65,263
1121578000,남,70,192
1121578000,남,75,145
1121578000,남,80,116
1121578000,남,85,44
1121578000,남,90,8
1121578000,남,95,2
1121578000,남,100,0
1121578000,여,0,101
1121578000,여,5,105
1121578000,여,10,124
1121578000,여,15,125
1121578000,여,20,396
1121578000,여,25,817
1121578000,여,30,834
1121578000,여,35,534
1121578000,여,40,478
1121578000,여,45,361
1121578000,여,50,387
1121578000,여,55,369
1121578000,여,60,357
1121578000,여,65,331
1121578000,여,70,227
1121578000,여,75,185
1121578000,여,80,148
1121578000,여,85,55
1121578000,여,90,23
1121578000,여,95,4
1121578000,여,100,0
1121581000,남,0,333
1121581000,남,5,887
1121581000,남,10,1406
1121581000,남,15,1276
1121581000,남,20,972
1121581000,남,25,934
1121581000,남,30,717
1121581000,남,35,804
1121581000,남,40,1347
1121581000,남,45,1639
1121581000,남,50,1807
1121581000,남,55,1249
1121581000,남,60,1000
1121581000,남,65,756
1121581000,남,70,489
1121581000,남,75,313
1121581000,남,80,215
1121581000,남,85,139
1121581000,남,90,42
1121581000,남,95,14
1121581000,남,100,2
1121581000,여,0,312
1121581000,여,5,829
1121581000,여,10,1317
1121581000,여,15,1271
1121581000,여,20,982
1121581000,여,25,897
1121581000,여,30,818
1121581000,여,35,1015
1121581000,여,40,1821
1121581000,여,45,1889
1121581000,여,50,1797
1121581000,여,55,1226
1121581000,여,60,991
1121581000,여,65,828
1121581000,여,70,501
1121581000,여,75,313
1121581000,여,80,335
1121581000,여,85,231
1121581000,여,90,90
1121581000,여,95,29
1121581000,여,100,4
1121582000,남,0,152
1121582000,남,5,201
1121582000,남,10,291
1121582000,남,15,419
1121582000,남,20,670
1121582000,남,25,1239
1121582000,남,30,1217
1121582000,남,35,779
1121582000,남,40,762
1121582000,남,45,755
1121582000,남,50,846
1121582000,남,55,815
1121582000,남,60,815
1121582000,남,65,646
1121582000,남,70,384
1121582000,남,75,286
1121582000,남,80,234
1121582000,남,85,86
1121582000,남,90,14
1121582000,남,95,6
1121582000,남,100,0
1121582000,여,0,135
1121582000,여,5,195
1121582000,여,10,299
1121582000,여,15,353
1121582000,여,20,695
1121582000,여,25,1324
1121582000,여,30,1095
1121582000,여,35,709
1121582000,여,40,808
1121582000,여,45,747
1121582000,여,50,851
1121582000,여,55,881
1121582000,여,60,846
1121582000,여,65,771
1121582000,여,70,509
1121582000,여,75,425
1121582000,여,80,339
1121582000,여,85,156
1121582000,여,90,61
1121582000,여,95,16
1121582000,여,100,1
1121583000,남,0,274
1121583000,남,5,312
1121583000,남,10,415
1121583000,남,15,404
1121583000,남,20,623
1121583000,남,25,973
1121583000,남,30,1036
1121583000,남,35,869
1121583000,남,40,860
1121583000,남,45,821
1121583000,남,50,920
1121583000,남,55,915
1121583000,남,60,922
1121583000,남,65,831
1121583000,남,70,533
1121583000,남,75,350
1121583000,남,80,244
1121583000,남,85,91
1121583000,남,90,24
1121583000,남,95,8
1121583000,남,100,4
1121583000,여,0,261
1121583000,여,5,323
1121583000,여,10,369
1121583000,여,15,418
1121583000,여,20,557
1121583000,여,25,1033
1121583000,여,30,1051
1121583000,여,35,836
1121583000,여,40,897
1121583000,여,45,878
1121583000,여,50,1010
1121583000,여,55,1044
1121583000,여,60,1053
1121583000,여,65,925
1121583000,여,70,559
1121583000,여,75,437
1121583000,여,80,305
1121583000,여,85,150
1121583000,여,90,63
1121583000,여,95,14
1121583000,여,100,3
1121584000,남,0,424
1121584000,남,5,533
1121584000,남,10,571
1121584000,남,15,588
1121584000,남,20,762
1121584000,남,25,944
1121584000,남,30,923
1121584000,남,35,914
1121584000,남,40,1006
1121584000,남,45,951
1121584000,남,50,1111
1121584000,남,55,1061
1121584000,남,60,978
1121584000,남,65,875
1121584000,남,70,544
1121584000,남,75,354
1121584000,남,80,243
1121584000,남,85,149
1121584000,남,90,53
1121584000,남,95,9
1121584000,남,100,3
1121584000,여,0,381
1121584000,여,5,516
1121584000,여,10,589
1121584000,여,15,633
1121584000,여,20,793
1121584000,여,25,955
1121584000,여,30,1035
1121584000,여,35,990
1121584000,여,40,1159
1121584000,여,45,1037
1121584000,여,50,1261
1121584000,여,55,1119
1121584000,여,60,1124
1121584000,여,65,913
1121584000,여,70,551
1121584000,여,75,431
1121584000,여,80,332
1121584000,여,85,237
1121584000,여,90,108
1121584000,여,95,24
1121584000,여,100,3
1121584700,남,0,183
1121584700,남,5,182
1121584700,남,10,189
1121584700,남,15,229
1121584700,남,20,462
1121584700,남,25,1004
1121584700,남,30,1060
1121584700,남,35,751
1121584700,남,40,707
1121584700,남,45,565
1121584700,남,50,766
1121584700,남,55,864
1121584700,남,60,893
1121584700,남,65,690
1121584700,남,70,467
1121584700,남,75,347
1121584700,남,80,219
1121584700,남,85,92
1121584700,남,90,22
1121584700,남,95,6
1121584700,남,100,1
1121584700,여,0,183
1121584700,여,5,182
1121584700,여,10,195
1121584700,여,15,255
1121584700,여,20,604
1121584700,여,25,1107
1121584700,여,30,969
1121584700,여,35,653
1121584700,여,40,656
1121584700,여,45,552
1121584700,여,50,788
1121584700,여,55,735
1121584700,여,60,824
1121584700,여,65,771
1121584700,여,70,564
1121584700,여,75,424
1121584700,여,80,328
1121584700,여,85,162
1121584700,여,90,65
1121584700,여,95,12
1121584700,여,100,2
1121585000,남,0,176
1121585000,남,5,229
1121585000,남,10,275
1121585000,남,15,292
1121585000,남,20,693
1121585000,남,25,1406
1121585000,남,30,1410
1121585000,남,35,864
1121585000,남,40,856
1121585000,남,45,760
1121585000,남,50,865
1121585000,남,55,790
1121585000,남,60,763
1121585000,남,65,593
1121585000,남,70,347
1121585000,남,75,295
1121585000,남,80,206
1121585000,남,85,88
1121585000,남,90,24
1121585000,남,95,4
1121585000,남,100,0
1121585000,여,0,173
1121585000,여,5,228
1121585000,여,10,231
1121585000,여,15,351
1121585000,여,20,872
1121585000,여,25,1746
1121585000,여,30,1378
1121585000,여,35,898
1121585000,여,40,827
1121585000,여,45,722
1121585000,여,50,926
1121585000,여,55,873
1121585000,여,60,841
1121585000,여,65,682
1121585000,여,70,465
1121585000,여,75,381
1121585000,여,80,272
1121585000,여,85,155
1121585000,여,90,45
1121585000,여,95,14
1121585000,여,100,4
1121586000,남,0,262
1121586000,남,5,368
1121586000,남,10,500
1121586000,남,15,567
1121586000,남,20,637
1121586000,남,25,915
1121586000,남,30,963
1121586000,남,35,793
1121586000,남,40,958
1121586000,남,45,927
1121586000,남,50,1075
1121586000,남,55,1027
1121586000,남,60,971
1121586000,남,65,828
1121586000,남,70,511
1121586000,남,75,418
1121586000,남,80,257
1121586000,남,85,107
1121586000,남,90,26
1121586000,남,95,1
1121586000,남,100,0
1121586000,여,0,243
1121586000,여,5,360
1121586000,여,10,467
1121586000,여,15,561
1121586000,여,20,691
1121586000,여,25,963
1121586000,여,30,1049
1121586000,여,35,831
1121586000,여,40,1003
1121586000,여,45,1006
1121586000,여,50,1177
1121586000,여,55,1153
1121586000,여,60,1064
1121586000,여,65,967
1121586000,여,70,626
1121586000,여,75,517
1121586000,여,80,352
1121586000,여,85,222
1121586000,여,90,66
1121586000,여,95,16
1121586000,여,100,6
1121587000,남,0,329
1121587000,남,5,421
1121587000,남,10,518
1121587000,남,15,600
1121587000,남,20,740
1121587000,남,25,1062
1121587000,남,30,1153
1121587000,남,35,1000
1121587000,남,40,989
1121587000,남,45,927
1121587000,남,50,1148
1121587000,남,55,1052
1121587000,남,60,960
1121587000,남,65,849
1121587000,남,70,511
1121587000,남,75,391
1121587000,남,80,264
1121587000,남,85,109
1121587000,남,90,34
1121587000,남,95,10
1121587000,남,100,2
1121587000,여,0,315
1121587000,여,5,447
1121587000,여,10,536
1121587000,여,15,617
1121587000,여,20,840
1121587000,여,25,1329
1121587000,여,30,1266
1121587000,여,35,1084
1121587000,여,40,1079
1121587000,여,45,1064
1121587000,여,50,1338
1121587000,여,55,1117
1121587000,여,60,1095
1121587000,여,65,918
1121587000,여,70,594
1121587000,여,75,428
1121587000,여,80,319
1121587000,여,85,211
1121587000,여,90,87
1121587000,여,95,20
1121587000,여,100,1
1123053600,남,0,445
1123053600,남,5,514
1123053600,남,10,490
1123053600,남,15,494
1123053600,남,20,1146
1123053600,남,25,2007
1123053600,남,30,1970
1123053600,남,35,1571
1123053600,남,40,1575
1123053600,남,45,1319
1123053600,남,50,1518
1123053600,남,55,1468
1123053600,남,60,1469
1123053600,남,65,1166
1123053600,남,70,740
1123053600,남,75,537
1123053600,남,80,410
1123053600,남,85,192
1123053600,남,90,43
1123053600,남,95,11
1123053600,남,100,1
1123053600,여,0,429
1123053600,여,5,512
1123053600,여,10,457
1123053600,여,15,473
1123053600,여,20,1528
1123053600,여,25,2352
1123053600,여,30,2044
1123053600,여,35,1522
1123053600,여,40,1468
1123053600,여,45,1148
1123053600,여,50,1412
1123053600,여,55,1303
1123053600,여,60,1320
1123053600,여,65,1129
1123053600,여,70,803
1123053600,여,75,702
1123053600,여,80,576
1123053600,여,85,321
1123053600,여,90,95
1123053600,여,95,23
1123053600,여,100,5
1123054500,남,0,179
1123054500,남,5,185
1123054500,남,10,260
1123054500,남,15,357
1123054500,남,20,967
1123054500,남,25,1306
1123054500,남,30,981
1123054500,남,35,697
1123054500,남,40,714
1123054500,남,45,686
1123054500,남,50,922
1123054500,남,55,925
1123054500,남,60,963
1123054500,남,65,883
1123054500,남,70,615
1123054500,남,75,501
1123054500,남,80,374
1123054500,남,85,180
1123054500,남,90,35
1123054500,남,95,3
1123054500,남,100,1
1123054500,여,0,162
1123054500,여,5,200
1123054500,여,10,236
1123054500,여,15,314
1123054500,여,20,1018
1123054500,여,25,1029
1123054500,여,30,716
1123054500,여,35,600
1123054500,여,40,576
1123054500,여,45,555
1123054500,여,50,805
1123054500,여,55,818
1123054500,여,60,933
1123054500,여,65,953
1123054500,여,70,716
1123054500,여,75,629
1123054500,여,80,514
1123054500,여,85,268
1123054500,여,90,87
1123054500,여,95,22
1123054500,여,100,5
1123056000,남,0,409
1123056000,남,5,545
1123056000,남,10,556
1123056000,남,15,545
1123056000,남,20,1050
1123056000,남,25,1382
1123056000,남,30,1292
1123056000,남,35,1138
1123056000,남,40,1329
1123056000,남,45,1165
1123056000,남,50,1441
1123056000,남,55,1372
1123056000,남,60,1317
1123056000,남,65,1138
1123056000,남,70,658
1123056000,남,75,494
1123056000,남,80,365
1123056000,남,85,166
1123056000,남,90,40
1123056000,남,95,6
1123056000,남,100,0
1123056000,여,0,423
1123056000,여,5,554
1123056000,여,10,506
1123056000,여,15,557
1123056000,여,20,1234
1123056000,여,25,1352
1123056000,여,30,1210
1123056000,여,35,1080
1123056000,여,40,1254
1123056000,여,45,1076
1123056000,여,50,1348
1123056000,여,55,1254
1123056000,여,60,1246
1123056000,여,65,1112
1123056000,여,70,743
1123056000,여,75,679
1123056000,여,80,497
1123056000,여,85,311
1123056000,여,90,111
1123056000,여,95,20
1123056000,여,100,6
1123057000,남,0,192
1123057000,남,5,290
1123057000,남,10,366
1123057000,남,15,376
1123057000,남,20,447
1123057000,남,25,488
1123057000,남,30,560
1123057000,남,35,520
1123057000,남,40,626
1123057000,남,45,650
1123057000,남,50,765
1123057000,남,55,742
1123057000,남,60,694
1123057000,남,65,587
1123057000,남,70,439
1123057000,남,75,303
1123057000,남,80,243
1123057000,남,85,127
1123057000,남,90,29
1123057000,남,95,4
1123057000,남,100,1
1123057000,여,0,197
1123057000,여,5,261
1123057000,여,10,356
1123057000,여,15,407
1123057000,여,20,499
1123057000,여,25,528
1123057000,여,30,518
1123057000,여,35,506
1123057000,여,40,628
1123057000,여,45,678
1123057000,여,50,877
1123057000,여,55,749
1123057000,여,60,803
1123057000,여,65,773
1123057000,여,70,517
1123057000,여,75,430
1123057000,여,80,366
1123057000,여,85,181
1123057000,여,90,42
1123057000,여,95,14
1123057000,여,100,2
1123060000,남,0,512
1123060000,남,5,618
1123060000,남,10,517
1123060000,남,15,438
1123060000,남,20,621
1123060000,남,25,1015
1123060000,남,30,1149
1123060000,남,35,1105
1123060000,남,40,1343
1123060000,남,45,1031
1123060000,남,50,990
1123060000,남,55,999
1123060000,남,60,939
1123060000,남,65,795
1123060000,남,70,465
1123060000,남,75,387
1123060000,남,80,245
1123060000,남,85,95
1123060000,남,90,26
1123060000,남,95,5
1123060000,남,100,1
1123060000,여,0,470
1123060000,여,5,621
1123060000,여,10,510
1123060000,여,15,439
1123060000,여,20,893
1123060000,여,25,1229
1123060000,여,30,1325
1123060000,여,35,1259
1123060000,여,40,1321
1123060000,여,45,931
1123060000,여,50,1052
1123060000,여,55,976
1123060000,여,60,993
1123060000,여,65,790
1123060000,여,70,562
1123060000,여,75,446
1123060000,여,80,370
1123060000,여,85,199
1123060000,여,90,72
1123060000,여,95,13
1123060000,여,100,6
1123061000,남,0,376
1123061000,남,5,384
1123061000,남,10,382
1123061000,남,15,423
1123061000,남,20,633
1123061000,남,25,858
1123061000,남,30,1141
1123061000,남,35,1036
1123061000,남,40,1011
1123061000,남,45,867
1123061000,남,50,1104
1123061000,남,55,1084
1123061000,남,60,1122
1123061000,남,65,964
1123061000,남,70,687
1123061000,남,75,461
1123061000,남,80,370
1123061000,남,85,141
1123061000,남,90,42
1123061000,남,95,4
1123061000,남,100,0
1123061000,여,0,371
1123061000,여,5,426
1123061000,여,10,402
1123061000,여,15,459
1123061000,여,20,666
1123061000,여,25,915
1123061000,여,30,1076
1123061000,여,35,1009
1123061000,여,40,939
1123061000,여,45,893
1123061000,여,50,1131
1123061000,여,55,1194
1123061000,여,60,1264
1123061000,여,65,1092
1123061000,여,70,784
1123061000,여,75,659
1123061000,여,80,522
1123061000,여,85,280
1123061000,여,90,93
1123061000,여,95,22
1123061000,여,100,0
1123065000,남,0,471
1123065000,남,5,603
1123065000,남,10,639
1123065000,남,15,616
1123065000,남,20,796
1123065000,남,25,1347
1123065000,남,30,1603
1123065000,남,35,1445
1123065000,남,40,1644
1123065000,남,45,1437
1123065000,남,50,1572
1123065000,남,55,1386
1123065000,남,60,1432
1123065000,남,65,1269
1123065000,남,70,893
1123065000,남,75,633
1123065000,남,80,403
1123065000,남,85,148
1123065000,남,90,33
1123065000,남,95,2
1123065000,남,100,1
1123065000,여,0,415
1123065000,여,5,521
1123065000,여,10,625
1123065000,여,15,638
1123065000,여,20,928
1123065000,여,25,1657
1123065000,여,30,1602
1123065000,여,35,1332
1123065000,여,40,1526
1123065000,여,45,1381
1123065000,여,50,1467
1123065000,여,55,1392
1123065000,여,60,1545
1123065000,여,65,1385
1123065000,여,70,944
1123065000,여,75,772
1123065000,여,80,496
1123065000,여,85,213
1123065000,여,90,105
1123065000,여,95,18
1123065000,여,100,7
1123066000,남,0,502
1123066000,남,5,744
1123066000,남,10,800
1123066000,남,15,740
1123066000,남,20,786
1123066000,남,25,1010
1123066000,남,30,1170
1123066000,남,35,1181
1123066000,남,40,1519
1123066000,남,45,1359
1123066000,남,50,1376
1123066000,남,55,1181
1123066000,남,60,1086
1123066000,남,65,1044
1123066000,남,70,683
1123066000,남,75,505
1123066000,남,80,305
1123066000,남,85,107
1123066000,남,90,25
1123066000,남,95,1
1123066000,남,100,0
1123066000,여,0,493
1123066000,여,5,694
1123066000,여,10,686
1123066000,여,15,630
1123066000,여,20,788
1123066000,여,25,1096
1123066000,여,30,1163
1123066000,여,35,1181
1123066000,여,40,1524
1123066000,여,45,1319
1123066000,여,50,1316
1123066000,여,55,1181
1123066000,여,60,1213
1123066000,여,65,1145
1123066000,여,70,772
1123066000,여,75,609
1123066000,여,80,414
1123066000,여,85,200
1123066000,여,90,89
1123066000,여,95,17
1123066000,여,100,2
1123070500,남,0,125
1123070500,남,5,169
1123070500,남,10,218
1123070500,남,15,260
1123070500,남,20,422
1123070500,남,25,668
1123070500,남,30,630
1123070500,남,35,530
1123070500,남,40,563
1123070500,남,45,572
1123070500,남,50,716
1123070500,남,55,780
1123070500,남,60,966
1123070500,남,65,913
1123070500,남,70,651
1123070500,남,75,438
1123070500,남,80,346
1123070500,남,85,139
1123070500,남,90,44
1123070500,남,95,11
1123070500,남,100,3
1123070500,여,0,126
1123070500,여,5,174
1123070500,여,10,198
1123070500,여,15,248
1123070500,여,20,467
1123070500,여,25,638
1123070500,여,30,549
1123070500,여,35,449
1123070500,여,40,508
1123070500,여,45,480
1123070500,여,50,701
1123070500,여,55,779
1123070500,여,60,927
1123070500,여,65,986
1123070500,여,70,692
1123070500,여,75,619
1123070500,여,80,504
1123070500,여,85,273
1123070500,여,90,111
1123070500,여,95,33
1123070500,여,100,3
1123071000,남,0,49
1123071000,남,5,101
1123071000,남,10,155
1123071000,남,15,187
1123071000,남,20,728
1123071000,남,25,824
1123071000,남,30,540
1123071000,남,35,274
1123071000,남,40,281
1123071000,남,45,275
1123071000,남,50,332
1123071000,남,55,274
1123071000,남,60,239
1123071000,남,65,199
1123071000,남,70,141
1123071000,남,75,117
1123071000,남,80,96
1123071000,남,85,56
1123071000,남,90,13
1123071000,남,95,1
1123071000,남,100,1
1123071000,여,0,56
1123071000,여,5,84
1123071000,여,10,146
1123071000,여,15,236
1123071000,여,20,1115
1123071000,여,25,764
1123071000,여,30,429
1123071000,여,35,270
1123071000,여,40,279
1123071000,여,45,305
1123071000,여,50,325
1123071000,여,55,259
1123071000,여,60,260
1123071000,여,65,259
1123071000,여,70,193
1123071000,여,75,181
1123071000,여,80,172
1123071000,여,85,81
1123071000,여,90,29
1123071000,여,95,13
1123071000,여,100,1
1123072000,남,0,134
1123072000,남,5,180
1123072000,남,10,167
1123072000,남,15,204
1123072000,남,20,689
1123072000,남,25,835
1123072000,남,30,603
1123072000,남,35,468
1123072000,남,40,486
1123072000,남,45,331
1123072000,남,50,449
1123072000,남,55,456
1123072000,남,60,422
1123072000,남,65,326
1123072000,남,70,234
1123072000,남,75,187
1123072000,남,80,139
1123072000,남,85,75
1123072000,남,90,19
1123072000,남,95,5
1123072000,남,100,0
1123072000,여,0,151
1123072000,여,5,167
1123072000,여,10,164
1123072000,여,15,277
1123072000,여,20,1198
1123072000,여,25,992
1123072000,여,30,591
1123072000,여,35,393
1123072000,여,40,409
1123072000,여,45,365
1123072000,여,50,517
1123072000,여,55,478
1123072000,여,60,383
1123072000,여,65,343
1123072000,여,70,288
1123072000,여,75,242
1123072000,여,80,205
1123072000,여,85,97
1123072000,여,90,35
1123072000,여,95,7
1123072000,여,100,3
1123073000,남,0,208
1123073000,남,5,278
1123073000,남,10,370
1123073000,남,15,544
1123073000,남,20,1408
1123073000,남,25,1623
1123073000,남,30,1026
1123073000,남,35,634
1123073000,남,40,767
1123073000,남,45,763
1123073000,남,50,974
1123073000,남,55,803
1123073000,남,60,769
1123073000,남,65,658
1123073000,남,70,504
1123073000,남,75,366
1123073000,남,80,249
1123073000,남,85,108
1123073000,남,90,28
1123073000,남,95,6
1123073000,남,100,2
1123073000,여,0,165
1123073000,여,5,270
1123073000,여,10,385
1123073000,여,15,614
1123073000,여,20,1452
1123073000,여,25,1299
1123073000,여,30,858
1123073000,여,35,595
1123073000,여,40,732
1123073000,여,45,775
1123073000,여,50,918
1123073000,여,55,872
1123073000,여,60,756
1123073000,여,65,791
1123073000,여,70,570
1123073000,여,75,480
1123073000,여,80,344
1123073000,여,85,191
1123073000,여,90,58
1123073000,여,95,13
1123073000,여,100,1
1123074000,남,0,113
1123074000,남,5,155
1123074000,남,10,226
1123074000,남,15,358
1123074000,남,20,1134
1123074000,남,25,1283
1123074000,남,30,701
1123074000,남,35,443
1123074000,남,40,472
1123074000,남,45,510
1123074000,남,50,630
1123074000,남,55,628
1123074000,남,60,555
1123074000,남,65,487
1123074000,남,70,303
1123074000,남,75,280
1123074000,남,80,228
1123074000,남,85,119
1123074000,남,90,26
1123074000,남,95,6
1123074000,남,100,1
1123074000,여,0,102
1123074000,여,5,158
1123074000,여,10,198
1123074000,여,15,395
1123074000,여,20,1676
1123074000,여,25,990
1123074000,여,30,506
1123074000,여,35,388
1123074000,여,40,434
1123074000,여,45,477
1123074000,여,50,637
1123074000,여,55,549
1123074000,여,60,521
1123074000,여,65,533
1123074000,여,70,409
1123074000,여,75,369
1123074000,여,80,341
1123074000,여,85,183
1123074000,여,90,49
1123074000,여,95,14
1123074000,여,100,3
1123075000,남,0,217
1123075000,남,5,288
1123075000,남,10,385
1123075000,남,15,421
1123075000,남,20,549
1123075000,남,25,620
1123075000,남,30,561
1123075000,남,35,545
1123075000,남,40,688
1123075000,남,45,686
1123075000,남,50,833
1123075000,남,55,793
1123075000,남,60,728
1123075000,남,65,676
1123075000,남,70,461
1123075000,남,75,360
1123075000,남,80,270
1123075000,남,85,96
1123075000,남,90,26
1123075000,남,95,5
1123075000,남,100,0
1123075000,여,0,193
1123075000,여,5,275
1123075000,여,10,342
1123075000,여,15,403
1123075000,여,20,722
1123075000,여,25,688
1123075000,여,30,598
1123075000,여,35,569
1123075000,여,40,636
1123075000,여,45,671
1123075000,여,50,881
1123075000,여,55,804
1123075000,여,60,729
1123075000,여,65,734
1123075000,여,70,570
1123075000,여,75,506
1123075000,여,80,375
1123075000,여,85,197
1123075000,여,90,52
1123075000,여,95,13
1123075000,여,100,2
1126052000,남,0,197
1126052000,남,5,267
1126052000,남,10,312
1126052000,남,15,346
1126052000,남,20,508
1126052000,남,25,845
1126052000,남,30,943
1126052000,남,35,799
1126052000,남,40,879
1126052000,남,45,817
1126052000,남,50,1028
1126052000,남,55,1149
1126052000,남,60,1172
1126052000,남,65,884
1126052000,남,70,559
1126052000,남,75,422
1126052000,남,80,290
1126052000,남,85,118
1126052000,남,90,32
1126052000,남,95,5
1126052000,남,100,0
1126052000,여,0,177
1126052000,여,5,242
1126052000,여,10,312
1126052000,여,15,339
1126052000,여,20,552
1126052000,여,25,883
1126052000,여,30,953
1126052000,여,35,704
1126052000,여,40,720
1126052000,여,45,733
1126052000,여,50,981
1126052000,여,55,1171
1126052000,여,60,1154
1126052000,여,65,981
1126052000,여,70,668
1126052000,여,75,539
1126052000,여,80,397
1126052000,여,85,200
1126052000,여,90,68
1126052000,여,95,22
1126052000,여,100,4
1126054000,남,0,190
1126054000,남,5,232
1126054000,남,10,290
1126054000,남,15,283
1126054000,남,20,439
1126054000,남,25,662
1126054000,남,30,658
1126054000,남,35,597
1126054000,남,40,717
1126054000,남,45,669
1126054000,남,50,832
1126054000,남,55,790
1126054000,남,60,785
1126054000,남,65,666
1126054000,남,70,462
1126054000,남,75,341
1126054000,남,80,250
1126054000,남,85,69
1126054000,남,90,20
1126054000,남,95,5
1126054000,남,100,2
1126054000,여,0,155
1126054000,여,5,219
1126054000,여,10,261
1126054000,여,15,263
1126054000,여,20,397
1126054000,여,25,623
1126054000,여,30,632
1126054000,여,35,571
1126054000,여,40,624
1126054000,여,45,589
1126054000,여,50,745
1126054000,여,55,796
1126054000,여,60,798
1126054000,여,65,738
1126054000,여,70,587
1126054000,여,75,514
1126054000,여,80,356
1126054000,여,85,126
1126054000,여,90,45
1126054000,여,95,11
1126054000,여,100,1
1126055000,남,0,273
1126055000,남,5,346
1126055000,남,10,228
1126055000,남,15,221
1126055000,남,20,310
1126055000,남,25,436
1126055000,남,30,588
1126055000,남,35,609
1126055000,남,40,716
1126055000,남,45,526
1126055000,남,50,596
1126055000,남,55,563
1126055000,남,60,575
1126055000,남,65,503
1126055000,남,70,313
1126055000,남,75,196
1126055000,남,80,131
1126055000,남,85,46
1126055000,남,90,7
1126055000,남,95,2
1126055000,남,100,0
1126055000,여,0,280
1126055000,여,5,323
1126055000,여,10,243
1126055000,여,15,188
1126055000,여,20,281
1126055000,여,25,443
1126055000,여,30,553
1126055000,여,35,607
1126055000,여,40,662
1126055000,여,45,449
1126055000,여,50,599
1126055000,여,55,611
1126055000,여,60,585
1126055000,여,65,515
1126055000,여,70,302
1126055000,여,75,274
1126055000,여,80,188
1126055000,여,85,104
1126055000,여,90,32
1126055000,여,95,10
1126055000,여,100,1
1126056500,남,0,273
1126056500,남,5,335
1126056500,남,10,354
1126056500,남,15,421
1126056500,남,20,765
1126056500,남,25,1443
1126056500,남,30,1618
1126056500,남,35,1192
1126056500,남,40,1167
1126056500,남,45,1104
1126056500,남,50,1343
1126056500,남,55,1526
1126056500,남,60,1486
1126056500,남,65,1130
1126056500,남,70,767
1126056500,남,75,496
1126056500,남,80,386
1126056500,남,85,158
1126056500,남,90,23
1126056500,남,95,3
1126056500,남,100,1
1126056500,여,0,258
1126056500,여,5,303
1126056500,여,10,338
1126056500,여,15,424
1126056500,여,20,900
1126056500,여,25,1541
1126056500,여,30,1537
1126056500,여,35,1041
1126056500,여,40,1020
1126056500,여,45,971
1126056500,여,50,1429
1126056500,여,55,1517
1126056500,여,60,1489
1126056500,여,65,1249
1126056500,여,70,924
1126056500,여,75,738
1126056500,여,80,526
1126056500,여,85,252
1126056500,여,90,105
1126056500,여,95,13
1126056500,여,100,0
1126057000,남,0,266
1126057000,남,5,274
1126057000,남,10,273
1126057000,남,15,284
1126057000,남,20,459
1126057000,남,25,796
1126057000,남,30,903
1126057000,남,35,772
1126057000,남,40,793
1126057000,남,45,711
1126057000,남,50,885
1126057000,남,55,914
1126057000,남,60,938
1126057000,남,65,836
1126057000,남,70,566
1126057000,남,75,410
1126057000,남,80,270
1126057000,남,85,100
1126057000,남,90,31
1126057000,남,95,3
1126057000,남,100,0
1126057000,여,0,222
1126057000,여,5,239
1126057000,여,10,222
1126057000,여,15,272
1126057000,여,20,509
1126057000,여,25,832
1126057000,여,30,909
1126057000,여,35,716
1126057000,여,40,660
1126057000,여,45,624
1126057000,여,50,808
1126057000,여,55,927
1126057000,여,60,1048
1126057000,여,65,888
1126057000,여,70,643
1126057000,여,75,482
1126057000,여,80,333
1126057000,여,85,172
1126057000,여,90,66
1126057000,여,95,17
1126057000,여,100,2
1126057500,남,0,197
1126057500,남,5,224
1126057500,남,10,270
1126057500,남,15,348
1126057500,남,20,580
1126057500,남,25,987
1126057500,남,30,1049
1126057500,남,35,813
1126057500,남,40,855
1126057500,남,45,799
1126057500,남,50,1012
1126057500,남,55,1079
1126057500,남,60,1092
1126057500,남,65,964
1126057500,남,70,645
1126057500,남,75,479
1126057500,남,80,287
1126057500,남,85,118
1126057500,남,90,20
1126057500,남,95,9
1126057500,남,100,0
1126057500,여,0,204
1126057500,여,5,233
1126057500,여,10,260
1126057500,여,15,324
1126057500,여,20,645
1126057500,여,25,968
1126057500,여,30,944
1126057500,여,35,705
1126057500,여,40,733
1126057500,여,45,698
1126057500,여,50,1024
1126057500,여,55,1140
1126057500,여,60,1220
1126057500,여,65,1116
1126057500,여,70,706
1126057500,여,75,588
1126057500,여,80,423
1126057500,여,85,205
1126057500,여,90,77
1126057500,여,95,19
1126057500,여,100,2
1126058000,남,0,290
1126058000,남,5,397
1126058000,남,10,474
1126058000,남,15,441
1126058000,남,20,584
1126058000,남,25,781
1126058000,남,30,889
1126058000,남,35,782
1126058000,남,40,918
1126058000,남,45,711
1126058000,남,50,906
1126058000,남,55,947
1126058000,남,60,1011
1126058000,남,65,842
1126058000,남,70,459
1126058000,남,75,338
1126058000,남,80,237
1126058000,남,85,101
1126058000,남,90,12
1126058000,남,95,1
1126058000,남,100,0
1126058000,여,0,303
1126058000,여,5,388
1126058000,여,10,386
1126058000,여,15,407
1126058000,여,20,580
1126058000,여,25,815
1126058000,여,30,939
1126058000,여,35,798
1126058000,여,40,795
1126058000,여,45,762
1126058000,여,50,958
1126058000,여,55,1089
1126058000,여,60,1092
1126058000,여,65,881
1126058000,여,70,558
1126058000,여,75,445
1126058000,여,80,335
1126058000,여,85,164
1126058000,여,90,64
1126058000,여,95,16
1126058000,여,100,1
1126059000,남,0,193
1126059000,남,5,142
1126059000,남,10,155
1126059000,남,15,204
1126059000,남,20,450
1126059000,남,25,1212
1126059000,남,30,1399
1126059000,남,35,907
1126059000,남,40,697
1126059000,남,45,582
1126059000,남,50,742
1126059000,남,55,726
1126059000,남,60,763
1126059000,남,65,593
1126059000,남,70,366
1126059000,남,75,295
1126059000,남,80,190
1126059000,남,85,72
1126059000,남,90,20
1126059000,남,95,3
1126059000,남,100,1
1126059000,여,0,213
1126059000,여,5,128
1126059000,여,10,147
1126059000,여,15,191
1126059000,여,20,785
1126059000,여,25,1839
1126059000,여,30,1572
1126059000,여,35,906
1126059000,여,40,644
1126059000,여,45,515
1126059000,여,50,665
1126059000,여,55,736
1126059000,여,60,735
1126059000,여,65,622
1126059000,여,70,446
1126059000,여,75,326
1126059000,여,80,235
1126059000,여,85,119
1126059000,여,90,47
1126059000,여,95,8
1126059000,여,100,2
1126060000,남,0,193
1126060000,남,5,230
1126060000,남,10,283
1126060000,남,15,299
1126060000,남,20,409
1126060000,남,25,701
1126060000,남,30,840
1126060000,남,35,701
1126060000,남,40,754
1126060000,남,45,595
1126060000,남,50,697
1126060000,남,55,730
1126060000,남,60,790
1126060000,남,65,745
1126060000,남,70,507
1126060000,남,75,325
1126060000,남,80,224
1126060000,남,85,93
1126060000,남,90,18
1126060000,남,95,5
1126060000,남,100,1
1126060000,여,0,196
1126060000,여,5,217
1126060000,여,10,265
1126060000,여,15,291
1126060000,여,20,441
1126060000,여,25,709
1126060000,여,30,780
1126060000,여,35,603
1126060000,여,40,610
1126060000,여,45,559
1126060000,여,50,711
1126060000,여,55,831
1126060000,여,60,921
1126060000,여,65,804
1126060000,여,70,550
1126060000,여,75,407
1126060000,여,80,307
1126060000,여,85,125
1126060000,여,90,39
1126060000,여,95,12
1126060000,여,100,1
1126061000,남,0,196
1126061000,남,5,231
1126061000,남,10,246
1126061000,남,15,283
1126061000,남,20,527
1126061000,남,25,989
1126061000,남,30,1086
1126061000,남,35,826
1126061000,남,40,825
1126061000,남,45,790
1126061000,남,50,1015
1126061000,남,55,1199
1126061000,남,60,1304
1126061000,남,65,1037
1126061000,남,70,582
1126061000,남,75,428
1126061000,남,80,334
1126061000,남,85,150
1126061000,남,90,28
1126061000,남,95,5
1126061000,남,100,0
1126061000,여,0,189
1126061000,여,5,204
1126061000,여,10,195
1126061000,여,15,232
1126061000,여,20,590
1126061000,여,25,1042
1126061000,여,30,975
1126061000,여,35,679
1126061000,여,40,736
1126061000,여,45,608
1126061000,여,50,906
1126061000,여,55,1078
1126061000,여,60,1165
1126061000,여,65,970
1126061000,여,70,644
1126061000,여,75,550
1126061000,여,80,449
1126061000,여,85,216
1126061000,여,90,83
1126061000,여,95,16
1126061000,여,100,1
1126062000,남,0,303
1126062000,남,5,513
1126062000,남,10,742
1126062000,남,15,742
1126062000,남,20,868
1126062000,남,25,1186
1126062000,남,30,1244
1126062000,남,35,1015
1126062000,남,40,1205
1126062000,남,45,1227
1126062000,남,50,1460
1126062000,남,55,1196
1126062000,남,60,1234
1126062000,남,65,1038
1126062000,남,70,752
1126062000,남,75,575
1126062000,남,80,386
1126062000,남,85,161
1126062000,남,90,37
1126062000,남,95,7
1126062000,남,100,0
1126062000,여,0,317
1126062000,여,5,517
1126062000,여,10,664
1126062000,여,15,728
1126062000,여,20,1129
1126062000,여,25,1354
1126062000,여,30,1288
1126062000,여,35,1031
1126062000,여,40,1287
1126062000,여,45,1277
1126062000,여,50,1554
1126062000,여,55,1309
1126062000,여,60,1426
1126062000,여,65,1243
1126062000,여,70,880
1126062000,여,75,683
1126062000,여,80,479
1126062000,여,85,255
1126062000,여,90,87
1126062000,여,95,21
1126062000,여,100,4
1126063000,남,0,182
1126063000,남,5,195
1126063000,남,10,246
1126063000,남,15,285
1126063000,남,20,438
1126063000,남,25,695
1126063000,남,30,744
1126063000,남,35,622
1126063000,남,40,711
1126063000,남,45,604
1126063000,남,50,744
1126063000,남,55,768
1126063000,남,60,753
1126063000,남,65,669
1126063000,남,70,486
1126063000,남,75,306
1126063000,남,80,244
1126063000,남,85,85
1126063000,남,90,24
1126063000,남,95,4
1126063000,남,100,1
1126063000,여,0,135
1126063000,여,5,225
1126063000,여,10,220
1126063000,여,15,262
1126063000,여,20,495
1126063000,여,25,715
1126063000,여,30,737
1126063000,여,35,548
1126063000,여,40,619
1126063000,여,45,585
1126063000,여,50,795
1126063000,여,55,778
1126063000,여,60,848
1126063000,여,65,766
1126063000,여,70,545
1126063000,여,75,390
1126063000,여,80,299
1126063000,여,85,150
1126063000,여,90,37
1126063000,여,95,11
1126063000,여,100,2
1126065500,남,0,654
1126065500,남,5,746
1126065500,남,10,522
1126065500,남,15,526
1126065500,남,20,799
1126065500,남,25,1265
1126065500,남,30,1743
1126065500,남,35,1588
1126065500,남,40,1615
1126065500,남,45,1229
1126065500,남,50,1462
1126065500,남,55,1459
1126065500,남,60,1625
1126065500,남,65,1447
1126065500,남,70,879
1126065500,남,75,608
1126065500,남,80,366
1126065500,남,85,163
1126065500,남,90,36
1126065500,남,95,7
1126065500,남,100,1
1126065500,여,0,619
1126065500,여,5,697
1126065500,여,10,551
1126065500,여,15,590
1126065500,여,20,866
1126065500,여,25,1527
1126065500,여,30,1731
1126065500,여,35,1501
1126065500,여,40,1469
1126065500,여,45,1095
1126065500,여,50,1368
1126065500,여,55,1500
1126065500,여,60,1676
1126065500,여,65,1439
1126065500,여,70,922
1126065500,여,75,693
1126065500,여,80,576
1126065500,여,85,307
1126065500,여,90,126
1126065500,여,95,33
1126065500,여,100,10
1126066000,남,0,110
1126066000,남,5,148
1126066000,남,10,171
1126066000,남,15,222
1126066000,남,20,344
1126066000,남,25,577
1126066000,남,30,605
1126066000,남,35,452
1126066000,남,40,547
1126066000,남,45,482
1126066000,남,50,679
1126066000,남,55,801
1126066000,남,60,844
1126066000,남,65,727
1126066000,남,70,419
1126066000,남,75,321
1126066000,남,80,206
1126066000,남,85,91
1126066000,남,90,28
1126066000,남,95,2
1126066000,남,100,1
1126066000,여,0,115
1126066000,여,5,145
1126066000,여,10,202
1126066000,여,15,239
1126066000,여,20,393
1126066000,여,25,557
1126066000,여,30,492
1126066000,여,35,409
1126066000,여,40,451
1126066000,여,45,455
1126066000,여,50,660
1126066000,여,55,824
1126066000,여,60,763
1126066000,여,65,694
1126066000,여,70,464
1126066000,여,75,364
1126066000,여,80,271
1126066000,여,85,132
1126066000,여,90,70
1126066000,여,95,21
1126066000,여,100,0
1126068000,남,0,447
1126068000,남,5,620
1126068000,남,10,980
1126068000,남,15,959
1126068000,남,20,934
1126068000,남,25,1162
1126068000,남,30,1186
1126068000,남,35,1057
1126068000,남,40,1372
1126068000,남,45,1295
1126068000,남,50,1425
1126068000,남,55,1447
1126068000,남,60,1584
1126068000,남,65,1334
1126068000,남,70,869
1126068000,남,75,660
1126068000,남,80,407
1126068000,남,85,174
1126068000,남,90,38
1126068000,남,95,7
1126068000,남,100,0
1126068000,여,0,408
1126068000,여,5,626
1126068000,여,10,932
1126068000,여,15,894
1126068000,여,20,920
1126068000,여,25,1088
1126068000,여,30,1248
1126068000,여,35,1046
1126068000,여,40,1468
1126068000,여,45,1330
1126068000,여,50,1541
1126068000,여,55,1712
1126068000,여,60,1812
1126068000,여,65,1481
1126068000,여,70,972
1126068000,여,75,778
1126068000,여,80,588
1126068000,여,85,351
1126068000,여,90,142
1126068000,여,95,44
1126068000,여,100,9
1126069000,남,0,185
1126069000,남,5,291
1126069000,남,10,310
1126069000,남,15,393
1126069000,남,20,418
1126069000,남,25,585
1126069000,남,30,724
1126069000,남,35,623
1126069000,남,40,721
1126069000,남,45,640
1126069000,남,50,772
1126069000,남,55,771
1126069000,남,60,754
1126069000,남,65,760
1126069000,남,70,539
1126069000,남,75,345
1126069000,남,80,205
1126069000,남,85,110
1126069000,남,90,36
1126069000,남,95,7
1126069000,남,100,2
1126069000,여,0,222
1126069000,여,5,272
1126069000,여,10,344
1126069000,여,15,343
1126069000,여,20,454
1126069000,여,25,597
1126069000,여,30,746
1126069000,여,35,636
1126069000,여,40,709
1126069000,여,45,646
1126069000,여,50,877
1126069000,여,55,867
1126069000,여,60,928
1126069000,여,65,945
1126069000,여,70,584
1126069000,여,75,454
1126069000,여,80,363
1126069000,여,85,227
1126069000,여,90,73
1126069000,여,95,17
1126069000,여,100,7
1129052500,남,0,166
1129052500,남,5,139
1129052500,남,10,227
1129052500,남,15,305
1129052500,남,20,429
1129052500,남,25,718
1129052500,남,30,700
1129052500,남,35,522
1129052500,남,40,536
1129052500,남,45,490
1129052500,남,50,655
1129052500,남,55,609
1129052500,남,60,563
1129052500,남,65,461
1129052500,남,70,293
1129052500,남,75,247
1129052500,남,80,205
1129052500,남,85,112
1129052500,남,90,35
1129052500,남,95,8
1129052500,남,100,4
1129052500,여,0,130
1129052500,여,5,152
1129052500,여,10,222
1129052500,여,15,268
1129052500,여,20,617
1129052500,여,25,725
1129052500,여,30,779
1129052500,여,35,531
1129052500,여,40,576
1129052500,여,45,566
1129052500,여,50,780
1129052500,여,55,674
1129052500,여,60,636
1129052500,여,65,506
1129052500,여,70,375
1129052500,여,75,342
1129052500,여,80,310
1129052500,여,85,174
1129052500,여,90,69
1129052500,여,95,27
1129052500,여,100,2
1129055500,남,0,159
1129055500,남,5,231
1129055500,남,10,330
1129055500,남,15,480
1129055500,남,20,868
1129055500,남,25,1022
1129055500,남,30,850
1129055500,남,35,664
1129055500,남,40,692
1129055500,남,45,742
1129055500,남,50,1035
1129055500,남,55,873
1129055500,남,60,744
1129055500,남,65,633
1129055500,남,70,377
1129055500,남,75,337
1129055500,남,80,282
1129055500,남,85,115
1129055500,남,90,33
1129055500,남,95,8
1129055500,남,100,2
1129055500,여,0,150
1129055500,여,5,220
1129055500,여,10,344
1129055500,여,15,466
1129055500,여,20,1115
1129055500,여,25,1134
1129055500,여,30,878
1129055500,여,35,670
1129055500,여,40,737
1129055500,여,45,741
1129055500,여,50,1023
1129055500,여,55,841
1129055500,여,60,798
1129055500,여,65,712
1129055500,여,70,494
1129055500,여,75,502
1129055500,여,80,406
1129055500,여,85,248
1129055500,여,90,61
1129055500,여,95,18
1129055500,여,100,4
1129057500,남,0,70
1129057500,남,5,114
1129057500,남,10,128
1129057500,남,15,211
1129057500,남,20,568
1129057500,남,25,808
1129057500,남,30,677
1129057500,남,35,490
1129057500,남,40,439
1129057500,남,45,403
1129057500,남,50,502
1129057500,남,55,409
1129057500,남,60,369
1129057500,남,65,314
1129057500,남,70,205
1129057500,남,75,195
1129057500,남,80,155
1129057500,남,85,70
1129057500,남,90,16
1129057500,남,95,3
1129057500,남,100,0
1129057500,여,0,72
1129057500,여,5,125
1129057500,여,10,163
1129057500,여,15,371
1129057500,여,20,1902
1129057500,여,25,1458
1129057500,여,30,747
1129057500,여,35,494
1129057500,여,40,446
1129057500,여,45,422
1129057500,여,50,549
1129057500,여,55,433
1129057500,여,60,407
1129057500,여,65,368
1129057500,여,70,257
1129057500,여,75,276
1129057500,여,80,236
1129057500,여,85,117
1129057500,여,90,44
1129057500,여,95,11
1129057500,여,100,3
1129058000,남,0,180
1129058000,남,5,162
1129058000,남,10,210
1129058000,남,15,274
1129058000,남,20,400
1129058000,남,25,442
1129058000,남,30,490
1129058000,남,35,423
1129058000,남,40,480
1129058000,남,45,391
1129058000,남,50,593
1129058000,남,55,621
1129058000,남,60,569
1129058000,남,65,503
1129058000,남,70,320
1129058000,남,75,263
1129058000,남,80,185
1129058000,남,85,69
1129058000,남,90,17
1129058000,남,95,3
1129058000,남,100,0
1129058000,여,0,141
1129058000,여,5,157
1129058000,여,10,243
1129058000,여,15,291
1129058000,여,20,473
1129058000,여,25,519
1129058000,여,30,491
1129058000,여,35,456
1129058000,여,40,431
1129058000,여,45,458
1129058000,여,50,710
1129058000,여,55,645
1129058000,여,60,663
1129058000,여,65,595
1129058000,여,70,411
1129058000,여,75,329
1129058000,여,80,261
1129058000,여,85,163
1129058000,여,90,53
1129058000,여,95,9
1129058000,여,100,3
1129059000,남,0,292
1129059000,남,5,513
1129059000,남,10,643
1129059000,남,15,644
1129059000,남,20,656
1129059000,남,25,655
1129059000,남,30,639
1129059000,남,35,654
1129059000,남,40,840
1129059000,남,45,914
1129059000,남,50,1161
1129059000,남,55,944
1129059000,남,60,802
1129059000,남,65,635
1129059000,남,70,424
1129059000,남,75,276
1129059000,남,80,207
1129059000,남,85,109
1129059000,남,90,30
1129059000,남,95,7
1129059000,남,100,0
1129059000,여,0,294
1129059000,여,5,473
1129059000,여,10,616
1129059000,여,15,670
1129059000,여,20,679
1129059000,여,25,682
1129059000,여,30,675
1129059000,여,35,761
1129059000,여,40,1011
1129059000,여,45,1061
1129059000,여,50,1255
1129059000,여,55,1030
1129059000,여,60,910
1129059000,여,65,729
1129059000,여,70,490
1129059000,여,75,387
1129059000,여,80,321
1129059000,여,85,192
1129059000,여,90,89
1129059000,여,95,24
1129059000,여,100,4
1129060000,남,0,65
1129060000,남,5,100
1129060000,남,10,116
1129060000,남,15,292
1129060000,남,20,1444
1129060000,남,25,1490
1129060000,남,30,766
1129060000,남,35,395
1129060000,남,40,367
1129060000,남,45,326
1129060000,남,50,471
1129060000,남,55,452
1129060000,남,60,414
1129060000,남,65,307
1129060000,남,70,227
1129060000,남,75,162
1129060000,남,80,138
1129060000,남,85,58
1129060000,남,90,21
1129060000,남,95,3
1129060000,남,100,0
1129060000,여,0,69
1129060000,여,5,100
1129060000,여,10,106
1129060000,여,15,276
1129060000,여,20,1506
1129060000,여,25,1182
1129060000,여,30,535
1129060000,여,35,329
1129060000,여,40,320
1129060000,여,45,349
1129060000,여,50,449
1129060000,여,55,482
1129060000,여,60,381
1129060000,여,65,374
1129060000,여,70,266
1129060000,여,75,259
1129060000,여,80,205
1129060000,여,85,127
1129060000,여,90,44
1129060000,여,95,12
1129060000,여,100,2
1129061000,남,0,202
1129061000,남,5,264
1129061000,남,10,225
1129061000,남,15,240
1129061000,남,20,501
1129061000,남,25,693
1129061000,남,30,750
1129061000,남,35,631
1129061000,남,40,668
1129061000,남,45,527
1129061000,남,50,675
1129061000,남,55,631
1129061000,남,60,531
1129061000,남,65,450
1129061000,남,70,276
1129061000,남,75,206
1129061000,남,80,150
1129061000,남,85,68
1129061000,남,90,21
1129061000,남,95,3
1129061000,남,100,0
1129061000,여,0,212
1129061000,여,5,239
1129061000,여,10,237
1129061000,여,15,276
1129061000,여,20,615
1129061000,여,25,808
1129061000,여,30,733
1129061000,여,35,645
1129061000,여,40,550
1129061000,여,45,555
1129061000,여,50,712
1129061000,여,55,672
1129061000,여,60,619
1129061000,여,65,489
1129061000,여,70,351
1129061000,여,75,313
1129061000,여,80,214
1129061000,여,85,123
1129061000,여,90,42
1129061000,여,95,13
1129061000,여,100,2
1129062000,남,0,270
1129062000,남,5,344
1129062000,남,10,408
1129062000,남,15,407
1129062000,남,20,519
1129062000,남,25,533
1129062000,남,30,565
1129062000,남,35,573
1129062000,남,40,722
1129062000,남,45,661
1129062000,남,50,817
1129062000,남,55,621
1129062000,남,60,595
1129062000,남,65,490
1129062000,남,70,354
1129062000,남,75,261
1129062000,남,80,221
1129062000,남,85,80
1129062000,남,90,32
1129062000,남,95,3
1129062000,남,100,0
1129062000,여,0,229
1129062000,여,5,328
1129062000,여,10,390
1129062000,여,15,400
1129062000,여,20,619
1129062000,여,25,503
1129062000,여,30,538
1129062000,여,35,629
1129062000,여,40,730
1129062000,여,45,704
1129062000,여,50,861
1129062000,여,55,645
1129062000,여,60,671
1129062000,여,65,588
1129062000,여,70,449
1129062000,여,75,388
1129062000,여,80,313
1129062000,여,85,170
1129062000,여,90,54
1129062000,여,95,10
1129062000,여,100,0
1129063000,남,0,245
1129063000,남,5,348
1129063000,남,10,349
1129063000,남,15,462
1129063000,남,20,688
1129063000,남,25,763
1129063000,남,30,743
1129063000,남,35,717
1129063000,남,40,800
1129063000,남,45,746
1129063000,남,50,978
1129063000,남,55,860
1129063000,남,60,861
1129063000,남,65,773
1129063000,남,70,522
1129063000,남,75,389
1129063000,남,80,274
1129063000,남,85,131
1129063000,남,90,34
1129063000,남,95,7
1129063000,남,100,1
1129063000,여,0,266
1129063000,여,5,315
1129063000,여,10,348
1129063000,여,15,405
1129063000,여,20,710
1129063000,여,25,798
1129063000,여,30,767
1129063000,여,35,721
1129063000,여,40,753
1129063000,여,45,766
1129063000,여,50,1075
1129063000,여,55,928
1129063000,여,60,952
1129063000,여,65,913
1129063000,여,70,632
1129063000,여,75,492
1129063000,여,80,451
1129063000,여,85,221
1129063000,여,90,64
1129063000,여,95,28
1129063000,여,100,0
1129064000,남,0,99
1129064000,남,5,118
1129064000,남,10,168
1129064000,남,15,333
1129064000,남,20,1032
1129064000,남,25,862
1129064000,남,30,646
1129064000,남,35,354
1129064000,남,40,412
1129064000,남,45,349
1129064000,남,50,532
1129064000,남,55,552
1129064000,남,60,498
1129064000,남,65,479
1129064000,남,70,352
1129064000,남,75,291
1129064000,남,80,201
1129064000,남,85,98
1129064000,남,90,18
1129064000,남,95,6
1129064000,남,100,0
1129064000,여,0,89
1129064000,여,5,106
1129064000,여,10,151
1129064000,여,15,277
1129064000,여,20,941
1129064000,여,25,609
1129064000,여,30,431
1129064000,여,35,341
1129064000,여,40,355
1129064000,여,45,381
1129064000,여,50,577
1129064000,여,55,586
1129064000,여,60,583
1129064000,여,65,671
1129064000,여,70,421
1129064000,여,75,384
1129064000,여,80,354
1129064000,여,85,179
1129064000,여,90,67
1129064000,여,95,21
1129064000,여,100,2
1129065000,남,0,264
1129065000,남,5,333
1129065000,남,10,444
1129065000,남,15,561
1129065000,남,20,740
1129065000,남,25,777
1129065000,남,30,749
1129065000,남,35,676
1129065000,남,40,850
1129065000,남,45,835
1129065000,남,50,1116
1129065000,남,55,967
1129065000,남,60,885
1129065000,남,65,784
1129065000,남,70,550
1129065000,남,75,428
1129065000,남,80,326
1129065000,남,85,134
1129065000,남,90,28
1129065000,남,95,7
1129065000,남,100,0
1129065000,여,0,256
1129065000,여,5,311
1129065000,여,10,427
1129065000,여,15,470
1129065000,여,20,803
1129065000,여,25,757
1129065000,여,30,748
1129065000,여,35,708
1129065000,여,40,875
1129065000,여,45,896
1129065000,여,50,1171
1129065000,여,55,1012
1129065000,여,60,1049
1129065000,여,65,943
1129065000,여,70,708
1129065000,여,75,572
1129065000,여,80,465
1129065000,여,85,232
1129065000,여,90,82
1129065000,여,95,27
1129065000,여,100,4
1129066000,남,0,481
1129066000,남,5,969
1129066000,남,10,1350
1129066000,남,15,1143
1129066000,남,20,959
1129066000,남,25,721
1129066000,남,30,744
1129066000,남,35,942
1129066000,남,40,1586
1129066000,남,45,1718
1129066000,남,50,1940
1129066000,남,55,1206
1129066000,남,60,842
1129066000,남,65,765
1129066000,남,70,456
1129066000,남,75,413
1129066000,남,80,328
1129066000,남,85,119
1129066000,남,90,30
1129066000,남,95,3
1129066000,남,100,0
1129066000,여,0,488
1129066000,여,5,903
1129066000,여,10,1361
1129066000,여,15,1205
1129066000,여,20,1043
1129066000,여,25,811
1129066000,여,30,889
1129066000,여,35,1171
1129066000,여,40,1895
1129066000,여,45,1967
1129066000,여,50,1813
1129066000,여,55,1089
1129066000,여,60,1052
1129066000,여,65,937
1129066000,여,70,654
1129066000,여,75,593
1129066000,여,80,431
1129066000,여,85,232
1129066000,여,90,84
1129066000,여,95,19
1129066000,여,100,3
1129068500,남,0,391
1129068500,남,5,612
1129068500,남,10,557
1129068500,남,15,510
1129068500,남,20,597
1129068500,남,25,561
1129068500,남,30,541
1129068500,남,35,725
1129068500,남,40,956
1129068500,남,45,842
1129068500,남,50,1024
1129068500,남,55,775
1129068500,남,60,684
1129068500,남,65,551
1129068500,남,70,401
1129068500,남,75,231
1129068500,남,80,164
1129068500,남,85,78
1129068500,남,90,18
1129068500,남,95,4
1129068500,남,100,1
1129068500,여,0,369
1129068500,여,5,579
1129068500,여,10,480
1129068500,여,15,516
1129068500,여,20,631
1129068500,여,25,626
1129068500,여,30,687
1129068500,여,35,813
1129068500,여,40,1038
1129068500,여,45,985
1129068500,여,50,1060
1129068500,여,55,804
1129068500,여,60,729
1129068500,여,65,650
1129068500,여,70,424
1129068500,여,75,339
1129068500,여,80,250
1129068500,여,85,126
1129068500,여,90,47
1129068500,여,95,14
1129068500,여,100,1
1129070500,남,0,388
1129070500,남,5,615
1129070500,남,10,881
1129070500,남,15,923
1129070500,남,20,1314
1129070500,남,25,1455
1129070500,남,30,1279
1129070500,남,35,1097
1129070500,남,40,1339
1129070500,남,45,1373
1129070500,남,50,1689
1129070500,남,55,1491
1129070500,남,60,1359
1129070500,남,65,1150
1129070500,남,70,704
1129070500,남,75,570
1129070500,남,80,435
1129070500,남,85,222
1129070500,남,90,61
1129070500,남,95,14
1129070500,남,100,5
1129070500,여,0,401
1129070500,여,5,569
1129070500,여,10,710
1129070500,여,15,825
1129070500,여,20,1229
1129070500,여,25,1317
1129070500,여,30,1066
1129070500,여,35,1057
1129070500,여,40,1422
1129070500,여,45,1436
1129070500,여,50,1711
1129070500,여,55,1479
1129070500,여,60,1415
1129070500,여,65,1287
1129070500,여,70,902
1129070500,여,75,821
1129070500,여,80,634
1129070500,여,85,422
1129070500,여,90,152
1129070500,여,95,43
1129070500,여,100,5
1129071500,남,0,318
1129071500,남,5,474
1129071500,남,10,564
1129071500,남,15,600
1129071500,남,20,624
1129071500,남,25,640
1129071500,남,30,743
1129071500,남,35,832
1129071500,남,40,971
1129071500,남,45,991
1129071500,남,50,1181
1129071500,남,55,1002
1129071500,남,60,889
1129071500,남,65,884
1129071500,남,70,534
1129071500,남,75,428
1129071500,남,80,332
1129071500,남,85,141
1129071500,남,90,31
1129071500,남,95,2
1129071500,남,100,0
1129071500,여,0,315
1129071500,여,5,468
1129071500,여,10,571
1129071500,여,15,635
1129071500,여,20,712
1129071500,여,25,721
1129071500,여,30,805
1129071500,여,35,786
1129071500,여,40,1017
1129071500,여,45,1029
1129071500,여,50,1176
1129071500,여,55,974
1129071500,여,60,1023
1129071500,여,65,929
1129071500,여,70,706
1129071500,여,75,573
1129071500,여,80,406
1129071500,여,85,214
1129071500,여,90,61
1129071500,여,95,21
1129071500,여,100,6
1129072500,남,0,185
1129072500,남,5,213
1129072500,남,10,325
1129072500,남,15,371
1129072500,남,20,465
1129072500,남,25,865
1129072500,남,30,760
1129072500,남,35,587
1129072500,남,40,604
1129072500,남,45,600
1129072500,남,50,762
1129072500,남,55,733
1129072500,남,60,698
1129072500,남,65,594
1129072500,남,70,447
1129072500,남,75,310
1129072500,남,80,244
1129072500,남,85,122
1129072500,남,90,25
1129072500,남,95,3
1129072500,남,100,0
1129072500,여,0,149
1129072500,여,5,195
1129072500,여,10,240
1129072500,여,15,383
1129072500,여,20,1128
1129072500,여,25,961
1129072500,여,30,681
1129072500,여,35,539
1129072500,여,40,587
1129072500,여,45,613
1129072500,여,50,760
1129072500,여,55,683
1129072500,여,60,745
1129072500,여,65,688
1129072500,여,70,482
1129072500,여,75,421
1129072500,여,80,331
1129072500,여,85,174
1129072500,여,90,76
1129072500,여,95,20
1129072500,여,100,1
1129076000,남,0,248
1129076000,남,5,440
1129076000,남,10,413
1129076000,남,15,455
1129076000,남,20,654
1129076000,남,25,796
1129076000,남,30,852
1129076000,남,35,765
1129076000,남,40,910
1129076000,남,45,869
1129076000,남,50,930
1129076000,남,55,1009
1129076000,남,60,987
1129076000,남,65,775
1129076000,남,70,500
1129076000,남,75,319
1129076000,남,80,244
1129076000,남,85,108
1129076000,남,90,20
1129076000,남,95,3
1129076000,남,100,0
1129076000,여,0,259
1129076000,여,5,465
1129076000,여,10,421
1129076000,여,15,442
1129076000,여,20,632
1129076000,여,25,841
1129076000,여,30,804
1129076000,여,35,700
1129076000,여,40,843
1129076000,여,45,820
1129076000,여,50,1068
1129076000,여,55,1101
1129076000,여,60,1038
1129076000,여,65,850
1129076000,여,70,582
1129076000,여,75,454
1129076000,여,80,375
1129076000,여,85,176
1129076000,여,90,62
1129076000,여,95,10
1129076000,여,100,2
1129077000,남,0,110
1129077000,남,5,138
1129077000,남,10,170
1129077000,남,15,195
1129077000,남,20,323
1129077000,남,25,501
1129077000,남,30,550
1129077000,남,35,386
1129077000,남,40,440
1129077000,남,45,416
1129077000,남,50,584
1129077000,남,55,543
1129077000,남,60,542
1129077000,남,65,467
1129077000,남,70,405
1129077000,남,75,251
1129077000,남,80,208
1129077000,남,85,82
1129077000,남,90,16
1129077000,남,95,4
1129077000,남,100,0
1129077000,여,0,91
1129077000,여,5,111
1129077000,여,10,183
1129077000,여,15,182
1129077000,여,20,346
1129077000,여,25,534
1129077000,여,30,490
1129077000,여,35,362
1129077000,여,40,378
1129077000,여,45,352
1129077000,여,50,522
1129077000,여,55,561
1129077000,여,60,596
1129077000,여,65,599
1129077000,여,70,434
1129077000,여,75,392
1129077000,여,80,269
1129077000,여,85,139
1129077000,여,90,58
1129077000,여,95,6
1129077000,여,100,2
1129078000,남,0,298
1129078000,남,5,435
1129078000,남,10,325
1129078000,남,15,299
1129078000,남,20,465
1129078000,남,25,457
1129078000,남,30,524
1129078000,남,35,556
1129078000,남,40,753
1129078000,남,45,572
1129078000,남,50,643
1129078000,남,55,621
1129078000,남,60,520
1129078000,남,65,445
1129078000,남,70,265
1129078000,남,75,185
1129078000,남,80,142
1129078000,남,85,53
1129078000,남,90,10
1129078000,남,95,2
1129078000,남,100,0
1129078000,여,0,269
1129078000,여,5,419
1129078000,여,10,358
1129078000,여,15,280
1129078000,여,20,498
1129078000,여,25,489
1129078000,여,30,499
1129078000,여,35,640
1129078000,여,40,757
1129078000,여,45,516
1129078000,여,50,688
1129078000,여,55,624
1129078000,여,60,532
1129078000,여,65,499
1129078000,여,70,299
1129078000,여,75,243
1129078000,여,80,158
1129078000,여,85,82
1129078000,여,90,34
1129078000,여,95,10
1129078000,여,100,1
1129081000,남,0,374
1129081000,남,5,451
1129081000,남,10,471
1129081000,남,15,565
1129081000,남,20,848
1129081000,남,25,1291
1129081000,남,30,1360
1129081000,남,35,1056
1129081000,남,40,1234
1129081000,남,45,1076
1129081000,남,50,1455
1129081000,남,55,1392
1129081000,남,60,1434
1129081000,남,65,1266
1129081000,남,70,855
1129081000,남,75,670
1129081000,남,80,497
1129081000,남,85,208
1129081000,남,90,40
1129081000,남,95,8
1129081000,남,100,3
1129081000,여,0,310
1129081000,여,5,429
1129081000,여,10,457
1129081000,여,15,469
1129081000,여,20,1078
1129081000,여,25,1309
1129081000,여,30,1218
1129081000,여,35,1008
1129081000,여,40,1100
1129081000,여,45,1039
1129081000,여,50,1421
1129081000,여,55,1386
1129081000,여,60,1504
1129081000,여,65,1374
1129081000,여,70,1014
1129081000,여,75,868
1129081000,여,80,655
1129081000,여,85,304
1129081000,여,90,96
1129081000,여,95,18
1129081000,여,100,6
1130553400,남,0,187
1130553400,남,5,284
1130553400,남,10,345
1130553400,남,15,459
1130553400,남,20,643
1130553400,남,25,768
1130553400,남,30,737
1130553400,남,35,628
1130553400,남,40,838
1130553400,남,45,713
1130553400,남,50,1016
1130553400,남,55,1017
1130553400,남,60,976
1130553400,남,65,863
1130553400,남,70,568
1130553400,남,75,481
1130553400,남,80,312
1130553400,남,85,129
1130553400,남,90,19
1130553400,남,95,5
1130553400,남,100,0
1130553400,여,0,192
1130553400,여,5,246
1130553400,여,10,323
1130553400,여,15,416
1130553400,여,20,602
1130553400,여,25,684
1130553400,여,30,665
1130553400,여,35,572
1130553400,여,40,680
1130553400,여,45,748
1130553400,여,50,1045
1130553400,여,55,1069
1130553400,여,60,1020
1130553400,여,65,936
1130553400,여,70,712
1130553400,여,75,557
1130553400,여,80,445
1130553400,여,85,220
1130553400,여,90,58
1130553400,여,95,24
1130553400,여,100,2
1130553500,남,0,95
1130553500,남,5,175
1130553500,남,10,283
1130553500,남,15,301
1130553500,남,20,570
1130553500,남,25,886
1130553500,남,30,837
1130553500,남,35,618
1130553500,남,40,654
1130553500,남,45,648
1130553500,남,50,854
1130553500,남,55,886
1130553500,남,60,900
1130553500,남,65,802
1130553500,남,70,535
1130553500,남,75,379
1130553500,남,80,304
1130553500,남,85,130
1130553500,남,90,28
1130553500,남,95,4
1130553500,남,100,0
1130553500,여,0,96
1130553500,여,5,149
1130553500,여,10,200
1130553500,여,15,326
1130553500,여,20,979
1130553500,여,25,1021
1130553500,여,30,739
1130553500,여,35,463
1130553500,여,40,628
1130553500,여,45,623
1130553500,여,50,864
1130553500,여,55,907
1130553500,여,60,1017
1130553500,여,65,864
1130553500,여,70,630
1130553500,여,75,550
1130553500,여,80,439
1130553500,여,85,236
1130553500,여,90,66
1130553500,여,95,17
1130553500,여,100,2
1130554500,남,0,269
1130554500,남,5,329
1130554500,남,10,410
1130554500,남,15,446
1130554500,남,20,764
1130554500,남,25,1007
1130554500,남,30,1012
1130554500,남,35,861
1130554500,남,40,1036
1130554500,남,45,982
1130554500,남,50,1254
1130554500,남,55,1124
1130554500,남,60,1170
1130554500,남,65,1041
1130554500,남,70,719
1130554500,남,75,527
1130554500,남,80,396
1130554500,남,85,161
1130554500,남,90,41
1130554500,남,95,6
1130554500,남,100,1
1130554500,여,0,265
1130554500,여,5,349
1130554500,여,10,440
1130554500,여,15,474
1130554500,여,20,858
1130554500,여,25,1034
1130554500,여,30,951
1130554500,여,35,851
1130554500,여,40,963
1130554500,여,45,954
1130554500,여,50,1273
1130554500,여,55,1259
1130554500,여,60,1342
1130554500,여,65,1211
1130554500,여,70,893
1130554500,여,75,700
1130554500,여,80,523
1130554500,여,85,230
1130554500,여,90,73
1130554500,여,95,23
1130554500,여,100,0
1130555500,남,0,136
1130555500,남,5,204
1130555500,남,10,281
1130555500,남,15,369
1130555500,남,20,580
1130555500,남,25,855
1130555500,남,30,835
1130555500,남,35,731
1130555500,남,40,781
1130555500,남,45,816
1130555500,남,50,1089
1130555500,남,55,1177
1130555500,남,60,1264
1130555500,남,65,1102
1130555500,남,70,710
1130555500,남,75,549
1130555500,남,80,380
1130555500,남,85,166
1130555500,남,90,40
1130555500,남,95,6
1130555500,남,100,3
1130555500,여,0,142
1130555500,여,5,202
1130555500,여,10,288
1130555500,여,15,354
1130555500,여,20,619
1130555500,여,25,794
1130555500,여,30,735
1130555500,여,35,579
1130555500,여,40,693
1130555500,여,45,736
1130555500,여,50,1038
1130555500,여,55,1183
1130555500,여,60,1240
1130555500,여,65,1136
1130555500,여,70,820
1130555500,여,75,780
1130555500,여,80,530
1130555500,여,85,281
1130555500,여,90,80
1130555500,여,95,21
1130555500,여,100,4
1130557500,남,0,406
1130557500,남,5,715
1130557500,남,10,979
1130557500,남,15,914
1130557500,남,20,906
1130557500,남,25,703
1130557500,남,30,669
1130557500,남,35,827
1130557500,남,40,1228
1130557500,남,45,1348
1130557500,남,50,1623
1130557500,남,55,1201
1130557500,남,60,916
1130557500,남,65,786
1130557500,남,70,537
1130557500,남,75,374
1130557500,남,80,287
1130557500,남,85,113
1130557500,남,90,23
1130557500,남,95,4
1130557500,남,100,0
1130557500,여,0,361
1130557500,여,5,654
1130557500,여,10,925
1130557500,여,15,913
1130557500,여,20,857
1130557500,여,25,776
1130557500,여,30,706
1130557500,여,35,930
1130557500,여,40,1372
1130557500,여,45,1461
1130557500,여,50,1681
1130557500,여,55,1174
1130557500,여,60,1054
1130557500,여,65,917
1130557500,여,70,672
1130557500,여,75,578
1130557500,여,80,426
1130557500,여,85,236
1130557500,여,90,81
1130557500,여,95,19
1130557500,여,100,1
1130559500,남,0,88
1130559500,남,5,139
1130559500,남,10,167
1130559500,남,15,227
1130559500,남,20,462
1130559500,남,25,773
1130559500,남,30,766
1130559500,남,35,516
1130559500,남,40,681
1130559500,남,45,605
1130559500,남,50,745
1130559500,남,55,701
1130559500,남,60,669
1130559500,남,65,534
1130559500,남,70,376
1130559500,남,75,333
1130559500,남,80,229
1130559500,남,85,104
1130559500,남,90,14
1130559500,남,95,2
1130559500,남,100,1
1130559500,여,0,88
1130559500,여,5,124
1130559500,여,10,173
1130559500,여,15,255
1130559500,여,20,645
1130559500,여,25,808
1130559500,여,30,667
1130559500,여,35,457
1130559500,여,40,530
1130559500,여,45,509
1130559500,여,50,657
1130559500,여,55,657
1130559500,여,60,669
1130559500,여,65,612
1130559500,여,70,466
1130559500,여,75,440
1130559500,여,80,292
1130559500,여,85,139
1130559500,여,90,46
1130559500,여,95,19
1130559500,여,100,3
1130560300,남,0,92
1130560300,남,5,149
1130560300,남,10,193
1130560300,남,15,235
1130560300,남,20,369
1130560300,남,25,526
1130560300,남,30,491
1130560300,남,35,349
1130560300,남,40,491
1130560300,남,45,512
1130560300,남,50,604
1130560300,남,55,614
1130560300,남,60,661
1130560300,남,65,627
1130560300,남,70,397
1130560300,남,75,361
1130560300,남,80,262
1130560300,남,85,97
1130560300,남,90,22
1130560300,남,95,2
1130560300,남,100,0
1130560300,여,0,85
1130560300,여,5,134
1130560300,여,10,181
1130560300,여,15,193
1130560300,여,20,351
1130560300,여,25,505
1130560300,여,30,455
1130560300,여,35,295
1130560300,여,40,411
1130560300,여,45,475
1130560300,여,50,653
1130560300,여,55,626
1130560300,여,60,740
1130560300,여,65,686
1130560300,여,70,612
1130560300,여,75,588
1130560300,여,80,434
1130560300,여,85,185
1130560300,여,90,62
1130560300,여,95,12
1130560300,여,100,3
1130560800,남,0,124
1130560800,남,5,191
1130560800,남,10,292
1130560800,남,15,272
1130560800,남,20,379
1130560800,남,25,433
1130560800,남,30,456
1130560800,남,35,356
1130560800,남,40,495
1130560800,남,45,508
1130560800,남,50,734
1130560800,남,55,623
1130560800,남,60,648
1130560800,남,65,613
1130560800,남,70,442
1130560800,남,75,428
1130560800,남,80,355
1130560800,남,85,115
1130560800,남,90,23
1130560800,남,95,2
1130560800,남,100,2
1130560800,여,0,133
1130560800,여,5,176
1130560800,여,10,256
1130560800,여,15,288
1130560800,여,20,388
1130560800,여,25,416
1130560800,여,30,449
1130560800,여,35,341
1130560800,여,40,472
1130560800,여,45,539
1130560800,여,50,719
1130560800,여,55,677
1130560800,여,60,741
1130560800,여,65,719
1130560800,여,70,716
1130560800,여,75,792
1130560800,여,80,542
1130560800,여,85,208
1130560800,여,90,68
1130560800,여,95,22
1130560800,여,100,0
1130561500,남,0,124
1130561500,남,5,213
1130561500,남,10,274
1130561500,남,15,323
1130561500,남,20,477
1130561500,남,25,744
1130561500,남,30,836
1130561500,남,35,591
1130561500,남,40,708
1130561500,남,45,672
1130561500,남,50,810
1130561500,남,55,856
1130561500,남,60,886
1130561500,남,65,762
1130561500,남,70,500
1130561500,남,75,410
1130561500,남,80,256
1130561500,남,85,144
1130561500,남,90,39
1130561500,남,95,11
1130561500,남,100,0
1130561500,여,0,129
1130561500,여,5,206
1130561500,여,10,270
1130561500,여,15,350
1130561500,여,20,629
1130561500,여,25,834
1130561500,여,30,699
1130561500,여,35,500
1130561500,여,40,599
1130561500,여,45,599
1130561500,여,50,754
1130561500,여,55,846
1130561500,여,60,958
1130561500,여,65,872
1130561500,여,70,636
1130561500,여,75,499
1130561500,여,80,416
1130561500,여,85,199
1130561500,여,90,75
1130561500,여,95,17
1130561500,여,100,0
1130562500,남,0,159
1130562500,남,5,262
1130562500,남,10,290
1130562500,남,15,335
1130562500,남,20,489
1130562500,남,25,625
1130562500,남,30,701
1130562500,남,35,543
1130562500,남,40,710
1130562500,남,45,678
1130562500,남,50,857
1130562500,남,55,832
1130562500,남,60,866
1130562500,남,65,799
1130562500,남,70,554
1130562500,남,75,431
1130562500,남,80,334
1130562500,남,85,155
1130562500,남,90,33
1130562500,남,95,7
1130562500,남,100,2
1130562500,여,0,143
1130562500,여,5,223
1130562500,여,10,260
1130562500,여,15,316
1130562500,여,20,630
1130562500,여,25,697
1130562500,여,30,599
1130562500,여,35,495
1130562500,여,40,580
1130562500,여,45,669
1130562500,여,50,913
1130562500,여,55,951
1130562500,여,60,1055
1130562500,여,65,937
1130562500,여,70,679
1130562500,여,75,600
1130562500,여,80,534
1130562500,여,85,271
1130562500,여,90,91
1130562500,여,95,30
1130562500,여,100,0
1130563500,남,0,106
1130563500,남,5,171
1130563500,남,10,203
1130563500,남,15,274
1130563500,남,20,663
1130563500,남,25,1180
1130563500,남,30,1060
1130563500,남,35,773
1130563500,남,40,811
1130563500,남,45,750
1130563500,남,50,994
1130563500,남,55,988
1130563500,남,60,979
1130563500,남,65,821
1130563500,남,70,505
1130563500,남,75,426
1130563500,남,80,329
1130563500,남,85,139
1130563500,남,90,29
1130563500,남,95,7
1130563500,남,100,0
1130563500,여,0,104
1130563500,여,5,152
1130563500,여,10,210
1130563500,여,15,306
1130563500,여,20,1069
1130563500,여,25,1223
1130563500,여,30,931
1130563500,여,35,591
1130563500,여,40,637
1130563500,여,45,645
1130563500,여,50,947
1130563500,여,55,960
1130563500,여,60,989
1130563500,여,65,922
1130563500,여,70,677
1130563500,여,75,553
1130563500,여,80,450
1130563500,여,85,230
1130563500,여,90,62
1130563500,여,95,14
1130563500,여,100,2
1130564500,남,0,149
1130564500,남,5,250
1130564500,남,10,318
1130564500,남,15,312
1130564500,남,20,427
1130564500,남,25,599
1130564500,남,30,664
1130564500,남,35,551
1130564500,남,40,684
1130564500,남,45,649
1130564500,남,50,881
1130564500,남,55,833
1130564500,남,60,827
1130564500,남,65,759
1130564500,남,70,526
1130564500,남,75,427
1130564500,남,80,336
1130564500,남,85,166
1130564500,남,90,35
1130564500,남,95,13
1130564500,남,100,2
1130564500,여,0,168
1130564500,여,5,220
1130564500,여,10,273
1130564500,여,15,325
1130564500,여,20,608
1130564500,여,25,637
1130564500,여,30,633
1130564500,여,35,511
1130564500,여,40,576
1130564500,여,45,638
1130564500,여,50,886
1130564500,여,55,947
1130564500,여,60,940
1130564500,여,65,908
1130564500,여,70,658
1130564500,여,75,592
1130564500,여,80,494
1130564500,여,85,253
1130564500,여,90,87
1130564500,여,95,24
1130564500,여,100,3
1130566000,남,0,193
1130566000,남,5,333
1130566000,남,10,489
1130566000,남,15,489
1130566000,남,20,632
1130566000,남,25,984
1130566000,남,30,966
1130566000,남,35,818
1130566000,남,40,1009
1130566000,남,45,939
1130566000,남,50,1230
1130566000,남,55,1178
1130566000,남,60,1254
1130566000,남,65,1154
1130566000,남,70,779
1130566000,남,75,635
1130566000,남,80,460
1130566000,남,85,208
1130566000,남,90,52
1130566000,남,95,8
1130566000,남,100,2
1130566000,여,0,186
1130566000,여,5,349
1130566000,여,10,439
1130566000,여,15,478
1130566000,여,20,740
1130566000,여,25,972
1130566000,여,30,901
1130566000,여,35,730
1130566000,여,40,878
1130566000,여,45,919
1130566000,여,50,1229
1130566000,여,55,1338
1130566000,여,60,1455
1130566000,여,65,1343
1130566000,여,70,982
1130566000,여,75,850
1130566000,여,80,654
1130566000,여,85,348
1130566000,여,90,119
1130566000,여,95,30
1130566000,여,100,4
1132051100,남,0,212
1132051100,남,5,353
1132051100,남,10,479
1132051100,남,15,487
1132051100,남,20,639
1132051100,남,25,815
1132051100,남,30,812
1132051100,남,35,746
1132051100,남,40,859
1132051100,남,45,853
1132051100,남,50,1106
1132051100,남,55,905
1132051100,남,60,885
1132051100,남,65,814
1132051100,남,70,555
1132051100,남,75,375
1132051100,남,80,319
1132051100,남,85,133
1132051100,남,90,36
1132051100,남,95,9
1132051100,남,100,1
1132051100,여,0,224
1132051100,여,5,308
1132051100,여,10,447
1132051100,여,15,474
1132051100,여,20,653
1132051100,여,25,817
1132051100,여,30,787
1132051100,여,35,761
1132051100,여,40,891
1132051100,여,45,894
1132051100,여,50,1175
1132051100,여,55,1063
1132051100,여,60,1026
1132051100,여,65,1021
1132051100,여,70,584
1132051100,여,75,578
1132051100,여,80,438
1132051100,여,85,259
1132051100,여,90,84
1132051100,여,95,23
1132051100,여,100,4
1132051200,남,0,260
1132051200,남,5,392
1132051200,남,10,480
1132051200,남,15,517
1132051200,남,20,775
1132051200,남,25,973
1132051200,남,30,1077
1132051200,남,35,861
1132051200,남,40,1019
1132051200,남,45,977
1132051200,남,50,1182
1132051200,남,55,1134
1132051200,남,60,1207
1132051200,남,65,930
1132051200,남,70,663
1132051200,남,75,501
1132051200,남,80,341
1132051200,남,85,179
1132051200,남,90,26
1132051200,남,95,5
1132051200,남,100,0
1132051200,여,0,253
1132051200,여,5,379
1132051200,여,10,438
1132051200,여,15,511
1132051200,여,20,729
1132051200,여,25,1084
1132051200,여,30,969
1132051200,여,35,861
1132051200,여,40,956
1132051200,여,45,1001
1132051200,여,50,1256
1132051200,여,55,1333
1132051200,여,60,1249
1132051200,여,65,1111
1132051200,여,70,785
1132051200,여,75,600
1132051200,여,80,493
1132051200,여,85,237
1132051200,여,90,96
1132051200,여,95,19
1132051200,여,100,3
1132051300,남,0,79
1132051300,남,5,167
1132051300,남,10,215
1132051300,남,15,251
1132051300,남,20,340
1132051300,남,25,432
1132051300,남,30,405
1132051300,남,35,387
1132051300,남,40,461
1132051300,남,45,518
1132051300,남,50,592
1132051300,남,55,610
1132051300,남,60,595
1132051300,남,65,526
1132051300,남,70,342
1132051300,남,75,266
1132051300,남,80,210
1132051300,남,85,74
1132051300,남,90,13
1132051300,남,95,1
1132051300,남,100,0
1132051300,여,0,80
1132051300,여,5,151
1132051300,여,10,201
1132051300,여,15,209
1132051300,여,20,306
1132051300,여,25,393
1132051300,여,30,370
1132051300,여,35,284
1132051300,여,40,440
1132051300,여,45,430
1132051300,여,50,596
1132051300,여,55,621
1132051300,여,60,677
1132051300,여,65,555
1132051300,여,70,406
1132051300,여,75,343
1132051300,여,80,309
1132051300,여,85,130
1132051300,여,90,42
1132051300,여,95,3
1132051300,여,100,4
1132051400,남,0,294
1132051400,남,5,420
1132051400,남,10,516
1132051400,남,15,632
1132051400,남,20,759
1132051400,남,25,889
1132051400,남,30,938
1132051400,남,35,775
1132051400,남,40,947
1132051400,남,45,888
1132051400,남,50,1145
1132051400,남,55,1077
1132051400,남,60,1052
1132051400,남,65,903
1132051400,남,70,490
1132051400,남,75,406
1132051400,남,80,254
1132051400,남,85,136
1132051400,남,90,44
1132051400,남,95,10
1132051400,남,100,2
1132051400,여,0,267
1132051400,여,5,390
1132051400,여,10,502
1132051400,여,15,607
1132051400,여,20,892
1132051400,여,25,975
1132051400,여,30,966
1132051400,여,35,790
1132051400,여,40,1003
1132051400,여,45,980
1132051400,여,50,1328
1132051400,여,55,1220
1132051400,여,60,1152
1132051400,여,65,978
1132051400,여,70,583
1132051400,여,75,442
1132051400,여,80,371
1132051400,여,85,244
1132051400,여,90,108
1132051400,여,95,19
1132051400,여,100,1
1132051500,남,0,258
1132051500,남,5,319
1132051500,남,10,406
1132051500,남,15,460
1132051500,남,20,648
1132051500,남,25,856
1132051500,남,30,890
1132051500,남,35,800
1132051500,남,40,834
1132051500,남,45,672
1132051500,남,50,955
1132051500,남,55,956
1132051500,남,60,991
1132051500,남,65,872
1132051500,남,70,574
1132051500,남,75,379
1132051500,남,80,274
1132051500,남,85,135
1132051500,남,90,37
1132051500,남,95,5
1132051500,남,100,4
1132051500,여,0,229
1132051500,여,5,309
1132051500,여,10,400
1132051500,여,15,446
1132051500,여,20,707
1132051500,여,25,889
1132051500,여,30,954
1132051500,여,35,767
1132051500,여,40,792
1132051500,여,45,800
1132051500,여,50,1129
1132051500,여,55,1167
1132051500,여,60,1122
1132051500,여,65,967
1132051500,여,70,604
1132051500,여,75,469
1132051500,여,80,379
1132051500,여,85,227
1132051500,여,90,79
1132051500,여,95,25
1132051500,여,100,4
1132052100,남,0,99
1132052100,남,5,178
1132052100,남,10,229
1132052100,남,15,261
1132052100,남,20,426
1132052100,남,25,610
1132052100,남,30,644
1132052100,남,35,468
1132052100,남,40,667
1132052100,남,45,638
1132052100,남,50,906
1132052100,남,55,875
1132052100,남,60,983
1132052100,남,65,970
1132052100,남,70,690
1132052100,남,75,598
1132052100,남,80,431
1132052100,남,85,155
1132052100,남,90,35
1132052100,남,95,8
1132052100,남,100,2
1132052100,여,0,123
1132052100,여,5,177
1132052100,여,10,239
1132052100,여,15,215
1132052100,여,20,388
1132052100,여,25,591
1132052100,여,30,505
1132052100,여,35,411
1132052100,여,40,542
1132052100,여,45,565
1132052100,여,50,818
1132052100,여,55,873
1132052100,여,60,1017
1132052100,여,65,1004
1132052100,여,70,831
1132052100,여,75,702
1132052100,여,80,511
1132052100,여,85,273
1132052100,여,90,100
1132052100,여,95,18
1132052100,여,100,4
1132052200,남,0,344
1132052200,남,5,377
1132052200,남,10,322
1132052200,남,15,390
1132052200,남,20,550
1132052200,남,25,800
1132052200,남,30,920
1132052200,남,35,789
1132052200,남,40,992
1132052200,남,45,796
1132052200,남,50,986
1132052200,남,55,1026
1132052200,남,60,1202
1132052200,남,65,1121
1132052200,남,70,861
1132052200,남,75,626
1132052200,남,80,428
1132052200,남,85,192
1132052200,남,90,48
1132052200,남,95,5
1132052200,남,100,1
1132052200,여,0,282
1132052200,여,5,371
1132052200,여,10,315
1132052200,여,15,365
1132052200,여,20,518
1132052200,여,25,768
1132052200,여,30,860
1132052200,여,35,790
1132052200,여,40,847
1132052200,여,45,763
1132052200,여,50,1020
1132052200,여,55,1137
1132052200,여,60,1229
1132052200,여,65,1360
1132052200,여,70,946
1132052200,여,75,752
1132052200,여,80,530
1132052200,여,85,318
1132052200,여,90,102
1132052200,여,95,41
1132052200,여,100,7
1132066000,남,0,163
1132066000,남,5,290
1132066000,남,10,306
1132066000,남,15,353
1132066000,남,20,507
1132066000,남,25,668
1132066000,남,30,660
1132066000,남,35,556
1132066000,남,40,661
1132066000,남,45,711
1132066000,남,50,921
1132066000,남,55,890
1132066000,남,60,839
1132066000,남,65,792
1132066000,남,70,516
1132066000,남,75,427
1132066000,남,80,355
1132066000,남,85,140
1132066000,남,90,32
1132066000,남,95,9
1132066000,남,100,1
1132066000,여,0,158
1132066000,여,5,232
1132066000,여,10,333
1132066000,여,15,389
1132066000,여,20,823
1132066000,여,25,741
1132066000,여,30,623
1132066000,여,35,528
1132066000,여,40,608
1132066000,여,45,690
1132066000,여,50,966
1132066000,여,55,931
1132066000,여,60,991
1132066000,여,65,916
1132066000,여,70,609
1132066000,여,75,514
1132066000,여,80,446
1132066000,여,85,236
1132066000,여,90,72
1132066000,여,95,23
1132066000,여,100,2
1132067000,남,0,159
1132067000,남,5,220
1132067000,남,10,267
1132067000,남,15,322
1132067000,남,20,465
1132067000,남,25,590
1132067000,남,30,645
1132067000,남,35,531
1132067000,남,40,658
1132067000,남,45,571
1132067000,남,50,745
1132067000,남,55,719
1132067000,남,60,711
1132067000,남,65,712
1132067000,남,70,465
1132067000,남,75,303
1132067000,남,80,219
1132067000,남,85,98
1132067000,남,90,32
1132067000,남,95,9
1132067000,남,100,0
1132067000,여,0,160
1132067000,여,5,212
1132067000,여,10,211
1132067000,여,15,289
1132067000,여,20,465
1132067000,여,25,585
1132067000,여,30,585
1132067000,여,35,485
1132067000,여,40,616
1132067000,여,45,584
1132067000,여,50,776
1132067000,여,55,888
1132067000,여,60,909
1132067000,여,65,855
1132067000,여,70,534
1132067000,여,75,468
1132067000,여,80,337
1132067000,여,85,220
1132067000,여,90,97
1132067000,여,95,20
1132067000,여,100,6
1132068000,남,0,145
1132068000,남,5,174
1132068000,남,10,192
1132068000,남,15,253
1132068000,남,20,400
1132068000,남,25,653
1132068000,남,30,669
1132068000,남,35,551
1132068000,남,40,580
1132068000,남,45,541
1132068000,남,50,678
1132068000,남,55,660
1132068000,남,60,623
1132068000,남,65,588
1132068000,남,70,395
1132068000,남,75,316
1132068000,남,80,246
1132068000,남,85,102
1132068000,남,90,17
1132068000,남,95,3
1132068000,남,100,0
1132068000,여,0,142
1132068000,여,5,174
1132068000,여,10,208
1132068000,여,15,238
1132068000,여,20,504
1132068000,여,25,731
1132068000,여,30,672
1132068000,여,35,480
1132068000,여,40,560
1132068000,여,45,509
1132068000,여,50,681
1132068000,여,55,737
1132068000,여,60,769
1132068000,여,65,680
1132068000,여,70,490
1132068000,여,75,411
1132068000,여,80,322
1132068000,여,85,157
1132068000,여,90,49
1132068000,여,95,10
1132068000,여,100,5
1132068100,남,0,185
1132068100,남,5,299
1132068100,남,10,466
1132068100,남,15,447
1132068100,남,20,490
1132068100,남,25,561
1132068100,남,30,523
1132068100,남,35,467
1132068100,남,40,627
1132068100,남,45,590
1132068100,남,50,725
1132068100,남,55,681
1132068100,남,60,743
1132068100,남,65,688
1132068100,남,70,421
1132068100,남,75,265
1132068100,남,80,155
1132068100,남,85,77
1132068100,남,90,22
1132068100,남,95,8
1132068100,남,100,0
1132068100,여,0,138
1132068100,여,5,272
1132068100,여,10,387
1132068100,여,15,468
1132068100,여,20,490
1132068100,여,25,539
1132068100,여,30,575
1132068100,여,35,549
1132068100,여,40,653
1132068100,여,45,708
1132068100,여,50,884
1132068100,여,55,865
1132068100,여,60,937
1132068100,여,65,799
1132068100,여,70,420
1132068100,여,75,269
1132068100,여,80,310
1132068100,여,85,164
1132068100,여,90,65
1132068100,여,95,14
1132068100,여,100,0
1132069000,남,0,210
1132069000,남,5,348
1132069000,남,10,468
1132069000,남,15,554
1132069000,남,20,718
1132069000,남,25,957
1132069000,남,30,862
1132069000,남,35,702
1132069000,남,40,916
1132069000,남,45,916
1132069000,남,50,1235
1132069000,남,55,1320
1132069000,남,60,1293
1132069000,남,65,1150
1132069000,남,70,697
1132069000,남,75,587
1132069000,남,80,426
1132069000,남,85,147
1132069000,남,90,37
1132069000,남,95,7
1132069000,남,100,2
1132069000,여,0,188
1132069000,여,5,339
1132069000,여,10,482
1132069000,여,15,506
1132069000,여,20,773
1132069000,여,25,930
1132069000,여,30,817
1132069000,여,35,658
1132069000,여,40,871
1132069000,여,45,934
1132069000,여,50,1253
1132069000,여,55,1247
1132069000,여,60,1315
1132069000,여,65,1191
1132069000,여,70,854
1132069000,여,75,657
1132069000,여,80,498
1132069000,여,85,250
1132069000,여,90,77
1132069000,여,95,28
1132069000,여,100,4
1132070000,남,0,115
1132070000,남,5,196
1132070000,남,10,283
1132070000,남,15,320
1132070000,남,20,494
1132070000,남,25,613
1132070000,남,30,631
1132070000,남,35,461
1132070000,남,40,595
1132070000,남,45,571
1132070000,남,50,867
1132070000,남,55,916
1132070000,남,60,891
1132070000,남,65,813
1132070000,남,70,564
1132070000,남,75,388
1132070000,남,80,316
1132070000,남,85,126
1132070000,남,90,25
1132070000,남,95,3
1132070000,남,100,1
1132070000,여,0,118
1132070000,여,5,182
1132070000,여,10,286
1132070000,여,15,296
1132070000,여,20,397
1132070000,여,25,543
1132070000,여,30,446
1132070000,여,35,417
1132070000,여,40,509
1132070000,여,45,559
1132070000,여,50,831
1132070000,여,55,906
1132070000,여,60,906
1132070000,여,65,877
1132070000,여,70,585
1132070000,여,75,500
1132070000,여,80,428
1132070000,여,85,189
1132070000,여,90,68
1132070000,여,95,16
1132070000,여,100,0
1132071000,남,0,263
1132071000,남,5,482
1132071000,남,10,719
1132071000,남,15,656
1132071000,남,20,701
1132071000,남,25,744
1132071000,남,30,763
1132071000,남,35,701
1132071000,남,40,861
1132071000,남,45,876
1132071000,남,50,1074
1132071000,남,55,962
1132071000,남,60,1117
1132071000,남,65,1086
1132071000,남,70,683
1132071000,남,75,424
1132071000,남,80,245
1132071000,남,85,132
1132071000,남,90,44
1132071000,남,95,10
1132071000,남,100,0
1132071000,여,0,208
1132071000,여,5,450
1132071000,여,10,582
1132071000,여,15,544
1132071000,여,20,615
1132071000,여,25,640
1132071000,여,30,654
1132071000,여,35,690
1132071000,여,40,939
1132071000,여,45,961
1132071000,여,50,1209
1132071000,여,55,1195
1132071000,여,60,1353
1132071000,여,65,1252
1132071000,여,70,703
1132071000,여,75,484
1132071000,여,80,419
1132071000,여,85,294
1132071000,여,90,148
1132071000,여,95,33
1132071000,여,100,9
1135056000,남,0,204
1135056000,남,5,225
1135056000,남,10,339
1135056000,남,15,466
1135056000,남,20,1126
1135056000,남,25,928
1135056000,남,30,713
1135056000,남,35,575
1135056000,남,40,667
1135056000,남,45,741
1135056000,남,50,876
1135056000,남,55,785
1135056000,남,60,796
1135056000,남,65,708
1135056000,남,70,510
1135056000,남,75,406
1135056000,남,80,254
1135056000,남,85,116
1135056000,남,90,27
1135056000,남,95,3
1135056000,남,100,1
1135056000,여,0,173
1135056000,여,5,216
1135056000,여,10,309
1135056000,여,15,395
1135056000,여,20,861
1135056000,여,25,618
1135056000,여,30,577
1135056000,여,35,476
1135056000,여,40,633
1135056000,여,45,715
1135056000,여,50,839
1135056000,여,55,798
1135056000,여,60,788
1135056000,여,65,782
1135056000,여,70,593
1135056000,여,75,489
1135056000,여,80,347
1135056000,여,85,204
1135056000,여,90,55
1135056000,여,95,21
1135056000,여,100,3
1135057000,남,0,302
1135057000,남,5,391
1135057000,남,10,434
1135057000,남,15,514
1135057000,남,20,675
1135057000,남,25,712
1135057000,남,30,719
1135057000,남,35,672
1135057000,남,40,931
1135057000,남,45,940
1135057000,남,50,1078
1135057000,남,55,1038
1135057000,남,60,1045
1135057000,남,65,986
1135057000,남,70,738
1135057000,남,75,490
1135057000,남,80,352
1135057000,남,85,104
1135057000,남,90,46
1135057000,남,95,8
1135057000,남,100,2
1135057000,여,0,258
1135057000,여,5,366
1135057000,여,10,413
1135057000,여,15,495
1135057000,여,20,626
1135057000,여,25,670
1135057000,여,30,718
1135057000,여,35,683
1135057000,여,40,922
1135057000,여,45,894
1135057000,여,50,1119
1135057000,여,55,1082
1135057000,여,60,1206
1135057000,여,65,1260
1135057000,여,70,898
1135057000,여,75,635
1135057000,여,80,517
1135057000,여,85,290
1135057000,여,90,127
1135057000,여,95,26
1135057000,여,100,3
1135058000,남,0,405
1135058000,남,5,464
1135058000,남,10,465
1135058000,남,15,508
1135058000,남,20,657
1135058000,남,25,838
1135058000,남,30,1077
1135058000,남,35,1062
1135058000,남,40,1152
1135058000,남,45,887
1135058000,남,50,1111
1135058000,남,55,1066
1135058000,남,60,1034
1135058000,남,65,994
1135058000,남,70,744
1135058000,남,75,553
1135058000,남,80,368
1135058000,남,85,164
1135058000,남,90,37
1135058000,남,95,7
1135058000,남,100,1
1135058000,여,0,359
1135058000,여,5,410
1135058000,여,10,432
1135058000,여,15,417
1135058000,여,20,663
1135058000,여,25,911
1135058000,여,30,1096
1135058000,여,35,1003
1135058000,여,40,1084
1135058000,여,45,934
1135058000,여,50,1230
1135058000,여,55,1130
1135058000,여,60,1294
1135058000,여,65,1303
1135058000,여,70,893
1135058000,여,75,716
1135058000,여,80,552
1135058000,여,85,299
1135058000,여,90,116
1135058000,여,95,31
1135058000,여,100,5
1135059500,남,0,298
1135059500,남,5,414
1135059500,남,10,550
1135059500,남,15,681
1135059500,남,20,1497
1135059500,남,25,1721
1135059500,남,30,1339
1135059500,남,35,1138
1135059500,남,40,1263
1135059500,남,45,1152
1135059500,남,50,1406
1135059500,남,55,1284
1135059500,남,60,1320
1135059500,남,65,1226
1135059500,남,70,874
1135059500,남,75,539
1135059500,남,80,401
1135059500,남,85,158
1135059500,남,90,38
1135059500,남,95,8
1135059500,남,100,1
1135059500,여,0,276
1135059500,여,5,409
1135059500,여,10,514
1135059500,여,15,683
1135059500,여,20,1828
1135059500,여,25,1580
1135059500,여,30,1360
1135059500,여,35,1057
1135059500,여,40,1236
1135059500,여,45,1168
1135059500,여,50,1346
1135059500,여,55,1433
1135059500,여,60,1517
1135059500,여,65,1440
1135059500,여,70,1039
1135059500,여,75,703
1135059500,여,80,521
1135059500,여,85,271
1135059500,여,90,115
1135059500,여,95,21
1135059500,여,100,5
1135060000,남,0,625
1135060000,남,5,839
1135060000,남,10,988
1135060000,남,15,1091
1135060000,남,20,1735
1135060000,남,25,1572
1135060000,남,30,1374
1135060000,남,35,1341
1135060000,남,40,1618
1135060000,남,45,1489
1135060000,남,50,1727
1135060000,남,55,1457
1135060000,남,60,1317
1135060000,남,65,1116
1135060000,남,70,753
1135060000,남,75,519
1135060000,남,80,304
1135060000,남,85,148
1135060000,남,90,40
1135060000,남,95,6
1135060000,남,100,0
1135060000,여,0,534
1135060000,여,5,824
1135060000,여,10,898
1135060000,여,15,1153
1135060000,여,20,2078
1135060000,여,25,1428
1135060000,여,30,1384
1135060000,여,35,1368
1135060000,여,40,1704
1135060000,여,45,1671
1135060000,여,50,1821
1135060000,여,55,1464
1135060000,여,60,1482
1135060000,여,65,1313
1135060000,여,70,796
1135060000,여,75,597
1135060000,여,80,447
1135060000,여,85,280
1135060000,여,90,94
1135060000,여,95,27
1135060000,여,100,1
1135061100,남,0,182
1135061100,남,5,248
1135061100,남,10,524
1135061100,남,15,1031
1135061100,남,20,1418
1135061100,남,25,988
1135061100,남,30,763
1135061100,남,35,579
1135061100,남,40,606
1135061100,남,45,782
1135061100,남,50,1210
1135061100,남,55,1075
1135061100,남,60,986
1135061100,남,65,836
1135061100,남,70,460
1135061100,남,75,329
1135061100,남,80,209
1135061100,남,85,106
1135061100,남,90,33
1135061100,남,95,13
1135061100,남,100,0
1135061100,여,0,165
1135061100,여,5,248
1135061100,여,10,419
1135061100,여,15,868
1135061100,여,20,1253
1135061100,여,25,876
1135061100,여,30,717
1135061100,여,35,529
1135061100,여,40,769
1135061100,여,45,995
1135061100,여,50,1364
1135061100,여,55,1121
1135061100,여,60,1179
1135061100,여,65,951
1135061100,여,70,699
1135061100,여,75,543
1135061100,여,80,448
1135061100,여,85,293
1135061100,여,90,108
1135061100,여,95,24
1135061100,여,100,4
1135061200,남,0,236
1135061200,남,5,404
1135061200,남,10,557
1135061200,남,15,648
1135061200,남,20,662
1135061200,남,25,621
1135061200,남,30,621
1135061200,남,35,557
1135061200,남,40,707
1135061200,남,45,817
1135061200,남,50,991
1135061200,남,55,821
1135061200,남,60,828
1135061200,남,65,585
1135061200,남,70,333
1135061200,남,75,283
1135061200,남,80,194
1135061200,남,85,80
1135061200,남,90,32
1135061200,남,95,5
1135061200,남,100,0
1135061200,여,0,162
1135061200,여,5,367
1135061200,여,10,558
1135061200,여,15,614
1135061200,여,20,606
1135061200,여,25,606
1135061200,여,30,639
1135061200,여,35,622
1135061200,여,40,836
1135061200,여,45,949
1135061200,여,50,1083
1135061200,여,55,923
1135061200,여,60,892
1135061200,여,65,680
1135061200,여,70,479
1135061200,여,75,396
1135061200,여,80,296
1135061200,여,85,226
1135061200,여,90,65
1135061200,여,95,14
1135061200,여,100,0
1135061900,남,0,136
1135061900,남,5,430
1135061900,남,10,988
1135061900,남,15,1108
1135061900,남,20,800
1135061900,남,25,618
1135061900,남,30,456
1135061900,남,35,365
1135061900,남,40,706
1135061900,남,45,1067
1135061900,남,50,1343
1135061900,남,55,966
1135061900,남,60,777
1135061900,남,65,552
1135061900,남,70,291
1135061900,남,75,180
1135061900,남,80,138
1135061900,남,85,75
1135061900,남,90,15
1135061900,남,95,2
1135061900,남,100,1
1135061900,여,0,123
1135061900,여,5,412
1135061900,여,10,914
1135061900,여,15,1066
1135061900,여,20,814
1135061900,여,25,618
1135061900,여,30,422
1135061900,여,35,408
1135061900,여,40,954
1135061900,여,45,1377
1135061900,여,50,1363
1135061900,여,55,954
1135061900,여,60,735
1135061900,여,65,519
1135061900,여,70,297
1135061900,여,75,271
1135061900,여,80,219
1135061900,여,85,143
1135061900,여,90,63
1135061900,여,95,17
1135061900,여,100,1
1135062100,남,0,180
1135062100,남,5,700
1135062100,남,10,1441
1135062100,남,15,1364
1135062100,남,20,850
1135062100,남,25,568
1135062100,남,30,397
1135062100,남,35,415
1135062100,남,40,1013
1135062100,남,45,1426
1135062100,남,50,1597
1135062100,남,55,936
1135062100,남,60,707
1135062100,남,65,532
1135062100,남,70,292
1135062100,남,75,179
1135062100,남,80,134
1135062100,남,85,52
1135062100,남,90,20
1135062100,남,95,1
1135062100,남,100,1
1135062100,여,0,147
1135062100,여,5,625
1135062100,여,10,1202
1135062100,여,15,1195
1135062100,여,20,763
1135062100,여,25,524
1135062100,여,30,420
1135062100,여,35,602
1135062100,여,40,1472
1135062100,여,45,1723
1135062100,여,50,1563
1135062100,여,55,869
1135062100,여,60,722
1135062100,여,65,575
1135062100,여,70,311
1135062100,여,75,279
1135062100,여,80,238
1135062100,여,85,143
1135062100,여,90,59
1135062100,여,95,7
1135062100,여,100,2
1135062400,남,0,118
1135062400,남,5,297
1135062400,남,10,419
1135062400,남,15,596
1135062400,남,20,598
1135062400,남,25,574
1135062400,남,30,486
1135062400,남,35,432
1135062400,남,40,569
1135062400,남,45,750
1135062400,남,50,961
1135062400,남,55,843
1135062400,남,60,727
1135062400,남,65,603
1135062400,남,70,422
1135062400,남,75,345
1135062400,남,80,244
1135062400,남,85,111
1135062400,남,90,24
1135062400,남,95,8
1135062400,남,100,1
1135062400,여,0,145
1135062400,여,5,279
1135062400,여,10,432
1135062400,여,15,456
1135062400,여,20,527
1135062400,여,25,523
1135062400,여,30,470
1135062400,여,35,417
1135062400,여,40,653
1135062400,여,45,797
1135062400,여,50,1025
1135062400,여,55,819
1135062400,여,60,780
1135062400,여,65,669
1135062400,여,70,592
1135062400,여,75,580
1135062400,여,80,377
1135062400,여,85,212
1135062400,여,90,102
1135062400,여,95,22
1135062400,여,100,1
1135062500,남,0,294
1135062500,남,5,412
1135062500,남,10,578
1135062500,남,15,695
1135062500,남,20,817
1135062500,남,25,926
1135062500,남,30,1003
1135062500,남,35,897
1135062500,남,40,1064
1135062500,남,45,1132
1135062500,남,50,1447
1135062500,남,55,1176
1135062500,남,60,1133
1135062500,남,65,1047
1135062500,남,70,717
1135062500,남,75,564
1135062500,남,80,399
1135062500,남,85,197
1135062500,남,90,59
1135062500,남,95,14
1135062500,남,100,0
1135062500,여,0,297
1135062500,여,5,444
1135062500,여,10,549
1135062500,여,15,748
1135062500,여,20,892
1135062500,여,25,911
1135062500,여,30,1024
1135062500,여,35,917
1135062500,여,40,1132
1135062500,여,45,1251
1135062500,여,50,1600
1135062500,여,55,1343
1135062500,여,60,1379
1135062500,여,65,1446
1135062500,여,70,1071
1135062500,여,75,1015
1135062500,여,80,825
1135062500,여,85,453
1135062500,여,90,174
1135062500,여,95,36
1135062500,여,100,7
1135063000,남,0,359
1135063000,남,5,517
1135063000,남,10,643
1135063000,남,15,830
1135063000,남,20,1033
1135063000,남,25,1167
1135063000,남,30,1156
1135063000,남,35,1034
1135063000,남,40,1250
1135063000,남,45,1156
1135063000,남,50,1535
1135063000,남,55,1567
1135063000,남,60,1617
1135063000,남,65,1424
1135063000,남,70,951
1135063000,남,75,631
1135063000,남,80,436
1135063000,남,85,186
1135063000,남,90,58
1135063000,남,95,9
1135063000,남,100,2
1135063000,여,0,320
1135063000,여,5,540
1135063000,여,10,632
1135063000,여,15,765
1135063000,여,20,1000
1135063000,여,25,1240
1135063000,여,30,1142
1135063000,여,35,1025
1135063000,여,40,1308
1135063000,여,45,1250
1135063000,여,50,1802
1135063000,여,55,1740
1135063000,여,60,1822
1135063000,여,65,1621
1135063000,여,70,986
1135063000,여,75,772
1135063000,여,80,602
1135063000,여,85,337
1135063000,여,90,112
1135063000,여,95,43
1135063000,여,100,6
1135064000,남,0,126
1135064000,남,5,200
1135064000,남,10,308
1135064000,남,15,429
1135064000,남,20,670
1135064000,남,25,786
1135064000,남,30,691
1135064000,남,35,472
1135064000,남,40,581
1135064000,남,45,641
1135064000,남,50,931
1135064000,남,55,865
1135064000,남,60,906
1135064000,남,65,657
1135064000,남,70,465
1135064000,남,75,303
1135064000,남,80,207
1135064000,남,85,85
1135064000,남,90,24
1135064000,남,95,1
1135064000,남,100,0
1135064000,여,0,131
1135064000,여,5,197
1135064000,여,10,329
1135064000,여,15,472
1135064000,여,20,661
1135064000,여,25,718
1135064000,여,30,559
1135064000,여,35,457
1135064000,여,40,532
1135064000,여,45,674
1135064000,여,50,976
1135064000,여,55,912
1135064000,여,60,882
1135064000,여,65,756
1135064000,여,70,462
1135064000,여,75,347
1135064000,여,80,303
1135064000,여,85,169
1135064000,여,90,66
1135064000,여,95,20
1135064000,여,100,7
1135066500,남,0,263
1135066500,남,5,437
1135066500,남,10,523
1135066500,남,15,603
1135066500,남,20,780
1135066500,남,25,811
1135066500,남,30,771
1135066500,남,35,755
1135066500,남,40,950
1135066500,남,45,957
1135066500,남,50,1267
1135066500,남,55,1234
1135066500,남,60,1232
1135066500,남,65,1089
1135066500,남,70,734
1135066500,남,75,548
1135066500,남,80,403
1135066500,남,85,178
1135066500,남,90,38
1135066500,남,95,5
1135066500,남,100,1
1135066500,여,0,255
1135066500,여,5,428
1135066500,여,10,463
1135066500,여,15,513
1135066500,여,20,685
1135066500,여,25,741
1135066500,여,30,664
1135066500,여,35,653
1135066500,여,40,909
1135066500,여,45,925
1135066500,여,50,1309
1135066500,여,55,1207
1135066500,여,60,1242
1135066500,여,65,1162
1135066500,여,70,836
1135066500,여,75,716
1135066500,여,80,628
1135066500,여,85,318
1135066500,여,90,97
1135066500,여,95,14
1135066500,여,100,7
1135067000,남,0,171
1135067000,남,5,239
1135067000,남,10,362
1135067000,남,15,479
1135067000,남,20,667
1135067000,남,25,810
1135067000,남,30,798
1135067000,남,35,577
1135067000,남,40,697
1135067000,남,45,735
1135067000,남,50,1051
1135067000,남,55,1061
1135067000,남,60,1027
1135067000,남,65,840
1135067000,남,70,585
1135067000,남,75,452
1135067000,남,80,326
1135067000,남,85,135
1135067000,남,90,40
1135067000,남,95,11
1135067000,남,100,1
1135067000,여,0,161
1135067000,여,5,228
1135067000,여,10,327
1135067000,여,15,458
1135067000,여,20,609
1135067000,여,25,713
1135067000,여,30,643
1135067000,여,35,559
1135067000,여,40,632
1135067000,여,45,831
1135067000,여,50,1115
1135067000,여,55,1117
1135067000,여,60,1088
1135067000,여,65,965
1135067000,여,70,724
1135067000,여,75,617
1135067000,여,80,497
1135067000,여,85,283
1135067000,여,90,103
1135067000,여,95,24
1135067000,여,100,6
1135069500,남,0,420
1135069500,남,5,491
1135069500,남,10,596
1135069500,남,15,728
1135069500,남,20,802
1135069500,남,25,1050
1135069500,남,30,1236
1135069500,남,35,1092
1135069500,남,40,1093
1135069500,남,45,1020
1135069500,남,50,1325
1135069500,남,55,1153
1135069500,남,60,1021
1135069500,남,65,896
1135069500,남,70,588
1135069500,남,75,385
1135069500,남,80,270
1135069500,남,85,134
1135069500,남,90,37
1135069500,남,95,2
1135069500,남,100,3
1135069500,여,0,390
1135069500,여,5,473
1135069500,여,10,594
1135069500,여,15,632
1135069500,여,20,900
1135069500,여,25,1205
1135069500,여,30,1313
1135069500,여,35,1112
1135069500,여,40,1240
1135069500,여,45,1298
1135069500,여,50,1595
1135069500,여,55,1428
1135069500,여,60,1335
1135069500,여,65,1168
1135069500,여,70,682
1135069500,여,75,554
1135069500,여,80,425
1135069500,여,85,297
1135069500,여,90,135
1135069500,여,95,46
1135069500,여,100,6
1135070000,남,0,515
1135070000,남,5,407
1135070000,남,10,452
1135070000,남,15,406
1135070000,남,20,500
1135070000,남,25,626
1135070000,남,30,1200
1135070000,남,35,1186
1135070000,남,40,959
1135070000,남,45,737
1135070000,남,50,775
1135070000,남,55,660
1135070000,남,60,496
1135070000,남,65,519
1135070000,남,70,343
1135070000,남,75,244
1135070000,남,80,149
1135070000,남,85,81
1135070000,남,90,20
1135070000,남,95,4
1135070000,남,100,2
1135070000,여,0,530
1135070000,여,5,379
1135070000,여,10,415
1135070000,여,15,410
1135070000,여,20,490
1135070000,여,25,659
1135070000,여,30,1406
1135070000,여,35,1009
1135070000,여,40,1001
1135070000,여,45,805
1135070000,여,50,891
1135070000,여,55,781
1135070000,여,60,643
1135070000,여,65,685
1135070000,여,70,441
1135070000,여,75,317
1135070000,여,80,255
1135070000,여,85,164
1135070000,여,90,71
1135070000,여,95,10
1135070000,여,100,1
1135071000,남,0,225
1135071000,남,5,299
1135071000,남,10,368
1135071000,남,15,486
1135071000,남,20,582
1135071000,남,25,593
1135071000,남,30,674
1135071000,남,35,658
1135071000,남,40,681
1135071000,남,45,649
1135071000,남,50,852
1135071000,남,55,769
1135071000,남,60,611
1135071000,남,65,645
1135071000,남,70,429
1135071000,남,75,281
1135071000,남,80,183
1135071000,남,85,79
1135071000,남,90,25
1135071000,남,95,9
1135071000,남,100,0
1135071000,여,0,210
1135071000,여,5,250
1135071000,여,10,362
1135071000,여,15,442
1135071000,여,20,530
1135071000,여,25,635
1135071000,여,30,681
1135071000,여,35,629
1135071000,여,40,750
1135071000,여,45,805
1135071000,여,50,1000
1135071000,여,55,912
1135071000,여,60,826
1135071000,여,65,811
1135071000,여,70,523
1135071000,여,75,383
1135071000,여,80,296
1135071000,여,85,196
1135071000,여,90,89
1135071000,여,95,21
1135071000,여,100,2
1135072000,남,0,291
1135072000,남,5,294
1135072000,남,10,336
1135072000,남,15,394
1135072000,남,20,470
1135072000,남,25,562
1135072000,남,30,686
1135072000,남,35,685
1135072000,남,40,697
1135072000,남,45,598
1135072000,남,50,730
1135072000,남,55,675
1135072000,남,60,558
1135072000,남,65,524
1135072000,남,70,366
1135072000,남,75,213
1135072000,남,80,121
1135072000,남,85,69
1135072000,남,90,12
1135072000,남,95,4
1135072000,남,100,2
1135072000,여,0,256
1135072000,여,5,308
1135072000,여,10,318
1135072000,여,15,412
1135072000,여,20,498
1135072000,여,25,684
1135072000,여,30,768
1135072000,여,35,673
1135072000,여,40,733
1135072000,여,45,738
1135072000,여,50,935
1135072000,여,55,792
1135072000,여,60,786
1135072000,여,65,718
1135072000,여,70,373
1135072000,여,75,281
1135072000,여,80,204
1135072000,여,85,162
1135072000,여,90,71
1135072000,여,95,13
1135072000,여,100,2
1138051000,남,0,448
1138051000,남,5,508
1138051000,남,10,527
1138051000,남,15,501
1138051000,남,20,831
1138051000,남,25,1183
1138051000,남,30,1437
1138051000,남,35,1277
1138051000,남,40,1446
1138051000,남,45,1217
1138051000,남,50,1430
1138051000,남,55,1334
1138051000,남,60,1318
1138051000,남,65,1148
1138051000,남,70,767
1138051000,남,75,623
1138051000,남,80,476
1138051000,남,85,213
1138051000,남,90,39
1138051000,남,95,4
1138051000,남,100,1
1138051000,여,0,489
1138051000,여,5,536
1138051000,여,10,545
1138051000,여,15,526
1138051000,여,20,930
1138051000,여,25,1431
1138051000,여,30,1598
1138051000,여,35,1292
1138051000,여,40,1406
1138051000,여,45,1197
1138051000,여,50,1571
1138051000,여,55,1480
1138051000,여,60,1570
1138051000,여,65,1386
1138051000,여,70,1068
1138051000,여,75,879
1138051000,여,80,657
1138051000,여,85,345
1138051000,여,90,125
1138051000,여,95,40
1138051000,여,100,2
1138052000,남,0,416
1138052000,남,5,474
1138052000,남,10,605
1138052000,남,15,634
1138052000,남,20,864
1138052000,남,25,1314
1138052000,남,30,1547
1138052000,남,35,1156
1138052000,남,40,1252
1138052000,남,45,1223
1138052000,남,50,1575
1138052000,남,55,1457
1138052000,남,60,1521
1138052000,남,65,1269
1138052000,남,70,798
1138052000,남,75,659
1138052000,남,80,524
1138052000,남,85,241
1138052000,남,90,69
1138052000,남,95,12
1138052000,남,100,1
1138052000,여,0,380
1138052000,여,5,479
1138052000,여,10,525
1138052000,여,15,572
1138052000,여,20,978
1138052000,여,25,1554
1138052000,여,30,1477
1138052000,여,35,1245
1138052000,여,40,1340
1138052000,여,45,1291
1138052000,여,50,1673
1138052000,여,55,1684
1138052000,여,60,1779
1138052000,여,65,1510
1138052000,여,70,1118
1138052000,여,75,934
1138052000,여,80,747
1138052000,여,85,441
1138052000,여,90,144
1138052000,여,95,30
1138052000,여,100,3
1138053000,남,0,146
1138053000,남,5,228
1138053000,남,10,295
1138053000,남,15,436
1138053000,남,20,665
1138053000,남,25,1139
1138053000,남,30,1187
1138053000,남,35,783
1138053000,남,40,911
1138053000,남,45,820
1138053000,남,50,1118
1138053000,남,55,1094
1138053000,남,60,1140
1138053000,남,65,1016
1138053000,남,70,691
1138053000,남,75,549
1138053000,남,80,409
1138053000,남,85,169
1138053000,남,90,27
1138053000,남,95,7
1138053000,남,100,1
1138053000,여,0,156
1138053000,여,5,216
1138053000,여,10,308
1138053000,여,15,367
1138053000,여,20,745
1138053000,여,25,1193
1138053000,여,30,1118
1138053000,여,35,701
1138053000,여,40,815
1138053000,여,45,795
1138053000,여,50,1141
1138053000,여,55,1263
1138053000,여,60,1317
1138053000,여,65,1148
1138053000,여,70,864
1138053000,여,75,735
1138053000,여,80,558
1138053000,여,85,290
1138053000,여,90,80
1138053000,여,95,22
1138053000,여,100,2
1138055100,남,0,93
1138055100,남,5,161
1138055100,남,10,248
1138055100,남,15,253
1138055100,남,20,377
1138055100,남,25,609
1138055100,남,30,635
1138055100,남,35,426
1138055100,남,40,472
1138055100,남,45,473
1138055100,남,50,647
1138055100,남,55,529
1138055100,남,60,573
1138055100,남,65,514
1138055100,남,70,351
1138055100,남,75,270
1138055100,남,80,175
1138055100,남,85,83
1138055100,남,90,25
1138055100,남,95,2
1138055100,남,100,0
1138055100,여,0,65
1138055100,여,5,118
1138055100,여,10,194
1138055100,여,15,234
1138055100,여,20,425
1138055100,여,25,640
1138055100,여,30,591
1138055100,여,35,382
1138055100,여,40,465
1138055100,여,45,456
1138055100,여,50,665
1138055100,여,55,637
1138055100,여,60,672
1138055100,여,65,595
1138055100,여,70,425
1138055100,여,75,362
1138055100,여,80,263
1138055100,여,85,126
1138055100,여,90,41
1138055100,여,95,12
1138055100,여,100,2
1138055200,남,0,178
1138055200,남,5,338
1138055200,남,10,479
1138055200,남,15,590
1138055200,남,20,748
1138055200,남,25,1034
1138055200,남,30,1018
1138055200,남,35,793
1138055200,남,40,976
1138055200,남,45,968
1138055200,남,50,1189
1138055200,남,55,1126
1138055200,남,60,1028
1138055200,남,65,861
1138055200,남,70,579
1138055200,남,75,477
1138055200,남,80,326
1138055200,남,85,150
1138055200,남,90,33
1138055200,남,95,8
1138055200,남,100,0
1138055200,여,0,154
1138055200,여,5,329
1138055200,여,10,458
1138055200,여,15,586
1138055200,여,20,901
1138055200,여,25,1200
1138055200,여,30,1021
1138055200,여,35,749
1138055200,여,40,945
1138055200,여,45,1049
1138055200,여,50,1414
1138055200,여,55,1217
1138055200,여,60,1235
1138055200,여,65,1065
1138055200,여,70,746
1138055200,여,75,636
1138055200,여,80,445
1138055200,여,85,256
1138055200,여,90,65
1138055200,여,95,17
1138055200,여,100,1
1138056000,남,0,237
1138056000,남,5,384
1138056000,남,10,539
1138056000,남,15,650
1138056000,남,20,829
1138056000,남,25,1089
1138056000,남,30,1070
1138056000,남,35,795
1138056000,남,40,1094
1138056000,남,45,1110
1138056000,남,50,1432
1138056000,남,55,1327
1138056000,남,60,1383
1138056000,남,65,1143
1138056000,남,70,774
1138056000,남,75,586
1138056000,남,80,401
1138056000,남,85,182
1138056000,남,90,53
1138056000,남,95,9
1138056000,남,100,1
1138056000,여,0,199
1138056000,여,5,389
1138056000,여,10,537
1138056000,여,15,720
1138056000,여,20,952
1138056000,여,25,1232
1138056000,여,30,1092
1138056000,여,35,810
1138056000,여,40,1076
1138056000,여,45,1113
1138056000,여,50,1512
1138056000,여,55,1389
1138056000,여,60,1416
1138056000,여,65,1231
1138056000,여,70,833
1138056000,여,75,704
1138056000,여,80,561
1138056000,여,85,287
1138056000,여,90,80
1138056000,여,95,23
1138056000,여,100,3
1138057000,남,0,213
1138057000,남,5,261
1138057000,남,10,303
1138057000,남,15,343
1138057000,남,20,658
1138057000,남,25,1323
1138057000,남,30,1574
1138057000,남,35,951
1138057000,남,40,898
1138057000,남,45,837
1138057000,남,50,982
1138057000,남,55,973
1138057000,남,60,924
1138057000,남,65,797
1138057000,남,70,515
1138057000,남,75,465
1138057000,남,80,351
1138057000,남,85,179
1138057000,남,90,33
1138057000,남,95,6
1138057000,남,100,2
1138057000,여,0,171
1138057000,여,5,230
1138057000,여,10,299
1138057000,여,15,409
1138057000,여,20,1048
1138057000,여,25,2002
1138057000,여,30,1684
1138057000,여,35,901
1138057000,여,40,881
1138057000,여,45,852
1138057000,여,50,1098
1138057000,여,55,1021
1138057000,여,60,1058
1138057000,여,65,915
1138057000,여,70,750
1138057000,여,75,659
1138057000,여,80,496
1138057000,여,85,248
1138057000,여,90,65
1138057000,여,95,18
1138057000,여,100,3
1138058000,남,0,476
1138058000,남,5,602
1138058000,남,10,629
1138058000,남,15,711
1138058000,남,20,775
1138058000,남,25,1010
1138058000,남,30,1254
1138058000,남,35,1203
1138058000,남,40,1371
1138058000,남,45,1221
1138058000,남,50,1281
1138058000,남,55,1185
1138058000,남,60,1031
1138058000,남,65,858
1138058000,남,70,526
1138058000,남,75,463
1138058000,남,80,364
1138058000,남,85,123
1138058000,남,90,39
1138058000,남,95,7
1138058000,남,100,1
1138058000,여,0,395
1138058000,여,5,575
1138058000,여,10,632
1138058000,여,15,646
1138058000,여,20,978
1138058000,여,25,1428
1138058000,여,30,1481
1138058000,여,35,1242
1138058000,여,40,1417
1138058000,여,45,1312
1138058000,여,50,1390
1138058000,여,55,1267
1138058000,여,60,1150
1138058000,여,65,1110
1138058000,여,70,792
1138058000,여,75,657
1138058000,여,80,462
1138058000,여,85,293
1138058000,여,90,78
1138058000,여,95,14
1138058000,여,100,5
1138059000,남,0,562
1138059000,남,5,769
1138059000,남,10,800
1138059000,남,15,584
1138059000,남,20,575
1138059000,남,25,618
1138059000,남,30,827
1138059000,남,35,1046
1138059000,남,40,1490
1138059000,남,45,1264
1138059000,남,50,1138
1138059000,남,55,880
1138059000,남,60,755
1138059000,남,65,656
1138059000,남,70,478
1138059000,남,75,331
1138059000,남,80,232
1138059000,남,85,112
1138059000,남,90,26
1138059000,남,95,3
1138059000,남,100,1
1138059000,여,0,541
1138059000,여,5,738
1138059000,여,10,722
1138059000,여,15,516
1138059000,여,20,527
1138059000,여,25,683
1138059000,여,30,1007
1138059000,여,35,1223
1138059000,여,40,1527
1138059000,여,45,1236
1138059000,여,50,1121
1138059000,여,55,881
1138059000,여,60,845
1138059000,여,65,863
1138059000,여,70,573
1138059000,여,75,468
1138059000,여,80,348
1138059000,여,85,193
1138059000,여,90,68
1138059000,여,95,14
1138059000,여,100,3
1138060000,남,0,136
1138060000,남,5,199
1138060000,남,10,280
1138060000,남,15,350
1138060000,남,20,595
1138060000,남,25,955
1138060000,남,30,1006
1138060000,남,35,716
1138060000,남,40,838
1138060000,남,45,717
1138060000,남,50,1006
1138060000,남,55,911
1138060000,남,60,988
1138060000,남,65,864
1138060000,남,70,612
1138060000,남,75,466
1138060000,남,80,368
1138060000,남,85,176
1138060000,남,90,44
1138060000,남,95,8
1138060000,남,100,2
1138060000,여,0,159
1138060000,여,5,202
1138060000,여,10,274
1138060000,여,15,301
1138060000,여,20,627
1138060000,여,25,1039
1138060000,여,30,904
1138060000,여,35,641
1138060000,여,40,720
1138060000,여,45,697
1138060000,여,50,977
1138060000,여,55,938
1138060000,여,60,1041
1138060000,여,65,1007
1138060000,여,70,802
1138060000,여,75,694
1138060000,여,80,609
1138060000,여,85,315
1138060000,여,90,102
1138060000,여,95,22
1138060000,여,100,2
1138062500,남,0,332
1138062500,남,5,514
1138062500,남,10,723
1138062500,남,15,786
1138062500,남,20,1130
1138062500,남,25,1576
1138062500,남,30,1670
1138062500,남,35,1234
1138062500,남,40,1652
1138062500,남,45,1569
1138062500,남,50,1835
1138062500,남,55,1659
1138062500,남,60,1678
1138062500,남,65,1389
1138062500,남,70,962
1138062500,남,75,795
1138062500,남,80,585
1138062500,남,85,218
1138062500,남,90,50
1138062500,남,95,6
1138062500,남,100,1
1138062500,여,0,311
1138062500,여,5,522
1138062500,여,10,696
1138062500,여,15,804
1138062500,여,20,1156
1138062500,여,25,1834
1138062500,여,30,1704
1138062500,여,35,1325
1138062500,여,40,1713
1138062500,여,45,1638
1138062500,여,50,2026
1138062500,여,55,1934
1138062500,여,60,2028
1138062500,여,65,1745
1138062500,여,70,1335
1138062500,여,75,1036
1138062500,여,80,773
1138062500,여,85,400
1138062500,여,90,136
1138062500,여,95,22
1138062500,여,100,7
1138063100,남,0,234
1138063100,남,5,348
1138063100,남,10,394
1138063100,남,15,498
1138063100,남,20,722
1138063100,남,25,1009
1138063100,남,30,1053
1138063100,남,35,826
1138063100,남,40,984
1138063100,남,45,872
1138063100,남,50,1072
1138063100,남,55,1043
1138063100,남,60,1028
1138063100,남,65,905
1138063100,남,70,598
1138063100,남,75,470
1138063100,남,80,327
1138063100,남,85,130
1138063100,남,90,29
1138063100,남,95,7
1138063100,남,100,0
1138063100,여,0,221
1138063100,여,5,329
1138063100,여,10,402
1138063100,여,15,446
1138063100,여,20,724
1138063100,여,25,1040
1138063100,여,30,1023
1138063100,여,35,838
1138063100,여,40,949
1138063100,여,45,935
1138063100,여,50,1201
1138063100,여,55,1160
1138063100,여,60,1248
1138063100,여,65,1068
1138063100,여,70,729
1138063100,여,75,618
1138063100,여,80,450
1138063100,여,85,231
1138063100,여,90,78
1138063100,여,95,14
1138063100,여,100,3
1138063200,남,0,184
1138063200,남,5,253
1138063200,남,10,327
1138063200,남,15,378
1138063200,남,20,489
1138063200,남,25,718
1138063200,남,30,756
1138063200,남,35,623
1138063200,남,40,713
1138063200,남,45,631
1138063200,남,50,841
1138063200,남,55,733
1138063200,남,60,768
1138063200,남,65,747
1138063200,남,70,457
1138063200,남,75,327
1138063200,남,80,224
1138063200,남,85,100
1138063200,남,90,24
1138063200,남,95,4
1138063200,남,100,2
1138063200,여,0,140
1138063200,여,5,233
1138063200,여,10,281
1138063200,여,15,340
1138063200,여,20,447
1138063200,여,25,697
1138063200,여,30,725
1138063200,여,35,547
1138063200,여,40,648
1138063200,여,45,658
1138063200,여,50,800
1138063200,여,55,825
1138063200,여,60,850
1138063200,여,65,796
1138063200,여,70,573
1138063200,여,75,402
1138063200,여,80,316
1138063200,여,85,180
1138063200,여,90,70
1138063200,여,95,14
1138063200,여,100,5
1138064000,남,0,231
1138064000,남,5,286
1138064000,남,10,258
1138064000,남,15,377
1138064000,남,20,488
1138064000,남,25,575
1138064000,남,30,646
1138064000,남,35,570
1138064000,남,40,641
1138064000,남,45,569
1138064000,남,50,803
1138064000,남,55,702
1138064000,남,60,664
1138064000,남,65,633
1138064000,남,70,411
1138064000,남,75,296
1138064000,남,80,214
1138064000,남,85,96
1138064000,남,90,15
1138064000,남,95,4
1138064000,남,100,0
1138064000,여,0,214
1138064000,여,5,256
1138064000,여,10,263
1138064000,여,15,339
1138064000,여,20,482
1138064000,여,25,631
1138064000,여,30,690
1138064000,여,35,564
1138064000,여,40,615
1138064000,여,45,604
1138064000,여,50,799
1138064000,여,55,698
1138064000,여,60,748
1138064000,여,65,663
1138064000,여,70,456
1138064000,여,75,388
1138064000,여,80,275
1138064000,여,85,147
1138064000,여,90,49
1138064000,여,95,17
1138064000,여,100,2
1138065000,남,0,459
1138065000,남,5,431
1138065000,남,10,307
1138065000,남,15,425
1138065000,남,20,657
1138065000,남,25,646
1138065000,남,30,901
1138065000,남,35,887
1138065000,남,40,900
1138065000,남,45,649
1138065000,남,50,936
1138065000,남,55,817
1138065000,남,60,745
1138065000,남,65,588
1138065000,남,70,342
1138065000,남,75,235
1138065000,남,80,151
1138065000,남,85,66
1138065000,남,90,12
1138065000,남,95,2
1138065000,남,100,1
1138065000,여,0,445
1138065000,여,5,460
1138065000,여,10,311
1138065000,여,15,396
1138065000,여,20,541
1138065000,여,25,743
1138065000,여,30,1003
1138065000,여,35,925
1138065000,여,40,752
1138065000,여,45,732
1138065000,여,50,1035
1138065000,여,55,849
1138065000,여,60,761
1138065000,여,65,649
1138065000,여,70,420
1138065000,여,75,312
1138065000,여,80,280
1138065000,여,85,167
1138065000,여,90,56
1138065000,여,95,24
1138065000,여,100,0
1138069000,남,0,577
1138069000,남,5,1066
1138069000,남,10,1652
1138069000,남,15,1857
1138069000,남,20,1492
1138069000,남,25,1360
1138069000,남,30,1342
1138069000,남,35,1202
1138069000,남,40,1810
1138069000,남,45,2142
1138069000,남,50,2588
1138069000,남,55,1928
1138069000,남,60,1731
1138069000,남,65,1514
1138069000,남,70,1036
1138069000,남,75,747
1138069000,남,80,531
1138069000,남,85,237
1138069000,남,90,58
1138069000,남,95,13
1138069000,남,100,2
1138069000,여,0,545
1138069000,여,5,984
1138069000,여,10,1607
1138069000,여,15,1750
1138069000,여,20,1660
1138069000,여,25,2072
1138069000,여,30,1802
1138069000,여,35,1689
1138069000,여,40,2256
1138069000,여,45,2643
1138069000,여,50,2624
1138069000,여,55,2042
1138069000,여,60,1873
1138069000,여,65,1784
1138069000,여,70,1212
1138069000,여,75,945
1138069000,여,80,702
1138069000,여,85,415
1138069000,여,90,154
1138069000,여,95,41
1138069000,여,100,5
1141052000,남,0,234
1141052000,남,5,272
1141052000,남,10,262
1141052000,남,15,337
1141052000,남,20,403
1141052000,남,25,519
1141052000,남,30,536
1141052000,남,35,590
1141052000,남,40,567
1141052000,남,45,553
1141052000,남,50,742
1141052000,남,55,670
1141052000,남,60,693
1141052000,남,65,504
1141052000,남,70,324
1141052000,남,75,249
1141052000,남,80,186
1141052000,남,85,115
1141052000,남,90,29
1141052000,남,95,4
1141052000,남,100,1
1141052000,여,0,228
1141052000,여,5,271
1141052000,여,10,280
1141052000,여,15,342
1141052000,여,20,470
1141052000,여,25,518
1141052000,여,30,621
1141052000,여,35,586
1141052000,여,40,623
1141052000,여,45,613
1141052000,여,50,794
1141052000,여,55,708
1141052000,여,60,683
1141052000,여,65,561
1141052000,여,70,416
1141052000,여,75,391
1141052000,여,80,345
1141052000,여,85,223
1141052000,여,90,65
1141052000,여,95,20
1141052000,여,100,2
1141055500,남,0,315
1141055500,남,5,358
1141055500,남,10,270
1141055500,남,15,215
1141055500,남,20,327
1141055500,남,25,487
1141055500,남,30,690
1141055500,남,35,666
1141055500,남,40,746
1141055500,남,45,554
1141055500,남,50,619
1141055500,남,55,605
1141055500,남,60,522
1141055500,남,65,431
1141055500,남,70,215
1141055500,남,75,188
1141055500,남,80,147
1141055500,남,85,62
1141055500,남,90,13
1141055500,남,95,3
1141055500,남,100,1
1141055500,여,0,265
1141055500,여,5,345
1141055500,여,10,248
1141055500,여,15,244
1141055500,여,20,461
1141055500,여,25,633
1141055500,여,30,749
1141055500,여,35,717
1141055500,여,40,688
1141055500,여,45,508
1141055500,여,50,673
1141055500,여,55,604
1141055500,여,60,529
1141055500,여,65,439
1141055500,여,70,315
1141055500,여,75,244
1141055500,여,80,204
1141055500,여,85,138
1141055500,여,90,39
1141055500,여,95,14
1141055500,여,100,1
1141056500,남,0,211
1141056500,남,5,303
1141056500,남,10,312
1141056500,남,15,319
1141056500,남,20,486
1141056500,남,25,835
1141056500,남,30,970
1141056500,남,35,692
1141056500,남,40,753
1141056500,남,45,622
1141056500,남,50,787
1141056500,남,55,774
1141056500,남,60,728
1141056500,남,65,620
1141056500,남,70,382
1141056500,남,75,270
1141056500,남,80,217
1141056500,남,85,102
1141056500,남,90,33
1141056500,남,95,9
1141056500,남,100,1
1141056500,여,0,185
1141056500,여,5,291
1141056500,여,10,310
1141056500,여,15,343
1141056500,여,20,568
1141056500,여,25,1018
1141056500,여,30,939
1141056500,여,35,733
1141056500,여,40,738
1141056500,여,45,633
1141056500,여,50,786
1141056500,여,55,820
1141056500,여,60,753
1141056500,여,65,669
1141056500,여,70,422
1141056500,여,75,364
1141056500,여,80,270
1141056500,여,85,191
1141056500,여,90,85
1141056500,여,95,19
1141056500,여,100,5
1141058500,남,0,143
1141058500,남,5,88
1141058500,남,10,196
1141058500,남,15,212
1141058500,남,20,1042
1141058500,남,25,1992
1141058500,남,30,1245
1141058500,남,35,613
1141058500,남,40,470
1141058500,남,45,409
1141058500,남,50,509
1141058500,남,55,443
1141058500,남,60,406
1141058500,남,65,285
1141058500,남,70,203
1141058500,남,75,175
1141058500,남,80,135
1141058500,남,85,96
1141058500,남,90,23
1141058500,남,95,5
1141058500,남,100,0
1141058500,여,0,112
1141058500,여,5,108
1141058500,여,10,171
1141058500,여,15,375
1141058500,여,20,2899
1141058500,여,25,2700
1141058500,여,30,1250
1141058500,여,35,582
1141058500,여,40,504
1141058500,여,45,451
1141058500,여,50,529
1141058500,여,55,454
1141058500,여,60,387
1141058500,여,65,344
1141058500,여,70,269
1141058500,여,75,245
1141058500,여,80,229
1141058500,여,85,118
1141058500,여,90,37
1141058500,여,95,15
1141058500,여,100,2
1141061500,남,0,240
1141061500,남,5,363
1141061500,남,10,446
1141061500,남,15,558
1141061500,남,20,1428
1141061500,남,25,2340
1141061500,남,30,1575
1141061500,남,35,1092
1141061500,남,40,1099
1141061500,남,45,987
1141061500,남,50,1202
1141061500,남,55,1103
1141061500,남,60,994
1141061500,남,65,887
1141061500,남,70,592
1141061500,남,75,485
1141061500,남,80,418
1141061500,남,85,187
1141061500,남,90,59
1141061500,남,95,16
1141061500,남,100,4
1141061500,여,0,241
1141061500,여,5,374
1141061500,여,10,425
1141061500,여,15,560
1141061500,여,20,1688
1141061500,여,25,2108
1141061500,여,30,1608
1141061500,여,35,1072
1141061500,여,40,1214
1141061500,여,45,1059
1141061500,여,50,1414
1141061500,여,55,1200
1141061500,여,60,1178
1141061500,여,65,1042
1141061500,여,70,757
1141061500,여,75,718
1141061500,여,80,596
1141061500,여,85,316
1141061500,여,90,136
1141061500,여,95,25
1141061500,여,100,3
1141062000,남,0,320
1141062000,남,5,354
1141062000,남,10,409
1141062000,남,15,430
1141062000,남,20,658
1141062000,남,25,786
1141062000,남,30,895
1141062000,남,35,841
1141062000,남,40,891
1141062000,남,45,807
1141062000,남,50,1064
1141062000,남,55,933
1141062000,남,60,907
1141062000,남,65,774
1141062000,남,70,525
1141062000,남,75,395
1141062000,남,80,300
1141062000,남,85,158
1141062000,남,90,35
1141062000,남,95,10
1141062000,남,100,1
1141062000,여,0,325
1141062000,여,5,387
1141062000,여,10,413
1141062000,여,15,454
1141062000,여,20,729
1141062000,여,25,866
1141062000,여,30,980
1141062000,여,35,904
1141062000,여,40,905
1141062000,여,45,887
1141062000,여,50,1186
1141062000,여,55,1043
1141062000,여,60,1072
1141062000,여,65,949
1141062000,여,70,662
1141062000,여,75,522
1141062000,여,80,493
1141062000,여,85,228
1141062000,여,90,77
1141062000,여,95,19
1141062000,여,100,3
1141064000,남,0,229
1141064000,남,5,270
1141064000,남,10,248
1141064000,남,15,293
1141064000,남,20,514
1141064000,남,25,601
1141064000,남,30,607
1141064000,남,35,590
1141064000,남,40,614
1141064000,남,45,522
1141064000,남,50,734
1141064000,남,55,750
1141064000,남,60,658
1141064000,남,65,589
1141064000,남,70,417
1141064000,남,75,312
1141064000,남,80,256
1141064000,남,85,138
1141064000,남,90,25
1141064000,남,95,10
1141064000,남,100,0
1141064000,여,0,198
1141064000,여,5,257
1141064000,여,10,248
1141064000,여,15,292
1141064000,여,20,482
1141064000,여,25,619
1141064000,여,30,629
1141064000,여,35,580
1141064000,여,40,588
1141064000,여,45,517
1141064000,여,50,811
1141064000,여,55,766
1141064000,여,60,757
1141064000,여,65,724
1141064000,여,70,482
1141064000,여,75,472
1141064000,여,80,412
1141064000,여,85,241
1141064000,여,90,65
1141064000,여,95,11
1141064000,여,100,2
1141065500,남,0,152
1141065500,남,5,176
1141065500,남,10,198
1141065500,남,15,227
1141065500,남,20,326
1141065500,남,25,393
1141065500,남,30,523
1141065500,남,35,434
1141065500,남,40,416
1141065500,남,45,349
1141065500,남,50,543
1141065500,남,55,566
1141065500,남,60,589
1141065500,남,65,457
1141065500,남,70,281
1141065500,남,75,220
1141065500,남,80,172
1141065500,남,85,78
1141065500,남,90,19
1141065500,남,95,3
1141065500,남,100,1
1141065500,여,0,150
1141065500,여,5,132
1141065500,여,10,172
1141065500,여,15,246
1141065500,여,20,371
1141065500,여,25,427
1141065500,여,30,493
1141065500,여,35,457
1141065500,여,40,426
1141065500,여,45,414
1141065500,여,50,637
1141065500,여,55,654
1141065500,여,60,648
1141065500,여,65,527
1141065500,여,70,363
1141065500,여,75,352
1141065500,여,80,268
1141065500,여,85,151
1141065500,여,90,56
1141065500,여,95,7
1141065500,여,100,2
1141066000,남,0,278
1141066000,남,5,346
1141066000,남,10,359
1141066000,남,15,377
1141066000,남,20,601
1141066000,남,25,662
1141066000,남,30,762
1141066000,남,35,725
1141066000,남,40,842
1141066000,남,45,747
1141066000,남,50,908
1141066000,남,55,947
1141066000,남,60,926
1141066000,남,65,784
1141066000,남,70,547
1141066000,남,75,380
1141066000,남,80,271
1141066000,남,85,137
1141066000,남,90,30
1141066000,남,95,4
1141066000,남,100,1
1141066000,여,0,267
1141066000,여,5,331
1141066000,여,10,339
1141066000,여,15,405
1141066000,여,20,579
1141066000,여,25,718
1141066000,여,30,785
1141066000,여,35,714
1141066000,여,40,784
1141066000,여,45,741
1141066000,여,50,983
1141066000,여,55,984
1141066000,여,60,1026
1141066000,여,65,891
1141066000,여,70,587
1141066000,여,75,477
1141066000,여,80,451
1141066000,여,85,283
1141066000,여,90,82
1141066000,여,95,24
1141066000,여,100,2
1141068500,남,0,286
1141068500,남,5,414
1141068500,남,10,494
1141068500,남,15,587
1141068500,남,20,913
1141068500,남,25,1091
1141068500,남,30,1105
1141068500,남,35,911
1141068500,남,40,1000
1141068500,남,45,930
1141068500,남,50,1225
1141068500,남,55,1103
1141068500,남,60,1042
1141068500,남,65,901
1141068500,남,70,549
1141068500,남,75,457
1141068500,남,80,331
1141068500,남,85,168
1141068500,남,90,42
1141068500,남,95,1
1141068500,남,100,0
1141068500,여,0,292
1141068500,여,5,415
1141068500,여,10,494
1141068500,여,15,586
1141068500,여,20,1002
1141068500,여,25,1075
1141068500,여,30,1022
1141068500,여,35,917
1141068500,여,40,990
1141068500,여,45,1009
1141068500,여,50,1307
1141068500,여,55,1176
1141068500,여,60,1211
1141068500,여,65,1082
1141068500,여,70,721
1141068500,여,75,614
1141068500,여,80,463
1141068500,여,85,295
1141068500,여,90,105
1141068500,여,95,28
1141068500,여,100,9
1141069000,남,0,344
1141069000,남,5,626
1141069000,남,10,571
1141069000,남,15,373
1141069000,남,20,320
1141069000,남,25,393
1141069000,남,30,406
1141069000,남,35,550
1141069000,남,40,893
1141069000,남,45,830
1141069000,남,50,684
1141069000,남,55,528
1141069000,남,60,459
1141069000,남,65,394
1141069000,남,70,207
1141069000,남,75,179
1141069000,남,80,146
1141069000,남,85,82
1141069000,남,90,19
1141069000,남,95,0
1141069000,남,100,0
1141069000,여,0,315
1141069000,여,5,588
1141069000,여,10,599
1141069000,여,15,366
1141069000,여,20,393
1141069000,여,25,403
1141069000,여,30,530
1141069000,여,35,729
1141069000,여,40,968
1141069000,여,45,739
1141069000,여,50,671
1141069000,여,55,546
1141069000,여,60,501
1141069000,여,65,408
1141069000,여,70,319
1141069000,여,75,251
1141069000,여,80,222
1141069000,여,85,113
1141069000,여,90,39
1141069000,여,95,10
1141069000,여,100,2
1141070000,남,0,446
1141070000,남,5,694
1141070000,남,10,614
1141070000,남,15,563
1141070000,남,20,964
1141070000,남,25,958
1141070000,남,30,935
1141070000,남,35,1019
1141070000,남,40,1224
1141070000,남,45,1091
1141070000,남,50,1222
1141070000,남,55,1022
1141070000,남,60,915
1141070000,남,65,774
1141070000,남,70,527
1141070000,남,75,431
1141070000,남,80,311
1141070000,남,85,151
1141070000,남,90,32
1141070000,남,95,7
1141070000,남,100,2
1141070000,여,0,419
1141070000,여,5,671
1141070000,여,10,636
1141070000,여,15,602
1141070000,여,20,1079
1141070000,여,25,997
1141070000,여,30,1009
1141070000,여,35,1062
1141070000,여,40,1255
1141070000,여,45,1082
1141070000,여,50,1234
1141070000,여,55,1059
1141070000,여,60,943
1141070000,여,65,866
1141070000,여,70,691
1141070000,여,75,614
1141070000,여,80,474
1141070000,여,85,263
1141070000,여,90,85
1141070000,여,95,22
1141070000,여,100,6
1141071000,남,0,215
1141071000,남,5,366
1141071000,남,10,462
1141071000,남,15,500
1141071000,남,20,442
1141071000,남,25,444
1141071000,남,30,482
1141071000,남,35,507
1141071000,남,40,662
1141071000,남,45,724
1141071000,남,50,826
1141071000,남,55,671
1141071000,남,60,606
1141071000,남,65,506
1141071000,남,70,341
1141071000,남,75,260
1141071000,남,80,198
1141071000,남,85,91
1141071000,남,90,24
1141071000,남,95,1
1141071000,남,100,0
1141071000,여,0,229
1141071000,여,5,291
1141071000,여,10,486
1141071000,여,15,438
1141071000,여,20,440
1141071000,여,25,507
1141071000,여,30,558
1141071000,여,35,579
1141071000,여,40,762
1141071000,여,45,772
1141071000,여,50,831
1141071000,여,55,684
1141071000,여,60,695
1141071000,여,65,588
1141071000,여,70,414
1141071000,여,75,368
1141071000,여,80,281
1141071000,여,85,154
1141071000,여,90,50
1141071000,여,95,11
1141071000,여,100,5
1141072000,남,0,242
1141072000,남,5,345
1141072000,남,10,513
1141072000,남,15,559
1141072000,남,20,814
1141072000,남,25,1245
1141072000,남,30,1247
1141072000,남,35,919
1141072000,남,40,1059
1141072000,남,45,1043
1141072000,남,50,1275
1141072000,남,55,1214
1141072000,남,60,1173
1141072000,남,65,1116
1141072000,남,70,708
1141072000,남,75,578
1141072000,남,80,400
1141072000,남,85,178
1141072000,남,90,40
1141072000,남,95,9
1141072000,남,100,0
1141072000,여,0,238
1141072000,여,5,298
1141072000,여,10,442
1141072000,여,15,548
1141072000,여,20,861
1141072000,여,25,1306
1141072000,여,30,1074
1141072000,여,35,833
1141072000,여,40,1002
1141072000,여,45,1080
1141072000,여,50,1386
1141072000,여,55,1328
1141072000,여,60,1381
1141072000,여,65,1199
1141072000,여,70,879
1141072000,여,75,778
1141072000,여,80,624
1141072000,여,85,293
1141072000,여,90,92
1141072000,여,95,32
1141072000,여,100,4
1144055500,남,0,704
1144055500,남,5,743
1144055500,남,10,508
1144055500,남,15,460
1144055500,남,20,540
1144055500,남,25,771
1144055500,남,30,1219
1144055500,남,35,1383
1144055500,남,40,1510
1144055500,남,45,1065
1144055500,남,50,1097
1144055500,남,55,949
1144055500,남,60,922
1144055500,남,65,682
1144055500,남,70,376
1144055500,남,75,248
1144055500,남,80,192
1144055500,남,85,113
1144055500,남,90,20
1144055500,남,95,10
1144055500,남,100,0
1144055500,여,0,654
1144055500,여,5,833
1144055500,여,10,605
1144055500,여,15,504
1144055500,여,20,714
1144055500,여,25,1125
1144055500,여,30,1636
1144055500,여,35,1621
1144055500,여,40,1448
1144055500,여,45,1124
1144055500,여,50,1134
1144055500,여,55,1085
1144055500,여,60,934
1144055500,여,65,751
1144055500,여,70,483
1144055500,여,75,355
1144055500,여,80,317
1144055500,여,85,177
1144055500,여,90,74
1144055500,여,95,17
1144055500,여,100,4
1144056500,남,0,423
1144056500,남,5,521
1144056500,남,10,500
1144056500,남,15,541
1144056500,남,20,802
1144056500,남,25,1477
1144056500,남,30,1767
1144056500,남,35,1357
1144056500,남,40,1335
1144056500,남,45,1142
1144056500,남,50,1476
1144056500,남,55,1452
1144056500,남,60,1360
1144056500,남,65,1047
1144056500,남,70,605
1144056500,남,75,476
1144056500,남,80,364
1144056500,남,85,187
1144056500,남,90,40
1144056500,남,95,9
1144056500,남,100,1
1144056500,여,0,381
1144056500,여,5,471
1144056500,여,10,456
1144056500,여,15,560
1144056500,여,20,1246
1144056500,여,25,2127
1144056500,여,30,1909
1144056500,여,35,1456
1144056500,여,40,1313
1144056500,여,45,1157
1144056500,여,50,1647
1144056500,여,55,1546
1144056500,여,60,1431
1144056500,여,65,1136
1144056500,여,70,770
1144056500,여,75,722
1144056500,여,80,555
1144056500,여,85,386
1144056500,여,90,101
1144056500,여,95,28
1144056500,여,100,1
1144058500,남,0,282
1144058500,남,5,361
1144058500,남,10,370
1144058500,남,15,379
1144058500,남,20,476
1144058500,남,25,714
1144058500,남,30,928
1144058500,남,35,832
1144058500,남,40,773
1144058500,남,45,628
1144058500,남,50,819
1144058500,남,55,733
1144058500,남,60,803
1144058500,남,65,614
1144058500,남,70,378
1144058500,남,75,310
1144058500,남,80,220
1144058500,남,85,124
1144058500,남,90,39
1144058500,남,95,10
1144058500,남,100,0
1144058500,여,0,297
1144058500,여,5,300
1144058500,여,10,346
1144058500,여,15,348
1144058500,여,20,525
1144058500,여,25,829
1144058500,여,30,956
1144058500,여,35,868
1144058500,여,40,783
1144058500,여,45,696
1144058500,여,50,885
1144058500,여,55,892
1144058500,여,60,847
1144058500,여,65,725
1144058500,여,70,468
1144058500,여,75,403
1144058500,여,80,369
1144058500,여,85,233
1144058500,여,90,88
1144058500,여,95,23
1144058500,여,100,4
1144059000,남,0,330
1144059000,남,5,567
1144059000,남,10,597
1144059000,남,15,466
1144059000,남,20,386
1144059000,남,25,508
1144059000,남,30,701
1144059000,남,35,802
1144059000,남,40,1039
1144059000,남,45,944
1144059000,남,50,958
1144059000,남,55,684
1144059000,남,60,632
1144059000,남,65,498
1144059000,남,70,298
1144059000,남,75,233
1144059000,남,80,201
1144059000,남,85,92
1144059000,남,90,29
1144059000,남,95,5
1144059000,남,100,1
1144059000,여,0,307
1144059000,여,5,605
1144059000,여,10,642
1144059000,여,15,483
1144059000,여,20,453
1144059000,여,25,627
1144059000,여,30,899
1144059000,여,35,979
1144059000,여,40,1150
1144059000,여,45,1069
1144059000,여,50,897
1144059000,여,55,694
1144059000,여,60,639
1144059000,여,65,567
1144059000,여,70,380
1144059000,여,75,340
1144059000,여,80,271
1144059000,여,85,174
1144059000,여,90,83
1144059000,여,95,25
1144059000,여,100,2
1144060000,남,0,112
1144060000,남,5,173
1144060000,남,10,175
1144060000,남,15,288
1144060000,남,20,637
1144060000,남,25,979
1144060000,남,30,754
1144060000,남,35,524
1144060000,남,40,502
1144060000,남,45,457
1144060000,남,50,557
1144060000,남,55,473
1144060000,남,60,453
1144060000,남,65,313
1144060000,남,70,201
1144060000,남,75,142
1144060000,남,80,135
1144060000,남,85,54
1144060000,남,90,30
1144060000,남,95,2
1144060000,남,100,1
1144060000,여,0,128
1144060000,여,5,132
1144060000,여,10,158
1144060000,여,15,242
1144060000,여,20,945
1144060000,여,25,1084
1144060000,여,30,712
1144060000,여,35,481
1144060000,여,40,499
1144060000,여,45,477
1144060000,여,50,558
1144060000,여,55,427
1144060000,여,60,419
1144060000,여,65,334
1144060000,여,70,264
1144060000,여,75,188
1144060000,여,80,211
1144060000,여,85,100
1144060000,여,90,37
1144060000,여,95,7
1144060000,여,100,4
1144061000,남,0,236
1144061000,남,5,388
1144061000,남,10,462
1144061000,남,15,388
1144061000,남,20,430
1144061000,남,25,624
1144061000,남,30,696
1144061000,남,35,602
1144061000,남,40,770
1144061000,남,45,727
1144061000,남,50,767
1144061000,남,55,550
1144061000,남,60,457
1144061000,남,65,349
1144061000,남,70,199
1144061000,남,75,151
1144061000,남,80,141
1144061000,남,85,57
1144061000,남,90,21
1144061000,남,95,2
1144061000,남,100,1
1144061000,여,0,223
1144061000,여,5,404
1144061000,여,10,464
1144061000,여,15,385
1144061000,여,20,574
1144061000,여,25,724
1144061000,여,30,743
1144061000,여,35,676
1144061000,여,40,869
1144061000,여,45,743
1144061000,여,50,689
1144061000,여,55,568
1144061000,여,60,489
1144061000,여,65,381
1144061000,여,70,266
1144061000,여,75,265
1144061000,여,80,215
1144061000,여,85,122
1144061000,여,90,37
1144061000,여,95,3
1144061000,여,100,0
1144063000,남,0,314
1144063000,남,5,415
1144063000,남,10,407
1144063000,남,15,531
1144063000,남,20,804
1144063000,남,25,923
1144063000,남,30,844
1144063000,남,35,811
1144063000,남,40,908
1144063000,남,45,730
1144063000,남,50,1013
1144063000,남,55,889
1144063000,남,60,685
1144063000,남,65,557
1144063000,남,70,382
1144063000,남,75,248
1144063000,남,80,224
1144063000,남,85,107
1144063000,남,90,33
1144063000,남,95,7
1144063000,남,100,1
1144063000,여,0,315
1144063000,여,5,380
1144063000,여,10,357
1144063000,여,15,486
1144063000,여,20,721
1144063000,여,25,896
1144063000,여,30,856
1144063000,여,35,886
1144063000,여,40,897
1144063000,여,45,909
1144063000,여,50,1136
1144063000,여,55,802
1144063000,여,60,715
1144063000,여,65,672
1144063000,여,70,403
1144063000,여,75,421
1144063000,여,80,310
1144063000,여,85,171
1144063000,여,90,52
1144063000,여,95,13
1144063000,여,100,3
1144065500,남,0,333
1144065500,남,5,486
1144065500,남,10,440
1144065500,남,15,394
1144065500,남,20,947
1144065500,남,25,1288
1144065500,남,30,1095
1144065500,남,35,845
1144065500,남,40,1009
1144065500,남,45,801
1144065500,남,50,957
1144065500,남,55,870
1144065500,남,60,724
1144065500,남,65,555
1144065500,남,70,378
1144065500,남,75,258
1144065500,남,80,230
1144065500,남,85,98
1144065500,남,90,29
1144065500,남,95,6
1144065500,남,100,0
1144065500,여,0,310
1144065500,여,5,414
1144065500,여,10,404
1144065500,여,15,429
1144065500,여,20,1119
1144065500,여,25,1369
1144065500,여,30,1069
1144065500,여,35,1045
1144065500,여,40,993
1144065500,여,45,901
1144065500,여,50,1107
1144065500,여,55,864
1144065500,여,60,800
1144065500,여,65,620
1144065500,여,70,424
1144065500,여,75,388
1144065500,여,80,311
1144065500,여,85,183
1144065500,여,90,72
1144065500,여,95,11
1144065500,여,100,1
1144066000,남,0,125
1144066000,남,5,172
1144066000,남,10,201
1144066000,남,15,275
1144066000,남,20,833
1144066000,남,25,1619
1144066000,남,30,1555
1144066000,남,35,1038
1144066000,남,40,854
1144066000,남,45,756
1144066000,남,50,815
1144066000,남,55,657
1144066000,남,60,595
1144066000,남,65,454
1144066000,남,70,322
1144066000,남,75,300
1144066000,남,80,214
1144066000,남,85,116
1144066000,남,90,34
1144066000,남,95,8
1144066000,남,100,0
1144066000,여,0,149
1144066000,여,5,177
1144066000,여,10,200
1144066000,여,15,328
1144066000,여,20,1330
1144066000,여,25,2019
1144066000,여,30,1690
1144066000,여,35,1079
1144066000,여,40,1016
1144066000,여,45,751
1144066000,여,50,931
1144066000,여,55,721
1144066000,여,60,652
1144066000,여,65,558
1144066000,여,70,422
1144066000,여,75,408
1144066000,여,80,291
1144066000,여,85,178
1144066000,여,90,91
1144066000,여,95,20
1144066000,여,100,0
1144068000,남,0,145
1144068000,남,5,148
1144068000,남,10,161
1144068000,남,15,179
1144068000,남,20,363
1144068000,남,25,887
1144068000,남,30,1020
1144068000,남,35,727
1144068000,남,40,643
1144068000,남,45,523
1144068000,남,50,525
1144068000,남,55,463
1144068000,남,60,482
1144068000,남,65,399
1144068000,남,70,272
1144068000,남,75,205
1144068000,남,80,186
1144068000,남,85,68
1144068000,남,90,25
1144068000,남,95,6
1144068000,남,100,0
1144068000,여,0,148
1144068000,여,5,148
1144068000,여,10,147
1144068000,여,15,224
1144068000,여,20,534
1144068000,여,25,1113
1144068000,여,30,1083
1144068000,여,35,817
1144068000,여,40,656
1144068000,여,45,547
1144068000,여,50,639
1144068000,여,55,570
1144068000,여,60,549
1144068000,여,65,476
1144068000,여,70,327
1144068000,여,75,325
1144068000,여,80,229
1144068000,여,85,126
1144068000,여,90,46
1144068000,여,95,17
1144068000,여,100,3
1144069000,남,0,158
1144069000,남,5,195
1144069000,남,10,244
1144069000,남,15,269
1144069000,남,20,467
1144069000,남,25,854
1144069000,남,30,1026
1144069000,남,35,698
1144069000,남,40,741
1144069000,남,45,629
1144069000,남,50,700
1144069000,남,55,693
1144069000,남,60,594
1144069000,남,65,522
1144069000,남,70,333
1144069000,남,75,287
1144069000,남,80,221
1144069000,남,85,74
1144069000,남,90,17
1144069000,남,95,2
1144069000,남,100,0
1144069000,여,0,145
1144069000,여,5,213
1144069000,여,10,229
1144069000,여,15,285
1144069000,여,20,562
1144069000,여,25,1104
1144069000,여,30,1090
1144069000,여,35,808
1144069000,여,40,801
1144069000,여,45,670
1144069000,여,50,786
1144069000,여,55,699
1144069000,여,60,696
1144069000,여,65,641
1144069000,여,70,458
1144069000,여,75,460
1144069000,여,80,294
1144069000,여,85,169
1144069000,여,90,61
1144069000,여,95,14
1144069000,여,100,0
1144070000,남,0,171
1144070000,남,5,257
1144070000,남,10,326
1144070000,남,15,341
1144070000,남,20,447
1144070000,남,25,644
1144070000,남,30,751
1144070000,남,35,617
1144070000,남,40,671
1144070000,남,45,662
1144070000,남,50,778
1144070000,남,55,627
1144070000,남,60,542
1144070000,남,65,472
1144070000,남,70,311
1144070000,남,75,276
1144070000,남,80,226
1144070000,남,85,83
1144070000,남,90,22
1144070000,남,95,2
1144070000,남,100,0
1144070000,여,0,134
1144070000,여,5,227
1144070000,여,10,289
1144070000,여,15,380
1144070000,여,20,523
1144070000,여,25,873
1144070000,여,30,855
1144070000,여,35,656
1144070000,여,40,738
1144070000,여,45,708
1144070000,여,50,826
1144070000,여,55,654
1144070000,여,60,610
1144070000,여,65,634
1144070000,여,70,460
1144070000,여,75,377
1144070000,여,80,304
1144070000,여,85,130
1144070000,여,90,49
1144070000,여,95,15
1144070000,여,100,3
1144071000,남,0,98
1144071000,남,5,120
1144071000,남,10,146
1144071000,남,15,176
1144071000,남,20,449
1144071000,남,25,819
1144071000,남,30,886
1144071000,남,35,580
1144071000,남,40,556
1144071000,남,45,466
1144071000,남,50,522
1144071000,남,55,400
1144071000,남,60,396
1144071000,남,65,353
1144071000,남,70,217
1144071000,남,75,177
1144071000,남,80,156
1144071000,남,85,75
1144071000,남,90,18
1144071000,남,95,6
1144071000,남,100,3
1144071000,여,0,101
1144071000,여,5,128
1144071000,여,10,159
1144071000,여,15,159
1144071000,여,20,594
1144071000,여,25,979
1144071000,여,30,874
1144071000,여,35,621
1144071000,여,40,561
1144071000,여,45,486
1144071000,여,50,556
1144071000,여,55,475
1144071000,여,60,437
1144071000,여,65,432
1144071000,여,70,317
1144071000,여,75,253
1144071000,여,80,222
1144071000,여,85,130
1144071000,여,90,46
1144071000,여,95,10
1144071000,여,100,3
1144072000,남,0,121
1144072000,남,5,191
1144072000,남,10,267
1144072000,남,15,315
1144072000,남,20,495
1144072000,남,25,851
1144072000,남,30,911
1144072000,남,35,664
1144072000,남,40,704
1144072000,남,45,686
1144072000,남,50,832
1144072000,남,55,622
1144072000,남,60,563
1144072000,남,65,465
1144072000,남,70,295
1144072000,남,75,245
1144072000,남,80,201
1144072000,남,85,87
1144072000,남,90,20
1144072000,남,95,3
1144072000,남,100,1
1144072000,여,0,130
1144072000,여,5,202
1144072000,여,10,265
1144072000,여,15,392
1144072000,여,20,620
1144072000,여,25,999
1144072000,여,30,996
1144072000,여,35,736
1144072000,여,40,758
1144072000,여,45,761
1144072000,여,50,888
1144072000,여,55,670
1144072000,여,60,639
1144072000,여,65,594
1144072000,여,70,415
1144072000,여,75,371
1144072000,여,80,280
1144072000,여,85,134
1144072000,여,90,45
1144072000,여,95,6
1144072000,여,100,3
1144073000,남,0,379
1144073000,남,5,489
1144073000,남,10,658
1144073000,남,15,791
1144073000,남,20,990
1144073000,남,25,1470
1144073000,남,30,1719
1144073000,남,35,1361
1144073000,남,40,1251
1144073000,남,45,1290
1144073000,남,50,1571
1144073000,남,55,1317
1144073000,남,60,1166
1144073000,남,65,933
1144073000,남,70,629
1144073000,남,75,505
1144073000,남,80,413
1144073000,남,85,141
1144073000,남,90,49
1144073000,남,95,7
1144073000,남,100,0
1144073000,여,0,392
1144073000,여,5,478
1144073000,여,10,659
1144073000,여,15,754
1144073000,여,20,1558
1144073000,여,25,2633
1144073000,여,30,2303
1144073000,여,35,1536
1144073000,여,40,1452
1144073000,여,45,1435
1144073000,여,50,1692
1144073000,여,55,1380
1144073000,여,60,1287
1144073000,여,65,1203
1144073000,여,70,898
1144073000,여,75,833
1144073000,여,80,627
1144073000,여,85,317
1144073000,여,90,130
1144073000,여,95,25
1144073000,여,100,9
1144074000,남,0,338
1144074000,남,5,627
1144074000,남,10,855
1144074000,남,15,964
1144074000,남,20,895
1144074000,남,25,924
1144074000,남,30,872
1144074000,남,35,787
1144074000,남,40,1059
1144074000,남,45,1214
1144074000,남,50,1513
1144074000,남,55,1055
1144074000,남,60,838
1144074000,남,65,709
1144074000,남,70,463
1144074000,남,75,363
1144074000,남,80,247
1144074000,남,85,117
1144074000,남,90,35
1144074000,남,95,3
1144074000,남,100,0
1144074000,여,0,296
1144074000,여,5,529
1144074000,여,10,830
1144074000,여,15,959
1144074000,여,20,1070
1144074000,여,25,1402
1144074000,여,30,996
1144074000,여,35,920
1144074000,여,40,1231
1144074000,여,45,1434
1144074000,여,50,1444
1144074000,여,55,1088
1144074000,여,60,902
1144074000,여,65,877
1144074000,여,70,601
1144074000,여,75,461
1144074000,여,80,343
1144074000,여,85,218
1144074000,여,90,99
1144074000,여,95,21
1144074000,여,100,3
1147051000,남,0,294
1147051000,남,5,898
1147051000,남,10,1338
1147051000,남,15,1134
1147051000,남,20,787
1147051000,남,25,643
1147051000,남,30,521
1147051000,남,35,650
1147051000,남,40,1337
1147051000,남,45,1554
1147051000,남,50,1641
1147051000,남,55,1016
1147051000,남,60,868
1147051000,남,65,687
1147051000,남,70,458
1147051000,남,75,347
1147051000,남,80,182
1147051000,남,85,66
1147051000,남,90,20
1147051000,남,95,2
1147051000,남,100,1
1147051000,여,0,279
1147051000,여,5,884
1147051000,여,10,1410
1147051000,여,15,1158
1147051000,여,20,805
1147051000,여,25,654
1147051000,여,30,631
1147051000,여,35,943
1147051000,여,40,1710
1147051000,여,45,1806
1147051000,여,50,1500
1147051000,여,55,1005
1147051000,여,60,900
1147051000,여,65,762
1147051000,여,70,463
1147051000,여,75,325
1147051000,여,80,245
1147051000,여,85,138
1147051000,여,90,50
1147051000,여,95,16
1147051000,여,100,3
1147052000,남,0,273
1147052000,남,5,380
1147052000,남,10,500
1147052000,남,15,685
1147052000,남,20,760
1147052000,남,25,1219
1147052000,남,30,1497
1147052000,남,35,1078
1147052000,남,40,1074
1147052000,남,45,937
1147052000,남,50,1145
1147052000,남,55,1029
1147052000,남,60,1077
1147052000,남,65,887
1147052000,남,70,564
1147052000,남,75,377
1147052000,남,80,214
1147052000,남,85,81
1147052000,남,90,15
1147052000,남,95,5
1147052000,남,100,2
1147052000,여,0,249
1147052000,여,5,355
1147052000,여,10,489
1147052000,여,15,540
1147052000,여,20,805
1147052000,여,25,1360
1147052000,여,30,1510
1147052000,여,35,1016
1147052000,여,40,1092
1147052000,여,45,1075
1147052000,여,50,1277
1147052000,여,55,1213
1147052000,여,60,1181
1147052000,여,65,1037
1147052000,여,70,591
1147052000,여,75,451
1147052000,여,80,303
1147052000,여,85,172
1147052000,여,90,73
1147052000,여,95,15
1147052000,여,100,2
1147053000,남,0,252
1147053000,남,5,280
1147053000,남,10,277
1147053000,남,15,392
1147053000,남,20,535
1147053000,남,25,930
1147053000,남,30,1037
1147053000,남,35,776
1147053000,남,40,799
1147053000,남,45,628
1147053000,남,50,728
1147053000,남,55,805
1147053000,남,60,816
1147053000,남,65,710
1147053000,남,70,428
1147053000,남,75,308
1147053000,남,80,174
1147053000,남,85,85
1147053000,남,90,24
1147053000,남,95,6
1147053000,남,100,0
1147053000,여,0,237
1147053000,여,5,263
1147053000,여,10,238
1147053000,여,15,316
1147053000,여,20,553
1147053000,여,25,1026
1147053000,여,30,1100
1147053000,여,35,815
1147053000,여,40,816
1147053000,여,45,733
1147053000,여,50,909
1147053000,여,55,956
1147053000,여,60,957
1147053000,여,65,784
1147053000,여,70,523
1147053000,여,75,374
1147053000,여,80,245
1147053000,여,85,171
1147053000,여,90,67
1147053000,여,95,12
1147053000,여,100,3
1147054000,남,0,148
1147054000,남,5,302
1147054000,남,10,619
1147054000,남,15,919
1147054000,남,20,928
1147054000,남,25,978
1147054000,남,30,833
1147054000,남,35,565
1147054000,남,40,751
1147054000,남,45,895
1147054000,남,50,1296
1147054000,남,55,1115
1147054000,남,60,837
1147054000,남,65,608
1147054000,남,70,411
1147054000,남,75,307
1147054000,남,80,182
1147054000,남,85,69
1147054000,남,90,18
1147054000,남,95,4
1147054000,남,100,1
1147054000,여,0,153
1147054000,여,5,336
1147054000,여,10,621
1147054000,여,15,765
1147054000,여,20,775
1147054000,여,25,945
1147054000,여,30,724
1147054000,여,35,611
1147054000,여,40,852
1147054000,여,45,1203
1147054000,여,50,1377
1147054000,여,55,1086
1147054000,여,60,897
1147054000,여,65,671
1147054000,여,70,475
1147054000,여,75,429
1147054000,여,80,246
1147054000,여,85,163
1147054000,여,90,62
1147054000,여,95,13
1147054000,여,100,1
1147055000,남,0,386
1147055000,남,5,1174
1147055000,남,10,2098
1147055000,남,15,1871
1147055000,남,20,1052
1147055000,남,25,898
1147055000,남,30,737
1147055000,남,35,804
1147055000,남,40,1653
1147055000,남,45,2098
1147055000,남,50,2112
1147055000,남,55,1362
1147055000,남,60,1203
1147055000,남,65,1064
1147055000,남,70,712
1147055000,남,75,471
1147055000,남,80,221
1147055000,남,85,97
1147055000,남,90,44
1147055000,남,95,12
1147055000,남,100,1
1147055000,여,0,342
1147055000,여,5,1019
1147055000,여,10,1762
1147055000,여,15,1457
1147055000,여,20,1034
1147055000,여,25,876
1147055000,여,30,801
1147055000,여,35,1107
1147055000,여,40,2270
1147055000,여,45,2485
1147055000,여,50,1893
1147055000,여,55,1358
1147055000,여,60,1304
1147055000,여,65,1151
1147055000,여,70,681
1147055000,여,75,405
1147055000,여,80,241
1147055000,여,85,199
1147055000,여,90,100
1147055000,여,95,33
1147055000,여,100,3
1147056000,남,0,117
1147056000,남,5,194
1147056000,남,10,281
1147056000,남,15,312
1147056000,남,20,381
1147056000,남,25,711
1147056000,남,30,743
1147056000,남,35,634
1147056000,남,40,733
1147056000,남,45,723
1147056000,남,50,812
1147056000,남,55,937
1147056000,남,60,1025
1147056000,남,65,913
1147056000,남,70,588
1147056000,남,75,415
1147056000,남,80,255
1147056000,남,85,76
1147056000,남,90,12
1147056000,남,95,2
1147056000,남,100,0
1147056000,여,0,129
1147056000,여,5,183
1147056000,여,10,244
1147056000,여,15,277
1147056000,여,20,416
1147056000,여,25,658
1147056000,여,30,552
1147056000,여,35,483
1147056000,여,40,577
1147056000,여,45,589
1147056000,여,50,829
1147056000,여,55,818
1147056000,여,60,996
1147056000,여,65,903
1147056000,여,70,636
1147056000,여,75,474
1147056000,여,80,313
1147056000,여,85,146
1147056000,여,90,48
1147056000,여,95,26
1147056000,여,100,3
1147057000,남,0,274
1147057000,남,5,360
1147057000,남,10,419
1147057000,남,15,410
1147057000,남,20,506
1147057000,남,25,689
1147057000,남,30,705
1147057000,남,35,656
1147057000,남,40,843
1147057000,남,45,772
1147057000,남,50,820
1147057000,남,55,811
1147057000,남,60,786
1147057000,남,65,759
1147057000,남,70,577
1147057000,남,75,394
1147057000,남,80,214
1147057000,남,85,74
1147057000,남,90,20
1147057000,남,95,5
1147057000,남,100,0
1147057000,여,0,215
1147057000,여,5,326
1147057000,여,10,412
1147057000,여,15,479
1147057000,여,20,492
1147057000,여,25,642
1147057000,여,30,694
1147057000,여,35,676
1147057000,여,40,769
1147057000,여,45,786
1147057000,여,50,841
1147057000,여,55,822
1147057000,여,60,922
1147057000,여,65,964
1147057000,여,70,606
1147057000,여,75,448
1147057000,여,80,265
1147057000,여,85,140
1147057000,여,90,64
1147057000,여,95,12
1147057000,여,100,4
1147058000,남,0,159
1147058000,남,5,180
1147058000,남,10,225
1147058000,남,15,243
1147058000,남,20,344
1147058000,남,25,509
1147058000,남,30,568
1147058000,남,35,413
1147058000,남,40,513
1147058000,남,45,484
1147058000,남,50,688
1147058000,남,55,723
1147058000,남,60,784
1147058000,남,65,640
1147058000,남,70,429
1147058000,남,75,261
1147058000,남,80,159
1147058000,남,85,78
1147058000,남,90,12
1147058000,남,95,1
1147058000,남,100,0
1147058000,여,0,136
1147058000,여,5,145
1147058000,여,10,195
1147058000,여,15,225
1147058000,여,20,294
1147058000,여,25,468
1147058000,여,30,511
1147058000,여,35,357
1147058000,여,40,387
1147058000,여,45,444
1147058000,여,50,501
1147058000,여,55,613
1147058000,여,60,643
1147058000,여,65,580
1147058000,여,70,430
1147058000,여,75,342
1147058000,여,80,257
1147058000,여,85,128
1147058000,여,90,38
1147058000,여,95,9
1147058000,여,100,1
1147059000,남,0,179
1147059000,남,5,324
1147059000,남,10,407
1147059000,남,15,384
1147059000,남,20,461
1147059000,남,25,554
1147059000,남,30,487
1147059000,남,35,515
1147059000,남,40,689
1147059000,남,45,687
1147059000,남,50,666
1147059000,남,55,660
1147059000,남,60,701
1147059000,남,65,625
1147059000,남,70,440
1147059000,남,75,328
1147059000,남,80,182
1147059000,남,85,67
1147059000,남,90,16
1147059000,남,95,2
1147059000,남,100,1
1147059000,여,0,208
1147059000,여,5,306
1147059000,여,10,360
1147059000,여,15,383
1147059000,여,20,396
1147059000,여,25,496
1147059000,여,30,496
1147059000,여,35,512
1147059000,여,40,719
1147059000,여,45,635
1147059000,여,50,778
1147059000,여,55,695
1147059000,여,60,770
1147059000,여,65,761
1147059000,여,70,531
1147059000,여,75,372
1147059000,여,80,256
1147059000,여,85,139
1147059000,여,90,68
1147059000,여,95,11
1147059000,여,100,3
1147060000,남,0,144
1147060000,남,5,203
1147060000,남,10,279
1147060000,남,15,316
1147060000,남,20,358
1147060000,남,25,513
1147060000,남,30,608
1147060000,남,35,441
1147060000,남,40,501
1147060000,남,45,503
1147060000,남,50,568
1147060000,남,55,579
1147060000,남,60,592
1147060000,남,65,494
1147060000,남,70,349
1147060000,남,75,235
1147060000,남,80,138
1147060000,남,85,54
1147060000,남,90,11
1147060000,남,95,0
1147060000,남,100,0
1147060000,여,0,125
1147060000,여,5,195
1147060000,여,10,252
1147060000,여,15,289
1147060000,여,20,347
1147060000,여,25,559
1147060000,여,30,487
1147060000,여,35,411
1147060000,여,40,502
1147060000,여,45,518
1147060000,여,50,580
1147060000,여,55,641
1147060000,여,60,646
1147060000,여,65,571
1147060000,여,70,345
1147060000,여,75,268
1147060000,여,80,208
1147060000,여,85,84
1147060000,여,90,46
1147060000,여,95,8
1147060000,여,100,1
1147061000,남,0,315
1147061000,남,5,393
1147061000,남,10,342
1147061000,남,15,272
1147061000,남,20,319
1147061000,남,25,363
1147061000,남,30,474
1147061000,남,35,605
1147061000,남,40,719
1147061000,남,45,471
1147061000,남,50,547
1147061000,남,55,465
1147061000,남,60,442
1147061000,남,65,404
1147061000,남,70,280
1147061000,남,75,160
1147061000,남,80,112
1147061000,남,85,34
1147061000,남,90,5
1147061000,남,95,1
1147061000,남,100,0
1147061000,여,0,300
1147061000,여,5,349
1147061000,여,10,302
1147061000,여,15,325
1147061000,여,20,322
1147061000,여,25,359
1147061000,여,30,507
1147061000,여,35,641
1147061000,여,40,662
1147061000,여,45,484
1147061000,여,50,566
1147061000,여,55,492
1147061000,여,60,512
1147061000,여,65,492
1147061000,여,70,287
1147061000,여,75,201
1147061000,여,80,138
1147061000,여,85,63
1147061000,여,90,28
1147061000,여,95,5
1147061000,여,100,5
1147061100,남,0,191
1147061100,남,5,182
1147061100,남,10,254
1147061100,남,15,292
1147061100,남,20,402
1147061100,남,25,615
1147061100,남,30,697
1147061100,남,35,618
1147061100,남,40,658
1147061100,남,45,620
1147061100,남,50,762
1147061100,남,55,794
1147061100,남,60,843
1147061100,남,65,785
1147061100,남,70,565
1147061100,남,75,341
1147061100,남,80,211
1147061100,남,85,94
1147061100,남,90,26
1147061100,남,95,9
1147061100,남,100,0
1147061100,여,0,164
1147061100,여,5,188
1147061100,여,10,225
1147061100,여,15,274
1147061100,여,20,372
1147061100,여,25,623
1147061100,여,30,636
1147061100,여,35,520
1147061100,여,40,587
1147061100,여,45,537
1147061100,여,50,775
1147061100,여,55,849
1147061100,여,60,973
1147061100,여,65,951
1147061100,여,70,613
1147061100,여,75,486
1147061100,여,80,401
1147061100,여,85,222
1147061100,여,90,86
1147061100,여,95,13
1147061100,여,100,1
1147062000,남,0,179
1147062000,남,5,543
1147062000,남,10,838
1147062000,남,15,665
1147062000,남,20,509
1147062000,남,25,502
1147062000,남,30,418
1147062000,남,35,401
1147062000,남,40,845
1147062000,남,45,917
1147062000,남,50,926
1147062000,남,55,751
1147062000,남,60,645
1147062000,남,65,502
1147062000,남,70,382
1147062000,남,75,260
1147062000,남,80,136
1147062000,남,85,69
1147062000,남,90,15
1147062000,남,95,3
1147062000,남,100,0
1147062000,여,0,176
1147062000,여,5,548
1147062000,여,10,786
1147062000,여,15,614
1147062000,여,20,483
1147062000,여,25,480
1147062000,여,30,432
1147062000,여,35,523
1147062000,여,40,1083
1147062000,여,45,988
1147062000,여,50,865
1147062000,여,55,738
1147062000,여,60,689
1147062000,여,65,600
1147062000,여,70,405
1147062000,여,75,288
1147062000,여,80,173
1147062000,여,85,125
1147062000,여,90,63
1147062000,여,95,19
1147062000,여,100,2
1147063000,남,0,122
1147063000,남,5,371
1147063000,남,10,767
1147063000,남,15,735
1147063000,남,20,546
1147063000,남,25,501
1147063000,남,30,384
1147063000,남,35,340
1147063000,남,40,673
1147063000,남,45,885
1147063000,남,50,1025
1147063000,남,55,724
1147063000,남,60,677
1147063000,남,65,550
1147063000,남,70,362
1147063000,남,75,220
1147063000,남,80,149
1147063000,남,85,59
1147063000,남,90,21
1147063000,남,95,4
1147063000,남,100,1
1147063000,여,0,122
1147063000,여,5,366
1147063000,여,10,745
1147063000,여,15,668
1147063000,여,20,519
1147063000,여,25,458
1147063000,여,30,416
1147063000,여,35,410
1147063000,여,40,866
1147063000,여,45,1017
1147063000,여,50,905
1147063000,여,55,711
1147063000,여,60,672
1147063000,여,65,575
1147063000,여,70,377
1147063000,여,75,282
1147063000,여,80,204
1147063000,여,85,106
1147063000,여,90,57
1147063000,여,95,15
1147063000,여,100,3
1147064000,남,0,596
1147064000,남,5,871
1147064000,남,10,1204
1147064000,남,15,1452
1147064000,남,20,1556
1147064000,남,25,1477
1147064000,남,30,1498
1147064000,남,35,1400
1147064000,남,40,1724
1147064000,남,45,1894
1147064000,남,50,2297
1147064000,남,55,2058
1147064000,남,60,1792
1147064000,남,65,1475
1147064000,남,70,988
1147064000,남,75,709
1147064000,남,80,442
1147064000,남,85,177
1147064000,남,90,44
1147064000,남,95,10
1147064000,남,100,0
1147064000,여,0,602
1147064000,여,5,857
1147064000,여,10,1162
1147064000,여,15,1340
1147064000,여,20,1465
1147064000,여,25,1483
1147064000,여,30,1534
1147064000,여,35,1405
1147064000,여,40,1847
1147064000,여,45,2091
1147064000,여,50,2552
1147064000,여,55,2188
1147064000,여,60,1962
1147064000,여,65,1771
1147064000,여,70,1223
1147064000,여,75,850
1147064000,여,80,582
1147064000,여,85,328
1147064000,여,90,150
1147064000,여,95,29
1147064000,여,100,6
1147065000,남,0,236
1147065000,남,5,311
1147065000,남,10,450
1147065000,남,15,550
1147065000,남,20,883
1147065000,남,25,1415
1147065000,남,30,1518
1147065000,남,35,1060
1147065000,남,40,1157
1147065000,남,45,1123
1147065000,남,50,1284
1147065000,남,55,1222
1147065000,남,60,1203
1147065000,남,65,1030
1147065000,남,70,795
1147065000,남,75,570
1147065000,남,80,377
1147065000,남,85,139
1147065000,남,90,21
1147065000,남,95,7
1147065000,남,100,0
1147065000,여,0,217
1147065000,여,5,328
1147065000,여,10,388
1147065000,여,15,542
1147065000,여,20,965
1147065000,여,25,1617
1147065000,여,30,1408
1147065000,여,35,936
1147065000,여,40,1096
1147065000,여,45,1091
1147065000,여,50,1396
1147065000,여,55,1280
1147065000,여,60,1323
1147065000,여,65,1308
1147065000,여,70,964
1147065000,여,75,696
1147065000,여,80,434
1147065000,여,85,201
1147065000,여,90,76
1147065000,여,95,20
1147065000,여,100,3
1147067000,남,0,254
1147067000,남,5,633
1147067000,남,10,970
1147067000,남,15,838
1147067000,남,20,671
1147067000,남,25,638
1147067000,남,30,555
1147067000,남,35,581
1147067000,남,40,926
1147067000,남,45,1081
1147067000,남,50,1094
1147067000,남,55,940
1147067000,남,60,797
1147067000,남,65,640
1147067000,남,70,470
1147067000,남,75,268
1147067000,남,80,130
1147067000,남,85,68
1147067000,남,90,21
1147067000,남,95,8
1147067000,남,100,1
1147067000,여,0,213
1147067000,여,5,611
1147067000,여,10,892
1147067000,여,15,840
1147067000,여,20,635
1147067000,여,25,601
1147067000,여,30,576
1147067000,여,35,744
1147067000,여,40,1265
1147067000,여,45,1210
1147067000,여,50,1160
1147067000,여,55,986
1147067000,여,60,850
1147067000,여,65,703
1147067000,여,70,427
1147067000,여,75,251
1147067000,여,80,154
1147067000,여,85,131
1147067000,여,90,62
1147067000,여,95,11
1147067000,여,100,3
1147068000,남,0,307
1147068000,남,5,515
1147068000,남,10,799
1147068000,남,15,854
1147068000,남,20,732
1147068000,남,25,736
1147068000,남,30,731
1147068000,남,35,714
1147068000,남,40,1004
1147068000,남,45,1130
1147068000,남,50,1301
1147068000,남,55,1145
1147068000,남,60,1124
1147068000,남,65,924
1147068000,남,70,641
1147068000,남,75,423
1147068000,남,80,247
1147068000,남,85,114
1147068000,남,90,25
1147068000,남,95,8
1147068000,남,100,4
1147068000,여,0,274
1147068000,여,5,487
1147068000,여,10,771
1147068000,여,15,797
1147068000,여,20,674
1147068000,여,25,719
1147068000,여,30,720
1147068000,여,35,758
1147068000,여,40,1173
1147068000,여,45,1212
1147068000,여,50,1342
1147068000,여,55,1163
1147068000,여,60,1202
1147068000,여,65,1121
1147068000,여,70,776
1147068000,여,75,579
1147068000,여,80,431
1147068000,여,85,287
1147068000,여,90,122
1147068000,여,95,33
1147068000,여,100,3
1150051000,남,0,746
1150051000,남,5,969
1150051000,남,10,1184
1150051000,남,15,1047
1150051000,남,20,1054
1150051000,남,25,1289
1150051000,남,30,1753
1150051000,남,35,1630
1150051000,남,40,1832
1150051000,남,45,1689
1150051000,남,50,1705
1150051000,남,55,1342
1150051000,남,60,1229
1150051000,남,65,972
1150051000,남,70,626
1150051000,남,75,408
1150051000,남,80,226
1150051000,남,85,98
1150051000,남,90,27
1150051000,남,95,4
1150051000,남,100,0
1150051000,여,0,710
1150051000,여,5,906
1150051000,여,10,1098
1150051000,여,15,1019
1150051000,여,20,1082
1150051000,여,25,1747
1150051000,여,30,2106
1150051000,여,35,1861
1150051000,여,40,1977
1150051000,여,45,1732
1150051000,여,50,1794
1150051000,여,55,1354
1150051000,여,60,1371
1150051000,여,65,1039
1150051000,여,70,682
1150051000,여,75,436
1150051000,여,80,313
1150051000,여,85,174
1150051000,여,90,74
1150051000,여,95,15
1150051000,여,100,3
1150052000,남,0,321
1150052000,남,5,301
1150052000,남,10,264
1150052000,남,15,363
1150052000,남,20,559
1150052000,남,25,1227
1150052000,남,30,1762
1150052000,남,35,1360
1150052000,남,40,1082
1150052000,남,45,731
1150052000,남,50,778
1150052000,남,55,684
1150052000,남,60,659
1150052000,남,65,530
1150052000,남,70,333
1150052000,남,75,247
1150052000,남,80,166
1150052000,남,85,102
1150052000,남,90,46
1150052000,남,95,4
1150052000,남,100,8
1150052000,여,0,335
1150052000,여,5,256
1150052000,여,10,242
1150052000,여,15,260
1150052000,여,20,770
1150052000,여,25,1988
1150052000,여,30,2202
1150052000,여,35,1501
1150052000,여,40,988
1150052000,여,45,718
1150052000,여,50,841
1150052000,여,55,791
1150052000,여,60,737
1150052000,여,65,611
1150052000,여,70,399
1150052000,여,75,297
1150052000,여,80,253
1150052000,여,85,221
1150052000,여,90,95
1150052000,여,95,29
1150052000,여,100,3
1150053000,남,0,224
1150053000,남,5,273
1150053000,남,10,381
1150053000,남,15,399
1150053000,남,20,534
1150053000,남,25,770
1150053000,남,30,918
1150053000,남,35,725
1150053000,남,40,745
1150053000,남,45,619
1150053000,남,50,687
1150053000,남,55,668
1150053000,남,60,756
1150053000,남,65,643
1150053000,남,70,437
1150053000,남,75,321
1150053000,남,80,159
1150053000,남,85,74
1150053000,남,90,13
1150053000,남,95,3
1150053000,남,100,0
1150053000,여,0,181
1150053000,여,5,227
1150053000,여,10,292
1150053000,여,15,321
1150053000,여,20,491
1150053000,여,25,841
1150053000,여,30,938
1150053000,여,35,695
1150053000,여,40,708
1150053000,여,45,650
1150053000,여,50,800
1150053000,여,55,808
1150053000,여,60,867
1150053000,여,65,743
1150053000,여,70,505
1150053000,여,75,321
1150053000,여,80,223
1150053000,여,85,124
1150053000,여,90,58
1150053000,여,95,13
1150053000,여,100,4
1150053500,남,0,322
1150053500,남,5,382
1150053500,남,10,385
1150053500,남,15,419
1150053500,남,20,669
1150053500,남,25,848
1150053500,남,30,1218
1150053500,남,35,1064
1150053500,남,40,988
1150053500,남,45,781
1150053500,남,50,957
1150053500,남,55,1019
1150053500,남,60,1347
1150053500,남,65,1283
1150053500,남,70,836
1150053500,남,75,580
1150053500,남,80,334
1150053500,남,85,174
1150053500,남,90,67
1150053500,남,95,21
1150053500,남,100,2
1150053500,여,0,332
1150053500,여,5,350
1150053500,여,10,365
1150053500,여,15,423
1150053500,여,20,610
1150053500,여,25,998
1150053500,여,30,1287
1150053500,여,35,1012
1150053500,여,40,970
1150053500,여,45,847
1150053500,여,50,1106
1150053500,여,55,1238
1150053500,여,60,1524
1150053500,여,65,1492
1150053500,여,70,925
1150053500,여,75,691
1150053500,여,80,611
1150053500,여,85,470
1150053500,여,90,181
1150053500,여,95,58
1150053500,여,100,7
1150054000,남,0,432
1150054000,남,5,520
1150054000,남,10,532
1150054000,남,15,587
1150054000,남,20,1093
1150054000,남,25,2684
1150054000,남,30,3160
1150054000,남,35,2208
1150054000,남,40,2046
1150054000,남,45,1682
1150054000,남,50,1825
1150054000,남,55,1677
1150054000,남,60,1733
1150054000,남,65,1539
1150054000,남,70,1075
1150054000,남,75,854
1150054000,남,80,480
1150054000,남,85,187
1150054000,남,90,39
1150054000,남,95,9
1150054000,남,100,1
1150054000,여,0,410
1150054000,여,5,505
1150054000,여,10,471
1150054000,여,15,588
1150054000,여,20,1524
1150054000,여,25,3310
1150054000,여,30,2797
1150054000,여,35,1834
1150054000,여,40,1863
1150054000,여,45,1562
1150054000,여,50,1784
1150054000,여,55,1868
1150054000,여,60,1998
1150054000,여,65,1963
1150054000,여,70,1346
1150054000,여,75,932
1150054000,여,80,594
1150054000,여,85,288
1150054000,여,90,120
1150054000,여,95,27
1150054000,여,100,6
1150055000,남,0,127
1150055000,남,5,246
1150055000,남,10,318
1150055000,남,15,330
1150055000,남,20,450
1150055000,남,25,697
1150055000,남,30,763
1150055000,남,35,614
1150055000,남,40,694
1150055000,남,45,640
1150055000,남,50,721
1150055000,남,55,607
1150055000,남,60,593
1150055000,남,65,484
1150055000,남,70,367
1150055000,남,75,258
1150055000,남,80,171
1150055000,남,85,59
1150055000,남,90,6
1150055000,남,95,2
1150055000,남,100,0
1150055000,여,0,150
1150055000,여,5,233
1150055000,여,10,291
1150055000,여,15,315
1150055000,여,20,460
1150055000,여,25,698
1150055000,여,30,680
1150055000,여,35,521
1150055000,여,40,707
1150055000,여,45,644
1150055000,여,50,785
1150055000,여,55,704
1150055000,여,60,734
1150055000,여,65,695
1150055000,여,70,454
1150055000,여,75,345
1150055000,여,80,205
1150055000,여,85,108
1150055000,여,90,33
1150055000,여,95,13
1150055000,여,100,1
1150056000,남,0,194
1150056000,남,5,312
1150056000,남,10,407
1150056000,남,15,413
1150056000,남,20,508
1150056000,남,25,804
1150056000,남,30,830
1150056000,남,35,652
1150056000,남,40,733
1150056000,남,45,731
1150056000,남,50,766
1150056000,남,55,712
1150056000,남,60,787
1150056000,남,65,783
1150056000,남,70,576
1150056000,남,75,422
1150056000,남,80,223
1150056000,남,85,74
1150056000,남,90,24
1150056000,남,95,5
1150056000,남,100,0
1150056000,여,0,184
1150056000,여,5,259
1150056000,여,10,340
1150056000,여,15,391
1150056000,여,20,580
1150056000,여,25,1002
1150056000,여,30,896
1150056000,여,35,637
1150056000,여,40,803
1150056000,여,45,754
1150056000,여,50,846
1150056000,여,55,833
1150056000,여,60,866
1150056000,여,65,956
1150056000,여,70,650
1150056000,여,75,438
1150056000,여,80,299
1150056000,여,85,151
1150056000,여,90,69
1150056000,여,95,8
1150056000,여,100,2
1150057000,남,0,161
1150057000,남,5,245
1150057000,남,10,286
1150057000,남,15,344
1150057000,남,20,451
1150057000,남,25,758
1150057000,남,30,847
1150057000,남,35,681
1150057000,남,40,840
1150057000,남,45,705
1150057000,남,50,802
1150057000,남,55,755
1150057000,남,60,800
1150057000,남,65,676
1150057000,남,70,491
1150057000,남,75,377
1150057000,남,80,202
1150057000,남,85,86
1150057000,남,90,28
1150057000,남,95,4
1150057000,남,100,0
1150057000,여,0,169
1150057000,여,5,184
1150057000,여,10,255
1150057000,여,15,303
1150057000,여,20,435
1150057000,여,25,756
1150057000,여,30,687
1150057000,여,35,616
1150057000,여,40,734
1150057000,여,45,679
1150057000,여,50,854
1150057000,여,55,858
1150057000,여,60,910
1150057000,여,65,879
1150057000,여,70,610
1150057000,여,75,426
1150057000,여,80,319
1150057000,여,85,161
1150057000,여,90,53
1150057000,여,95,10
1150057000,여,100,1
1150059000,남,0,280
1150059000,남,5,410
1150059000,남,10,559
1150059000,남,15,578
1150059000,남,20,801
1150059000,남,25,1626
1150059000,남,30,1897
1150059000,남,35,1271
1150059000,남,40,1387
1150059000,남,45,1172
1150059000,남,50,1277
1150059000,남,55,1076
1150059000,남,60,1028
1150059000,남,65,962
1150059000,남,70,609
1150059000,남,75,471
1150059000,남,80,269
1150059000,남,85,95
1150059000,남,90,25
1150059000,남,95,5
1150059000,남,100,0
1150059000,여,0,227
1150059000,여,5,382
1150059000,여,10,487
1150059000,여,15,522
1150059000,여,20,940
1150059000,여,25,1936
1150059000,여,30,1767
1150059000,여,35,1097
1150059000,여,40,1267
1150059000,여,45,1165
1150059000,여,50,1268
1150059000,여,55,1250
1150059000,여,60,1278
1150059000,여,65,1181
1150059000,여,70,800
1150059000,여,75,554
1150059000,여,80,382
1150059000,여,85,190
1150059000,여,90,87
1150059000,여,95,17
1150059000,여,100,10
1150059100,남,0,374
1150059100,남,5,333
1150059100,남,10,322
1150059100,남,15,419
1150059100,남,20,614
1150059100,남,25,1210
1150059100,남,30,1420
1150059100,남,35,1104
1150059100,남,40,1012
1150059100,남,45,818
1150059100,남,50,909
1150059100,남,55,873
1150059100,남,60,872
1150059100,남,65,838
1150059100,남,70,560
1150059100,남,75,354
1150059100,남,80,215
1150059100,남,85,79
1150059100,남,90,21
1150059100,남,95,2
1150059100,남,100,0
1150059100,여,0,336
1150059100,여,5,358
1150059100,여,10,287
1150059100,여,15,338
1150059100,여,20,810
1150059100,여,25,1664
1150059100,여,30,1532
1150059100,여,35,1055
1150059100,여,40,843
1150059100,여,45,815
1150059100,여,50,956
1150059100,여,55,928
1150059100,여,60,1087
1150059100,여,65,959
1150059100,여,70,617
1150059100,여,75,407
1150059100,여,80,257
1150059100,여,85,152
1150059100,여,90,71
1150059100,여,95,19
1150059100,여,100,5
1150059300,남,0,166
1150059300,남,5,246
1150059300,남,10,307
1150059300,남,15,387
1150059300,남,20,567
1150059300,남,25,1067
1150059300,남,30,1089
1150059300,남,35,829
1150059300,남,40,928
1150059300,남,45,873
1150059300,남,50,917
1150059300,남,55,785
1150059300,남,60,783
1150059300,남,65,720
1150059300,남,70,540
1150059300,남,75,457
1150059300,남,80,272
1150059300,남,85,98
1150059300,남,90,16
1150059300,남,95,5
1150059300,남,100,0
1150059300,여,0,172
1150059300,여,5,243
1150059300,여,10,317
1150059300,여,15,350
1150059300,여,20,647
1150059300,여,25,1119
1150059300,여,30,1044
1150059300,여,35,660
1150059300,여,40,854
1150059300,여,45,795
1150059300,여,50,949
1150059300,여,55,950
1150059300,여,60,1050
1150059300,여,65,967
1150059300,여,70,701
1150059300,여,75,510
1150059300,여,80,344
1150059300,여,85,152
1150059300,여,90,48
1150059300,여,95,16
1150059300,여,100,2
1150060300,남,0,331
1150060300,남,5,340
1150060300,남,10,387
1150060300,남,15,443
1150060300,남,20,680
1150060300,남,25,1848
1150060300,남,30,2510
1150060300,남,35,1669
1150060300,남,40,1246
1150060300,남,45,948
1150060300,남,50,1093
1150060300,남,55,924
1150060300,남,60,899
1150060300,남,65,831
1150060300,남,70,421
1150060300,남,75,279
1150060300,남,80,154
1150060300,남,85,72
1150060300,남,90,16
1150060300,남,95,1
1150060300,남,100,1
1150060300,여,0,336
1150060300,여,5,308
1150060300,여,10,365
1150060300,여,15,431
1150060300,여,20,1489
1150060300,여,25,3529
1150060300,여,30,3141
1150060300,여,35,1640
1150060300,여,40,1253
1150060300,여,45,950
1150060300,여,50,1077
1150060300,여,55,994
1150060300,여,60,1051
1150060300,여,65,816
1150060300,여,70,424
1150060300,여,75,291
1150060300,여,80,201
1150060300,여,85,132
1150060300,여,90,44
1150060300,여,95,16
1150060300,여,100,4
1150060400,남,0,96
1150060400,남,5,117
1150060400,남,10,82
1150060400,남,15,115
1150060400,남,20,196
1150060400,남,25,363
1150060400,남,30,574
1150060400,남,35,509
1150060400,남,40,408
1150060400,남,45,271
1150060400,남,50,336
1150060400,남,55,427
1150060400,남,60,670
1150060400,남,65,793
1150060400,남,70,574
1150060400,남,75,359
1150060400,남,80,214
1150060400,남,85,92
1150060400,남,90,23
1150060400,남,95,5
1150060400,남,100,0
1150060400,여,0,94
1150060400,여,5,104
1150060400,여,10,97
1150060400,여,15,83
1150060400,여,20,191
1150060400,여,25,496
1150060400,여,30,637
1150060400,여,35,488
1150060400,여,40,386
1150060400,여,45,279
1150060400,여,50,346
1150060400,여,55,467
1150060400,여,60,792
1150060400,여,65,845
1150060400,여,70,599
1150060400,여,75,424
1150060400,여,80,355
1150060400,여,85,243
1150060400,여,90,113
1150060400,여,95,27
1150060400,여,100,2
1150060500,남,0,198
1150060500,남,5,103
1150060500,남,10,72
1150060500,남,15,122
1150060500,남,20,209
1150060500,남,25,372
1150060500,남,30,724
1150060500,남,35,668
1150060500,남,40,548
1150060500,남,45,359
1150060500,남,50,420
1150060500,남,55,476
1150060500,남,60,546
1150060500,남,65,574
1150060500,남,70,436
1150060500,남,75,308
1150060500,남,80,182
1150060500,남,85,67
1150060500,남,90,20
1150060500,남,95,3
1150060500,남,100,0
1150060500,여,0,197
1150060500,여,5,100
1150060500,여,10,73
1150060500,여,15,104
1150060500,여,20,229
1150060500,여,25,432
1150060500,여,30,847
1150060500,여,35,609
1150060500,여,40,471
1150060500,여,45,364
1150060500,여,50,420
1150060500,여,55,503
1150060500,여,60,684
1150060500,여,65,797
1150060500,여,70,595
1150060500,여,75,441
1150060500,여,80,347
1150060500,여,85,198
1150060500,여,90,62
1150060500,여,95,23
1150060500,여,100,2
1150061100,남,0,421
1150061100,남,5,710
1150061100,남,10,1208
1150061100,남,15,1131
1150061100,남,20,1093
1150061100,남,25,978
1150061100,남,30,912
1150061100,남,35,894
1150061100,남,40,1322
1150061100,남,45,1550
1150061100,남,50,1713
1150061100,남,55,1240
1150061100,남,60,1104
1150061100,남,65,852
1150061100,남,70,576
1150061100,남,75,504
1150061100,남,80,278
1150061100,남,85,116
1150061100,남,90,37
1150061100,남,95,3
1150061100,남,100,1
1150061100,여,0,395
1150061100,여,5,663
1150061100,여,10,1189
1150061100,여,15,1222
1150061100,여,20,1160
1150061100,여,25,1034
1150061100,여,30,988
1150061100,여,35,998
1150061100,여,40,1552
1150061100,여,45,1755
1150061100,여,50,1789
1150061100,여,55,1360
1150061100,여,60,1299
1150061100,여,65,1183
1150061100,여,70,752
1150061100,여,75,610
1150061100,여,80,383
1150061100,여,85,218
1150061100,여,90,105
1150061100,여,95,27
1150061100,여,100,3
1150061500,남,0,507
1150061500,남,5,967
1150061500,남,10,1307
1150061500,남,15,1332
1150061500,남,20,1154
1150061500,남,25,1195
1150061500,남,30,1272
1150061500,남,35,1272
1150061500,남,40,1803
1150061500,남,45,1901
1150061500,남,50,2092
1150061500,남,55,1501
1150061500,남,60,1351
1150061500,남,65,1169
1150061500,남,70,837
1150061500,남,75,613
1150061500,남,80,355
1150061500,남,85,121
1150061500,남,90,32
1150061500,남,95,3
1150061500,남,100,1
1150061500,여,0,494
1150061500,여,5,1006
1150061500,여,10,1332
1150061500,여,15,1420
1150061500,여,20,1424
1150061500,여,25,1349
1150061500,여,30,1328
1150061500,여,35,1363
1150061500,여,40,2069
1150061500,여,45,2234
1150061500,여,50,2071
1150061500,여,55,1540
1150061500,여,60,1445
1150061500,여,65,1369
1150061500,여,70,1001
1150061500,여,75,669
1150061500,여,80,375
1150061500,여,85,181
1150061500,여,90,82
1150061500,여,95,20
1150061500,여,100,4
1150062000,남,0,483
1150062000,남,5,819
1150062000,남,10,697
1150062000,남,15,496
1150062000,남,20,681
1150062000,남,25,1155
1150062000,남,30,1330
1150062000,남,35,1210
1150062000,남,40,1600
1150062000,남,45,1167
1150062000,남,50,1136
1150062000,남,55,992
1150062000,남,60,943
1150062000,남,65,840
1150062000,남,70,511
1150062000,남,75,386
1150062000,남,80,266
1150062000,남,85,104
1150062000,남,90,28
1150062000,남,95,4
1150062000,남,100,0
1150062000,여,0,471
1150062000,여,5,871
1150062000,여,10,656
1150062000,여,15,476
1150062000,여,20,687
1150062000,여,25,1071
1150062000,여,30,1165
1150062000,여,35,1138
1150062000,여,40,1416
1150062000,여,45,992
1150062000,여,50,1059
1150062000,여,55,948
1150062000,여,60,1054
1150062000,여,65,887
1150062000,여,70,613
1150062000,여,75,473
1150062000,여,80,312
1150062000,여,85,165
1150062000,여,90,72
1150062000,여,95,32
1150062000,여,100,2
1150063000,남,0,595
1150063000,남,5,868
1150063000,남,10,1106
1150063000,남,15,1038
1150063000,남,20,1008
1150063000,남,25,1182
1150063000,남,30,1488
1150063000,남,35,1356
1150063000,남,40,1796
1150063000,남,45,1662
1150063000,남,50,1823
1150063000,남,55,1432
1150063000,남,60,1500
1150063000,남,65,1346
1150063000,남,70,911
1150063000,남,75,649
1150063000,남,80,343
1150063000,남,85,150
1150063000,남,90,41
1150063000,남,95,13
1150063000,남,100,0
1150063000,여,0,563
1150063000,여,5,887
1150063000,여,10,1107
1150063000,여,15,1011
1150063000,여,20,1015
1150063000,여,25,1228
1150063000,여,30,1456
1150063000,여,35,1504
1150063000,여,40,1730
1150063000,여,45,1724
1150063000,여,50,1677
1150063000,여,55,1561
1150063000,여,60,1705
1150063000,여,65,1532
1150063000,여,70,976
1150063000,여,75,713
1150063000,여,80,463
1150063000,여,85,289
1150063000,여,90,107
1150063000,여,95,30
1150063000,여,100,6
1150064000,남,0,239
1150064000,남,5,270
1150064000,남,10,298
1150064000,남,15,347
1150064000,남,20,495
1150064000,남,25,885
1150064000,남,30,1110
1150064000,남,35,902
1150064000,남,40,873
1150064000,남,45,730
1150064000,남,50,890
1150064000,남,55,879
1150064000,남,60,865
1150064000,남,65,919
1150064000,남,70,584
1150064000,남,75,438
1150064000,남,80,259
1150064000,남,85,137
1150064000,남,90,29
1150064000,남,95,8
1150064000,남,100,2
1150064000,여,0,203
1150064000,여,5,236
1150064000,여,10,293
1150064000,여,15,289
1150064000,여,20,574
1150064000,여,25,985
1150064000,여,30,1009
1150064000,여,35,794
1150064000,여,40,715
1150064000,여,45,690
1150064000,여,50,773
1150064000,여,55,853
1150064000,여,60,986
1150064000,여,65,1010
1150064000,여,70,689
1150064000,여,75,554
1150064000,여,80,418
1150064000,여,85,243
1150064000,여,90,96
1150064000,여,95,30
1150064000,여,100,1
1150064100,남,0,260
1150064100,남,5,240
1150064100,남,10,321
1150064100,남,15,347
1150064100,남,20,397
1150064100,남,25,608
1150064100,남,30,867
1150064100,남,35,827
1150064100,남,40,867
1150064100,남,45,710
1150064100,남,50,852
1150064100,남,55,750
1150064100,남,60,913
1150064100,남,65,895
1150064100,남,70,668
1150064100,남,75,471
1150064100,남,80,289
1150064100,남,85,147
1150064100,남,90,39
1150064100,남,95,5
1150064100,남,100,2
1150064100,여,0,256
1150064100,여,5,255
1150064100,여,10,299
1150064100,여,15,340
1150064100,여,20,389
1150064100,여,25,562
1150064100,여,30,897
1150064100,여,35,731
1150064100,여,40,846
1150064100,여,45,731
1150064100,여,50,791
1150064100,여,55,837
1150064100,여,60,995
1150064100,여,65,1123
1150064100,여,70,774
1150064100,여,75,591
1150064100,여,80,451
1150064100,여,85,293
1150064100,여,90,124
1150064100,여,95,39
1150064100,여,100,3
1153051000,남,0,638
1153051000,남,5,883
1153051000,남,10,903
1153051000,남,15,866
1153051000,남,20,844
1153051000,남,25,1045
1153051000,남,30,1267
1153051000,남,35,1503
1153051000,남,40,1646
1153051000,남,45,1458
1153051000,남,50,1483
1153051000,남,55,1184
1153051000,남,60,1123
1153051000,남,65,927
1153051000,남,70,664
1153051000,남,75,505
1153051000,남,80,263
1153051000,남,85,117
1153051000,남,90,24
1153051000,남,95,5
1153051000,남,100,1
1153051000,여,0,599
1153051000,여,5,808
1153051000,여,10,976
1153051000,여,15,815
1153051000,여,20,965
1153051000,여,25,1317
1153051000,여,30,1537
1153051000,여,35,1586
1153051000,여,40,1748
1153051000,여,45,1586
1153051000,여,50,1551
1153051000,여,55,1214
1153051000,여,60,1117
1153051000,여,65,1050
1153051000,여,70,776
1153051000,여,75,473
1153051000,여,80,290
1153051000,여,85,199
1153051000,여,90,65
1153051000,여,95,28
1153051000,여,100,2
1153052000,남,0,377
1153052000,남,5,390
1153052000,남,10,490
1153052000,남,15,489
1153052000,남,20,503
1153052000,남,25,639
1153052000,남,30,932
1153052000,남,35,873
1153052000,남,40,950
1153052000,남,45,779
1153052000,남,50,820
1153052000,남,55,647
1153052000,남,60,618
1153052000,남,65,633
1153052000,남,70,394
1153052000,남,75,248
1153052000,남,80,122
1153052000,남,85,58
1153052000,남,90,19
1153052000,남,95,5
1153052000,남,100,1
1153052000,여,0,353
1153052000,여,5,404
1153052000,여,10,465
1153052000,여,15,434
1153052000,여,20,478
1153052000,여,25,759
1153052000,여,30,1000
1153052000,여,35,812
1153052000,여,40,918
1153052000,여,45,823
1153052000,여,50,823
1153052000,여,55,736
1153052000,여,60,753
1153052000,여,65,792
1153052000,여,70,381
1153052000,여,75,239
1153052000,여,80,175
1153052000,여,85,109
1153052000,여,90,40
1153052000,여,95,11
1153052000,여,100,1
1153053000,남,0,144
1153053000,남,5,170
1153053000,남,10,258
1153053000,남,15,324
1153053000,남,20,492
1153053000,남,25,922
1153053000,남,30,901
1153053000,남,35,598
1153053000,남,40,723
1153053000,남,45,747
1153053000,남,50,1032
1153053000,남,55,1133
1153053000,남,60,1137
1153053000,남,65,922
1153053000,남,70,614
1153053000,남,75,517
1153053000,남,80,410
1153053000,남,85,149
1153053000,남,90,28
1153053000,남,95,4
1153053000,남,100,2
1153053000,여,0,144
1153053000,여,5,156
1153053000,여,10,259
1153053000,여,15,312
1153053000,여,20,488
1153053000,여,25,837
1153053000,여,30,748
1153053000,여,35,496
1153053000,여,40,565
1153053000,여,45,621
1153053000,여,50,1017
1153053000,여,55,1030
1153053000,여,60,1077
1153053000,여,65,1035
1153053000,여,70,790
1153053000,여,75,705
1153053000,여,80,480
1153053000,여,85,239
1153053000,여,90,84
1153053000,여,95,18
1153053000,여,100,2
1153054000,남,0,227
1153054000,남,5,247
1153054000,남,10,337
1153054000,남,15,329
1153054000,남,20,551
1153054000,남,25,1501
1153054000,남,30,1463
1153054000,남,35,1141
1153054000,남,40,1068
1153054000,남,45,938
1153054000,남,50,969
1153054000,남,55,758
1153054000,남,60,683
1153054000,남,65,593
1153054000,남,70,419
1153054000,남,75,335
1153054000,남,80,209
1153054000,남,85,93
1153054000,남,90,21
1153054000,남,95,7
1153054000,남,100,0
1153054000,여,0,212
1153054000,여,5,227
1153054000,여,10,305
1153054000,여,15,331
1153054000,여,20,738
1153054000,여,25,1404
1153054000,여,30,1132
1153054000,여,35,867
1153054000,여,40,882
1153054000,여,45,792
1153054000,여,50,779
1153054000,여,55,672
1153054000,여,60,727
1153054000,여,65,672
1153054000,여,70,545
1153054000,여,75,401
1153054000,여,80,282
1153054000,여,85,160
1153054000,여,90,54
1153054000,여,95,12
1153054000,여,100,0
1153055000,남,0,137
1153055000,남,5,150
1153055000,남,10,180
1153055000,남,15,253
1153055000,남,20,402
1153055000,남,25,712
1153055000,남,30,794
1153055000,남,35,620
1153055000,남,40,601
1153055000,남,45,593
1153055000,남,50,756
1153055000,남,55,754
1153055000,남,60,783
1153055000,남,65,649
1153055000,남,70,544
1153055000,남,75,437
1153055000,남,80,271
1153055000,남,85,161
1153055000,남,90,23
1153055000,남,95,5
1153055000,남,100,1
1153055000,여,0,116
1153055000,여,5,132
1153055000,여,10,191
1153055000,여,15,239
1153055000,여,20,468
1153055000,여,25,795
1153055000,여,30,782
1153055000,여,35,542
1153055000,여,40,529
1153055000,여,45,552
1153055000,여,50,775
1153055000,여,55,790
1153055000,여,60,894
1153055000,여,65,817
1153055000,여,70,681
1153055000,여,75,527
1153055000,여,80,446
1153055000,여,85,220
1153055000,여,90,54
1153055000,여,95,11
1153055000,여,100,0
1153056000,남,0,416
1153056000,남,5,367
1153056000,남,10,317
1153056000,남,15,380
1153056000,남,20,664
1153056000,남,25,1414
1153056000,남,30,1668
1153056000,남,35,1247
1153056000,남,40,1146
1153056000,남,45,863
1153056000,남,50,1118
1153056000,남,55,1077
1153056000,남,60,1093
1153056000,남,65,836
1153056000,남,70,595
1153056000,남,75,478
1153056000,남,80,328
1153056000,남,85,119
1153056000,남,90,28
1153056000,남,95,6
1153056000,남,100,1
1153056000,여,0,342
1153056000,여,5,353
1153056000,여,10,307
1153056000,여,15,365
1153056000,여,20,907
1153056000,여,25,1866
1153056000,여,30,1625
1153056000,여,35,1183
1153056000,여,40,1014
1153056000,여,45,853
1153056000,여,50,1081
1153056000,여,55,1074
1153056000,여,60,1124
1153056000,여,65,931
1153056000,여,70,691
1153056000,여,75,565
1153056000,여,80,365
1153056000,여,85,206
1153056000,여,90,73
1153056000,여,95,20
1153056000,여,100,2
1153059500,남,0,36
1153059500,남,5,52
1153059500,남,10,58
1153059500,남,15,68
1153059500,남,20,174
1153059500,남,25,623
1153059500,남,30,614
1153059500,남,35,313
1153059500,남,40,263
1153059500,남,45,236
1153059500,남,50,409
1153059500,남,55,490
1153059500,남,60,453
1153059500,남,65,411
1153059500,남,70,247
1153059500,남,75,178
1153059500,남,80,96
1153059500,남,85,51
1153059500,남,90,9
1153059500,남,95,0
1153059500,남,100,1
1153059500,여,0,34
1153059500,여,5,42
1153059500,여,10,45
1153059500,여,15,56
1153059500,여,20,216
1153059500,여,25,558
1153059500,여,30,331
1153059500,여,35,199
1153059500,여,40,189
1153059500,여,45,173
1153059500,여,50,318
1153059500,여,55,326
1153059500,여,60,373
1153059500,여,65,338
1153059500,여,70,248
1153059500,여,75,205
1153059500,여,80,125
1153059500,여,85,110
1153059500,여,90,26
1153059500,여,95,10
1153059500,여,100,2
1153072000,남,0,467
1153072000,남,5,419
1153072000,남,10,423
1153072000,남,15,502
1153072000,남,20,760
1153072000,남,25,899
1153072000,남,30,1355
1153072000,남,35,1296
1153072000,남,40,1055
1153072000,남,45,862
1153072000,남,50,1051
1153072000,남,55,941
1153072000,남,60,958
1153072000,남,65,859
1153072000,남,70,634
1153072000,남,75,414
1153072000,남,80,263
1153072000,남,85,95
1153072000,남,90,18
1153072000,남,95,4
1153072000,남,100,0
1153072000,여,0,427
1153072000,여,5,382
1153072000,여,10,396
1153072000,여,15,498
1153072000,여,20,676
1153072000,여,25,915
1153072000,여,30,1427
1153072000,여,35,1114
1153072000,여,40,918
1153072000,여,45,822
1153072000,여,50,1025
1153072000,여,55,1012
1153072000,여,60,1016
1153072000,여,65,934
1153072000,여,70,656
1153072000,여,75,486
1153072000,여,80,359
1153072000,여,85,170
1153072000,여,90,77
1153072000,여,95,18
1153072000,여,100,3
1153073000,남,0,257
1153073000,남,5,367
1153073000,남,10,494
1153073000,남,15,543
1153073000,남,20,683
1153073000,남,25,836
1153073000,남,30,860
1153073000,남,35,718
1153073000,남,40,835
1153073000,남,45,898
1153073000,남,50,1204
1153073000,남,55,1121
1153073000,남,60,1116
1153073000,남,65,965
1153073000,남,70,674
1153073000,남,75,502
1153073000,남,80,338
1153073000,남,85,156
1153073000,남,90,29
1153073000,남,95,3
1153073000,남,100,3
1153073000,여,0,237
1153073000,여,5,353
1153073000,여,10,456
1153073000,여,15,523
1153073000,여,20,648
1153073000,여,25,808
1153073000,여,30,796
1153073000,여,35,655
1153073000,여,40,829
1153073000,여,45,940
1153073000,여,50,1210
1153073000,여,55,1156
1153073000,여,60,1140
1153073000,여,65,1034
1153073000,여,70,783
1153073000,여,75,623
1153073000,여,80,450
1153073000,여,85,258
1153073000,여,90,66
1153073000,여,95,25
1153073000,여,100,2
1153074000,남,0,520
1153074000,남,5,442
1153074000,남,10,523
1153074000,남,15,581
1153074000,남,20,787
1153074000,남,25,1114
1153074000,남,30,1337
1153074000,남,35,1224
1153074000,남,40,1228
1153074000,남,45,1095
1153074000,남,50,1343
1153074000,남,55,1335
1153074000,남,60,1412
1153074000,남,65,1237
1153074000,남,70,852
1153074000,남,75,640
1153074000,남,80,392
1153074000,남,85,166
1153074000,남,90,38
1153074000,남,95,7
1153074000,남,100,0
1153074000,여,0,466
1153074000,여,5,458
1153074000,여,10,516
1153074000,여,15,492
1153074000,여,20,766
1153074000,여,25,1140
1153074000,여,30,1369
1153074000,여,35,1120
1153074000,여,40,1130
1153074000,여,45,1052
1153074000,여,50,1327
1153074000,여,55,1418
1153074000,여,60,1459
1153074000,여,65,1332
1153074000,여,70,981
1153074000,여,75,724
1153074000,여,80,521
1153074000,여,85,236
1153074000,여,90,99
1153074000,여,95,18
1153074000,여,100,7
1153075000,남,0,365
1153075000,남,5,460
1153075000,남,10,490
1153075000,남,15,504
1153075000,남,20,706
1153075000,남,25,840
1153075000,남,30,939
1153075000,남,35,993
1153075000,남,40,1159
1153075000,남,45,1016
1153075000,남,50,1189
1153075000,남,55,1103
1153075000,남,60,1149
1153075000,남,65,1144
1153075000,남,70,863
1153075000,남,75,690
1153075000,남,80,424
1153075000,남,85,164
1153075000,남,90,26
1153075000,남,95,6
1153075000,남,100,1
1153075000,여,0,331
1153075000,여,5,439
1153075000,여,10,440
1153075000,여,15,548
1153075000,여,20,750
1153075000,여,25,879
1153075000,여,30,991
1153075000,여,35,944
1153075000,여,40,1090
1153075000,여,45,1010
1153075000,여,50,1228
1153075000,여,55,1231
1153075000,여,60,1406
1153075000,여,65,1361
1153075000,여,70,1047
1153075000,여,75,744
1153075000,여,80,469
1153075000,여,85,214
1153075000,여,90,90
1153075000,여,95,20
1153075000,여,100,2
1153076000,남,0,155
1153076000,남,5,239
1153076000,남,10,290
1153076000,남,15,350
1153076000,남,20,451
1153076000,남,25,626
1153076000,남,30,671
1153076000,남,35,607
1153076000,남,40,693
1153076000,남,45,713
1153076000,남,50,789
1153076000,남,55,827
1153076000,남,60,835
1153076000,남,65,753
1153076000,남,70,598
1153076000,남,75,416
1153076000,남,80,244
1153076000,남,85,96
1153076000,남,90,28
1153076000,남,95,6
1153076000,남,100,0
1153076000,여,0,164
1153076000,여,5,250
1153076000,여,10,291
1153076000,여,15,330
1153076000,여,20,404
1153076000,여,25,593
1153076000,여,30,628
1153076000,여,35,525
1153076000,여,40,695
1153076000,여,45,643
1153076000,여,50,860
1153076000,여,55,907
1153076000,여,60,1018
1153076000,여,65,960
1153076000,여,70,687
1153076000,여,75,468
1153076000,여,80,330
1153076000,여,85,177
1153076000,여,90,52
1153076000,여,95,10
1153076000,여,100,2
1153077000,남,0,250
1153077000,남,5,244
1153077000,남,10,230
1153077000,남,15,282
1153077000,남,20,518
1153077000,남,25,1074
1153077000,남,30,1344
1153077000,남,35,975
1153077000,남,40,830
1153077000,남,45,703
1153077000,남,50,832
1153077000,남,55,708
1153077000,남,60,764
1153077000,남,65,723
1153077000,남,70,512
1153077000,남,75,410
1153077000,남,80,253
1153077000,남,85,103
1153077000,남,90,25
1153077000,남,95,4
1153077000,남,100,1
1153077000,여,0,223
1153077000,여,5,214
1153077000,여,10,250
1153077000,여,15,316
1153077000,여,20,813
1153077000,여,25,1575
1153077000,여,30,1371
1153077000,여,35,870
1153077000,여,40,772
1153077000,여,45,666
1153077000,여,50,746
1153077000,여,55,752
1153077000,여,60,811
1153077000,여,65,791
1153077000,여,70,606
1153077000,여,75,430
1153077000,여,80,341
1153077000,여,85,195
1153077000,여,90,62
1153077000,여,95,18
1153077000,여,100,3
1153078000,남,0,382
1153078000,남,5,622
1153078000,남,10,1045
1153078000,남,15,900
1153078000,남,20,885
1153078000,남,25,1089
1153078000,남,30,1115
1153078000,남,35,998
1153078000,남,40,1370
1153078000,남,45,1425
1153078000,남,50,1554
1153078000,남,55,1287
1153078000,남,60,1254
1153078000,남,65,1102
1153078000,남,70,846
1153078000,남,75,708
1153078000,남,80,461
1153078000,남,85,182
1153078000,남,90,54
1153078000,남,95,11
1153078000,남,100,0
1153078000,여,0,360
1153078000,여,5,585
1153078000,여,10,1034
1153078000,여,15,848
1153078000,여,20,879
1153078000,여,25,1154
1153078000,여,30,1250
1153078000,여,35,990
1153078000,여,40,1485
1153078000,여,45,1429
1153078000,여,50,1630
1153078000,여,55,1464
1153078000,여,60,1477
1153078000,여,65,1452
1153078000,여,70,1071
1153078000,여,75,912
1153078000,여,80,612
1153078000,여,85,289
1153078000,여,90,121
1153078000,여,95,39
1153078000,여,100,6
1153079000,남,0,234
1153079000,남,5,281
1153079000,남,10,429
1153079000,남,15,551
1153079000,남,20,580
1153079000,남,25,743
1153079000,남,30,787
1153079000,남,35,655
1153079000,남,40,827
1153079000,남,45,817
1153079000,남,50,940
1153079000,남,55,846
1153079000,남,60,969
1153079000,남,65,909
1153079000,남,70,580
1153079000,남,75,433
1153079000,남,80,287
1153079000,남,85,95
1153079000,남,90,23
1153079000,남,95,2
1153079000,남,100,0
1153079000,여,0,222
1153079000,여,5,293
1153079000,여,10,382
1153079000,여,15,438
1153079000,여,20,507
1153079000,여,25,687
1153079000,여,30,752
1153079000,여,35,665
1153079000,여,40,775
1153079000,여,45,859
1153079000,여,50,1002
1153079000,여,55,977
1153079000,여,60,1092
1153079000,여,65,1026
1153079000,여,70,697
1153079000,여,75,512
1153079000,여,80,366
1153079000,여,85,190
1153079000,여,90,59
1153079000,여,95,24
1153079000,여,100,4
1153080000,남,0,391
1153080000,남,5,767
1153080000,남,10,513
1153080000,남,15,291
1153080000,남,20,300
1153080000,남,25,366
1153080000,남,30,491
1153080000,남,35,768
1153080000,남,40,1018
1153080000,남,45,722
1153080000,남,50,505
1153080000,남,55,401
1153080000,남,60,415
1153080000,남,65,336
1153080000,남,70,279
1153080000,남,75,178
1153080000,남,80,77
1153080000,남,85,38
1153080000,남,90,9
1153080000,남,95,0
1153080000,남,100,0
1153080000,여,0,432
1153080000,여,5,724
1153080000,여,10,436
1153080000,여,15,324
1153080000,여,20,283
1153080000,여,25,379
1153080000,여,30,647
1153080000,여,35,957
1153080000,여,40,990
1153080000,여,45,599
1153080000,여,50,503
1153080000,여,55,484
1153080000,여,60,526
1153080000,여,65,458
1153080000,여,70,294
1153080000,여,75,146
1153080000,여,80,108
1153080000,여,85,69
1153080000,여,90,26
1153080000,여,95,4
1153080000,여,100,3
1154551000,남,0,155
1154551000,남,5,126
1154551000,남,10,119
1154551000,남,15,169
1154551000,남,20,640
1154551000,남,25,2534
1154551000,남,30,2621
1154551000,남,35,1430
1154551000,남,40,1032
1154551000,남,45,708
1154551000,남,50,840
1154551000,남,55,761
1154551000,남,60,811
1154551000,남,65,610
1154551000,남,70,362
1154551000,남,75,274
1154551000,남,80,158
1154551000,남,85,64
1154551000,남,90,18
1154551000,남,95,1
1154551000,남,100,1
1154551000,여,0,141
1154551000,여,5,136
1154551000,여,10,127
1154551000,여,15,177
1154551000,여,20,1011
1154551000,여,25,2799
1154551000,여,30,1915
1154551000,여,35,865
1154551000,여,40,637
1154551000,여,45,450
1154551000,여,50,534
1154551000,여,55,586
1154551000,여,60,622
1154551000,여,65,566
1154551000,여,70,379
1154551000,여,75,281
1154551000,여,80,180
1154551000,여,85,92
1154551000,여,90,30
1154551000,여,95,9
1154551000,여,100,3
1154561000,남,0,706
1154561000,남,5,691
1154561000,남,10,676
1154561000,남,15,538
1154561000,남,20,1035
1154561000,남,25,2824
1154561000,남,30,3397
1154561000,남,35,2344
1154561000,남,40,2099
1154561000,남,45,1535
1154561000,남,50,1685
1154561000,남,55,1564
1154561000,남,60,1647
1154561000,남,65,1255
1154561000,남,70,768
1154561000,남,75,548
1154561000,남,80,389
1154561000,남,85,150
1154561000,남,90,33
1154561000,남,95,1
1154561000,남,100,2
1154561000,여,0,711
1154561000,여,5,680
1154561000,여,10,607
1154561000,여,15,545
1154561000,여,20,1423
1154561000,여,25,3159
1154561000,여,30,2923
1154561000,여,35,1903
1154561000,여,40,1703
1154561000,여,45,1260
1154561000,여,50,1538
1154561000,여,55,1591
1154561000,여,60,1551
1154561000,여,65,1247
1154561000,여,70,839
1154561000,여,75,680
1154561000,여,80,508
1154561000,여,85,226
1154561000,여,90,97
1154561000,여,95,18
1154561000,여,100,2
1154562000,남,0,124
1154562000,남,5,201
1154562000,남,10,233
1154562000,남,15,294
1154562000,남,20,377
1154562000,남,25,758
1154562000,남,30,802
1154562000,남,35,564
1154562000,남,40,592
1154562000,남,45,526
1154562000,남,50,725
1154562000,남,55,900
1154562000,남,60,938
1154562000,남,65,730
1154562000,남,70,466
1154562000,남,75,330
1154562000,남,80,208
1154562000,남,85,70
1154562000,남,90,24
1154562000,남,95,5
1154562000,남,100,0
1154562000,여,0,127
1154562000,여,5,179
1154562000,여,10,221
1154562000,여,15,241
1154562000,여,20,372
1154562000,여,25,741
1154562000,여,30,642
1154562000,여,35,478
1154562000,여,40,473
1154562000,여,45,508
1154562000,여,50,781
1154562000,여,55,921
1154562000,여,60,892
1154562000,여,65,778
1154562000,여,70,533
1154562000,여,75,391
1154562000,여,80,242
1154562000,여,85,146
1154562000,여,90,45
1154562000,여,95,8
1154562000,여,100,5
1154563000,남,0,155
1154563000,남,5,213
1154563000,남,10,253
1154563000,남,15,282
1154563000,남,20,520
1154563000,남,25,1134
1154563000,남,30,1206
1154563000,남,35,846
1154563000,남,40,765
1154563000,남,45,730
1154563000,남,50,925
1154563000,남,55,1070
1154563000,남,60,1216
1154563000,남,65,922
1154563000,남,70,607
1154563000,남,75,431
1154563000,남,80,279
1154563000,남,85,123
1154563000,남,90,30
1154563000,남,95,5
1154563000,남,100,1
1154563000,여,0,184
1154563000,여,5,183
1154563000,여,10,215
1154563000,여,15,319
1154563000,여,20,562
1154563000,여,25,1155
1154563000,여,30,1009
1154563000,여,35,643
1154563000,여,40,616
1154563000,여,45,599
1154563000,여,50,966
1154563000,여,55,1136
1154563000,여,60,1153
1154563000,여,65,1033
1154563000,여,70,666
1154563000,여,75,483
1154563000,여,80,358
1154563000,여,85,187
1154563000,여,90,68
1154563000,여,95,17
1154563000,여,100,3
1154564000,남,0,105
1154564000,남,5,131
1154564000,남,10,161
1154564000,남,15,204
1154564000,남,20,307
1154564000,남,25,578
1154564000,남,30,638
1154564000,남,35,421
1154564000,남,40,450
1154564000,남,45,446
1154564000,남,50,614
1154564000,남,55,810
1154564000,남,60,788
1154564000,남,65,596
1154564000,남,70,399
1154564000,남,75,277
1154564000,남,80,174
1154564000,남,85,51
1154564000,남,90,14
1154564000,남,95,2
1154564000,남,100,0
1154564000,여,0,96
1154564000,여,5,114
1154564000,여,10,171
1154564000,여,15,241
1154564000,여,20,331
1154564000,여,25,584
1154564000,여,30,541
1154564000,여,35,367
1154564000,여,40,379
1154564000,여,45,414
1154564000,여,50,623
1154564000,여,55,766
1154564000,여,60,797
1154564000,여,65,604
1154564000,여,70,454
1154564000,여,75,330
1154564000,여,80,217
1154564000,여,85,88
1154564000,여,90,33
1154564000,여,95,9
1154564000,여,100,1
1154567000,남,0,281
1154567000,남,5,379
1154567000,남,10,499
1154567000,남,15,565
1154567000,남,20,776
1154567000,남,25,1324
1154567000,남,30,1427
1154567000,남,35,1078
1154567000,남,40,1172
1154567000,남,45,1073
1154567000,남,50,1329
1154567000,남,55,1377
1154567000,남,60,1412
1154567000,남,65,1153
1154567000,남,70,745
1154567000,남,75,577
1154567000,남,80,405
1154567000,남,85,149
1154567000,남,90,51
1154567000,남,95,7
1154567000,남,100,3
1154567000,여,0,264
1154567000,여,5,373
1154567000,여,10,425
1154567000,여,15,487
1154567000,여,20,755
1154567000,여,25,1334
1154567000,여,30,1325
1154567000,여,35,971
1154567000,여,40,1009
1154567000,여,45,1057
1154567000,여,50,1339
1154567000,여,55,1375
1154567000,여,60,1488
1154567000,여,65,1278
1154567000,여,70,884
1154567000,여,75,737
1154567000,여,80,518
1154567000,여,85,291
1154567000,여,90,119
1154567000,여,95,23
1154567000,여,100,4
1154568000,남,0,221
1154568000,남,5,356
1154568000,남,10,438
1154568000,남,15,465
1154568000,남,20,523
1154568000,남,25,543
1154568000,남,30,573
1154568000,남,35,537
1154568000,남,40,655
1154568000,남,45,727
1154568000,남,50,924
1154568000,남,55,789
1154568000,남,60,877
1154568000,남,65,809
1154568000,남,70,497
1154568000,남,75,407
1154568000,남,80,242
1154568000,남,85,122
1154568000,남,90,20
1154568000,남,95,2
1154568000,남,100,2
1154568000,여,0,230
1154568000,여,5,321
1154568000,여,10,506
1154568000,여,15,517
1154568000,여,20,464
1154568000,여,25,513
1154568000,여,30,566
1154568000,여,35,535
1154568000,여,40,735
1154568000,여,45,796
1154568000,여,50,937
1154568000,여,55,937
1154568000,여,60,973
1154568000,여,65,934
1154568000,여,70,541
1154568000,여,75,462
1154568000,여,80,357
1154568000,여,85,194
1154568000,여,90,68
1154568000,여,95,12
1154568000,여,100,3
1154569000,남,0,71
1154569000,남,5,119
1154569000,남,10,147
1154569000,남,15,157
1154569000,남,20,221
1154569000,남,25,380
1154569000,남,30,386
1154569000,남,35,350
1154569000,남,40,318
1154569000,남,45,308
1154569000,남,50,432
1154569000,남,55,446
1154569000,남,60,513
1154569000,남,65,417
1154569000,남,70,344
1154569000,남,75,220
1154569000,남,80,134
1154569000,남,85,57
1154569000,남,90,11
1154569000,남,95,1
1154569000,남,100,0
1154569000,여,0,71
1154569000,여,5,118
1154569000,여,10,137
1154569000,여,15,159
1154569000,여,20,228
1154569000,여,25,346
1154569000,여,30,318
1154569000,여,35,283
1154569000,여,40,283
1154569000,여,45,300
1154569000,여,50,462
1154569000,여,55,487
1154569000,여,60,547
1154569000,여,65,507
1154569000,여,70,349
1154569000,여,75,236
1154569000,여,80,210
1154569000,여,85,98
1154569000,여,90,25
1154569000,여,95,8
1154569000,여,100,1
1154570000,남,0,133
1154570000,남,5,194
1154570000,남,10,292
1154570000,남,15,332
1154570000,남,20,443
1154570000,남,25,666
1154570000,남,30,708
1154570000,남,35,545
1154570000,남,40,602
1154570000,남,45,593
1154570000,남,50,801
1154570000,남,55,906
1154570000,남,60,973
1154570000,남,65,865
1154570000,남,70,560
1154570000,남,75,413
1154570000,남,80,256
1154570000,남,85,110
1154570000,남,90,23
1154570000,남,95,1
1154570000,남,100,0
1154570000,여,0,130
1154570000,여,5,225
1154570000,여,10,266
1154570000,여,15,341
1154570000,여,20,438
1154570000,여,25,596
1154570000,여,30,590
1154570000,여,35,466
1154570000,여,40,541
1154570000,여,45,620
1154570000,여,50,838
1154570000,여,55,998
1154570000,여,60,1039
1154570000,여,65,876
1154570000,여,70,616
1154570000,여,75,475
1154570000,여,80,318
1154570000,여,85,157
1154570000,여,90,60
1154570000,여,95,11
1154570000,여,100,2
1154571000,남,0,143
1154571000,남,5,192
1154571000,남,10,263
1154571000,남,15,324
1154571000,남,20,395
1154571000,남,25,631
1154571000,남,30,672
1154571000,남,35,478
1154571000,남,40,566
1154571000,남,45,587
1154571000,남,50,845
1154571000,남,55,826
1154571000,남,60,877
1154571000,남,65,799
1154571000,남,70,471
1154571000,남,75,390
1154571000,남,80,280
1154571000,남,85,120
1154571000,남,90,31
1154571000,남,95,3
1154571000,남,100,1
1154571000,여,0,149
1154571000,여,5,178
1154571000,여,10,239
1154571000,여,15,315
1154571000,여,20,402
1154571000,여,25,561
1154571000,여,30,526
1154571000,여,35,408
1154571000,여,40,475
1154571000,여,45,569
1154571000,여,50,787
1154571000,여,55,805
1154571000,여,60,866
1154571000,여,65,772
1154571000,여,70,683
1154571000,여,75,513
1154571000,여,80,401
1154571000,여,85,241
1154571000,여,90,80
1154571000,여,95,12
1154571000,여,100,1
1156051500,남,0,275
1156051500,남,5,291
1156051500,남,10,275
1156051500,남,15,284
1156051500,남,20,498
1156051500,남,25,869
1156051500,남,30,908
1156051500,남,35,824
1156051500,남,40,795
1156051500,남,45,676
1156051500,남,50,871
1156051500,남,55,922
1156051500,남,60,929
1156051500,남,65,852
1156051500,남,70,523
1156051500,남,75,373
1156051500,남,80,259
1156051500,남,85,116
1156051500,남,90,18
1156051500,남,95,7
1156051500,남,100,0
1156051500,여,0,257
1156051500,여,5,287
1156051500,여,10,240
1156051500,여,15,251
1156051500,여,20,537
1156051500,여,25,746
1156051500,여,30,820
1156051500,여,35,732
1156051500,여,40,675
1156051500,여,45,613
1156051500,여,50,841
1156051500,여,55,850
1156051500,여,60,856
1156051500,여,65,772
1156051500,여,70,582
1156051500,여,75,431
1156051500,여,80,323
1156051500,여,85,202
1156051500,여,90,60
1156051500,여,95,10
1156051500,여,100,4
1156053500,남,0,283
1156053500,남,5,222
1156053500,남,10,209
1156053500,남,15,220
1156053500,남,20,564
1156053500,남,25,2589
1156053500,남,30,3084
1156053500,남,35,1740
1156053500,남,40,1146
1156053500,남,45,838
1156053500,남,50,1003
1156053500,남,55,994
1156053500,남,60,950
1156053500,남,65,821
1156053500,남,70,491
1156053500,남,75,281
1156053500,남,80,201
1156053500,남,85,87
1156053500,남,90,25
1156053500,남,95,13
1156053500,남,100,0
1156053500,여,0,268
1156053500,여,5,252
1156053500,여,10,189
1156053500,여,15,203
1156053500,여,20,1192
1156053500,여,25,3757
1156053500,여,30,2841
1156053500,여,35,1389
1156053500,여,40,949
1156053500,여,45,644
1156053500,여,50,690
1156053500,여,55,623
1156053500,여,60,615
1156053500,여,65,569
1156053500,여,70,372
1156053500,여,75,303
1156053500,여,80,237
1156053500,여,85,126
1156053500,여,90,63
1156053500,여,95,17
1156053500,여,100,3
1156054000,남,0,463
1156054000,남,5,706
1156054000,남,10,778
1156054000,남,15,690
1156054000,남,20,734
1156054000,남,25,918
1156054000,남,30,1230
1156054000,남,35,1101
1156054000,남,40,1303
1156054000,남,45,1224
1156054000,남,50,1298
1156054000,남,55,1252
1156054000,남,60,1150
1156054000,남,65,958
1156054000,남,70,681
1156054000,남,75,592
1156054000,남,80,404
1156054000,남,85,264
1156054000,남,90,88
1156054000,남,95,14
1156054000,남,100,3
1156054000,여,0,470
1156054000,여,5,653
1156054000,여,10,762
1156054000,여,15,706
1156054000,여,20,805
1156054000,여,25,1161
1156054000,여,30,1369
1156054000,여,35,1355
1156054000,여,40,1495
1156054000,여,45,1341
1156054000,여,50,1483
1156054000,여,55,1328
1156054000,여,60,1238
1156054000,여,65,1091
1156054000,여,70,790
1156054000,여,75,716
1156054000,여,80,552
1156054000,여,85,382
1156054000,여,90,144
1156054000,여,95,33
1156054000,여,100,7
1156055000,남,0,261
1156055000,남,5,222
1156055000,남,10,215
1156055000,남,15,233
1156055000,남,20,441
1156055000,남,25,1056
1156055000,남,30,1593
1156055000,남,35,1029
1156055000,남,40,780
1156055000,남,45,608
1156055000,남,50,723
1156055000,남,55,741
1156055000,남,60,641
1156055000,남,65,603
1156055000,남,70,393
1156055000,남,75,307
1156055000,남,80,205
1156055000,남,85,108
1156055000,남,90,28
1156055000,남,95,6
1156055000,남,100,0
1156055000,여,0,266
1156055000,여,5,207
1156055000,여,10,213
1156055000,여,15,224
1156055000,여,20,648
1156055000,여,25,1488
1156055000,여,30,1577
1156055000,여,35,945
1156055000,여,40,695
1156055000,여,45,615
1156055000,여,50,724
1156055000,여,55,682
1156055000,여,60,697
1156055000,여,65,686
1156055000,여,70,475
1156055000,여,75,362
1156055000,여,80,275
1156055000,여,85,153
1156055000,여,90,59
1156055000,여,95,10
1156055000,여,100,1
1156056000,남,0,565
1156056000,남,5,629
1156056000,남,10,584
1156056000,남,15,557
1156056000,남,20,741
1156056000,남,25,1823
1156056000,남,30,2184
1156056000,남,35,1630
1156056000,남,40,1502
1156056000,남,45,1132
1156056000,남,50,1180
1156056000,남,55,1042
1156056000,남,60,1075
1156056000,남,65,853
1156056000,남,70,592
1156056000,남,75,443
1156056000,남,80,276
1156056000,남,85,150
1156056000,남,90,35
1156056000,남,95,9
1156056000,남,100,3
1156056000,여,0,483
1156056000,여,5,616
1156056000,여,10,582
1156056000,여,15,566
1156056000,여,20,1281
1156056000,여,25,2741
1156056000,여,30,2591
1156056000,여,35,1771
1156056000,여,40,1467
1156056000,여,45,1162
1156056000,여,50,1257
1156056000,여,55,1159
1156056000,여,60,1066
1156056000,여,65,927
1156056000,여,70,663
1156056000,여,75,478
1156056000,여,80,373
1156056000,여,85,240
1156056000,여,90,68
1156056000,여,95,15
1156056000,여,100,4
1156058500,남,0,215
1156058500,남,5,178
1156058500,남,10,208
1156058500,남,15,216
1156058500,남,20,399
1156058500,남,25,812
1156058500,남,30,1030
1156058500,남,35,764
1156058500,남,40,677
1156058500,남,45,579
1156058500,남,50,805
1156058500,남,55,742
1156058500,남,60,733
1156058500,남,65,566
1156058500,남,70,399
1156058500,남,75,308
1156058500,남,80,191
1156058500,남,85,105
1156058500,남,90,11
1156058500,남,95,4
1156058500,남,100,2
1156058500,여,0,202
1156058500,여,5,179
1156058500,여,10,179
1156058500,여,15,197
1156058500,여,20,501
1156058500,여,25,840
1156058500,여,30,909
1156058500,여,35,672
1156058500,여,40,580
1156058500,여,45,530
1156058500,여,50,716
1156058500,여,55,631
1156058500,여,60,673
1156058500,여,65,580
1156058500,여,70,455
1156058500,여,75,361
1156058500,여,80,314
1156058500,여,85,160
1156058500,여,90,53
1156058500,여,95,9
1156058500,여,100,2
1156060500,남,0,625
1156060500,남,5,789
1156060500,남,10,810
1156060500,남,15,745
1156060500,남,20,749
1156060500,남,25,897
1156060500,남,30,1226
1156060500,남,35,1399
1156060500,남,40,1581
1156060500,남,45,1353
1156060500,남,50,1327
1156060500,남,55,962
1156060500,남,60,867
1156060500,남,65,754
1156060500,남,70,583
1156060500,남,75,444
1156060500,남,80,295
1156060500,남,85,138
1156060500,남,90,42
1156060500,남,95,5
1156060500,남,100,3
1156060500,여,0,577
1156060500,여,5,756
1156060500,여,10,769
1156060500,여,15,672
1156060500,여,20,760
1156060500,여,25,1069
1156060500,여,30,1421
1156060500,여,35,1503
1156060500,여,40,1603
1156060500,여,45,1351
1156060500,여,50,1268
1156060500,여,55,1017
1156060500,여,60,885
1156060500,여,65,936
1156060500,여,70,671
1156060500,여,75,489
1156060500,여,80,381
1156060500,여,85,223
1156060500,여,90,84
1156060500,여,95,20
1156060500,여,100,3
1156061000,남,0,324
1156061000,남,5,277
1156061000,남,10,264
1156061000,남,15,233
1156061000,남,20,346
1156061000,남,25,847
1156061000,남,30,1145
1156061000,남,35,1085
1156061000,남,40,835
1156061000,남,45,680
1156061000,남,50,634
1156061000,남,55,518
1156061000,남,60,442
1156061000,남,65,376
1156061000,남,70,264
1156061000,남,75,201
1156061000,남,80,162
1156061000,남,85,67
1156061000,남,90,16
1156061000,남,95,0
1156061000,남,100,1
1156061000,여,0,284
1156061000,여,5,246
1156061000,여,10,235
1156061000,여,15,253
1156061000,여,20,565
1156061000,여,25,1245
1156061000,여,30,1337
1156061000,여,35,979
1156061000,여,40,755
1156061000,여,45,628
1156061000,여,50,593
1156061000,여,55,445
1156061000,여,60,492
1156061000,여,65,420
1156061000,여,70,363
1156061000,여,75,285
1156061000,여,80,207
1156061000,여,85,126
1156061000,여,90,38
1156061000,여,95,9
1156061000,여,100,1
1156062000,남,0,395
1156062000,남,5,326
1156062000,남,10,324
1156062000,남,15,392
1156062000,남,20,584
1156062000,남,25,1051
1156062000,남,30,1540
1156062000,남,35,1253
1156062000,남,40,948
1156062000,남,45,710
1156062000,남,50,789
1156062000,남,55,758
1156062000,남,60,668
1156062000,남,65,557
1156062000,남,70,294
1156062000,남,75,236
1156062000,남,80,139
1156062000,남,85,79
1156062000,남,90,16
1156062000,남,95,3
1156062000,남,100,0
1156062000,여,0,402
1156062000,여,5,336
1156062000,여,10,306
1156062000,여,15,330
1156062000,여,20,668
1156062000,여,25,1466
1156062000,여,30,1662
1156062000,여,35,1195
1156062000,여,40,882
1156062000,여,45,755
1156062000,여,50,785
1156062000,여,55,731
1156062000,여,60,638
1156062000,여,65,528
1156062000,여,70,352
1156062000,여,75,290
1156062000,여,80,235
1156062000,여,85,116
1156062000,여,90,50
1156062000,여,95,7
1156062000,여,100,2
1156063000,남,0,152
1156063000,남,5,170
1156063000,남,10,185
1156063000,남,15,254
1156063000,남,20,508
1156063000,남,25,1178
1156063000,남,30,1283
1156063000,남,35,758
1156063000,남,40,712
1156063000,남,45,610
1156063000,남,50,783
1156063000,남,55,744
1156063000,남,60,743
1156063000,남,65,604
1156063000,남,70,380
1156063000,남,75,310
1156063000,남,80,223
1156063000,남,85,104
1156063000,남,90,39
1156063000,남,95,6
1156063000,남,100,0
1156063000,여,0,164
1156063000,여,5,200
1156063000,여,10,184
1156063000,여,15,235
1156063000,여,20,639
1156063000,여,25,1250
1156063000,여,30,967
1156063000,여,35,643
1156063000,여,40,492
1156063000,여,45,536
1156063000,여,50,695
1156063000,여,55,681
1156063000,여,60,714
1156063000,여,65,651
1156063000,여,70,426
1156063000,여,75,427
1156063000,여,80,338
1156063000,여,85,185
1156063000,여,90,74
1156063000,여,95,10
1156063000,여,100,3
1156065000,남,0,209
1156065000,남,5,275
1156065000,남,10,260
1156065000,남,15,266
1156065000,남,20,346
1156065000,남,25,584
1156065000,남,30,634
1156065000,남,35,579
1156065000,남,40,652
1156065000,남,45,534
1156065000,남,50,642
1156065000,남,55,672
1156065000,남,60,663
1156065000,남,65,578
1156065000,남,70,382
1156065000,남,75,273
1156065000,남,80,205
1156065000,남,85,66
1156065000,남,90,12
1156065000,남,95,1
1156065000,남,100,1
1156065000,여,0,216
1156065000,여,5,281
1156065000,여,10,269
1156065000,여,15,245
1156065000,여,20,359
1156065000,여,25,580
1156065000,여,30,646
1156065000,여,35,501
1156065000,여,40,560
1156065000,여,45,517
1156065000,여,50,659
1156065000,여,55,661
1156065000,여,60,694
1156065000,여,65,682
1156065000,여,70,432
1156065000,여,75,344
1156065000,여,80,282
1156065000,여,85,125
1156065000,여,90,43
1156065000,여,95,12
1156065000,여,100,4
1156066000,남,0,162
1156066000,남,5,208
1156066000,남,10,209
1156066000,남,15,211
1156066000,남,20,268
1156066000,남,25,408
1156066000,남,30,493
1156066000,남,35,455
1156066000,남,40,474
1156066000,남,45,429
1156066000,남,50,491
1156066000,남,55,498
1156066000,남,60,488
1156066000,남,65,460
1156066000,남,70,265
1156066000,남,75,209
1156066000,남,80,130
1156066000,남,85,59
1156066000,남,90,14
1156066000,남,95,3
1156066000,남,100,0
1156066000,여,0,153
1156066000,여,5,203
1156066000,여,10,190
1156066000,여,15,172
1156066000,여,20,245
1156066000,여,25,412
1156066000,여,30,464
1156066000,여,35,416
1156066000,여,40,457
1156066000,여,45,400
1156066000,여,50,486
1156066000,여,55,494
1156066000,여,60,562
1156066000,여,65,500
1156066000,여,70,323
1156066000,여,75,285
1156066000,여,80,205
1156066000,여,85,107
1156066000,여,90,33
1156066000,여,95,10
1156066000,여,100,2
1156067000,남,0,148
1156067000,남,5,175
1156067000,남,10,162
1156067000,남,15,190
1156067000,남,20,223
1156067000,남,25,266
1156067000,남,30,340
1156067000,남,35,313
1156067000,남,40,396
1156067000,남,45,336
1156067000,남,50,414
1156067000,남,55,395
1156067000,남,60,406
1156067000,남,65,353
1156067000,남,70,251
1156067000,남,75,181
1156067000,남,80,113
1156067000,남,85,47
1156067000,남,90,9
1156067000,남,95,1
1156067000,남,100,0
1156067000,여,0,119
1156067000,여,5,176
1156067000,여,10,186
1156067000,여,15,177
1156067000,여,20,211
1156067000,여,25,319
1156067000,여,30,329
1156067000,여,35,290
1156067000,여,40,361
1156067000,여,45,331
1156067000,여,50,396
1156067000,여,55,424
1156067000,여,60,459
1156067000,여,65,426
1156067000,여,70,316
1156067000,여,75,211
1156067000,여,80,161
1156067000,여,85,77
1156067000,여,90,36
1156067000,여,95,9
1156067000,여,100,2
1156068000,남,0,238
1156068000,남,5,230
1156068000,남,10,254
1156068000,남,15,341
1156068000,남,20,428
1156068000,남,25,829
1156068000,남,30,848
1156068000,남,35,662
1156068000,남,40,624
1156068000,남,45,553
1156068000,남,50,653
1156068000,남,55,658
1156068000,남,60,663
1156068000,남,65,603
1156068000,남,70,397
1156068000,남,75,304
1156068000,남,80,174
1156068000,남,85,95
1156068000,남,90,25
1156068000,남,95,1
1156068000,남,100,0
1156068000,여,0,187
1156068000,여,5,211
1156068000,여,10,245
1156068000,여,15,242
1156068000,여,20,473
1156068000,여,25,917
1156068000,여,30,930
1156068000,여,35,618
1156068000,여,40,578
1156068000,여,45,535
1156068000,여,50,689
1156068000,여,55,668
1156068000,여,60,746
1156068000,여,65,647
1156068000,여,70,467
1156068000,여,75,343
1156068000,여,80,275
1156068000,여,85,142
1156068000,여,90,57
1156068000,여,95,12
1156068000,여,100,1
1156069000,남,0,386
1156069000,남,5,555
1156069000,남,10,537
1156069000,남,15,430
1156069000,남,20,504
1156069000,남,25,670
1156069000,남,30,776
1156069000,남,35,882
1156069000,남,40,970
1156069000,남,45,732
1156069000,남,50,769
1156069000,남,55,643
1156069000,남,60,610
1156069000,남,65,519
1156069000,남,70,310
1156069000,남,75,228
1156069000,남,80,156
1156069000,남,85,71
1156069000,남,90,21
1156069000,남,95,2
1156069000,남,100,0
1156069000,여,0,379
1156069000,여,5,514
1156069000,여,10,467
1156069000,여,15,388
1156069000,여,20,518
1156069000,여,25,631
1156069000,여,30,784
1156069000,여,35,898
1156069000,여,40,927
1156069000,여,45,739
1156069000,여,50,790
1156069000,여,55,712
1156069000,여,60,661
1156069000,여,65,561
1156069000,여,70,351
1156069000,여,75,270
1156069000,여,80,188
1156069000,여,85,123
1156069000,여,90,39
1156069000,여,95,6
1156069000,여,100,0
1156070000,남,0,159
1156070000,남,5,189
1156070000,남,10,160
1156070000,남,15,261
1156070000,남,20,338
1156070000,남,25,537
1156070000,남,30,545
1156070000,남,35,436
1156070000,남,40,490
1156070000,남,45,453
1156070000,남,50,542
1156070000,남,55,555
1156070000,남,60,632
1156070000,남,65,464
1156070000,남,70,356
1156070000,남,75,283
1156070000,남,80,228
1156070000,남,85,98
1156070000,남,90,21
1156070000,남,95,1
1156070000,남,100,0
1156070000,여,0,151
1156070000,여,5,158
1156070000,여,10,149
1156070000,여,15,179
1156070000,여,20,336
1156070000,여,25,545
1156070000,여,30,455
1156070000,여,35,369
1156070000,여,40,429
1156070000,여,45,384
1156070000,여,50,591
1156070000,여,55,616
1156070000,여,60,634
1156070000,여,65,551
1156070000,여,70,491
1156070000,여,75,376
1156070000,여,80,265
1156070000,여,85,138
1156070000,여,90,46
1156070000,여,95,19
1156070000,여,100,1
1156071000,남,0,75
1156071000,남,5,83
1156071000,남,10,118
1156071000,남,15,118
1156071000,남,20,256
1156071000,남,25,597
1156071000,남,30,609
1156071000,남,35,406
1156071000,남,40,357
1156071000,남,45,351
1156071000,남,50,482
1156071000,남,55,509
1156071000,남,60,489
1156071000,남,65,358
1156071000,남,70,285
1156071000,남,75,288
1156071000,남,80,204
1156071000,남,85,104
1156071000,남,90,13
1156071000,남,95,1
1156071000,남,100,0
1156071000,여,0,65
1156071000,여,5,90
1156071000,여,10,100
1156071000,여,15,145
1156071000,여,20,314
1156071000,여,25,594
1156071000,여,30,564
1156071000,여,35,320
1156071000,여,40,314
1156071000,여,45,320
1156071000,여,50,458
1156071000,여,55,491
1156071000,여,60,535
1156071000,여,65,484
1156071000,여,70,420
1156071000,여,75,380
1156071000,여,80,249
1156071000,여,85,117
1156071000,여,90,42
1156071000,여,95,6
1156071000,여,100,4
1156072000,남,0,241
1156072000,남,5,207
1156072000,남,10,237
1156072000,남,15,351
1156072000,남,20,561
1156072000,남,25,825
1156072000,남,30,947
1156072000,남,35,776
1156072000,남,40,698
1156072000,남,45,667
1156072000,남,50,883
1156072000,남,55,959
1156072000,남,60,1038
1156072000,남,65,864
1156072000,남,70,550
1156072000,남,75,441
1156072000,남,80,278
1156072000,남,85,134
1156072000,남,90,34
1156072000,남,95,3
1156072000,남,100,1
1156072000,여,0,233
1156072000,여,5,236
1156072000,여,10,254
1156072000,여,15,305
1156072000,여,20,476
1156072000,여,25,803
1156072000,여,30,804
1156072000,여,35,623
1156072000,여,40,622
1156072000,여,45,622
1156072000,여,50,979
1156072000,여,55,979
1156072000,여,60,1084
1156072000,여,65,894
1156072000,여,70,658
1156072000,여,75,483
1156072000,여,80,379
1156072000,여,85,208
1156072000,여,90,64
1156072000,여,95,17
1156072000,여,100,4
1159051000,남,0,381
1159051000,남,5,389
1159051000,남,10,443
1159051000,남,15,476
1159051000,남,20,1073
1159051000,남,25,2092
1159051000,남,30,2013
1159051000,남,35,1455
1159051000,남,40,1191
1159051000,남,45,1002
1159051000,남,50,1159
1159051000,남,55,1159
1159051000,남,60,1093
1159051000,남,65,989
1159051000,남,70,645
1159051000,남,75,514
1159051000,남,80,371
1159051000,남,85,146
1159051000,남,90,44
1159051000,남,95,5
1159051000,남,100,1
1159051000,여,0,336
1159051000,여,5,388
1159051000,여,10,405
1159051000,여,15,466
1159051000,여,20,1095
1159051000,여,25,1760
1159051000,여,30,1506
1159051000,여,35,1138
1159051000,여,40,995
1159051000,여,45,891
1159051000,여,50,1130
1159051000,여,55,1142
1159051000,여,60,1237
1159051000,여,65,1131
1159051000,여,70,781
1159051000,여,75,668
1159051000,여,80,518
1159051000,여,85,324
1159051000,여,90,145
1159051000,여,95,23
1159051000,여,100,3
1159052000,남,0,31
1159052000,남,5,37
1159052000,남,10,62
1159052000,남,15,77
1159052000,남,20,225
1159052000,남,25,677
1159052000,남,30,627
1159052000,남,35,341
1159052000,남,40,318
1159052000,남,45,238
1159052000,남,50,363
1159052000,남,55,291
1159052000,남,60,380
1159052000,남,65,309
1159052000,남,70,211
1159052000,남,75,162
1159052000,남,80,96
1159052000,남,85,66
1159052000,남,90,15
1159052000,남,95,3
1159052000,남,100,0
1159052000,여,0,30
1159052000,여,5,49
1159052000,여,10,61
1159052000,여,15,83
1159052000,여,20,284
1159052000,여,25,576
1159052000,여,30,418
1159052000,여,35,244
1159052000,여,40,204
1159052000,여,45,188
1159052000,여,50,233
1159052000,여,55,309
1159052000,여,60,363
1159052000,여,65,330
1159052000,여,70,250
1159052000,여,75,201
1159052000,여,80,143
1159052000,여,85,77
1159052000,여,90,27
1159052000,여,95,9
1159052000,여,100,2
1159053000,남,0,438
1159053000,남,5,581
1159053000,남,10,690
1159053000,남,15,882
1159053000,남,20,2639
1159053000,남,25,2716
1159053000,남,30,1641
1159053000,남,35,1286
1159053000,남,40,1326
1159053000,남,45,1333
1159053000,남,50,1614
1159053000,남,55,1517
1159053000,남,60,1327
1159053000,남,65,1210
1159053000,남,70,824
1159053000,남,75,636
1159053000,남,80,455
1159053000,남,85,211
1159053000,남,90,53
1159053000,남,95,11
1159053000,남,100,1
1159053000,여,0,381
1159053000,여,5,613
1159053000,여,10,654
1159053000,여,15,894
1159053000,여,20,2866
1159053000,여,25,2138
1159053000,여,30,1611
1159053000,여,35,1223
1159053000,여,40,1460
1159053000,여,45,1443
1159053000,여,50,1771
1159053000,여,55,1680
1159053000,여,60,1567
1159053000,여,65,1399
1159053000,여,70,987
1159053000,여,75,900
1159053000,여,80,578
1159053000,여,85,408
1159053000,여,90,131
1159053000,여,95,36
1159053000,여,100,7
1159054000,남,0,466
1159054000,남,5,583
1159054000,남,10,594
1159054000,남,15,470
1159054000,남,20,685
1159054000,남,25,1086
1159054000,남,30,1026
1159054000,남,35,1058
1159054000,남,40,1181
1159054000,남,45,1008
1159054000,남,50,1043
1159054000,남,55,930
1159054000,남,60,876
1159054000,남,65,685
1159054000,남,70,514
1159054000,남,75,387
1159054000,남,80,257
1159054000,남,85,145
1159054000,남,90,32
1159054000,남,95,7
1159054000,남,100,4
1159054000,여,0,430
1159054000,여,5,573
1159054000,여,10,514
1159054000,여,15,450
1159054000,여,20,915
1159054000,여,25,1211
1159054000,여,30,1165
1159054000,여,35,1136
1159054000,여,40,1211
1159054000,여,45,1018
1159054000,여,50,1119
1159054000,여,55,1023
1159054000,여,60,939
1159054000,여,65,901
1159054000,여,70,572
1159054000,여,75,500
1159054000,여,80,346
1159054000,여,85,224
1159054000,여,90,89
1159054000,여,95,13
1159054000,여,100,4
1159055000,남,0,160
1159055000,남,5,234
1159055000,남,10,338
1159055000,남,15,386
1159055000,남,20,615
1159055000,남,25,1191
1159055000,남,30,1173
1159055000,남,35,852
1159055000,남,40,812
1159055000,남,45,752
1159055000,남,50,931
1159055000,남,55,878
1159055000,남,60,853
1159055000,남,65,740
1159055000,남,70,507
1159055000,남,75,423
1159055000,남,80,317
1159055000,남,85,132
1159055000,남,90,25
1159055000,남,95,5
1159055000,남,100,0
1159055000,여,0,180
1159055000,여,5,232
1159055000,여,10,282
1159055000,여,15,365
1159055000,여,20,823
1159055000,여,25,1362
1159055000,여,30,1163
1159055000,여,35,730
1159055000,여,40,787
1159055000,여,45,803
1159055000,여,50,975
1159055000,여,55,976
1159055000,여,60,995
1159055000,여,65,902
1159055000,여,70,666
1159055000,여,75,553
1159055000,여,80,442
1159055000,여,85,201
1159055000,여,90,62
1159055000,여,95,14
1159055000,여,100,4
1159056000,남,0,282
1159056000,남,5,348
1159056000,남,10,410
1159056000,남,15,500
1159056000,남,20,750
1159056000,남,25,1233
1159056000,남,30,1433
1159056000,남,35,1077
1159056000,남,40,1096
1159056000,남,45,961
1159056000,남,50,1121
1159056000,남,55,1014
1159056000,남,60,1067
1159056000,남,65,920
1159056000,남,70,581
1159056000,남,75,473
1159056000,남,80,344
1159056000,남,85,124
1159056000,남,90,30
1159056000,남,95,5
1159056000,남,100,0
1159056000,여,0,252
1159056000,여,5,322
1159056000,여,10,409
1159056000,여,15,418
1159056000,여,20,813
1159056000,여,25,1404
1159056000,여,30,1326
1159056000,여,35,987
1159056000,여,40,1022
1159056000,여,45,898
1159056000,여,50,1157
1159056000,여,55,1179
1159056000,여,60,1174
1159056000,여,65,1046
1159056000,여,70,791
1159056000,여,75,661
1159056000,여,80,438
1159056000,여,85,257
1159056000,여,90,92
1159056000,여,95,20
1159056000,여,100,4
1159060500,남,0,476
1159060500,남,5,634
1159060500,남,10,606
1159060500,남,15,580
1159060500,남,20,1056
1159060500,남,25,1179
1159060500,남,30,1058
1159060500,남,35,926
1159060500,남,40,1259
1159060500,남,45,1075
1159060500,남,50,1234
1159060500,남,55,1159
1159060500,남,60,1051
1159060500,남,65,832
1159060500,남,70,539
1159060500,남,75,430
1159060500,남,80,326
1159060500,남,85,144
1159060500,남,90,49
1159060500,남,95,10
1159060500,남,100,1
1159060500,여,0,437
1159060500,여,5,678
1159060500,여,10,567
1159060500,여,15,531
1159060500,여,20,1056
1159060500,여,25,1138
1159060500,여,30,1067
1159060500,여,35,1062
1159060500,여,40,1241
1159060500,여,45,1071
1159060500,여,50,1372
1159060500,여,55,1222
1159060500,여,60,1098
1159060500,여,65,920
1159060500,여,70,680
1159060500,여,75,586
1159060500,여,80,440
1159060500,여,85,267
1159060500,여,90,118
1159060500,여,95,27
1159060500,여,100,1
1159062000,남,0,155
1159062000,남,5,146
1159062000,남,10,188
1159062000,남,15,247
1159062000,남,20,586
1159062000,남,25,1639
1159062000,남,30,1620
1159062000,남,35,943
1159062000,남,40,802
1159062000,남,45,660
1159062000,남,50,676
1159062000,남,55,627
1159062000,남,60,707
1159062000,남,65,606
1159062000,남,70,459
1159062000,남,75,377
1159062000,남,80,245
1159062000,남,85,91
1159062000,남,90,20
1159062000,남,95,3
1159062000,남,100,0
1159062000,여,0,117
1159062000,여,5,162
1159062000,여,10,157
1159062000,여,15,205
1159062000,여,20,839
1159062000,여,25,1899
1159062000,여,30,1473
1159062000,여,35,828
1159062000,여,40,722
1159062000,여,45,623
1159062000,여,50,721
1159062000,여,55,739
1159062000,여,60,856
1159062000,여,65,798
1159062000,여,70,585
1159062000,여,75,475
1159062000,여,80,240
1159062000,여,85,127
1159062000,여,90,48
1159062000,여,95,7
1159062000,여,100,4
1159063000,남,0,349
1159063000,남,5,476
1159063000,남,10,480
1159063000,남,15,505
1159063000,남,20,709
1159063000,남,25,948
1159063000,남,30,1140
1159063000,남,35,1031
1159063000,남,40,1048
1159063000,남,45,954
1159063000,남,50,1137
1159063000,남,55,1022
1159063000,남,60,931
1159063000,남,65,932
1159063000,남,70,630
1159063000,남,75,527
1159063000,남,80,410
1159063000,남,85,141
1159063000,남,90,40
1159063000,남,95,6
1159063000,남,100,3
1159063000,여,0,381
1159063000,여,5,428
1159063000,여,10,358
1159063000,여,15,406
1159063000,여,20,705
1159063000,여,25,1039
1159063000,여,30,1246
1159063000,여,35,1024
1159063000,여,40,1063
1159063000,여,45,1021
1159063000,여,50,1264
1159063000,여,55,1077
1159063000,여,60,1147
1159063000,여,65,1096
1159063000,여,70,846
1159063000,여,75,731
1159063000,여,80,439
1159063000,여,85,219
1159063000,여,90,105
1159063000,여,95,23
1159063000,여,100,3
1159064000,남,0,342
1159064000,남,5,498
1159064000,남,10,430
1159064000,남,15,389
1159064000,남,20,548
1159064000,남,25,806
1159064000,남,30,900
1159064000,남,35,837
1159064000,남,40,1001
1159064000,남,45,801
1159064000,남,50,898
1159064000,남,55,805
1159064000,남,60,832
1159064000,남,65,773
1159064000,남,70,585
1159064000,남,75,468
1159064000,남,80,324
1159064000,남,85,111
1159064000,남,90,32
1159064000,남,95,4
1159064000,남,100,0
1159064000,여,0,320
1159064000,여,5,502
1159064000,여,10,395
1159064000,여,15,360
1159064000,여,20,588
1159064000,여,25,942
1159064000,여,30,976
1159064000,여,35,944
1159064000,여,40,990
1159064000,여,45,765
1159064000,여,50,910
1159064000,여,55,895
1159064000,여,60,934
1159064000,여,65,905
1159064000,여,70,676
1159064000,여,75,552
1159064000,여,80,341
1159064000,여,85,159
1159064000,여,90,40
1159064000,여,95,16
1159064000,여,100,1
1159065000,남,0,130
1159065000,남,5,146
1159065000,남,10,152
1159065000,남,15,193
1159065000,남,20,322
1159065000,남,25,721
1159065000,남,30,741
1159065000,남,35,488
1159065000,남,40,512
1159065000,남,45,432
1159065000,남,50,514
1159065000,남,55,453
1159065000,남,60,494
1159065000,남,65,437
1159065000,남,70,296
1159065000,남,75,255
1159065000,남,80,198
1159065000,남,85,61
1159065000,남,90,17
1159065000,남,95,5
1159065000,남,100,0
1159065000,여,0,107
1159065000,여,5,135
1159065000,여,10,124
1159065000,여,15,202
1159065000,여,20,421
1159065000,여,25,842
1159065000,여,30,681
1159065000,여,35,462
1159065000,여,40,439
1159065000,여,45,454
1159065000,여,50,514
1159065000,여,55,513
1159065000,여,60,563
1159065000,여,65,583
1159065000,여,70,409
1159065000,여,75,354
1159065000,여,80,212
1159065000,여,85,116
1159065000,여,90,41
1159065000,여,95,15
1159065000,여,100,2
1159065100,남,0,197
1159065100,남,5,215
1159065100,남,10,213
1159065100,남,15,240
1159065100,남,20,333
1159065100,남,25,546
1159065100,남,30,689
1159065100,남,35,591
1159065100,남,40,565
1159065100,남,45,507
1159065100,남,50,545
1159065100,남,55,500
1159065100,남,60,482
1159065100,남,65,396
1159065100,남,70,283
1159065100,남,75,197
1159065100,남,80,146
1159065100,남,85,64
1159065100,남,90,17
1159065100,남,95,4
1159065100,남,100,1
1159065100,여,0,203
1159065100,여,5,207
1159065100,여,10,195
1159065100,여,15,220
1159065100,여,20,417
1159065100,여,25,652
1159065100,여,30,715
1159065100,여,35,584
1159065100,여,40,531
1159065100,여,45,490
1159065100,여,50,570
1159065100,여,55,547
1159065100,여,60,572
1159065100,여,65,467
1159065100,여,70,377
1159065100,여,75,277
1159065100,여,80,182
1159065100,여,85,99
1159065100,여,90,42
1159065100,여,95,12
1159065100,여,100,3
1159066000,남,0,290
1159066000,남,5,500
1159066000,남,10,784
1159066000,남,15,912
1159066000,남,20,1103
1159066000,남,25,1585
1159066000,남,30,1445
1159066000,남,35,1046
1159066000,남,40,1244
1159066000,남,45,1342
1159066000,남,50,1641
1159066000,남,55,1245
1159066000,남,60,1116
1159066000,남,65,870
1159066000,남,70,616
1159066000,남,75,469
1159066000,남,80,326
1159066000,남,85,158
1159066000,남,90,51
1159066000,남,95,15
1159066000,남,100,3
1159066000,여,0,270
1159066000,여,5,478
1159066000,여,10,875
1159066000,여,15,969
1159066000,여,20,1354
1159066000,여,25,1920
1159066000,여,30,1499
1159066000,여,35,1033
1159066000,여,40,1356
1159066000,여,45,1506
1159066000,여,50,1642
1159066000,여,55,1262
1159066000,여,60,1168
1159066000,여,65,1083
1159066000,여,70,822
1159066000,여,75,661
1159066000,여,80,476
1159066000,여,85,295
1159066000,여,90,102
1159066000,여,95,30
1159066000,여,100,3
1159067000,남,0,251
1159067000,남,5,380
1159067000,남,10,511
1159067000,남,15,531
1159067000,남,20,645
1159067000,남,25,912
1159067000,남,30,896
1159067000,남,35,701
1159067000,남,40,827
1159067000,남,45,848
1159067000,남,50,1032
1159067000,남,55,876
1159067000,남,60,815
1159067000,남,65,706
1159067000,남,70,488
1159067000,남,75,332
1159067000,남,80,257
1159067000,남,85,111
1159067000,남,90,30
1159067000,남,95,6
1159067000,남,100,0
1159067000,여,0,245
1159067000,여,5,350
1159067000,여,10,521
1159067000,여,15,602
1159067000,여,20,729
1159067000,여,25,988
1159067000,여,30,883
1159067000,여,35,697
1159067000,여,40,857
1159067000,여,45,950
1159067000,여,50,1064
1159067000,여,55,872
1159067000,여,60,902
1159067000,여,65,814
1159067000,여,70,527
1159067000,여,75,459
1159067000,여,80,320
1159067000,여,85,176
1159067000,여,90,66
1159067000,여,95,19
1159067000,여,100,1
1159068000,남,0,305
1159068000,남,5,397
1159068000,남,10,432
1159068000,남,15,442
1159068000,남,20,577
1159068000,남,25,1090
1159068000,남,30,1106
1159068000,남,35,785
1159068000,남,40,838
1159068000,남,45,729
1159068000,남,50,884
1159068000,남,55,709
1159068000,남,60,630
1159068000,남,65,535
1159068000,남,70,361
1159068000,남,75,314
1159068000,남,80,242
1159068000,남,85,113
1159068000,남,90,22
1159068000,남,95,4
1159068000,남,100,2
1159068000,여,0,271
1159068000,여,5,375
1159068000,여,10,432
1159068000,여,15,437
1159068000,여,20,703
1159068000,여,25,1254
1159068000,여,30,1081
1159068000,여,35,814
1159068000,여,40,885
1159068000,여,45,792
1159068000,여,50,915
1159068000,여,55,737
1159068000,여,60,686
1159068000,여,65,614
1159068000,여,70,486
1159068000,여,75,416
1159068000,여,80,288
1159068000,여,85,153
1159068000,여,90,57
1159068000,여,95,17
1159068000,여,100,3
1162052500,남,0,154
1162052500,남,5,275
1162052500,남,10,303
1162052500,남,15,349
1162052500,남,20,606
1162052500,남,25,1423
1162052500,남,30,1412
1162052500,남,35,907
1162052500,남,40,827
1162052500,남,45,741
1162052500,남,50,885
1162052500,남,55,750
1162052500,남,60,788
1162052500,남,65,751
1162052500,남,70,512
1162052500,남,75,440
1162052500,남,80,303
1162052500,남,85,118
1162052500,남,90,20
1162052500,남,95,6
1162052500,남,100,1
1162052500,여,0,170
1162052500,여,5,246
1162052500,여,10,286
1162052500,여,15,333
1162052500,여,20,770
1162052500,여,25,1540
1162052500,여,30,1096
1162052500,여,35,704
1162052500,여,40,764
1162052500,여,45,693
1162052500,여,50,825
1162052500,여,55,839
1162052500,여,60,933
1162052500,여,65,905
1162052500,여,70,627
1162052500,여,75,565
1162052500,여,80,392
1162052500,여,85,199
1162052500,여,90,77
1162052500,여,95,25
1162052500,여,100,3
1162054500,남,0,240
1162054500,남,5,261
1162054500,남,10,252
1162054500,남,15,296
1162054500,남,20,336
1162054500,남,25,457
1162054500,남,30,608
1162054500,남,35,561
1162054500,남,40,596
1162054500,남,45,538
1162054500,남,50,604
1162054500,남,55,513
1162054500,남,60,481
1162054500,남,65,437
1162054500,남,70,324
1162054500,남,75,228
1162054500,남,80,160
1162054500,남,85,89
1162054500,남,90,28
1162054500,남,95,3
1162054500,남,100,0
1162054500,여,0,259
1162054500,여,5,249
1162054500,여,10,241
1162054500,여,15,253
1162054500,여,20,334
1162054500,여,25,474
1162054500,여,30,617
1162054500,여,35,554
1162054500,여,40,588
1162054500,여,45,523
1162054500,여,50,638
1162054500,여,55,555
1162054500,여,60,603
1162054500,여,65,520
1162054500,여,70,381
1162054500,여,75,320
1162054500,여,80,273
1162054500,여,85,162
1162054500,여,90,58
1162054500,여,95,12
1162054500,여,100,2
1162056500,남,0,276
1162056500,남,5,491
1162056500,남,10,626
1162056500,남,15,655
1162056500,남,20,841
1162056500,남,25,957
1162056500,남,30,932
1162056500,남,35,791
1162056500,남,40,1067
1162056500,남,45,1099
1162056500,남,50,1317
1162056500,남,55,1073
1162056500,남,60,938
1162056500,남,65,823
1162056500,남,70,627
1162056500,남,75,481
1162056500,남,80,352
1162056500,남,85,142
1162056500,남,90,33
1162056500,남,95,5
1162056500,남,100,0
1162056500,여,0,304
1162056500,여,5,418
1162056500,여,10,600
1162056500,여,15,639
1162056500,여,20,743
1162056500,여,25,973
1162056500,여,30,925
1162056500,여,35,793
1162056500,여,40,1067
1162056500,여,45,1111
1162056500,여,50,1302
1162056500,여,55,1128
1162056500,여,60,1096
1162056500,여,65,1105
1162056500,여,70,798
1162056500,여,75,687
1162056500,여,80,498
1162056500,여,85,246
1162056500,여,90,78
1162056500,여,95,7
1162056500,여,100,5
1162057500,남,0,184
1162057500,남,5,240
1162057500,남,10,259
1162057500,남,15,349
1162057500,남,20,881
1162057500,남,25,2370
1162057500,남,30,2136
1162057500,남,35,1203
1162057500,남,40,932
1162057500,남,45,802
1162057500,남,50,916
1162057500,남,55,820
1162057500,남,60,827
1162057500,남,65,715
1162057500,남,70,487
1162057500,남,75,441
1162057500,남,80,285
1162057500,남,85,118
1162057500,남,90,16
1162057500,남,95,3
1162057500,남,100,0
1162057500,여,0,180
1162057500,여,5,242
1162057500,여,10,251
1162057500,여,15,374
1162057500,여,20,1381
1162057500,여,25,2784
1162057500,여,30,1885
1162057500,여,35,960
1162057500,여,40,909
1162057500,여,45,724
1162057500,여,50,885
1162057500,여,55,806
1162057500,여,60,897
1162057500,여,65,799
1162057500,여,70,667
1162057500,여,75,569
1162057500,여,80,366
1162057500,여,85,151
1162057500,여,90,60
1162057500,여,95,11
1162057500,여,100,3
1162058500,남,0,116
1162058500,남,5,136
1162058500,남,10,158
1162058500,남,15,227
1162058500,남,20,888
1162058500,남,25,1884
1162058500,남,30,1538
1162058500,남,35,693
1162058500,남,40,553
1162058500,남,45,410
1162058500,남,50,489
1162058500,남,55,401
1162058500,남,60,349
1162058500,남,65,313
1162058500,남,70,223
1162058500,남,75,185
1162058500,남,80,144
1162058500,남,85,41
1162058500,남,90,17
1162058500,남,95,3
1162058500,남,100,0
1162058500,여,0,117
1162058500,여,5,127
1162058500,여,10,156
1162058500,여,15,250
1162058500,여,20,1102
1162058500,여,25,1926
1162058500,여,30,1231
1162058500,여,35,590
1162058500,여,40,431
1162058500,여,45,390
1162058500,여,50,438
1162058500,여,55,375
1162058500,여,60,353
1162058500,여,65,342
1162058500,여,70,307
1162058500,여,75,232
1162058500,여,80,189
1162058500,여,85,110
1162058500,여,90,21
1162058500,여,95,7
1162058500,여,100,4
1162059500,남,0,234
1162059500,남,5,279
1162059500,남,10,268
1162059500,남,15,443
1162059500,남,20,1528
1162059500,남,25,3617
1162059500,남,30,2737
1162059500,남,35,1287
1162059500,남,40,1052
1162059500,남,45,853
1162059500,남,50,1089
1162059500,남,55,885
1162059500,남,60,832
1162059500,남,65,751
1162059500,남,70,545
1162059500,남,75,457
1162059500,남,80,312
1162059500,남,85,110
1162059500,남,90,29
1162059500,남,95,6
1162059500,남,100,1
1162059500,여,0,255
1162059500,여,5,228
1162059500,여,10,308
1162059500,여,15,473
1162059500,여,20,2368
1162059500,여,25,4078
1162059500,여,30,2417
1162059500,여,35,1126
1162059500,여,40,976
1162059500,여,45,838
1162059500,여,50,1024
1162059500,여,55,893
1162059500,여,60,905
1162059500,여,65,877
1162059500,여,70,686
1162059500,여,75,586
1162059500,여,80,387
1162059500,여,85,170
1162059500,여,90,59
1162059500,여,95,16
1162059500,여,100,1
1162060500,남,0,326
1162060500,남,5,472
1162060500,남,10,610
1162060500,남,15,627
1162060500,남,20,833
1162060500,남,25,1570
1162060500,남,30,1578
1162060500,남,35,1085
1162060500,남,40,1160
1162060500,남,45,1153
1162060500,남,50,1348
1162060500,남,55,1072
1162060500,남,60,1103
1162060500,남,65,918
1162060500,남,70,739
1162060500,남,75,560
1162060500,남,80,394
1162060500,남,85,162
1162060500,남,90,36
1162060500,남,95,3
1162060500,남,100,0
1162060500,여,0,289
1162060500,여,5,401
1162060500,여,10,567
1162060500,여,15,662
1162060500,여,20,989
1162060500,여,25,1630
1162060500,여,30,1395
1162060500,여,35,1021
1162060500,여,40,1157
1162060500,여,45,1148
1162060500,여,50,1211
1162060500,여,55,1154
1162060500,여,60,1228
1162060500,여,65,1119
1162060500,여,70,888
1162060500,여,75,713
1162060500,여,80,516
1162060500,여,85,233
1162060500,여,90,74
1162060500,여,95,25
1162060500,여,100,2
1162061500,남,0,68
1162061500,남,5,104
1162061500,남,10,109
1162061500,남,15,146
1162061500,남,20,536
1162061500,남,25,1367
1162061500,남,30,1160
1162061500,남,35,571
1162061500,남,40,491
1162061500,남,45,392
1162061500,남,50,421
1162061500,남,55,403
1162061500,남,60,434
1162061500,남,65,341
1162061500,남,70,294
1162061500,남,75,210
1162061500,남,80,196
1162061500,남,85,65
1162061500,남,90,13
1162061500,남,95,2
1162061500,남,100,0
1162061500,여,0,74
1162061500,여,5,64
1162061500,여,10,100
1162061500,여,15,179
1162061500,여,20,835
1162061500,여,25,1759
1162061500,여,30,1067
1162061500,여,35,465
1162061500,여,40,427
1162061500,여,45,321
1162061500,여,50,410
1162061500,여,55,415
1162061500,여,60,409
1162061500,여,65,429
1162061500,여,70,344
1162061500,여,75,284
1162061500,여,80,214
1162061500,여,85,100
1162061500,여,90,34
1162061500,여,95,4
1162061500,여,100,1
1162062500,남,0,182
1162062500,남,5,222
1162062500,남,10,278
1162062500,남,15,365
1162062500,남,20,794
1162062500,남,25,1857
1162062500,남,30,1678
1162062500,남,35,908
1162062500,남,40,860
1162062500,남,45,756
1162062500,남,50,865
1162062500,남,55,780
1162062500,남,60,765
1162062500,남,65,630
1162062500,남,70,489
1162062500,남,75,342
1162062500,남,80,277
1162062500,남,85,123
1162062500,남,90,20
1162062500,남,95,4
1162062500,남,100,1
1162062500,여,0,167
1162062500,여,5,203
1162062500,여,10,252
1162062500,여,15,356
1162062500,여,20,1028
1162062500,여,25,1999
1162062500,여,30,1535
1162062500,여,35,865
1162062500,여,40,770
1162062500,여,45,722
1162062500,여,50,928
1162062500,여,55,873
1162062500,여,60,808
1162062500,여,65,803
1162062500,여,70,617
1162062500,여,75,478
1162062500,여,80,374
1162062500,여,85,158
1162062500,여,90,40
1162062500,여,95,11
1162062500,여,100,1
1162063000,남,0,142
1162063000,남,5,200
1162063000,남,10,187
1162063000,남,15,162
1162063000,남,20,422
1162063000,남,25,1270
1162063000,남,30,1214
1162063000,남,35,769
1162063000,남,40,620
1162063000,남,45,468
1162063000,남,50,551
1162063000,남,55,555
1162063000,남,60,533
1162063000,남,65,468
1162063000,남,70,352
1162063000,남,75,276
1162063000,남,80,200
1162063000,남,85,87
1162063000,남,90,21
1162063000,남,95,2
1162063000,남,100,0
1162063000,여,0,182
1162063000,여,5,155
1162063000,여,10,149
1162063000,여,15,208
1162063000,여,20,657
1162063000,여,25,1351
1162063000,여,30,1094
1162063000,여,35,622
1162063000,여,40,595
1162063000,여,45,447
1162063000,여,50,627
1162063000,여,55,642
1162063000,여,60,680
1162063000,여,65,579
1162063000,여,70,430
1162063000,여,75,340
1162063000,여,80,228
1162063000,여,85,89
1162063000,여,90,39
1162063000,여,95,11
1162063000,여,100,1
1162064500,남,0,114
1162064500,남,5,121
1162064500,남,10,152
1162064500,남,15,245
1162064500,남,20,836
1162064500,남,25,2390
1162064500,남,30,2205
1162064500,남,35,1001
1162064500,남,40,815
1162064500,남,45,678
1162064500,남,50,677
1162064500,남,55,635
1162064500,남,60,615
1162064500,남,65,552
1162064500,남,70,389
1162064500,남,75,337
1162064500,남,80,244
1162064500,남,85,94
1162064500,남,90,14
1162064500,남,95,5
1162064500,남,100,0
1162064500,여,0,117
1162064500,여,5,117
1162064500,여,10,155
1162064500,여,15,214
1162064500,여,20,1016
1162064500,여,25,2131
1162064500,여,30,1368
1162064500,여,35,679
1162064500,여,40,589
1162064500,여,45,537
1162064500,여,50,656
1162064500,여,55,702
1162064500,여,60,717
1162064500,여,65,621
1162064500,여,70,484
1162064500,여,75,374
1162064500,여,80,283
1162064500,여,85,136
1162064500,여,90,35
1162064500,여,95,7
1162064500,여,100,0
1162065500,남,0,84
1162065500,남,5,103
1162065500,남,10,144
1162065500,남,15,179
1162065500,남,20,551
1162065500,남,25,1506
1162065500,남,30,1381
1162065500,남,35,732
1162065500,남,40,603
1162065500,남,45,484
1162065500,남,50,645
1162065500,남,55,590
1162065500,남,60,529
1162065500,남,65,475
1162065500,남,70,354
1162065500,남,75,298
1162065500,남,80,236
1162065500,남,85,90
1162065500,남,90,16
1162065500,남,95,2
1162065500,남,100,1
1162065500,여,0,70
1162065500,여,5,113
1162065500,여,10,148
1162065500,여,15,190
1162065500,여,20,653
1162065500,여,25,1351
1162065500,여,30,919
1162065500,여,35,457
1162065500,여,40,453
1162065500,여,45,486
1162065500,여,50,534
1162065500,여,55,567
1162065500,여,60,600
1162065500,여,65,602
1162065500,여,70,471
1162065500,여,75,401
1162065500,여,80,321
1162065500,여,85,144
1162065500,여,90,43
1162065500,여,95,6
1162065500,여,100,3
1162066500,남,0,115
1162066500,남,5,175
1162066500,남,10,199
1162066500,남,15,269
1162066500,남,20,939
1162066500,남,25,2168
1162066500,남,30,1931
1162066500,남,35,1153
1162066500,남,40,1027
1162066500,남,45,846
1162066500,남,50,865
1162066500,남,55,789
1162066500,남,60,776
1162066500,남,65,619
1162066500,남,70,452
1162066500,남,75,324
1162066500,남,80,239
1162066500,남,85,102
1162066500,남,90,18
1162066500,남,95,1
1162066500,남,100,1
1162066500,여,0,108
1162066500,여,5,165
1162066500,여,10,193
1162066500,여,15,280
1162066500,여,20,905
1162066500,여,25,1503
1162066500,여,30,1092
1162066500,여,35,695
1162066500,여,40,690
1162066500,여,45,532
1162066500,여,50,669
1162066500,여,55,676
1162066500,여,60,719
1162066500,여,65,692
1162066500,여,70,539
1162066500,여,75,389
1162066500,여,80,284
1162066500,여,85,143
1162066500,여,90,51
1162066500,여,95,23
1162066500,여,100,5
1162068500,남,0,100
1162068500,남,5,168
1162068500,남,10,189
1162068500,남,15,278
1162068500,남,20,751
1162068500,남,25,2021
1162068500,남,30,1611
1162068500,남,35,780
1162068500,남,40,694
1162068500,남,45,627
1162068500,남,50,748
1162068500,남,55,738
1162068500,남,60,706
1162068500,남,65,603
1162068500,남,70,412
1162068500,남,75,315
1162068500,남,80,270
1162068500,남,85,101
1162068500,남,90,21
1162068500,남,95,2
1162068500,남,100,0
1162068500,여,0,83
1162068500,여,5,141
1162068500,여,10,168
1162068500,여,15,268
1162068500,여,20,1027
1162068500,여,25,2110
1162068500,여,30,1283
1162068500,여,35,570
1162068500,여,40,580
1162068500,여,45,574
1162068500,여,50,773
1162068500,여,55,725
1162068500,여,60,741
1162068500,여,65,623
1162068500,여,70,524
1162068500,여,75,432
1162068500,여,80,305
1162068500,여,85,123
1162068500,여,90,46
1162068500,여,95,11
1162068500,여,100,2
1162069500,남,0,59
1162069500,남,5,64
1162069500,남,10,65
1162069500,남,15,130
1162069500,남,20,972
1162069500,남,25,3242
1162069500,남,30,2653
1162069500,남,35,1202
1162069500,남,40,851
1162069500,남,45,633
1162069500,남,50,595
1162069500,남,55,464
1162069500,남,60,418
1162069500,남,65,343
1162069500,남,70,229
1162069500,남,75,173
1162069500,남,80,148
1162069500,남,85,52
1162069500,남,90,9
1162069500,남,95,0
1162069500,남,100,1
1162069500,여,0,55
1162069500,여,5,55
1162069500,여,10,63
1162069500,여,15,161
1162069500,여,20,1533
1162069500,여,25,3030
1162069500,여,30,1775
1162069500,여,35,793
1162069500,여,40,597
1162069500,여,45,414
1162069500,여,50,386
1162069500,여,55,348
1162069500,여,60,362
1162069500,여,65,356
1162069500,여,70,273
1162069500,여,75,242
1162069500,여,80,147
1162069500,여,85,75
1162069500,여,90,20
1162069500,여,95,7
1162069500,여,100,0
1162071500,남,0,139
1162071500,남,5,237
1162071500,남,10,345
1162071500,남,15,355
1162071500,남,20,392
1162071500,남,25,418
1162071500,남,30,402
1162071500,남,35,385
1162071500,남,40,561
1162071500,남,45,629
1162071500,남,50,775
1162071500,남,55,655
1162071500,남,60,547
1162071500,남,65,473
1162071500,남,70,331
1162071500,남,75,287
1162071500,남,80,171
1162071500,남,85,58
1162071500,남,90,15
1162071500,남,95,0
1162071500,남,100,0
1162071500,여,0,163
1162071500,여,5,253
1162071500,여,10,327
1162071500,여,15,339
1162071500,여,20,395
1162071500,여,25,363
1162071500,여,30,375
1162071500,여,35,417
1162071500,여,40,584
1162071500,여,45,662
1162071500,여,50,739
1162071500,여,55,588
1162071500,여,60,639
1162071500,여,65,526
1162071500,여,70,445
1162071500,여,75,327
1162071500,여,80,226
1162071500,여,85,114
1162071500,여,90,44
1162071500,여,95,9
1162071500,여,100,1
1162072500,남,0,188
1162072500,남,5,162
1162072500,남,10,162
1162072500,남,15,221
1162072500,남,20,513
1162072500,남,25,1377
1162072500,남,30,1477
1162072500,남,35,938
1162072500,남,40,738
1162072500,남,45,551
1162072500,남,50,649
1162072500,남,55,643
1162072500,남,60,667
1162072500,남,65,532
1162072500,남,70,398
1162072500,남,75,287
1162072500,남,80,189
1162072500,남,85,91
1162072500,남,90,16
1162072500,남,95,6
1162072500,남,100,0
1162072500,여,0,186
1162072500,여,5,143
1162072500,여,10,186
1162072500,여,15,220
1162072500,여,20,740
1162072500,여,25,1704
1162072500,여,30,1358
1162072500,여,35,710
1162072500,여,40,611
1162072500,여,45,490
1162072500,여,50,548
1162072500,여,55,584
1162072500,여,60,660
1162072500,여,65,570
1162072500,여,70,410
1162072500,여,75,324
1162072500,여,80,227
1162072500,여,85,123
1162072500,여,90,35
1162072500,여,95,11
1162072500,여,100,4
1162073500,남,0,130
1162073500,남,5,154
1162073500,남,10,191
1162073500,남,15,289
1162073500,남,20,1340
1162073500,남,25,2530
1162073500,남,30,2130
1162073500,남,35,1338
1162073500,남,40,1219
1162073500,남,45,1023
1162073500,남,50,1195
1162073500,남,55,995
1162073500,남,60,796
1162073500,남,65,597
1162073500,남,70,410
1162073500,남,75,270
1162073500,남,80,211
1162073500,남,85,100
1162073500,남,90,22
1162073500,남,95,3
1162073500,남,100,1
1162073500,여,0,110
1162073500,여,5,119
1162073500,여,10,198
1162073500,여,15,239
1162073500,여,20,1003
1162073500,여,25,1578
1162073500,여,30,970
1162073500,여,35,586
1162073500,여,40,568
1162073500,여,45,519
1162073500,여,50,594
1162073500,여,55,567
1162073500,여,60,591
1162073500,여,65,572
1162073500,여,70,395
1162073500,여,75,353
1162073500,여,80,248
1162073500,여,85,146
1162073500,여,90,44
1162073500,여,95,7
1162073500,여,100,2
1162074500,남,0,125
1162074500,남,5,192
1162074500,남,10,250
1162074500,남,15,314
1162074500,남,20,446
1162074500,남,25,593
1162074500,남,30,660
1162074500,남,35,565
1162074500,남,40,628
1162074500,남,45,652
1162074500,남,50,930
1162074500,남,55,903
1162074500,남,60,966
1162074500,남,65,902
1162074500,남,70,602
1162074500,남,75,513
1162074500,남,80,331
1162074500,남,85,151
1162074500,남,90,35
1162074500,남,95,10
1162074500,남,100,2
1162074500,여,0,105
1162074500,여,5,158
1162074500,여,10,226
1162074500,여,15,283
1162074500,여,20,425
1162074500,여,25,565
1162074500,여,30,507
1162074500,여,35,453
1162074500,여,40,516
1162074500,여,45,585
1162074500,여,50,869
1162074500,여,55,900
1162074500,여,60,1041
1162074500,여,65,1070
1162074500,여,70,721
1162074500,여,75,673
1162074500,여,80,478
1162074500,여,85,239
1162074500,여,90,94
1162074500,여,95,18
1162074500,여,100,3
1162076500,남,0,239
1162076500,남,5,385
1162076500,남,10,456
1162076500,남,15,531
1162076500,남,20,760
1162076500,남,25,1301
1162076500,남,30,1290
1162076500,남,35,913
1162076500,남,40,1016
1162076500,남,45,987
1162076500,남,50,1209
1162076500,남,55,1095
1162076500,남,60,1191
1162076500,남,65,1053
1162076500,남,70,741
1162076500,남,75,587
1162076500,남,80,381
1162076500,남,85,137
1162076500,남,90,23
1162076500,남,95,4
1162076500,남,100,1
1162076500,여,0,225
1162076500,여,5,379
1162076500,여,10,475
1162076500,여,15,500
1162076500,여,20,853
1162076500,여,25,1276
1162076500,여,30,1119
1162076500,여,35,828
1162076500,여,40,914
1162076500,여,45,996
1162076500,여,50,1199
1162076500,여,55,1239
1162076500,여,60,1319
1162076500,여,65,1233
1162076500,여,70,927
1162076500,여,75,651
1162076500,여,80,427
1162076500,여,85,219
1162076500,여,90,74
1162076500,여,95,18
1162076500,여,100,1
1162077500,남,0,145
1162077500,남,5,239
1162077500,남,10,351
1162077500,남,15,442
1162077500,남,20,652
1162077500,남,25,1045
1162077500,남,30,1157
1162077500,남,35,753
1162077500,남,40,860
1162077500,남,45,881
1162077500,남,50,1107
1162077500,남,55,1081
1162077500,남,60,1152
1162077500,남,65,923
1162077500,남,70,653
1162077500,남,75,529
1162077500,남,80,362
1162077500,남,85,135
1162077500,남,90,34
1162077500,남,95,4
1162077500,남,100,0
1162077500,여,0,182
1162077500,여,5,236
1162077500,여,10,346
1162077500,여,15,387
1162077500,여,20,625
1162077500,여,25,1060
1162077500,여,30,928
1162077500,여,35,638
1162077500,여,40,708
1162077500,여,45,766
1162077500,여,50,996
1162077500,여,55,1186
1162077500,여,60,1213
1162077500,여,65,1019
1162077500,여,70,812
1162077500,여,75,665
1162077500,여,80,450
1162077500,여,85,214
1162077500,여,90,74
1162077500,여,95,20
1162077500,여,100,3
1165051000,남,0,245
1165051000,남,5,342
1165051000,남,10,450
1165051000,남,15,509
1165051000,남,20,527
1165051000,남,25,765
1165051000,남,30,870
1165051000,남,35,687
1165051000,남,40,822
1165051000,남,45,770
1165051000,남,50,907
1165051000,남,55,688
1165051000,남,60,617
1165051000,남,65,550
1165051000,남,70,396
1165051000,남,75,301
1165051000,남,80,188
1165051000,남,85,82
1165051000,남,90,22
1165051000,남,95,8
1165051000,남,100,3
1165051000,여,0,214
1165051000,여,5,287
1165051000,여,10,444
1165051000,여,15,436
1165051000,여,20,600
1165051000,여,25,771
1165051000,여,30,883
1165051000,여,35,853
1165051000,여,40,963
1165051000,여,45,927
1165051000,여,50,944
1165051000,여,55,723
1165051000,여,60,664
1165051000,여,65,625
1165051000,여,70,446
1165051000,여,75,347
1165051000,여,80,195
1165051000,여,85,127
1165051000,여,90,50
1165051000,여,95,14
1165051000,여,100,0
1165052000,남,0,435
1165052000,남,5,564
1165052000,남,10,625
1165052000,남,15,561
1165052000,남,20,551
1165052000,남,25,863
1165052000,남,30,1181
1165052000,남,35,1012
1165052000,남,40,1123
1165052000,남,45,1028
1165052000,남,50,1018
1165052000,남,55,636
1165052000,남,60,570
1165052000,남,65,506
1165052000,남,70,381
1165052000,남,75,308
1165052000,남,80,200
1165052000,남,85,88
1165052000,남,90,20
1165052000,남,95,9
1165052000,남,100,1
1165052000,여,0,393
1165052000,여,5,583
1165052000,여,10,610
1165052000,여,15,502
1165052000,여,20,642
1165052000,여,25,1268
1165052000,여,30,1443
1165052000,여,35,1237
1165052000,여,40,1294
1165052000,여,45,1122
1165052000,여,50,959
1165052000,여,55,673
1165052000,여,60,631
1165052000,여,65,588
1165052000,여,70,440
1165052000,여,75,357
1165052000,여,80,206
1165052000,여,85,87
1165052000,여,90,47
1165052000,여,95,12
1165052000,여,100,2
1165053000,남,0,293
1165053000,남,5,430
1165053000,남,10,614
1165053000,남,15,882
1165053000,남,20,1004
1165053000,남,25,1292
1165053000,남,30,1414
1165053000,남,35,1054
1165053000,남,40,1082
1165053000,남,45,1066
1165053000,남,50,1427
1165053000,남,55,1155
1165053000,남,60,975
1165053000,남,65,849
1165053000,남,70,570
1165053000,남,75,540
1165053000,남,80,318
1165053000,남,85,154
1165053000,남,90,44
1165053000,남,95,8
1165053000,남,100,2
1165053000,여,0,343
1165053000,여,5,384
1165053000,여,10,511
1165053000,여,15,667
1165053000,여,20,1159
1165053000,여,25,1754
1165053000,여,30,1624
1165053000,여,35,1258
1165053000,여,40,1246
1165053000,여,45,1329
1165053000,여,50,1512
1165053000,여,55,1164
1165053000,여,60,1056
1165053000,여,65,920
1165053000,여,70,718
1165053000,여,75,553
1165053000,여,80,375
1165053000,여,85,188
1165053000,여,90,86
1165053000,여,95,23
1165053000,여,100,6
1165053100,남,0,382
1165053100,남,5,861
1165053100,남,10,1129
1165053100,남,15,1006
1165053100,남,20,892
1165053100,남,25,791
1165053100,남,30,668
1165053100,남,35,681
1165053100,남,40,1266
1165053100,남,45,1391
1165053100,남,50,1491
1165053100,남,55,1205
1165053100,남,60,811
1165053100,남,65,691
1165053100,남,70,546
1165053100,남,75,440
1165053100,남,80,301
1165053100,남,85,146
1165053100,남,90,39
1165053100,남,95,7
1165053100,남,100,0
1165053100,여,0,332
1165053100,여,5,792
1165053100,여,10,1068
1165053100,여,15,888
1165053100,여,20,874
1165053100,여,25,846
1165053100,여,30,778
1165053100,여,35,973
1165053100,여,40,1584
1165053100,여,45,1484
1165053100,여,50,1550
1165053100,여,55,1060
1165053100,여,60,822
1165053100,여,65,820
1165053100,여,70,592
1165053100,여,75,493
1165053100,여,80,290
1165053100,여,85,161
1165053100,여,90,59
1165053100,여,95,17
1165053100,여,100,1
1165054000,남,0,318
1165054000,남,5,567
1165054000,남,10,908
1165054000,남,15,840
1165054000,남,20,755
1165054000,남,25,852
1165054000,남,30,775
1165054000,남,35,745
1165054000,남,40,1060
1165054000,남,45,1138
1165054000,남,50,1331
1165054000,남,55,1127
1165054000,남,60,816
1165054000,남,65,648
1165054000,남,70,401
1165054000,남,75,311
1165054000,남,80,177
1165054000,남,85,93
1165054000,남,90,34
1165054000,남,95,3
1165054000,남,100,2
1165054000,여,0,297
1165054000,여,5,536
1165054000,여,10,790
1165054000,여,15,818
1165054000,여,20,757
1165054000,여,25,875
1165054000,여,30,880
1165054000,여,35,921
1165054000,여,40,1253
1165054000,여,45,1362
1165054000,여,50,1452
1165054000,여,55,1014
1165054000,여,60,858
1165054000,여,65,716
1165054000,여,70,482
1165054000,여,75,378
1165054000,여,80,241
1165054000,여,85,141
1165054000,여,90,70
1165054000,여,95,15
1165054000,여,100,4
1165055000,남,0,3
1165055000,남,5,4
1165055000,남,10,5
1165055000,남,15,3
1165055000,남,20,7
1165055000,남,25,5
1165055000,남,30,2
1165055000,남,35,4
1165055000,남,40,7
1165055000,남,45,11
1165055000,남,50,14
1165055000,남,55,10
1165055000,남,60,7
1165055000,남,65,5
1165055000,남,70,5
1165055000,남,75,5
1165055000,남,80,0
1165055000,남,85,1
1165055000,남,90,0
1165055000,남,95,0
1165055000,남,100,0
1165055000,여,0,2
1165055000,여,5,7
1165055000,여,10,9
1165055000,여,15,6
1165055000,여,20,6
1165055000,여,25,10
1165055000,여,30,7
1165055000,여,35,2
1165055000,여,40,9
1165055000,여,45,17
1165055000,여,50,13
1165055000,여,55,9
1165055000,여,60,4
1165055000,여,65,6
1165055000,여,70,6
1165055000,여,75,4
1165055000,여,80,4
1165055000,여,85,1
1165055000,여,90,0
1165055000,여,95,0
1165055000,여,100,0
1165056000,남,0,402
1165056000,남,5,999
1165056000,남,10,1160
1165056000,남,15,921
1165056000,남,20,768
1165056000,남,25,1092
1165056000,남,30,1215
1165056000,남,35,1153
1165056000,남,40,1697
1165056000,남,45,1721
1165056000,남,50,1581
1165056000,남,55,1067
1165056000,남,60,740
1165056000,남,65,727
1165056000,남,70,515
1165056000,남,75,372
1165056000,남,80,244
1165056000,남,85,101
1165056000,남,90,17
1165056000,남,95,9
1165056000,남,100,1
1165056000,여,0,458
1165056000,여,5,916
1165056000,여,10,1142
1165056000,여,15,897
1165056000,여,20,872
1165056000,여,25,1171
1165056000,여,30,1167
1165056000,여,35,1424
1165056000,여,40,2016
1165056000,여,45,1637
1165056000,여,50,1337
1165056000,여,55,910
1165056000,여,60,848
1165056000,여,65,853
1165056000,여,70,623
1165056000,여,75,445
1165056000,여,80,293
1165056000,여,85,142
1165056000,여,90,71
1165056000,여,95,15
1165056000,여,100,4
1165057000,남,0,415
1165057000,남,5,765
1165057000,남,10,1001
1165057000,남,15,905
1165057000,남,20,631
1165057000,남,25,482
1165057000,남,30,412
1165057000,남,35,565
1165057000,남,40,1001
1165057000,남,45,1146
1165057000,남,50,1326
1165057000,남,55,828
1165057000,남,60,567
1165057000,남,65,580
1165057000,남,70,368
1165057000,남,75,344
1165057000,남,80,250
1165057000,남,85,88
1165057000,남,90,21
1165057000,남,95,4
1165057000,남,100,0
1165057000,여,0,403
1165057000,여,5,721
1165057000,여,10,1037
1165057000,여,15,947
1165057000,여,20,718
1165057000,여,25,520
1165057000,여,30,568
1165057000,여,35,793
1165057000,여,40,1295
1165057000,여,45,1424
1165057000,여,50,1250
1165057000,여,55,730
1165057000,여,60,637
1165057000,여,65,629
1165057000,여,70,488
1165057000,여,75,467
1165057000,여,80,212
1165057000,여,85,123
1165057000,여,90,36
1165057000,여,95,21
1165057000,여,100,2
1165058000,남,0,361
1165058000,남,5,564
1165058000,남,10,848
1165058000,남,15,798
1165058000,남,20,710
1165058000,남,25,583
1165058000,남,30,567
1165058000,남,35,581
1165058000,남,40,847
1165058000,남,45,1068
1165058000,남,50,1288
1165058000,남,55,927
1165058000,남,60,614
1165058000,남,65,534
1165058000,남,70,390
1165058000,남,75,303
1165058000,남,80,193
1165058000,남,85,91
1165058000,남,90,25
1165058000,남,95,5
1165058000,남,100,2
1165058000,여,0,306
1165058000,여,5,538
1165058000,여,10,765
1165058000,여,15,858
1165058000,여,20,737
1165058000,여,25,597
1165058000,여,30,659
1165058000,여,35,769
1165058000,여,40,1094
1165058000,여,45,1323
1165058000,여,50,1369
1165058000,여,55,811
1165058000,여,60,689
1165058000,여,65,644
1165058000,여,70,455
1165058000,여,75,385
1165058000,여,80,277
1165058000,여,85,135
1165058000,여,90,54
1165058000,여,95,19
1165058000,여,100,3
1165058100,남,0,285
1165058100,남,5,449
1165058100,남,10,519
1165058100,남,15,547
1165058100,남,20,472
1165058100,남,25,512
1165058100,남,30,461
1165058100,남,35,524
1165058100,남,40,720
1165058100,남,45,721
1165058100,남,50,827
1165058100,남,55,654
1165058100,남,60,498
1165058100,남,65,514
1165058100,남,70,379
1165058100,남,75,286
1165058100,남,80,160
1165058100,남,85,75
1165058100,남,90,24
1165058100,남,95,8
1165058100,남,100,1
1165058100,여,0,240
1165058100,여,5,425
1165058100,여,10,477
1165058100,여,15,546
1165058100,여,20,520
1165058100,여,25,553
1165058100,여,30,575
1165058100,여,35,732
1165058100,여,40,914
1165058100,여,45,893
1165058100,여,50,960
1165058100,여,55,675
1165058100,여,60,580
1165058100,여,65,652
1165058100,여,70,428
1165058100,여,75,337
1165058100,여,80,195
1165058100,여,85,106
1165058100,여,90,56
1165058100,여,95,11
1165058100,여,100,3
1165059000,남,0,195
1165059000,남,5,390
1165059000,남,10,588
1165059000,남,15,593
1165059000,남,20,541
1165059000,남,25,536
1165059000,남,30,573
1165059000,남,35,436
1165059000,남,40,707
1165059000,남,45,857
1165059000,남,50,960
1165059000,남,55,741
1165059000,남,60,642
1165059000,남,65,495
1165059000,남,70,376
1165059000,남,75,274
1165059000,남,80,189
1165059000,남,85,110
1165059000,남,90,44
1165059000,남,95,5
1165059000,남,100,0
1165059000,여,0,158
1165059000,여,5,401
1165059000,여,10,696
1165059000,여,15,724
1165059000,여,20,640
1165059000,여,25,671
1165059000,여,30,629
1165059000,여,35,594
1165059000,여,40,914
1165059000,여,45,1037
1165059000,여,50,1052
1165059000,여,55,743
1165059000,여,60,657
1165059000,여,65,595
1165059000,여,70,417
1165059000,여,75,363
1165059000,여,80,247
1165059000,여,85,175
1165059000,여,90,49
1165059000,여,95,18
1165059000,여,100,5
1165060000,남,0,171
1165060000,남,5,276
1165060000,남,10,319
1165060000,남,15,337
1165060000,남,20,453
1165060000,남,25,593
1165060000,남,30,631
1165060000,남,35,570
1165060000,남,40,630
1165060000,남,45,584
1165060000,남,50,646
1165060000,남,55,521
1165060000,남,60,485
1165060000,남,65,462
1165060000,남,70,363
1165060000,남,75,277
1165060000,남,80,231
1165060000,남,85,76
1165060000,남,90,30
1165060000,남,95,7
1165060000,남,100,1
1165060000,여,0,158
1165060000,여,5,283
1165060000,여,10,286
1165060000,여,15,338
1165060000,여,20,480
1165060000,여,25,630
1165060000,여,30,760
1165060000,여,35,718
1165060000,여,40,765
1165060000,여,45,688
1165060000,여,50,745
1165060000,여,55,599
1165060000,여,60,581
1165060000,여,65,574
1165060000,여,70,468
1165060000,여,75,357
1165060000,여,80,221
1165060000,여,85,114
1165060000,여,90,37
1165060000,여,95,14
1165060000,여,100,1
1165061000,남,0,221
1165061000,남,5,242
1165061000,남,10,338
1165061000,남,15,399
1165061000,남,20,438
1165061000,남,25,651
1165061000,남,30,686
1165061000,남,35,546
1165061000,남,40,638
1165061000,남,45,623
1165061000,남,50,708
1165061000,남,55,597
1165061000,남,60,617
1165061000,남,65,552
1165061000,남,70,413
1165061000,남,75,341
1165061000,남,80,223
1165061000,남,85,88
1165061000,남,90,22
1165061000,남,95,4
1165061000,남,100,2
1165061000,여,0,179
1165061000,여,5,251
1165061000,여,10,347
1165061000,여,15,418
1165061000,여,20,479
1165061000,여,25,689
1165061000,여,30,784
1165061000,여,35,657
1165061000,여,40,691
1165061000,여,45,727
1165061000,여,50,779
1165061000,여,55,772
1165061000,여,60,735
1165061000,여,65,760
1165061000,여,70,484
1165061000,여,75,433
1165061000,여,80,251
1165061000,여,85,121
1165061000,여,90,55
1165061000,여,95,9
1165061000,여,100,5
1165062000,남,0,219
1165062000,남,5,309
1165062000,남,10,368
1165062000,남,15,451
1165062000,남,20,425
1165062000,남,25,443
1165062000,남,30,436
1165062000,남,35,421
1165062000,남,40,557
1165062000,남,45,589
1165062000,남,50,692
1165062000,남,55,561
1165062000,남,60,552
1165062000,남,65,538
1165062000,남,70,399
1165062000,남,75,291
1165062000,남,80,190
1165062000,남,85,78
1165062000,남,90,16
1165062000,남,95,6
1165062000,남,100,0
1165062000,여,0,208
1165062000,여,5,304
1165062000,여,10,393
1165062000,여,15,429
1165062000,여,20,446
1165062000,여,25,460
1165062000,여,30,451
1165062000,여,35,550
1165062000,여,40,672
1165062000,여,45,700
1165062000,여,50,761
1165062000,여,55,606
1165062000,여,60,629
1165062000,여,65,565
1165062000,여,70,456
1165062000,여,75,287
1165062000,여,80,177
1165062000,여,85,105
1165062000,여,90,49
1165062000,여,95,17
1165062000,여,100,3
1165062100,남,0,226
1165062100,남,5,363
1165062100,남,10,573
1165062100,남,15,579
1165062100,남,20,561
1165062100,남,25,675
1165062100,남,30,788
1165062100,남,35,626
1165062100,남,40,808
1165062100,남,45,902
1165062100,남,50,1073
1165062100,남,55,739
1165062100,남,60,661
1165062100,남,65,556
1165062100,남,70,384
1165062100,남,75,329
1165062100,남,80,263
1165062100,남,85,140
1165062100,남,90,27
1165062100,남,95,5
1165062100,남,100,0
1165062100,여,0,191
1165062100,여,5,431
1165062100,여,10,711
1165062100,여,15,724
1165062100,여,20,684
1165062100,여,25,869
1165062100,여,30,932
1165062100,여,35,800
1165062100,여,40,1103
1165062100,여,45,1120
1165062100,여,50,1143
1165062100,여,55,837
1165062100,여,60,749
1165062100,여,65,644
1165062100,여,70,487
1165062100,여,75,448
1165062100,여,80,300
1165062100,여,85,154
1165062100,여,90,59
1165062100,여,95,15
1165062100,여,100,3
1165065100,남,0,544
1165065100,남,5,725
1165065100,남,10,1167
1165065100,남,15,1023
1165065100,남,20,931
1165065100,남,25,1328
1165065100,남,30,1526
1165065100,남,35,1378
1165065100,남,40,1626
1165065100,남,45,1564
1165065100,남,50,1706
1165065100,남,55,1372
1165065100,남,60,1349
1165065100,남,65,1263
1165065100,남,70,863
1165065100,남,75,668
1165065100,남,80,388
1165065100,남,85,160
1165065100,남,90,51
1165065100,남,95,9
1165065100,남,100,0
1165065100,여,0,554
1165065100,여,5,717
1165065100,여,10,1132
1165065100,여,15,968
1165065100,여,20,1005
1165065100,여,25,1324
1165065100,여,30,1545
1165065100,여,35,1524
1165065100,여,40,1749
1165065100,여,45,1761
1165065100,여,50,1754
1165065100,여,55,1611
1165065100,여,60,1638
1165065100,여,65,1639
1165065100,여,70,1175
1165065100,여,75,809
1165065100,여,80,449
1165065100,여,85,272
1165065100,여,90,128
1165065100,여,95,39
1165065100,여,100,7
1165065200,남,0,244
1165065200,남,5,272
1165065200,남,10,378
1165065200,남,15,333
1165065200,남,20,465
1165065200,남,25,1098
1165065200,남,30,1251
1165065200,남,35,937
1165065200,남,40,918
1165065200,남,45,759
1165065200,남,50,918
1165065200,남,55,728
1165065200,남,60,767
1165065200,남,65,569
1165065200,남,70,365
1165065200,남,75,293
1165065200,남,80,176
1165065200,남,85,65
1165065200,남,90,9
1165065200,남,95,3
1165065200,남,100,0
1165065200,여,0,195
1165065200,여,5,233
1165065200,여,10,295
1165065200,여,15,381
1165065200,여,20,518
1165065200,여,25,1057
1165065200,여,30,1123
1165065200,여,35,848
1165065200,여,40,855
1165065200,여,45,786
1165065200,여,50,888
1165065200,여,55,833
1165065200,여,60,759
1165065200,여,65,679
1165065200,여,70,483
1165065200,여,75,339
1165065200,여,80,213
1165065200,여,85,84
1165065200,여,90,30
1165065200,여,95,13
1165065200,여,100,1
1165066000,남,0,305
1165066000,남,5,384
1165066000,남,10,538
1165066000,남,15,286
1165066000,남,20,329
1165066000,남,25,467
1165066000,남,30,534
1165066000,남,35,532
1165066000,남,40,750
1165066000,남,45,668
1165066000,남,50,623
1165066000,남,55,554
1165066000,남,60,561
1165066000,남,65,578
1165066000,남,70,408
1165066000,남,75,349
1165066000,남,80,224
1165066000,남,85,66
1165066000,남,90,23
1165066000,남,95,5
1165066000,남,100,0
1165066000,여,0,264
1165066000,여,5,373
1165066000,여,10,484
1165066000,여,15,299
1165066000,여,20,300
1165066000,여,25,483
1165066000,여,30,544
1165066000,여,35,676
1165066000,여,40,795
1165066000,여,45,649
1165066000,여,50,636
1165066000,여,55,636
1165066000,여,60,708
1165066000,여,65,680
1165066000,여,70,474
1165066000,여,75,366
1165066000,여,80,192
1165066000,여,85,146
1165066000,여,90,66
1165066000,여,95,15
1165066000,여,100,2
1168051000,남,0,173
1168051000,남,5,251
1168051000,남,10,349
1168051000,남,15,387
1168051000,남,20,400
1168051000,남,25,469
1168051000,남,30,500
1168051000,남,35,427
1168051000,남,40,510
1168051000,남,45,567
1168051000,남,50,708
1168051000,남,55,560
1168051000,남,60,441
1168051000,남,65,394
1168051000,남,70,321
1168051000,남,75,309
1168051000,남,80,224
1168051000,남,85,125
1168051000,남,90,42
1168051000,남,95,5
1168051000,남,100,2
1168051000,여,0,163
1168051000,여,5,242
1168051000,여,10,330
1168051000,여,15,390
1168051000,여,20,455
1168051000,여,25,571
1168051000,여,30,577
1168051000,여,35,512
1168051000,여,40,660
1168051000,여,45,708
1168051000,여,50,749
1168051000,여,55,568
1168051000,여,60,500
1168051000,여,65,478
1168051000,여,70,412
1168051000,여,75,390
1168051000,여,80,261
1168051000,여,85,141
1168051000,여,90,56
1168051000,여,95,23
1168051000,여,100,1
1168052100,남,0,117
1168052100,남,5,121
1168052100,남,10,192
1168052100,남,15,202
1168052100,남,20,433
1168052100,남,25,1249
1168052100,남,30,1519
1168052100,남,35,1058
1168052100,남,40,952
1168052100,남,45,719
1168052100,남,50,782
1168052100,남,55,585
1168052100,남,60,559
1168052100,남,65,442
1168052100,남,70,329
1168052100,남,75,276
1168052100,남,80,187
1168052100,남,85,79
1168052100,남,90,24
1168052100,남,95,8
1168052100,남,100,2
1168052100,여,0,114
1168052100,여,5,144
1168052100,여,10,172
1168052100,여,15,251
1168052100,여,20,666
1168052100,여,25,1432
1168052100,여,30,1439
1168052100,여,35,1099
1168052100,여,40,1067
1168052100,여,45,847
1168052100,여,50,754
1168052100,여,55,654
1168052100,여,60,576
1168052100,여,65,579
1168052100,여,70,433
1168052100,여,75,330
1168052100,여,80,213
1168052100,여,85,122
1168052100,여,90,51
1168052100,여,95,9
1168052100,여,100,2
1168053100,남,0,190
1168053100,남,5,226
1168053100,남,10,278
1168053100,남,15,327
1168053100,남,20,477
1168053100,남,25,868
1168053100,남,30,1028
1168053100,남,35,831
1168053100,남,40,893
1168053100,남,45,816
1168053100,남,50,831
1168053100,남,55,626
1168053100,남,60,592
1168053100,남,65,417
1168053100,남,70,331
1168053100,남,75,331
1168053100,남,80,205
1168053100,남,85,92
1168053100,남,90,18
1168053100,남,95,2
1168053100,남,100,1
1168053100,여,0,154
1168053100,여,5,228
1168053100,여,10,282
1168053100,여,15,314
1168053100,여,20,583
1168053100,여,25,1142
1168053100,여,30,1209
1168053100,여,35,1006
1168053100,여,40,1038
1168053100,여,45,859
1168053100,여,50,923
1168053100,여,55,668
1168053100,여,60,619
1168053100,여,65,579
1168053100,여,70,464
1168053100,여,75,380
1168053100,여,80,257
1168053100,여,85,106
1168053100,여,90,51
1168053100,여,95,16
1168053100,여,100,4
1168054500,남,0,325
1168054500,남,5,528
1168054500,남,10,674
1168054500,남,15,607
1168054500,남,20,618
1168054500,남,25,675
1168054500,남,30,602
1168054500,남,35,613
1168054500,남,40,919
1168054500,남,45,987
1168054500,남,50,1112
1168054500,남,55,941
1168054500,남,60,774
1168054500,남,65,671
1168054500,남,70,562
1168054500,남,75,559
1168054500,남,80,377
1168054500,남,85,200
1168054500,남,90,59
1168054500,남,95,12
1168054500,남,100,1
1168054500,여,0,335
1168054500,여,5,557
1168054500,여,10,659
1168054500,여,15,714
1168054500,여,20,680
1168054500,여,25,749
1168054500,여,30,748
1168054500,여,35,790
1168054500,여,40,1165
1168054500,여,45,1169
1168054500,여,50,1244
1168054500,여,55,960
1168054500,여,60,889
1168054500,여,65,846
1168054500,여,70,766
1168054500,여,75,626
1168054500,여,80,423
1168054500,여,85,225
1168054500,여,90,87
1168054500,여,95,25
1168054500,여,100,10
1168056500,남,0,330
1168056500,남,5,556
1168056500,남,10,575
1168056500,남,15,565
1168056500,남,20,685
1168056500,남,25,716
1168056500,남,30,804
1168056500,남,35,742
1168056500,남,40,981
1168056500,남,45,988
1168056500,남,50,991
1168056500,남,55,867
1168056500,남,60,749
1168056500,남,65,648
1168056500,남,70,427
1168056500,남,75,363
1168056500,남,80,247
1168056500,남,85,103
1168056500,남,90,26
1168056500,남,95,1
1168056500,남,100,3
1168056500,여,0,276
1168056500,여,5,435
1168056500,여,10,506
1168056500,여,15,534
1168056500,여,20,725
1168056500,여,25,942
1168056500,여,30,1027
1168056500,여,35,1047
1168056500,여,40,1279
1168056500,여,45,1105
1168056500,여,50,1187
1168056500,여,55,966
1168056500,여,60,849
1168056500,여,65,761
1168056500,여,70,531
1168056500,여,75,420
1168056500,여,80,269
1168056500,여,85,125
1168056500,여,90,62
1168056500,여,95,18
1168056500,여,100,1
1168058000,남,0,117
1168058000,남,5,205
1168058000,남,10,264
1168058000,남,15,345
1168058000,남,20,361
1168058000,남,25,459
1168058000,남,30,452
1168058000,남,35,366
1168058000,남,40,438
1168058000,남,45,435
1168058000,남,50,521
1168058000,남,55,421
1168058000,남,60,439
1168058000,남,65,345
1168058000,남,70,276
1168058000,남,75,213
1168058000,남,80,145
1168058000,남,85,59
1168058000,남,90,16
1168058000,남,95,2
1168058000,남,100,0
1168058000,여,0,140
1168058000,여,5,177
1168058000,여,10,230
1168058000,여,15,260
1168058000,여,20,285
1168058000,여,25,408
1168058000,여,30,460
1168058000,여,35,419
1168058000,여,40,484
1168058000,여,45,530
1168058000,여,50,555
1168058000,여,55,480
1168058000,여,60,460
1168058000,여,65,424
1168058000,여,70,315
1168058000,여,75,244
1168058000,여,80,151
1168058000,여,85,75
1168058000,여,90,31
1168058000,여,95,9
1168058000,여,100,0
1168059000,남,0,352
1168059000,남,5,630
1168059000,남,10,962
1168059000,남,15,946
1168059000,남,20,805
1168059000,남,25,1011
1168059000,남,30,1083
1168059000,남,35,1018
1168059000,남,40,1241
1168059000,남,45,1421
1168059000,남,50,1562
1168059000,남,55,1030
1168059000,남,60,691
1168059000,남,65,558
1168059000,남,70,441
1168059000,남,75,386
1168059000,남,80,317
1168059000,남,85,113
1168059000,남,90,20
1168059000,남,95,3
1168059000,남,100,0
1168059000,여,0,332
1168059000,여,5,564
1168059000,여,10,791
1168059000,여,15,794
1168059000,여,20,827
1168059000,여,25,1152
1168059000,여,30,1299
1168059000,여,35,1283
1168059000,여,40,1680
1168059000,여,45,1702
1168059000,여,50,1482
1168059000,여,55,1000
1168059000,여,60,708
1168059000,여,65,667
1168059000,여,70,616
1168059000,여,75,509
1168059000,여,80,304
1168059000,여,85,121
1168059000,여,90,57
1168059000,여,95,12
1168059000,여,100,4
1168060000,남,0,141
1168060000,남,5,648
1168060000,남,10,1541
1168060000,남,15,1468
1168060000,남,20,694
1168060000,남,25,438
1168060000,남,30,275
1168060000,남,35,277
1168060000,남,40,806
1168060000,남,45,1466
1168060000,남,50,1430
1168060000,남,55,808
1168060000,남,60,563
1168060000,남,65,470
1168060000,남,70,378
1168060000,남,75,275
1168060000,남,80,161
1168060000,남,85,63
1168060000,남,90,24
1168060000,남,95,3
1168060000,남,100,0
1168060000,여,0,131
1168060000,여,5,608
1168060000,여,10,1233
1168060000,여,15,1130
1168060000,여,20,613
1168060000,여,25,434
1168060000,여,30,308
1168060000,여,35,450
1168060000,여,40,1362
1168060000,여,45,1736
1168060000,여,50,1214
1168060000,여,55,647
1168060000,여,60,564
1168060000,여,65,540
1168060000,여,70,397
1168060000,여,75,274
1168060000,여,80,132
1168060000,여,85,81
1168060000,여,90,32
1168060000,여,95,11
1168060000,여,100,2
1168061000,남,0,321
1168061000,남,5,853
1168061000,남,10,2136
1168061000,남,15,2019
1168061000,남,20,1085
1168061000,남,25,918
1168061000,남,30,847
1168061000,남,35,724
1168061000,남,40,1277
1168061000,남,45,1919
1168061000,남,50,2090
1168061000,남,55,1330
1168061000,남,60,1120
1168061000,남,65,996
1168061000,남,70,779
1168061000,남,75,544
1168061000,남,80,303
1168061000,남,85,100
1168061000,남,90,29
1168061000,남,95,5
1168061000,남,100,0
1168061000,여,0,300
1168061000,여,5,755
1168061000,여,10,1309
1168061000,여,15,1327
1168061000,여,20,964
1168061000,여,25,819
1168061000,여,30,782
1168061000,여,35,967
1168061000,여,40,1911
1168061000,여,45,2315
1168061000,여,50,1898
1168061000,여,55,1256
1168061000,여,60,1157
1168061000,여,65,1138
1168061000,여,70,826
1168061000,여,75,570
1168061000,여,80,234
1168061000,여,85,127
1168061000,여,90,72
1168061000,여,95,16
1168061000,여,100,4
1168063000,남,0,105
1168063000,남,5,176
1168063000,남,10,455
1168063000,남,15,734
1168063000,남,20,671
1168063000,남,25,783
1168063000,남,30,886
1168063000,남,35,618
1168063000,남,40,642
1168063000,남,45,743
1168063000,남,50,985
1168063000,남,55,676
1168063000,남,60,422
1168063000,남,65,303
1168063000,남,70,211
1168063000,남,75,196
1168063000,남,80,151
1168063000,남,85,67
1168063000,남,90,13
1168063000,남,95,0
1168063000,남,100,0
1168063000,여,0,91
1168063000,여,5,164
1168063000,여,10,346
1168063000,여,15,611
1168063000,여,20,643
1168063000,여,25,840
1168063000,여,30,885
1168063000,여,35,702
1168063000,여,40,878
1168063000,여,45,1047
1168063000,여,50,1064
1168063000,여,55,653
1168063000,여,60,474
1168063000,여,65,412
1168063000,여,70,279
1168063000,여,75,268
1168063000,여,80,163
1168063000,여,85,63
1168063000,여,90,25
1168063000,여,95,4
1168063000,여,100,1
1168064000,남,0,197
1168064000,남,5,209
1168064000,남,10,275
1168064000,남,15,352
1168064000,남,20,720
1168064000,남,25,2142
1168064000,남,30,2954
1168064000,남,35,1934
1168064000,남,40,1812
1168064000,남,45,1286
1168064000,남,50,1291
1168064000,남,55,991
1168064000,남,60,830
1168064000,남,65,650
1168064000,남,70,414
1168064000,남,75,338
1168064000,남,80,264
1168064000,남,85,111
1168064000,남,90,13
1168064000,남,95,4
1168064000,남,100,0
1168064000,여,0,223
1168064000,여,5,178
1168064000,여,10,279
1168064000,여,15,369
1168064000,여,20,1077
1168064000,여,25,2750
1168064000,여,30,2865
1168064000,여,35,1913
1168064000,여,40,1743
1168064000,여,45,1257
1168064000,여,50,1143
1168064000,여,55,835
1168064000,여,60,784
1168064000,여,65,736
1168064000,여,70,494
1168064000,여,75,429
1168064000,여,80,241
1168064000,여,85,120
1168064000,여,90,53
1168064000,여,95,17
1168064000,여,100,3
1168065000,남,0,294
1168065000,남,5,661
1168065000,남,10,1410
1168065000,남,15,1286
1168065000,남,20,861
1168065000,남,25,1027
1168065000,남,30,1114
1168065000,남,35,909
1168065000,남,40,1601
1168065000,남,45,2015
1168065000,남,50,2135
1168065000,남,55,1149
1168065000,남,60,692
1168065000,남,65,548
1168065000,남,70,401
1168065000,남,75,389
1168065000,남,80,252
1168065000,남,85,122
1168065000,남,90,20
1168065000,남,95,6
1168065000,남,100,0
1168065000,여,0,281
1168065000,여,5,813
1168065000,여,10,1580
1168065000,여,15,1500
1168065000,여,20,1077
1168065000,여,25,1429
1168065000,여,30,1256
1168065000,여,35,1195
1168065000,여,40,2174
1168065000,여,45,2386
1168065000,여,50,1860
1168065000,여,55,921
1168065000,여,60,671
1168065000,여,65,660
1168065000,여,70,602
1168065000,여,75,500
1168065000,여,80,275
1168065000,여,85,114
1168065000,여,90,49
1168065000,여,95,7
1168065000,여,100,3
1168065500,남,0,246
1168065500,남,5,442
1168065500,남,10,564
1168065500,남,15,520
1168065500,남,20,504
1168065500,남,25,664
1168065500,남,30,708
1168065500,남,35,587
1168065500,남,40,806
1168065500,남,45,885
1168065500,남,50,905
1168065500,남,55,725
1168065500,남,60,602
1168065500,남,65,603
1168065500,남,70,390
1168065500,남,75,304
1168065500,남,80,172
1168065500,남,85,56
1168065500,남,90,23
1168065500,남,95,7
1168065500,남,100,0
1168065500,여,0,233
1168065500,여,5,435
1168065500,여,10,714
1168065500,여,15,597
1168065500,여,20,568
1168065500,여,25,683
1168065500,여,30,718
1168065500,여,35,758
1168065500,여,40,1051
1168065500,여,45,913
1168065500,여,50,928
1168065500,여,55,720
1168065500,여,60,720
1168065500,여,65,652
1168065500,여,70,414
1168065500,여,75,319
1168065500,여,80,173
1168065500,여,85,116
1168065500,여,90,45
1168065500,여,95,10
1168065500,여,100,0
1168065600,남,0,359
1168065600,남,5,830
1168065600,남,10,1127
1168065600,남,15,978
1168065600,남,20,788
1168065600,남,25,726
1168065600,남,30,673
1168065600,남,35,643
1168065600,남,40,1188
1168065600,남,45,1462
1168065600,남,50,1583
1168065600,남,55,1177
1168065600,남,60,936
1168065600,남,65,803
1168065600,남,70,627
1168065600,남,75,574
1168065600,남,80,336
1168065600,남,85,175
1168065600,남,90,48
1168065600,남,95,5
1168065600,남,100,1
1168065600,여,0,355
1168065600,여,5,860
1168065600,여,10,1283
1168065600,여,15,1281
1168065600,여,20,982
1168065600,여,25,913
1168065600,여,30,767
1168065600,여,35,959
1168065600,여,40,1667
1168065600,여,45,1728
1168065600,여,50,1602
1168065600,여,55,1140
1168065600,여,60,997
1168065600,여,65,915
1168065600,여,70,750
1168065600,여,75,549
1168065600,여,80,305
1168065600,여,85,179
1168065600,여,90,80
1168065600,여,95,27
1168065600,여,100,4
1168066000,남,0,407
1168066000,남,5,838
1168066000,남,10,948
1168066000,남,15,638
1168066000,남,20,593
1168066000,남,25,579
1168066000,남,30,657
1168066000,남,35,697
1168066000,남,40,1048
1168066000,남,45,1254
1168066000,남,50,1080
1168066000,남,55,880
1168066000,남,60,828
1168066000,남,65,755
1168066000,남,70,535
1168066000,남,75,371
1168066000,남,80,188
1168066000,남,85,70
1168066000,남,90,16
1168066000,남,95,6
1168066000,남,100,0
1168066000,여,0,414
1168066000,여,5,749
1168066000,여,10,952
1168066000,여,15,687
1168066000,여,20,557
1168066000,여,25,651
1168066000,여,30,757
1168066000,여,35,932
1168066000,여,40,1364
1168066000,여,45,1241
1168066000,여,50,1043
1168066000,여,55,901
1168066000,여,60,888
1168066000,여,65,820
1168066000,여,70,596
1168066000,여,75,363
1168066000,여,80,180
1168066000,여,85,84
1168066000,여,90,41
1168066000,여,95,18
1168066000,여,100,4
1168067000,남,0,788
1168067000,남,5,1138
1168067000,남,10,1352
1168067000,남,15,1236
1168067000,남,20,1163
1168067000,남,25,1077
1168067000,남,30,1447
1168067000,남,35,1413
1168067000,남,40,1683
1168067000,남,45,1800
1168067000,남,50,1888
1168067000,남,55,1472
1168067000,남,60,1218
1168067000,남,65,1030
1168067000,남,70,736
1168067000,남,75,542
1168067000,남,80,248
1168067000,남,85,82
1168067000,남,90,16
1168067000,남,95,6
1168067000,남,100,2
1168067000,여,0,711
1168067000,여,5,997
1168067000,여,10,1313
1168067000,여,15,1228
1168067000,여,20,1129
1168067000,여,25,1195
1168067000,여,30,1718
1168067000,여,35,1656
1168067000,여,40,2131
1168067000,여,45,1936
1168067000,여,50,1909
1168067000,여,55,1484
1168067000,여,60,1301
1168067000,여,65,1189
1168067000,여,70,827
1168067000,여,75,473
1168067000,여,80,230
1168067000,여,85,103
1168067000,여,90,67
1168067000,여,95,34
1168067000,여,100,1
1168067500,남,0,188
1168067500,남,5,353
1168067500,남,10,532
1168067500,남,15,532
1168067500,남,20,433
1168067500,남,25,403
1168067500,남,30,625
1168067500,남,35,525
1168067500,남,40,669
1168067500,남,45,696
1168067500,남,50,675
1168067500,남,55,496
1168067500,남,60,506
1168067500,남,65,486
1168067500,남,70,442
1168067500,남,75,295
1168067500,남,80,148
1168067500,남,85,55
1168067500,남,90,11
1168067500,남,95,4
1168067500,남,100,2
1168067500,여,0,162
1168067500,여,5,283
1168067500,여,10,285
1168067500,여,15,275
1168067500,여,20,298
1168067500,여,25,456
1168067500,여,30,628
1168067500,여,35,613
1168067500,여,40,787
1168067500,여,45,739
1168067500,여,50,667
1168067500,여,55,576
1168067500,여,60,590
1168067500,여,65,770
1168067500,여,70,607
1168067500,여,75,444
1168067500,여,80,252
1168067500,여,85,136
1168067500,여,90,56
1168067500,여,95,13
1168067500,여,100,3
1168069000,남,0,349
1168069000,남,5,431
1168069000,남,10,481
1168069000,남,15,519
1168069000,남,20,553
1168069000,남,25,840
1168069000,남,30,895
1168069000,남,35,853
1168069000,남,40,948
1168069000,남,45,841
1168069000,남,50,975
1168069000,남,55,892
1168069000,남,60,806
1168069000,남,65,681
1168069000,남,70,448
1168069000,남,75,302
1168069000,남,80,188
1168069000,남,85,74
1168069000,남,90,16
1168069000,남,95,5
1168069000,남,100,0
1168069000,여,0,338
1168069000,여,5,371
1168069000,여,10,516
1168069000,여,15,573
1168069000,여,20,592
1168069000,여,25,843
1168069000,여,30,917
1168069000,여,35,917
1168069000,여,40,976
1168069000,여,45,975
1168069000,여,50,1083
1168069000,여,55,964
1168069000,여,60,876
1168069000,여,65,821
1168069000,여,70,492
1168069000,여,75,356
1168069000,여,80,193
1168069000,여,85,110
1168069000,여,90,38
1168069000,여,95,28
1168069000,여,100,2
1168070000,남,0,773
1168070000,남,5,967
1168070000,남,10,1424
1168070000,남,15,1118
1168070000,남,20,1025
1168070000,남,25,1352
1168070000,남,30,1874
1168070000,남,35,1647
1168070000,남,40,2073
1168070000,남,45,1757
1168070000,남,50,1682
1168070000,남,55,1400
1168070000,남,60,1317
1168070000,남,65,1136
1168070000,남,70,798
1168070000,남,75,689
1168070000,남,80,372
1168070000,남,85,179
1168070000,남,90,59
1168070000,남,95,7
1168070000,남,100,3
1168070000,여,0,698
1168070000,여,5,985
1168070000,여,10,1406
1168070000,여,15,1140
1168070000,여,20,1126
1168070000,여,25,1986
1168070000,여,30,2148
1168070000,여,35,1924
1168070000,여,40,2225
1168070000,여,45,1906
1168070000,여,50,1734
1168070000,여,55,1485
1168070000,여,60,1531
1168070000,여,65,1514
1168070000,여,70,980
1168070000,여,75,711
1168070000,여,80,521
1168070000,여,85,393
1168070000,여,90,182
1168070000,여,95,45
1168070000,여,100,8
1168072000,남,0,277
1168072000,남,5,655
1168072000,남,10,1014
1168072000,남,15,900
1168072000,남,20,588
1168072000,남,25,539
1168072000,남,30,536
1168072000,남,35,658
1168072000,남,40,931
1168072000,남,45,992
1168072000,남,50,1002
1168072000,남,55,736
1168072000,남,60,636
1168072000,남,65,729
1168072000,남,70,465
1168072000,남,75,278
1168072000,남,80,141
1168072000,남,85,56
1168072000,남,90,26
1168072000,남,95,4
1168072000,남,100,1
1168072000,여,0,261
1168072000,여,5,488
1168072000,여,10,742
1168072000,여,15,584
1168072000,여,20,498
1168072000,여,25,560
1168072000,여,30,611
1168072000,여,35,763
1168072000,여,40,1216
1168072000,여,45,1130
1168072000,여,50,1037
1168072000,여,55,814
1168072000,여,60,829
1168072000,여,65,827
1168072000,여,70,498
1168072000,여,75,257
1168072000,여,80,166
1168072000,여,85,108
1168072000,여,90,74
1168072000,여,95,29
1168072000,여,100,3
1168073000,남,0,125
1168073000,남,5,148
1168073000,남,10,208
1168073000,남,15,299
1168073000,남,20,327
1168073000,남,25,576
1168073000,남,30,600
1168073000,남,35,499
1168073000,남,40,539
1168073000,남,45,475
1168073000,남,50,505
1168073000,남,55,492
1168073000,남,60,564
1168073000,남,65,570
1168073000,남,70,405
1168073000,남,75,325
1168073000,남,80,165
1168073000,남,85,53
1168073000,남,90,18
1168073000,남,95,6
1168073000,남,100,1
1168073000,여,0,115
1168073000,여,5,146
1168073000,여,10,199
1168073000,여,15,216
1168073000,여,20,332
1168073000,여,25,628
1168073000,여,30,606
1168073000,여,35,444
1168073000,여,40,476
1168073000,여,45,473
1168073000,여,50,520
1168073000,여,55,546
1168073000,여,60,653
1168073000,여,65,707
1168073000,여,70,517
1168073000,여,75,360
1168073000,여,80,254
1168073000,여,85,148
1168073000,여,90,51
1168073000,여,95,24
1168073000,여,100,2
1168075000,남,0,154
1168075000,남,5,102
1168075000,남,10,105
1168075000,남,15,135
1168075000,남,20,213
1168075000,남,25,318
1168075000,남,30,489
1168075000,남,35,437
1168075000,남,40,418
1168075000,남,45,358
1168075000,남,50,385
1168075000,남,55,434
1168075000,남,60,609
1168075000,남,65,748
1168075000,남,70,545
1168075000,남,75,410
1168075000,남,80,225
1168075000,남,85,91
1168075000,남,90,25
1168075000,남,95,9
1168075000,남,100,1
1168075000,여,0,147
1168075000,여,5,106
1168075000,여,10,91
1168075000,여,15,158
1168075000,여,20,191
1168075000,여,25,339
1168075000,여,30,487
1168075000,여,35,451
1168075000,여,40,459
1168075000,여,45,325
1168075000,여,50,418
1168075000,여,55,546
1168075000,여,60,738
1168075000,여,65,1057
1168075000,여,70,818
1168075000,여,75,598
1168075000,여,80,350
1168075000,여,85,208
1168075000,여,90,96
1168075000,여,95,32
1168075000,여,100,6
1171051000,남,0,142
1171051000,남,5,142
1171051000,남,10,175
1171051000,남,15,198
1171051000,남,20,288
1171051000,남,25,354
1171051000,남,30,430
1171051000,남,35,423
1171051000,남,40,432
1171051000,남,45,359
1171051000,남,50,470
1171051000,남,55,490
1171051000,남,60,532
1171051000,남,65,496
1171051000,남,70,327
1171051000,남,75,234
1171051000,남,80,152
1171051000,남,85,63
1171051000,남,90,13
1171051000,남,95,1
1171051000,남,100,1
1171051000,여,0,124
1171051000,여,5,117
1171051000,여,10,118
1171051000,여,15,182
1171051000,여,20,237
1171051000,여,25,371
1171051000,여,30,384
1171051000,여,35,385
1171051000,여,40,379
1171051000,여,45,380
1171051000,여,50,505
1171051000,여,55,488
1171051000,여,60,645
1171051000,여,65,596
1171051000,여,70,370
1171051000,여,75,293
1171051000,여,80,209
1171051000,여,85,116
1171051000,여,90,30
1171051000,여,95,7
1171051000,여,100,0
1171052000,남,0,325
1171052000,남,5,439
1171052000,남,10,485
1171052000,남,15,433
1171052000,남,20,566
1171052000,남,25,796
1171052000,남,30,866
1171052000,남,35,874
1171052000,남,40,942
1171052000,남,45,825
1171052000,남,50,893
1171052000,남,55,836
1171052000,남,60,753
1171052000,남,65,798
1171052000,남,70,512
1171052000,남,75,374
1171052000,남,80,224
1171052000,남,85,84
1171052000,남,90,13
1171052000,남,95,1
1171052000,남,100,1
1171052000,여,0,329
1171052000,여,5,398
1171052000,여,10,455
1171052000,여,15,452
1171052000,여,20,725
1171052000,여,25,1083
1171052000,여,30,971
1171052000,여,35,928
1171052000,여,40,1008
1171052000,여,45,854
1171052000,여,50,1019
1171052000,여,55,834
1171052000,여,60,892
1171052000,여,65,862
1171052000,여,70,555
1171052000,여,75,418
1171052000,여,80,259
1171052000,여,85,140
1171052000,여,90,76
1171052000,여,95,19
1171052000,여,100,3
1171053100,남,0,114
1171053100,남,5,131
1171053100,남,10,176
1171053100,남,15,223
1171053100,남,20,307
1171053100,남,25,461
1171053100,남,30,493
1171053100,남,35,375
1171053100,남,40,394
1171053100,남,45,408
1171053100,남,50,530
1171053100,남,55,544
1171053100,남,60,508
1171053100,남,65,464
1171053100,남,70,280
1171053100,남,75,263
1171053100,남,80,155
1171053100,남,85,60
1171053100,남,90,11
1171053100,남,95,2
1171053100,남,100,1
1171053100,여,0,96
1171053100,여,5,110
1171053100,여,10,188
1171053100,여,15,209
1171053100,여,20,328
1171053100,여,25,445
1171053100,여,30,435
1171053100,여,35,357
1171053100,여,40,371
1171053100,여,45,382
1171053100,여,50,554
1171053100,여,55,511
1171053100,여,60,536
1171053100,여,65,477
1171053100,여,70,354
1171053100,여,75,282
1171053100,여,80,176
1171053100,여,85,98
1171053100,여,90,41
1171053100,여,95,12
1171053100,여,100,1
1171053200,남,0,371
1171053200,남,5,510
1171053200,남,10,432
1171053200,남,15,449
1171053200,남,20,609
1171053200,남,25,636
1171053200,남,30,800
1171053200,남,35,890
1171053200,남,40,965
1171053200,남,45,793
1171053200,남,50,979
1171053200,남,55,974
1171053200,남,60,878
1171053200,남,65,802
1171053200,남,70,515
1171053200,남,75,425
1171053200,남,80,242
1171053200,남,85,85
1171053200,남,90,28
1171053200,남,95,2
1171053200,남,100,0
1171053200,여,0,371
1171053200,여,5,454
1171053200,여,10,405
1171053200,여,15,418
1171053200,여,20,540
1171053200,여,25,636
1171053200,여,30,880
1171053200,여,35,886
1171053200,여,40,909
1171053200,여,45,839
1171053200,여,50,1104
1171053200,여,55,985
1171053200,여,60,978
1171053200,여,65,951
1171053200,여,70,605
1171053200,여,75,498
1171053200,여,80,333
1171053200,여,85,164
1171053200,여,90,80
1171053200,여,95,17
1171053200,여,100,5
1171054000,남,0,135
1171054000,남,5,194
1171054000,남,10,316
1171054000,남,15,356
1171054000,남,20,468
1171054000,남,25,523
1171054000,남,30,616
1171054000,남,35,466
1171054000,남,40,616
1171054000,남,45,567
1171054000,남,50,869
1171054000,남,55,898
1171054000,남,60,900
1171054000,남,65,808
1171054000,남,70,536
1171054000,남,75,392
1171054000,남,80,274
1171054000,남,85,88
1171054000,남,90,18
1171054000,남,95,8
1171054000,남,100,0
1171054000,여,0,117
1171054000,여,5,178
1171054000,여,10,282
1171054000,여,15,321
1171054000,여,20,409
1171054000,여,25,521
1171054000,여,30,489
1171054000,여,35,401
1171054000,여,40,505
1171054000,여,45,543
1171054000,여,50,781
1171054000,여,55,772
1171054000,여,60,861
1171054000,여,65,802
1171054000,여,70,591
1171054000,여,75,429
1171054000,여,80,352
1171054000,여,85,203
1171054000,여,90,68
1171054000,여,95,15
1171054000,여,100,1
1171055000,남,0,120
1171055000,남,5,163
1171055000,남,10,231
1171055000,남,15,278
1171055000,남,20,465
1171055000,남,25,607
1171055000,남,30,644
1171055000,남,35,496
1171055000,남,40,554
1171055000,남,45,597
1171055000,남,50,793
1171055000,남,55,833
1171055000,남,60,979
1171055000,남,65,817
1171055000,남,70,525
1171055000,남,75,351
1171055000,남,80,237
1171055000,남,85,111
1171055000,남,90,15
1171055000,남,95,2
1171055000,남,100,0
1171055000,여,0,122
1171055000,여,5,148
1171055000,여,10,211
1171055000,여,15,271
1171055000,여,20,380
1171055000,여,25,489
1171055000,여,30,460
1171055000,여,35,397
1171055000,여,40,479
1171055000,여,45,538
1171055000,여,50,740
1171055000,여,55,830
1171055000,여,60,970
1171055000,여,65,800
1171055000,여,70,552
1171055000,여,75,473
1171055000,여,80,345
1171055000,여,85,160
1171055000,여,90,70
1171055000,여,95,19
1171055000,여,100,4
1171056100,남,0,142
1171056100,남,5,276
1171056100,남,10,374
1171056100,남,15,340
1171056100,남,20,458
1171056100,남,25,523
1171056100,남,30,596
1171056100,남,35,494
1171056100,남,40,566
1171056100,남,45,520
1171056100,남,50,637
1171056100,남,55,556
1171056100,남,60,533
1171056100,남,65,451
1171056100,남,70,340
1171056100,남,75,208
1171056100,남,80,130
1171056100,남,85,45
1171056100,남,90,19
1171056100,남,95,4
1171056100,남,100,0
1171056100,여,0,147
1171056100,여,5,287
1171056100,여,10,362
1171056100,여,15,372
1171056100,여,20,430
1171056100,여,25,575
1171056100,여,30,538
1171056100,여,35,543
1171056100,여,40,640
1171056100,여,45,635
1171056100,여,50,720
1171056100,여,55,613
1171056100,여,60,620
1171056100,여,65,535
1171056100,여,70,336
1171056100,여,75,203
1171056100,여,80,138
1171056100,여,85,94
1171056100,여,90,44
1171056100,여,95,8
1171056100,여,100,6
1171056200,남,0,222
1171056200,남,5,245
1171056200,남,10,257
1171056200,남,15,333
1171056200,남,20,544
1171056200,남,25,1434
1171056200,남,30,1846
1171056200,남,35,1209
1171056200,남,40,1026
1171056200,남,45,774
1171056200,남,50,799
1171056200,남,55,754
1171056200,남,60,760
1171056200,남,65,653
1171056200,남,70,481
1171056200,남,75,331
1171056200,남,80,218
1171056200,남,85,72
1171056200,남,90,22
1171056200,남,95,2
1171056200,남,100,2
1171056200,여,0,192
1171056200,여,5,203
1171056200,여,10,194
1171056200,여,15,293
1171056200,여,20,789
1171056200,여,25,2368
1171056200,여,30,2220
1171056200,여,35,1386
1171056200,여,40,1065
1171056200,여,45,765
1171056200,여,50,909
1171056200,여,55,916
1171056200,여,60,915
1171056200,여,65,810
1171056200,여,70,538
1171056200,여,75,370
1171056200,여,80,221
1171056200,여,85,132
1171056200,여,90,55
1171056200,여,95,13
1171056200,여,100,1
1171056600,남,0,175
1171056600,남,5,418
1171056600,남,10,676
1171056600,남,15,658
1171056600,남,20,512
1171056600,남,25,471
1171056600,남,30,389
1171056600,남,35,341
1171056600,남,40,578
1171056600,남,45,742
1171056600,남,50,756
1171056600,남,55,673
1171056600,남,60,657
1171056600,남,65,601
1171056600,남,70,478
1171056600,남,75,331
1171056600,남,80,145
1171056600,남,85,50
1171056600,남,90,25
1171056600,남,95,3
1171056600,남,100,0
1171056600,여,0,134
1171056600,여,5,373
1171056600,여,10,605
1171056600,여,15,553
1171056600,여,20,432
1171056600,여,25,407
1171056600,여,30,426
1171056600,여,35,478
1171056600,여,40,808
1171056600,여,45,871
1171056600,여,50,766
1171056600,여,55,732
1171056600,여,60,722
1171056600,여,65,701
1171056600,여,70,497
1171056600,여,75,242
1171056600,여,80,129
1171056600,여,85,82
1171056600,여,90,55
1171056600,여,95,18
1171056600,여,100,1
1171057000,남,0,450
1171057000,남,5,696
1171057000,남,10,728
1171057000,남,15,852
1171057000,남,20,1036
1171057000,남,25,1326
1171057000,남,30,1384
1171057000,남,35,1214
1171057000,남,40,1397
1171057000,남,45,1205
1171057000,남,50,1513
1171057000,남,55,1556
1171057000,남,60,1549
1171057000,남,65,1414
1171057000,남,70,915
1171057000,남,75,625
1171057000,남,80,317
1171057000,남,85,137
1171057000,남,90,40
1171057000,남,95,11
1171057000,남,100,2
1171057000,여,0,461
1171057000,여,5,634
1171057000,여,10,649
1171057000,여,15,750
1171057000,여,20,984
1171057000,여,25,1283
1171057000,여,30,1361
1171057000,여,35,1274
1171057000,여,40,1412
1171057000,여,45,1373
1171057000,여,50,1739
1171057000,여,55,1842
1171057000,여,60,1801
1171057000,여,65,1580
1171057000,여,70,976
1171057000,여,75,611
1171057000,여,80,428
1171057000,여,85,301
1171057000,여,90,162
1171057000,여,95,37
1171057000,여,100,4
1171058000,남,0,214
1171058000,남,5,250
1171058000,남,10,261
1171058000,남,15,270
1171058000,남,20,484
1171058000,남,25,1180
1171058000,남,30,1575
1171058000,남,35,1105
1171058000,남,40,867
1171058000,남,45,677
1171058000,남,50,723
1171058000,남,55,684
1171058000,남,60,743
1171058000,남,65,639
1171058000,남,70,461
1171058000,남,75,292
1171058000,남,80,214
1171058000,남,85,81
1171058000,남,90,23
1171058000,남,95,6
1171058000,남,100,1
1171058000,여,0,226
1171058000,여,5,225
1171058000,여,10,257
1171058000,여,15,343
1171058000,여,20,654
1171058000,여,25,1605
1171058000,여,30,1710
1171058000,여,35,1089
1171058000,여,40,957
1171058000,여,45,778
1171058000,여,50,863
1171058000,여,55,891
1171058000,여,60,868
1171058000,여,65,766
1171058000,여,70,570
1171058000,여,75,355
1171058000,여,80,227
1171058000,여,85,110
1171058000,여,90,55
1171058000,여,95,9
1171058000,여,100,0
1171059000,남,0,224
1171059000,남,5,404
1171059000,남,10,442
1171059000,남,15,415
1171059000,남,20,491
1171059000,남,25,609
1171059000,남,30,653
1171059000,남,35,667
1171059000,남,40,776
1171059000,남,45,667
1171059000,남,50,699
1171059000,남,55,682
1171059000,남,60,681
1171059000,남,65,621
1171059000,남,70,434
1171059000,남,75,288
1171059000,남,80,144
1171059000,남,85,58
1171059000,남,90,11
1171059000,남,95,4
1171059000,남,100,1
1171059000,여,0,209
1171059000,여,5,363
1171059000,여,10,447
1171059000,여,15,440
1171059000,여,20,504
1171059000,여,25,721
1171059000,여,30,723
1171059000,여,35,692
1171059000,여,40,811
1171059000,여,45,680
1171059000,여,50,805
1171059000,여,55,739
1171059000,여,60,784
1171059000,여,65,727
1171059000,여,70,447
1171059000,여,75,239
1171059000,여,80,160
1171059000,여,85,96
1171059000,여,90,52
1171059000,여,95,12
1171059000,여,100,0
1171060000,남,0,267
1171060000,남,5,309
1171060000,남,10,370
1171060000,남,15,423
1171060000,남,20,668
1171060000,남,25,1474
1171060000,남,30,1916
1171060000,남,35,1401
1171060000,남,40,1261
1171060000,남,45,1011
1171060000,남,50,1080
1171060000,남,55,999
1171060000,남,60,1017
1171060000,남,65,859
1171060000,남,70,562
1171060000,남,75,433
1171060000,남,80,278
1171060000,남,85,104
1171060000,남,90,24
1171060000,남,95,5
1171060000,남,100,0
1171060000,여,0,294
1171060000,여,5,275
1171060000,여,10,352
1171060000,여,15,395
1171060000,여,20,838
1171060000,여,25,1955
1171060000,여,30,2105
1171060000,여,35,1423
1171060000,여,40,1278
1171060000,여,45,991
1171060000,여,50,1194
1171060000,여,55,1095
1171060000,여,60,1157
1171060000,여,65,1050
1171060000,여,70,686
1171060000,여,75,535
1171060000,여,80,292
1171060000,여,85,160
1171060000,여,90,64
1171060000,여,95,15
1171060000,여,100,2
1171061000,남,0,254
1171061000,남,5,281
1171061000,남,10,391
1171061000,남,15,488
1171061000,남,20,626
1171061000,남,25,1411
1171061000,남,30,1747
1171061000,남,35,1287
1171061000,남,40,1168
1171061000,남,45,1021
1171061000,남,50,1052
1171061000,남,55,929
1171061000,남,60,860
1171061000,남,65,758
1171061000,남,70,497
1171061000,남,75,380
1171061000,남,80,218
1171061000,남,85,73
1171061000,남,90,15
1171061000,남,95,3
1171061000,남,100,0
1171061000,여,0,219
1171061000,여,5,266
1171061000,여,10,425
1171061000,여,15,398
1171061000,여,20,738
1171061000,여,25,1817
1171061000,여,30,1978
1171061000,여,35,1382
1171061000,여,40,1271
1171061000,여,45,1109
1171061000,여,50,1145
1171061000,여,55,1019
1171061000,여,60,1097
1171061000,여,65,967
1171061000,여,70,632
1171061000,여,75,412
1171061000,여,80,288
1171061000,여,85,153
1171061000,여,90,53
1171061000,여,95,25
1171061000,여,100,5
1171062000,남,0,304
1171062000,남,5,349
1171062000,남,10,359
1171062000,남,15,446
1171062000,남,20,591
1171062000,남,25,1108
1171062000,남,30,1200
1171062000,남,35,1057
1171062000,남,40,989
1171062000,남,45,798
1171062000,남,50,964
1171062000,남,55,1004
1171062000,남,60,1042
1171062000,남,65,908
1171062000,남,70,512
1171062000,남,75,356
1171062000,남,80,204
1171062000,남,85,97
1171062000,남,90,27
1171062000,남,95,9
1171062000,남,100,1
1171062000,여,0,324
1171062000,여,5,332
1171062000,여,10,355
1171062000,여,15,428
1171062000,여,20,648
1171062000,여,25,1058
1171062000,여,30,1221
1171062000,여,35,971
1171062000,여,40,955
1171062000,여,45,778
1171062000,여,50,1063
1171062000,여,55,1117
1171062000,여,60,1167
1171062000,여,65,895
1171062000,여,70,536
1171062000,여,75,372
1171062000,여,80,234
1171062000,여,85,144
1171062000,여,90,67
1171062000,여,95,17
1171062000,여,100,2
1171063100,남,0,648
1171063100,남,5,911
1171063100,남,10,847
1171063100,남,15,548
1171063100,남,20,537
1171063100,남,25,645
1171063100,남,30,933
1171063100,남,35,1137
1171063100,남,40,1422
1171063100,남,45,1071
1171063100,남,50,909
1171063100,남,55,775
1171063100,남,60,884
1171063100,남,65,785
1171063100,남,70,587
1171063100,남,75,354
1171063100,남,80,170
1171063100,남,85,49
1171063100,남,90,6
1171063100,남,95,5
1171063100,남,100,0
1171063100,여,0,631
1171063100,여,5,780
1171063100,여,10,767
1171063100,여,15,628
1171063100,여,20,535
1171063100,여,25,670
1171063100,여,30,1176
1171063100,여,35,1376
1171063100,여,40,1518
1171063100,여,45,1051
1171063100,여,50,971
1171063100,여,55,942
1171063100,여,60,975
1171063100,여,65,929
1171063100,여,70,561
1171063100,여,75,339
1171063100,여,80,166
1171063100,여,85,78
1171063100,여,90,35
1171063100,여,95,6
1171063100,여,100,2
1171063200,남,0,365
1171063200,남,5,665
1171063200,남,10,801
1171063200,남,15,827
1171063200,남,20,818
1171063200,남,25,1098
1171063200,남,30,1209
1171063200,남,35,1046
1171063200,남,40,1234
1171063200,남,45,1181
1171063200,남,50,1320
1171063200,남,55,1132
1171063200,남,60,1074
1171063200,남,65,967
1171063200,남,70,623
1171063200,남,75,382
1171063200,남,80,220
1171063200,남,85,102
1171063200,남,90,27
1171063200,남,95,5
1171063200,남,100,1
1171063200,여,0,334
1171063200,여,5,591
1171063200,여,10,798
1171063200,여,15,735
1171063200,여,20,817
1171063200,여,25,1176
1171063200,여,30,1213
1171063200,여,35,1141
1171063200,여,40,1362
1171063200,여,45,1211
1171063200,여,50,1372
1171063200,여,55,1239
1171063200,여,60,1266
1171063200,여,65,1108
1171063200,여,70,626
1171063200,여,75,400
1171063200,여,80,271
1171063200,여,85,162
1171063200,여,90,76
1171063200,여,95,18
1171063200,여,100,4
1171064100,남,0,245
1171064100,남,5,296
1171064100,남,10,326
1171064100,남,15,361
1171064100,남,20,524
1171064100,남,25,930
1171064100,남,30,980
1171064100,남,35,813
1171064100,남,40,747
1171064100,남,45,599
1171064100,남,50,747
1171064100,남,55,683
1171064100,남,60,799
1171064100,남,65,682
1171064100,남,70,477
1171064100,남,75,276
1171064100,남,80,144
1171064100,남,85,69
1171064100,남,90,12
1171064100,남,95,6
1171064100,남,100,0
1171064100,여,0,231
1171064100,여,5,265
1171064100,여,10,337
1171064100,여,15,334
1171064100,여,20,572
1171064100,여,25,1003
1171064100,여,30,975
1171064100,여,35,741
1171064100,여,40,716
1171064100,여,45,620
1171064100,여,50,804
1171064100,여,55,826
1171064100,여,60,902
1171064100,여,65,749
1171064100,여,70,436
1171064100,여,75,283
1171064100,여,80,178
1171064100,여,85,101
1171064100,여,90,56
1171064100,여,95,8
1171064100,여,100,3
1171064200,남,0,319
1171064200,남,5,367
1171064200,남,10,369
1171064200,남,15,344
1171064200,남,20,524
1171064200,남,25,1233
1171064200,남,30,1912
1171064200,남,35,1413
1171064200,남,40,1301
1171064200,남,45,846
1171064200,남,50,884
1171064200,남,55,795
1171064200,남,60,741
1171064200,남,65,720
1171064200,남,70,582
1171064200,남,75,409
1171064200,남,80,252
1171064200,남,85,124
1171064200,남,90,43
1171064200,남,95,10
1171064200,남,100,2
1171064200,여,0,302
1171064200,여,5,365
1171064200,여,10,378
1171064200,여,15,378
1171064200,여,20,705
1171064200,여,25,2097
1171064200,여,30,2430
1171064200,여,35,1636
1171064200,여,40,1444
1171064200,여,45,914
1171064200,여,50,956
1171064200,여,55,844
1171064200,여,60,831
1171064200,여,65,854
1171064200,여,70,554
1171064200,여,75,412
1171064200,여,80,242
1171064200,여,85,169
1171064200,여,90,79
1171064200,여,95,16
1171064200,여,100,2
1171064600,남,0,439
1171064600,남,5,503
1171064600,남,10,546
1171064600,남,15,640
1171064600,남,20,774
1171064600,남,25,965
1171064600,남,30,1061
1171064600,남,35,1105
1171064600,남,40,1160
1171064600,남,45,952
1171064600,남,50,1107
1171064600,남,55,1026
1171064600,남,60,1061
1171064600,남,65,884
1171064600,남,70,588
1171064600,남,75,403
1171064600,남,80,223
1171064600,남,85,88
1171064600,남,90,19
1171064600,남,95,3
1171064600,남,100,0
1171064600,여,0,437
1171064600,여,5,504
1171064600,여,10,513
1171064600,여,15,603
1171064600,여,20,771
1171064600,여,25,877
1171064600,여,30,1122
1171064600,여,35,1084
1171064600,여,40,1116
1171064600,여,45,1041
1171064600,여,50,1231
1171064600,여,55,1242
1171064600,여,60,1246
1171064600,여,65,1079
1171064600,여,70,700
1171064600,여,75,459
1171064600,여,80,322
1171064600,여,85,179
1171064600,여,90,88
1171064600,여,95,28
1171064600,여,100,6
1171064700,남,0,1316
1171064700,남,5,1873
1171064700,남,10,1835
1171064700,남,15,1362
1171064700,남,20,1078
1171064700,남,25,1018
1171064700,남,30,1203
1171064700,남,35,1802
1171064700,남,40,2502
1171064700,남,45,2077
1171064700,남,50,1805
1171064700,남,55,1239
1171064700,남,60,1046
1171064700,남,65,781
1171064700,남,70,447
1171064700,남,75,298
1171064700,남,80,151
1171064700,남,85,54
1171064700,남,90,14
1171064700,남,95,3
1171064700,남,100,0
1171064700,여,0,1188
1171064700,여,5,1811
1171064700,여,10,1744
1171064700,여,15,1355
1171064700,여,20,1020
1171064700,여,25,1104
1171064700,여,30,1580
1171064700,여,35,2092
1171064700,여,40,2746
1171064700,여,45,2046
1171064700,여,50,1687
1171064700,여,55,1323
1171064700,여,60,1145
1171064700,여,65,927
1171064700,여,70,527
1171064700,여,75,365
1171064700,여,80,201
1171064700,여,85,142
1171064700,여,90,68
1171064700,여,95,30
1171064700,여,100,4
1171065000,남,0,222
1171065000,남,5,261
1171065000,남,10,306
1171065000,남,15,406
1171065000,남,20,632
1171065000,남,25,1502
1171065000,남,30,1934
1171065000,남,35,1240
1171065000,남,40,1102
1171065000,남,45,929
1171065000,남,50,1035
1171065000,남,55,851
1171065000,남,60,866
1171065000,남,65,758
1171065000,남,70,481
1171065000,남,75,353
1171065000,남,80,202
1171065000,남,85,83
1171065000,남,90,17
1171065000,남,95,5
1171065000,남,100,2
1171065000,여,0,183
1171065000,여,5,236
1171065000,여,10,333
1171065000,여,15,393
1171065000,여,20,832
1171065000,여,25,1948
1171065000,여,30,1904
1171065000,여,35,1265
1171065000,여,40,1114
1171065000,여,45,972
1171065000,여,50,1091
1171065000,여,55,957
1171065000,여,60,981
1171065000,여,65,894
1171065000,여,70,567
1171065000,여,75,398
1171065000,여,80,248
1171065000,여,85,138
1171065000,여,90,41
1171065000,여,95,11
1171065000,여,100,2
1171067000,남,0,492
1171067000,남,5,1225
1171067000,남,10,1616
1171067000,남,15,1295
1171067000,남,20,937
1171067000,남,25,613
1171067000,남,30,558
1171067000,남,35,750
1171067000,남,40,1701
1171067000,남,45,1936
1171067000,남,50,1847
1171067000,남,55,1167
1171067000,남,60,731
1171067000,남,65,638
1171067000,남,70,466
1171067000,남,75,391
1171067000,남,80,224
1171067000,남,85,76
1171067000,남,90,21
1171067000,남,95,3
1171067000,남,100,0
1171067000,여,0,437
1171067000,여,5,1079
1171067000,여,10,1539
1171067000,여,15,1343
1171067000,여,20,1033
1171067000,여,25,777
1171067000,여,30,704
1171067000,여,35,1200
1171067000,여,40,2223
1171067000,여,45,2103
1171067000,여,50,1726
1171067000,여,55,959
1171067000,여,60,802
1171067000,여,65,765
1171067000,여,70,608
1171067000,여,75,418
1171067000,여,80,275
1171067000,여,85,115
1171067000,여,90,47
1171067000,여,95,13
1171067000,여,100,2
1171068000,남,0,391
1171068000,남,5,842
1171068000,남,10,1053
1171068000,남,15,954
1171068000,남,20,928
1171068000,남,25,759
1171068000,남,30,682
1171068000,남,35,823
1171068000,남,40,1333
1171068000,남,45,1383
1171068000,남,50,1457
1171068000,남,55,1266
1171068000,남,60,1059
1171068000,남,65,1029
1171068000,남,70,854
1171068000,남,75,642
1171068000,남,80,323
1171068000,남,85,114
1171068000,남,90,36
1171068000,남,95,10
1171068000,남,100,0
1171068000,여,0,418
1171068000,여,5,826
1171068000,여,10,1060
1171068000,여,15,1000
1171068000,여,20,910
1171068000,여,25,863
1171068000,여,30,895
1171068000,여,35,1114
1171068000,여,40,1677
1171068000,여,45,1591
1171068000,여,50,1580
1171068000,여,55,1225
1171068000,여,60,1249
1171068000,여,65,1283
1171068000,여,70,914
1171068000,여,75,666
1171068000,여,80,324
1171068000,여,85,145
1171068000,여,90,80
1171068000,여,95,28
1171068000,여,100,2
1171069000,남,0,371
1171069000,남,5,742
1171069000,남,10,851
1171069000,남,15,552
1171069000,남,20,479
1171069000,남,25,453
1171069000,남,30,414
1171069000,남,35,607
1171069000,남,40,1051
1171069000,남,45,994
1171069000,남,50,898
1171069000,남,55,676
1171069000,남,60,606
1171069000,남,65,581
1171069000,남,70,377
1171069000,남,75,309
1171069000,남,80,148
1171069000,남,85,73
1171069000,남,90,8
1171069000,남,95,7
1171069000,남,100,0
1171069000,여,0,354
1171069000,여,5,680
1171069000,여,10,757
1171069000,여,15,509
1171069000,여,20,458
1171069000,여,25,469
1171069000,여,30,521
1171069000,여,35,858
1171069000,여,40,1306
1171069000,여,45,1006
1171069000,여,50,877
1171069000,여,55,730
1171069000,여,60,669
1171069000,여,65,660
1171069000,여,70,461
1171069000,여,75,279
1171069000,여,80,176
1171069000,여,85,90
1171069000,여,90,40
1171069000,여,95,11
1171069000,여,100,2
1171071000,남,0,210
1171071000,남,5,415
1171071000,남,10,441
1171071000,남,15,434
1171071000,남,20,408
1171071000,남,25,389
1171071000,남,30,423
1171071000,남,35,450
1171071000,남,40,684
1171071000,남,45,618
1171071000,남,50,604
1171071000,남,55,569
1171071000,남,60,582
1171071000,남,65,585
1171071000,남,70,398
1171071000,남,75,258
1171071000,남,80,160
1171071000,남,85,79
1171071000,남,90,30
1171071000,남,95,8
1171071000,남,100,1
1171071000,여,0,229
1171071000,여,5,386
1171071000,여,10,466
1171071000,여,15,375
1171071000,여,20,417
1171071000,여,25,485
1171071000,여,30,467
1171071000,여,35,590
1171071000,여,40,784
1171071000,여,45,734
1171071000,여,50,702
1171071000,여,55,648
1171071000,여,60,670
1171071000,여,65,657
1171071000,여,70,402
1171071000,여,75,294
1171071000,여,80,188
1171071000,여,85,107
1171071000,여,90,47
1171071000,여,95,19
1171071000,여,100,3
1171072000,남,0,102
1171072000,남,5,173
1171072000,남,10,161
1171072000,남,15,208
1171072000,남,20,253
1171072000,남,25,278
1171072000,남,30,219
1171072000,남,35,202
1171072000,남,40,265
1171072000,남,45,295
1171072000,남,50,365
1171072000,남,55,374
1171072000,남,60,366
1171072000,남,65,329
1171072000,남,70,284
1171072000,남,75,232
1171072000,남,80,150
1171072000,남,85,75
1171072000,남,90,25
1171072000,남,95,4
1171072000,남,100,3
1171072000,여,0,95
1171072000,여,5,161
1171072000,여,10,220
1171072000,여,15,300
1171072000,여,20,288
1171072000,여,25,268
1171072000,여,30,279
1171072000,여,35,242
1171072000,여,40,341
1171072000,여,45,348
1171072000,여,50,452
1171072000,여,55,421
1171072000,여,60,358
1171072000,여,65,406
1171072000,여,70,301
1171072000,여,75,248
1171072000,여,80,132
1171072000,여,85,102
1171072000,여,90,53
1171072000,여,95,12
1171072000,여,100,4
1174051500,남,0,734
1174051500,남,5,896
1174051500,남,10,904
1174051500,남,15,1029
1174051500,남,20,878
1174051500,남,25,887
1174051500,남,30,891
1174051500,남,35,1193
1174051500,남,40,1483
1174051500,남,45,1303
1174051500,남,50,1322
1174051500,남,55,1145
1174051500,남,60,1140
1174051500,남,65,1053
1174051500,남,70,753
1174051500,남,75,506
1174051500,남,80,309
1174051500,남,85,115
1174051500,남,90,43
1174051500,남,95,7
1174051500,남,100,1
1174051500,여,0,699
1174051500,여,5,823
1174051500,여,10,869
1174051500,여,15,916
1174051500,여,20,792
1174051500,여,25,891
1174051500,여,30,1063
1174051500,여,35,1306
1174051500,여,40,1554
1174051500,여,45,1373
1174051500,여,50,1386
1174051500,여,55,1260
1174051500,여,60,1425
1174051500,여,65,1428
1174051500,여,70,862
1174051500,여,75,589
1174051500,여,80,384
1174051500,여,85,253
1174051500,여,90,126
1174051500,여,95,28
1174051500,여,100,6
1174052500,남,0,761
1174052500,남,5,1463
1174052500,남,10,1518
1174052500,남,15,1046
1174052500,남,20,812
1174052500,남,25,838
1174052500,남,30,1000
1174052500,남,35,1313
1174052500,남,40,2069
1174052500,남,45,1895
1174052500,남,50,1512
1174052500,남,55,1236
1174052500,남,60,1235
1174052500,남,65,1133
1174052500,남,70,740
1174052500,남,75,454
1174052500,남,80,218
1174052500,남,85,76
1174052500,남,90,11
1174052500,남,95,4
1174052500,남,100,0
1174052500,여,0,740
1174052500,여,5,1375
1174052500,여,10,1369
1174052500,여,15,1056
1174052500,여,20,809
1174052500,여,25,856
1174052500,여,30,1090
1174052500,여,35,1629
1174052500,여,40,2283
1174052500,여,45,1802
1174052500,여,50,1489
1174052500,여,55,1240
1174052500,여,60,1451
1174052500,여,65,1217
1174052500,여,70,702
1174052500,여,75,414
1174052500,여,80,226
1174052500,여,85,115
1174052500,여,90,57
1174052500,여,95,19
1174052500,여,100,4
1174052600,남,0,332
1174052600,남,5,305
1174052600,남,10,437
1174052600,남,15,420
1174052600,남,20,361
1174052600,남,25,391
1174052600,남,30,439
1174052600,남,35,456
1174052600,남,40,525
1174052600,남,45,489
1174052600,남,50,526
1174052600,남,55,465
1174052600,남,60,363
1174052600,남,65,280
1174052600,남,70,213
1174052600,남,75,170
1174052600,남,80,119
1174052600,남,85,48
1174052600,남,90,19
1174052600,남,95,2
1174052600,남,100,2
1174052600,여,0,318
1174052600,여,5,328
1174052600,여,10,421
1174052600,여,15,401
1174052600,여,20,441
1174052600,여,25,510
1174052600,여,30,475
1174052600,여,35,514
1174052600,여,40,592
1174052600,여,45,548
1174052600,여,50,568
1174052600,여,55,488
1174052600,여,60,393
1174052600,여,65,401
1174052600,여,70,312
1174052600,여,75,228
1174052600,여,80,149
1174052600,여,85,100
1174052600,여,90,44
1174052600,여,95,13
1174052600,여,100,2
1174053000,남,0,439
1174053000,남,5,539
1174053000,남,10,588
1174053000,남,15,658
1174053000,남,20,653
1174053000,남,25,714
1174053000,남,30,818
1174053000,남,35,974
1174053000,남,40,1098
1174053000,남,45,898
1174053000,남,50,1058
1174053000,남,55,825
1174053000,남,60,810
1174053000,남,65,854
1174053000,남,70,576
1174053000,남,75,411
1174053000,남,80,195
1174053000,남,85,78
1174053000,남,90,16
1174053000,남,95,2
1174053000,남,100,2
1174053000,여,0,455
1174053000,여,5,510
1174053000,여,10,535
1174053000,여,15,537
1174053000,여,20,592
1174053000,여,25,679
1174053000,여,30,877
1174053000,여,35,941
1174053000,여,40,1148
1174053000,여,45,964
1174053000,여,50,1089
1174053000,여,55,928
1174053000,여,60,1028
1174053000,여,65,1022
1174053000,여,70,640
1174053000,여,75,410
1174053000,여,80,248
1174053000,여,85,136
1174053000,여,90,60
1174053000,여,95,26
1174053000,여,100,3
1174054000,남,0,150
1174054000,남,5,311
1174054000,남,10,619
1174054000,남,15,653
1174054000,남,20,489
1174054000,남,25,474
1174054000,남,30,481
1174054000,남,35,399
1174054000,남,40,565
1174054000,남,45,708
1174054000,남,50,734
1174054000,남,55,567
1174054000,남,60,565
1174054000,남,65,599
1174054000,남,70,433
1174054000,남,75,270
1174054000,남,80,114
1174054000,남,85,35
1174054000,남,90,14
1174054000,남,95,1
1174054000,남,100,0
1174054000,여,0,127
1174054000,여,5,311
1174054000,여,10,548
1174054000,여,15,486
1174054000,여,20,469
1174054000,여,25,604
1174054000,여,30,483
1174054000,여,35,452
1174054000,여,40,769
1174054000,여,45,822
1174054000,여,50,751
1174054000,여,55,585
1174054000,여,60,671
1174054000,여,65,653
1174054000,여,70,407
1174054000,여,75,222
1174054000,여,80,125
1174054000,여,85,76
1174054000,여,90,43
1174054000,여,95,18
1174054000,여,100,3
1174055000,남,0,287
1174055000,남,5,811
1174055000,남,10,1288
1174055000,남,15,1004
1174055000,남,20,544
1174055000,남,25,501
1174055000,남,30,493
1174055000,남,35,598
1174055000,남,40,1204
1174055000,남,45,1332
1174055000,남,50,1096
1174055000,남,55,744
1174055000,남,60,686
1174055000,남,65,661
1174055000,남,70,426
1174055000,남,75,249
1174055000,남,80,154
1174055000,남,85,53
1174055000,남,90,19
1174055000,남,95,6
1174055000,남,100,0
1174055000,여,0,231
1174055000,여,5,677
1174055000,여,10,1010
1174055000,여,15,704
1174055000,여,20,450
1174055000,여,25,422
1174055000,여,30,472
1174055000,여,35,797
1174055000,여,40,1420
1174055000,여,45,1318
1174055000,여,50,932
1174055000,여,55,682
1174055000,여,60,810
1174055000,여,65,701
1174055000,여,70,419
1174055000,여,75,259
1174055000,여,80,170
1174055000,여,85,119
1174055000,여,90,60
1174055000,여,95,20
1174055000,여,100,3
1174056000,남,0,526
1174056000,남,5,851
1174056000,남,10,862
1174056000,남,15,601
1174056000,남,20,533
1174056000,남,25,657
1174056000,남,30,779
1174056000,남,35,993
1174056000,남,40,1378
1174056000,남,45,1083
1174056000,남,50,1007
1174056000,남,55,827
1174056000,남,60,796
1174056000,남,65,724
1174056000,남,70,443
1174056000,남,75,295
1174056000,남,80,162
1174056000,남,85,59
1174056000,남,90,16
1174056000,남,95,6
1174056000,남,100,1
1174056000,여,0,493
1174056000,여,5,771
1174056000,여,10,725
1174056000,여,15,556
1174056000,여,20,491
1174056000,여,25,613
1174056000,여,30,837
1174056000,여,35,1134
1174056000,여,40,1428
1174056000,여,45,985
1174056000,여,50,946
1174056000,여,55,827
1174056000,여,60,835
1174056000,여,65,749
1174056000,여,70,471
1174056000,여,75,312
1174056000,여,80,161
1174056000,여,85,109
1174056000,여,90,46
1174056000,여,95,10
1174056000,여,100,0
1174057000,남,0,329
1174057000,남,5,479
1174057000,남,10,553
1174057000,남,15,613
1174057000,남,20,838
1174057000,남,25,1304
1174057000,남,30,1371
1174057000,남,35,1153
1174057000,남,40,1364
1174057000,남,45,1253
1174057000,남,50,1391
1174057000,남,55,1422
1174057000,남,60,1424
1174057000,남,65,1165
1174057000,남,70,807
1174057000,남,75,551
1174057000,남,80,366
1174057000,남,85,128
1174057000,남,90,34
1174057000,남,95,4
1174057000,남,100,0
1174057000,여,0,343
1174057000,여,5,460
1174057000,여,10,550
1174057000,여,15,573
1174057000,여,20,827
1174057000,여,25,1191
1174057000,여,30,1246
1174057000,여,35,1069
1174057000,여,40,1217
1174057000,여,45,1181
1174057000,여,50,1459
1174057000,여,55,1503
1174057000,여,60,1465
1174057000,여,65,1334
1174057000,여,70,975
1174057000,여,75,710
1174057000,여,80,447
1174057000,여,85,267
1174057000,여,90,108
1174057000,여,95,28
1174057000,여,100,2
1174058000,남,0,283
1174058000,남,5,279
1174058000,남,10,271
1174058000,남,15,224
1174058000,남,20,298
1174058000,남,25,459
1174058000,남,30,621
1174058000,남,35,697
1174058000,남,40,645
1174058000,남,45,508
1174058000,남,50,548
1174058000,남,55,510
1174058000,남,60,530
1174058000,남,65,434
1174058000,남,70,301
1174058000,남,75,257
1174058000,남,80,160
1174058000,남,85,57
1174058000,남,90,10
1174058000,남,95,1
1174058000,남,100,0
1174058000,여,0,270
1174058000,여,5,250
1174058000,여,10,231
1174058000,여,15,235
1174058000,여,20,355
1174058000,여,25,582
1174058000,여,30,684
1174058000,여,35,659
1174058000,여,40,620
1174058000,여,45,493
1174058000,여,50,625
1174058000,여,55,534
1174058000,여,60,585
1174058000,여,65,532
1174058000,여,70,363
1174058000,여,75,268
1174058000,여,80,194
1174058000,여,85,95
1174058000,여,90,42
1174058000,여,95,10
1174058000,여,100,1
1174059000,남,0,247
1174059000,남,5,514
1174059000,남,10,566
1174059000,남,15,467
1174059000,남,20,427
1174059000,남,25,447
1174059000,남,30,433
1174059000,남,35,515
1174059000,남,40,764
1174059000,남,45,715
1174059000,남,50,677
1174059000,남,55,603
1174059000,남,60,575
1174059000,남,65,531
1174059000,남,70,439
1174059000,남,75,246
1174059000,남,80,155
1174059000,남,85,59
1174059000,남,90,14
1174059000,남,95,4
1174059000,남,100,3
1174059000,여,0,234
1174059000,여,5,456
1174059000,여,10,545
1174059000,여,15,389
1174059000,여,20,403
1174059000,여,25,454
1174059000,여,30,426
1174059000,여,35,644
1174059000,여,40,851
1174059000,여,45,759
1174059000,여,50,668
1174059000,여,55,648
1174059000,여,60,648
1174059000,여,65,632
1174059000,여,70,412
1174059000,여,75,259
1174059000,여,80,171
1174059000,여,85,83
1174059000,여,90,39
1174059000,여,95,15
1174059000,여,100,4
1174060000,남,0,259
1174060000,남,5,261
1174060000,남,10,368
1174060000,남,15,384
1174060000,남,20,594
1174060000,남,25,966
1174060000,남,30,1158
1174060000,남,35,858
1174060000,남,40,960
1174060000,남,45,912
1174060000,남,50,1106
1174060000,남,55,1008
1174060000,남,60,1141
1174060000,남,65,1026
1174060000,남,70,656
1174060000,남,75,493
1174060000,남,80,305
1174060000,남,85,103
1174060000,남,90,20
1174060000,남,95,0
1174060000,남,100,0
1174060000,여,0,259
1174060000,여,5,274
1174060000,여,10,351
1174060000,여,15,373
1174060000,여,20,617
1174060000,여,25,1010
1174060000,여,30,1013
1174060000,여,35,794
1174060000,여,40,850
1174060000,여,45,859
1174060000,여,50,1044
1174060000,여,55,1161
1174060000,여,60,1254
1174060000,여,65,1145
1174060000,여,70,844
1174060000,여,75,602
1174060000,여,80,388
1174060000,여,85,192
1174060000,여,90,70
1174060000,여,95,30
1174060000,여,100,3
1174061000,남,0,314
1174061000,남,5,365
1174061000,남,10,372
1174061000,남,15,420
1174061000,남,20,666
1174061000,남,25,1366
1174061000,남,30,1778
1174061000,남,35,1284
1174061000,남,40,1306
1174061000,남,45,1090
1174061000,남,50,1188
1174061000,남,55,1268
1174061000,남,60,1400
1174061000,남,65,1112
1174061000,남,70,758
1174061000,남,75,578
1174061000,남,80,348
1174061000,남,85,130
1174061000,남,90,31
1174061000,남,95,6
1174061000,남,100,0
1174061000,여,0,329
1174061000,여,5,353
1174061000,여,10,352
1174061000,여,15,417
1174061000,여,20,716
1174061000,여,25,1729
1174061000,여,30,1739
1174061000,여,35,1230
1174061000,여,40,1242
1174061000,여,45,1043
1174061000,여,50,1209
1174061000,여,55,1354
1174061000,여,60,1410
1174061000,여,65,1226
1174061000,여,70,881
1174061000,여,75,693
1174061000,여,80,447
1174061000,여,85,230
1174061000,여,90,73
1174061000,여,95,20
1174061000,여,100,5
1174062000,남,0,280
1174062000,남,5,277
1174062000,남,10,248
1174062000,남,15,304
1174062000,남,20,569
1174062000,남,25,1236
1174062000,남,30,1451
1174062000,남,35,1059
1174062000,남,40,984
1174062000,남,45,827
1174062000,남,50,975
1174062000,남,55,951
1174062000,남,60,1076
1174062000,남,65,945
1174062000,남,70,589
1174062000,남,75,449
1174062000,남,80,268
1174062000,남,85,100
1174062000,남,90,29
1174062000,남,95,3
1174062000,남,100,0
1174062000,여,0,278
1174062000,여,5,236
1174062000,여,10,245
1174062000,여,15,278
1174062000,여,20,759
1174062000,여,25,1773
1174062000,여,30,1624
1174062000,여,35,1035
1174062000,여,40,928
1174062000,여,45,772
1174062000,여,50,950
1174062000,여,55,918
1174062000,여,60,1100
1174062000,여,65,1003
1174062000,여,70,630
1174062000,여,75,501
1174062000,여,80,368
1174062000,여,85,166
1174062000,여,90,80
1174062000,여,95,16
1174062000,여,100,7
1174064000,남,0,293
1174064000,남,5,374
1174064000,남,10,384
1174064000,남,15,421
1174064000,남,20,480
1174064000,남,25,669
1174064000,남,30,748
1174064000,남,35,685
1174064000,남,40,775
1174064000,남,45,741
1174064000,남,50,762
1174064000,남,55,651
1174064000,남,60,687
1174064000,남,65,551
1174064000,남,70,407
1174064000,남,75,328
1174064000,남,80,175
1174064000,남,85,75
1174064000,남,90,19
1174064000,남,95,5
1174064000,남,100,1
1174064000,여,0,250
1174064000,여,5,325
1174064000,여,10,374
1174064000,여,15,406
1174064000,여,20,505
1174064000,여,25,757
1174064000,여,30,806
1174064000,여,35,714
1174064000,여,40,876
1174064000,여,45,782
1174064000,여,50,816
1174064000,여,55,749
1174064000,여,60,769
1174064000,여,65,696
1174064000,여,70,528
1174064000,여,75,327
1174064000,여,80,200
1174064000,여,85,113
1174064000,여,90,37
1174064000,여,95,11
1174064000,여,100,2
1174065000,남,0,236
1174065000,남,5,238
1174065000,남,10,250
1174065000,남,15,289
1174065000,남,20,502
1174065000,남,25,1210
1174065000,남,30,1382
1174065000,남,35,966
1174065000,남,40,909
1174065000,남,45,723
1174065000,남,50,888
1174065000,남,55,877
1174065000,남,60,994
1174065000,남,65,821
1174065000,남,70,552
1174065000,남,75,450
1174065000,남,80,272
1174065000,남,85,103
1174065000,남,90,29
1174065000,남,95,4
1174065000,남,100,0
1174065000,여,0,183
1174065000,여,5,192
1174065000,여,10,225
1174065000,여,15,265
1174065000,여,20,725
1174065000,여,25,1590
1174065000,여,30,1374
1174065000,여,35,847
1174065000,여,40,811
1174065000,여,45,689
1174065000,여,50,839
1174065000,여,55,853
1174065000,여,60,1020
1174065000,여,65,935
1174065000,여,70,666
1174065000,여,75,498
1174065000,여,80,327
1174065000,여,85,176
1174065000,여,90,52
1174065000,여,95,22
1174065000,여,100,2
1174066000,남,0,190
1174066000,남,5,311
1174066000,남,10,342
1174066000,남,15,492
1174066000,남,20,694
1174066000,남,25,883
1174066000,남,30,986
1174066000,남,35,728
1174066000,남,40,783
1174066000,남,45,822
1174066000,남,50,922
1174066000,남,55,891
1174066000,남,60,854
1174066000,남,65,704
1174066000,남,70,503
1174066000,남,75,397
1174066000,남,80,218
1174066000,남,85,90
1174066000,남,90,11
1174066000,남,95,2
1174066000,남,100,2
1174066000,여,0,203
1174066000,여,5,241
1174066000,여,10,284
1174066000,여,15,331
1174066000,여,20,602
1174066000,여,25,920
1174066000,여,30,916
1174066000,여,35,711
1174066000,여,40,854
1174066000,여,45,819
1174066000,여,50,979
1174066000,여,55,976
1174066000,여,60,1027
1174066000,여,65,920
1174066000,여,70,617
1174066000,여,75,454
1174066000,여,80,304
1174066000,여,85,138
1174066000,여,90,57
1174066000,여,95,13
1174066000,여,100,3
1174068500,남,0,478
1174068500,남,5,577
1174068500,남,10,680
1174068500,남,15,709
1174068500,남,20,1117
1174068500,남,25,1805
1174068500,남,30,2093
1174068500,남,35,1757
1174068500,남,40,1796
1174068500,남,45,1608
1174068500,남,50,1737
1174068500,남,55,1788
1174068500,남,60,1866
1174068500,남,65,1691
1174068500,남,70,1123
1174068500,남,75,817
1174068500,남,80,460
1174068500,남,85,150
1174068500,남,90,43
1174068500,남,95,9
1174068500,남,100,3
1174068500,여,0,478
1174068500,여,5,524
1174068500,여,10,626
1174068500,여,15,656
1174068500,여,20,1200
1174068500,여,25,2212
1174068500,여,30,2134
1174068500,여,35,1591
1174068500,여,40,1714
1174068500,여,45,1457
1174068500,여,50,1825
1174068500,여,55,1901
1174068500,여,60,2092
1174068500,여,65,1950
1174068500,여,70,1304
1174068500,여,75,849
1174068500,여,80,570
1174068500,여,85,312
1174068500,여,90,136
1174068500,여,95,28
1174068500,여,100,9
1174069000,남,0,0
1174069000,남,5,0
1174069000,남,10,2
1174069000,남,15,0
1174069000,남,20,0
1174069000,남,25,3
1174069000,남,30,2
1174069000,남,35,3
1174069000,남,40,4
1174069000,남,45,1
1174069000,남,50,4
1174069000,남,55,1
1174069000,남,60,3
1174069000,남,65,4
1174069000,남,70,0
1174069000,남,75,1
1174069000,남,80,0
1174069000,남,85,0
1174069000,남,90,0
1174069000,남,95,0
1174069000,남,100,0
1174069000,여,0,0
1174069000,여,5,1
1174069000,여,10,0
1174069000,여,15,2
1174069000,여,20,0
1174069000,여,25,2
1174069000,여,30,2
1174069000,여,35,1
1174069000,여,40,5
1174069000,여,45,2
1174069000,여,50,1
1174069000,여,55,2
1174069000,여,60,1
1174069000,여,65,2
1174069000,여,70,1
1174069000,여,75,1
1174069000,여,80,0
1174069000,여,85,0
1174069000,여,90,0
1174069000,여,95,0
1174069000,여,100,0
1174070000,남,0,324
1174070000,남,5,412
1174070000,남,10,492
1174070000,남,15,485
1174070000,남,20,612
1174070000,남,25,845
1174070000,남,30,963
1174070000,남,35,932
1174070000,남,40,939
1174070000,남,45,792
1174070000,남,50,953
1174070000,남,55,903
1174070000,남,60,932
1174070000,남,65,845
1174070000,남,70,612
1174070000,남,75,387
1174070000,남,80,217
1174070000,남,85,90
1174070000,남,90,22
1174070000,남,95,5
1174070000,남,100,0
1174070000,여,0,350
1174070000,여,5,382
1174070000,여,10,405
1174070000,여,15,413
1174070000,여,20,652
1174070000,여,25,906
1174070000,여,30,954
1174070000,여,35,849
1174070000,여,40,912
1174070000,여,45,835
1174070000,여,50,991
1174070000,여,55,974
1174070000,여,60,1140
1174070000,여,65,979
1174070000,여,70,595
1174070000,여,75,409
1174070000,여,80,273
1174070000,여,85,167
1174070000,여,90,73
1174070000,여,95,21
1174070000,여,100,6
2811052000,남,0,31
2811052000,남,5,47
2811052000,남,10,62
2811052000,남,15,59
2811052000,남,20,102
2811052000,남,25,141
2811052000,남,30,159
2811052000,남,35,129
2811052000,남,40,174
2811052000,남,45,177
2811052000,남,50,271
2811052000,남,55,318
2811052000,남,60,371
2811052000,남,65,325
2811052000,남,70,188
2811052000,남,75,134
2811052000,남,80,71
2811052000,남,85,29
2811052000,남,90,14
2811052000,남,95,2
2811052000,남,100,1
2811052000,여,0,22
2811052000,여,5,36
2811052000,여,10,59
2811052000,여,15,77
2811052000,여,20,101
2811052000,여,25,86
2811052000,여,30,96
2811052000,여,35,80
2811052000,여,40,119
2811052000,여,45,119
2811052000,여,50,186
2811052000,여,55,229
2811052000,여,60,298
2811052000,여,65,292
2811052000,여,70,187
2811052000,여,75,142
2811052000,여,80,140
2811052000,여,85,74
2811052000,여,90,33
2811052000,여,95,13
2811052000,여,100,3
2811053000,남,0,24
2811053000,남,5,53
2811053000,남,10,95
2811053000,남,15,81
2811053000,남,20,95
2811053000,남,25,128
2811053000,남,30,128
2811053000,남,35,110
2811053000,남,40,161
2811053000,남,45,192
2811053000,남,50,222
2811053000,남,55,236
2811053000,남,60,220
2811053000,남,65,199
2811053000,남,70,137
2811053000,남,75,117
2811053000,남,80,77
2811053000,남,85,38
2811053000,남,90,15
2811053000,남,95,2
2811053000,남,100,1
2811053000,여,0,30
2811053000,여,5,45
2811053000,여,10,82
2811053000,여,15,73
2811053000,여,20,86
2811053000,여,25,104
2811053000,여,30,112
2811053000,여,35,92
2811053000,여,40,135
2811053000,여,45,148
2811053000,여,50,205
2811053000,여,55,172
2811053000,여,60,178
2811053000,여,65,194
2811053000,여,70,173
2811053000,여,75,168
2811053000,여,80,111
2811053000,여,85,97
2811053000,여,90,44
2811053000,여,95,14
2811053000,여,100,3
2811054000,남,0,189
2811054000,남,5,194
2811054000,남,10,261
2811054000,남,15,283
2811054000,남,20,383
2811054000,남,25,503
2811054000,남,30,565
2811054000,남,35,424
2811054000,남,40,598
2811054000,남,45,535
2811054000,남,50,652
2811054000,남,55,604
2811054000,남,60,574
2811054000,남,65,520
2811054000,남,70,339
2811054000,남,75,261
2811054000,남,80,158
2811054000,남,85,82
2811054000,남,90,18
2811054000,남,95,3
2811054000,남,100,1
2811054000,여,0,151
2811054000,여,5,197
2811054000,여,10,267
2811054000,여,15,285
2811054000,여,20,335
2811054000,여,25,470
2811054000,여,30,454
2811054000,여,35,367
2811054000,여,40,455
2811054000,여,45,478
2811054000,여,50,564
2811054000,여,55,566
2811054000,여,60,598
2811054000,여,65,562
2811054000,여,70,382
2811054000,여,75,344
2811054000,여,80,244
2811054000,여,85,166
2811054000,여,90,47
2811054000,여,95,19
2811054000,여,100,1
2811056000,남,0,5
2811056000,남,5,22
2811056000,남,10,37
2811056000,남,15,61
2811056000,남,20,94
2811056000,남,25,103
2811056000,남,30,107
2811056000,남,35,79
2811056000,남,40,91
2811056000,남,45,149
2811056000,남,50,166
2811056000,남,55,177
2811056000,남,60,189
2811056000,남,65,200
2811056000,남,70,147
2811056000,남,75,124
2811056000,남,80,78
2811056000,남,85,26
2811056000,남,90,7
2811056000,남,95,1
2811056000,남,100,0
2811056000,여,0,13
2811056000,여,5,23
2811056000,여,10,43
2811056000,여,15,43
2811056000,여,20,63
2811056000,여,25,73
2811056000,여,30,56
2811056000,여,35,62
2811056000,여,40,86
2811056000,여,45,95
2811056000,여,50,124
2811056000,여,55,139
2811056000,여,60,199
2811056000,여,65,212
2811056000,여,70,158
2811056000,여,75,142
2811056000,여,80,117
2811056000,여,85,48
2811056000,여,90,22
2811056000,여,95,10
2811056000,여,100,3
2811057000,남,0,4
2811057000,남,5,18
2811057000,남,10,34
2811057000,남,15,38
2811057000,남,20,62
2811057000,남,25,80
2811057000,남,30,66
2811057000,남,35,77
2811057000,남,40,102
2811057000,남,45,121
2811057000,남,50,149
2811057000,남,55,153
2811057000,남,60,170
2811057000,남,65,150
2811057000,남,70,98
2811057000,남,75,96
2811057000,남,80,54
2811057000,남,85,13
2811057000,남,90,10
2811057000,남,95,0
2811057000,남,100,0
2811057000,여,0,5
2811057000,여,5,16
2811057000,여,10,35
2811057000,여,15,27
2811057000,여,20,48
2811057000,여,25,74
2811057000,여,30,45
2811057000,여,35,45
2811057000,여,40,65
2811057000,여,45,82
2811057000,여,50,114
2811057000,여,55,121
2811057000,여,60,145
2811057000,여,65,155
2811057000,여,70,134
2811057000,여,75,135
2811057000,여,80,89
2811057000,여,85,45
2811057000,여,90,22
2811057000,여,95,8
2811057000,여,100,0
2811058500,남,0,30
2811058500,남,5,39
2811058500,남,10,45
2811058500,남,15,71
2811058500,남,20,104
2811058500,남,25,157
2811058500,남,30,154
2811058500,남,35,131
2811058500,남,40,200
2811058500,남,45,177
2811058500,남,50,273
2811058500,남,55,297
2811058500,남,60,350
2811058500,남,65,282
2811058500,남,70,204
2811058500,남,75,130
2811058500,남,80,107
2811058500,남,85,47
2811058500,남,90,16
2811058500,남,95,2
2811058500,남,100,0
2811058500,여,0,19
2811058500,여,5,35
2811058500,여,10,58
2811058500,여,15,55
2811058500,여,20,83
2811058500,여,25,119
2811058500,여,30,102
2811058500,여,35,95
2811058500,여,40,126
2811058500,여,45,124
2811058500,여,50,180
2811058500,여,55,200
2811058500,여,60,262
2811058500,여,65,272
2811058500,여,70,199
2811058500,여,75,178
2811058500,여,80,171
2811058500,여,85,113
2811058500,여,90,69
2811058500,여,95,14
2811058500,여,100,4
2811061500,남,0,31
2811061500,남,5,54
2811061500,남,10,83
2811061500,남,15,91
2811061500,남,20,157
2811061500,남,25,251
2811061500,남,30,243
2811061500,남,35,164
2811061500,남,40,214
2811061500,남,45,231
2811061500,남,50,331
2811061500,남,55,352
2811061500,남,60,352
2811061500,남,65,318
2811061500,남,70,236
2811061500,남,75,185
2811061500,남,80,104
2811061500,남,85,52
2811061500,남,90,13
2811061500,남,95,3
2811061500,남,100,0
2811061500,여,0,29
2811061500,여,5,46
2811061500,여,10,64
2811061500,여,15,96
2811061500,여,20,150
2811061500,여,25,198
2811061500,여,30,173
2811061500,여,35,128
2811061500,여,40,163
2811061500,여,45,168
2811061500,여,50,261
2811061500,여,55,267
2811061500,여,60,350
2811061500,여,65,383
2811061500,여,70,252
2811061500,여,75,259
2811061500,여,80,185
2811061500,여,85,101
2811061500,여,90,43
2811061500,여,95,7
2811061500,여,100,2
2811062000,남,0,336
2811062000,남,5,405
2811062000,남,10,401
2811062000,남,15,415
2811062000,남,20,520
2811062000,남,25,873
2811062000,남,30,1163
2811062000,남,35,962
2811062000,남,40,1065
2811062000,남,45,991
2811062000,남,50,1104
2811062000,남,55,1033
2811062000,남,60,1000
2811062000,남,65,772
2811062000,남,70,457
2811062000,남,75,252
2811062000,남,80,168
2811062000,남,85,71
2811062000,남,90,13
2811062000,남,95,5
2811062000,남,100,2
2811062000,여,0,317
2811062000,여,5,343
2811062000,여,10,360
2811062000,여,15,371
2811062000,여,20,452
2811062000,여,25,678
2811062000,여,30,785
2811062000,여,35,762
2811062000,여,40,785
2811062000,여,45,693
2811062000,여,50,827
2811062000,여,55,842
2811062000,여,60,809
2811062000,여,65,695
2811062000,여,70,383
2811062000,여,75,271
2811062000,여,80,212
2811062000,여,85,152
2811062000,여,90,85
2811062000,여,95,14
2811062000,여,100,5
2811062200,남,0,904
2811062200,남,5,1306
2811062200,남,10,1252
2811062200,남,15,763
2811062200,남,20,604
2811062200,남,25,745
2811062200,남,30,1394
2811062200,남,35,1651
2811062200,남,40,2158
2811062200,남,45,1690
2811062200,남,50,1298
2811062200,남,55,789
2811062200,남,60,660
2811062200,남,65,473
2811062200,남,70,352
2811062200,남,75,250
2811062200,남,80,133
2811062200,남,85,36
2811062200,남,90,12
2811062200,남,95,3
2811062200,남,100,1
2811062200,여,0,876
2811062200,여,5,1261
2811062200,여,10,1269
2811062200,여,15,763
2811062200,여,20,604
2811062200,여,25,906
2811062200,여,30,1416
2811062200,여,35,1694
2811062200,여,40,2084
2811062200,여,45,1546
2811062200,여,50,1031
2811062200,여,55,814
2811062200,여,60,731
2811062200,여,65,666
2811062200,여,70,413
2811062200,여,75,295
2811062200,여,80,153
2811062200,여,85,92
2811062200,여,90,35
2811062200,여,95,7
2811062200,여,100,0
2811062300,남,0,798
2811062300,남,5,949
2811062300,남,10,989
2811062300,남,15,681
2811062300,남,20,505
2811062300,남,25,636
2811062300,남,30,1038
2811062300,남,35,1309
2811062300,남,40,1526
2811062300,남,45,1297
2811062300,남,50,1024
2811062300,남,55,557
2811062300,남,60,438
2811062300,남,65,358
2811062300,남,70,240
2811062300,남,75,140
2811062300,남,80,91
2811062300,남,85,32
2811062300,남,90,7
2811062300,남,95,0
2811062300,남,100,0
2811062300,여,0,751
2811062300,여,5,925
2811062300,여,10,939
2811062300,여,15,720
2811062300,여,20,579
2811062300,여,25,702
2811062300,여,30,1140
2811062300,여,35,1266
2811062300,여,40,1536
2811062300,여,45,1179
2811062300,여,50,867
2811062300,여,55,551
2811062300,여,60,468
2811062300,여,65,441
2811062300,여,70,250
2811062300,여,75,158
2811062300,여,80,88
2811062300,여,85,56
2811062300,여,90,26
2811062300,여,95,8
2811062300,여,100,1
2811062800,남,0,439
2811062800,남,5,543
2811062800,남,10,756
2811062800,남,15,974
2811062800,남,20,1391
2811062800,남,25,2761
2811062800,남,30,2666
2811062800,남,35,1559
2811062800,남,40,1509
2811062800,남,45,1654
2811062800,남,50,1884
2811062800,남,55,1411
2811062800,남,60,934
2811062800,남,65,662
2811062800,남,70,372
2811062800,남,75,319
2811062800,남,80,230
2811062800,남,85,83
2811062800,남,90,12
2811062800,남,95,3
2811062800,남,100,1
2811062800,여,0,391
2811062800,여,5,491
2811062800,여,10,707
2811062800,여,15,875
2811062800,여,20,1844
2811062800,여,25,2730
2811062800,여,30,1999
2811062800,여,35,1107
2811062800,여,40,1328
2811062800,여,45,1461
2811062800,여,50,1599
2811062800,여,55,1057
2811062800,여,60,765
2811062800,여,65,609
2811062800,여,70,431
2811062800,여,75,389
2811062800,여,80,298
2811062800,여,85,139
2811062800,여,90,48
2811062800,여,95,15
2811062800,여,100,3
2811063000,남,0,8
2811063000,남,5,13
2811063000,남,10,20
2811063000,남,15,19
2811063000,남,20,47
2811063000,남,25,75
2811063000,남,30,76
2811063000,남,35,58
2811063000,남,40,89
2811063000,남,45,127
2811063000,남,50,220
2811063000,남,55,221
2811063000,남,60,315
2811063000,남,65,248
2811063000,남,70,189
2811063000,남,75,131
2811063000,남,80,81
2811063000,남,85,27
2811063000,남,90,10
2811063000,남,95,2
2811063000,남,100,0
2811063000,여,0,10
2811063000,여,5,8
2811063000,여,10,29
2811063000,여,15,23
2811063000,여,20,20
2811063000,여,25,42
2811063000,여,30,32
2811063000,여,35,38
2811063000,여,40,60
2811063000,여,45,67
2811063000,여,50,104
2811063000,여,55,174
2811063000,여,60,234
2811063000,여,65,260
2811063000,여,70,151
2811063000,여,75,141
2811063000,여,80,90
2811063000,여,85,58
2811063000,여,90,26
2811063000,여,95,7
2811063000,여,100,2
2814051000,남,0,46
2814051000,남,5,106
2814051000,남,10,136
2814051000,남,15,125
2814051000,남,20,150
2814051000,남,25,169
2814051000,남,30,161
2814051000,남,35,158
2814051000,남,40,259
2814051000,남,45,275
2814051000,남,50,312
2814051000,남,55,296
2814051000,남,60,330
2814051000,남,65,280
2814051000,남,70,184
2814051000,남,75,134
2814051000,남,80,92
2814051000,남,85,30
2814051000,남,90,9
2814051000,남,95,1
2814051000,남,100,1
2814051000,여,0,57
2814051000,여,5,68
2814051000,여,10,117
2814051000,여,15,119
2814051000,여,20,140
2814051000,여,25,135
2814051000,여,30,117
2814051000,여,35,141
2814051000,여,40,220
2814051000,여,45,231
2814051000,여,50,257
2814051000,여,55,234
2814051000,여,60,304
2814051000,여,65,298
2814051000,여,70,192
2814051000,여,75,182
2814051000,여,80,118
2814051000,여,85,88
2814051000,여,90,45
2814051000,여,95,4
2814051000,여,100,0
2814052500,남,0,21
2814052500,남,5,61
2814052500,남,10,78
2814052500,남,15,122
2814052500,남,20,116
2814052500,남,25,156
2814052500,남,30,136
2814052500,남,35,96
2814052500,남,40,167
2814052500,남,45,185
2814052500,남,50,242
2814052500,남,55,279
2814052500,남,60,305
2814052500,남,65,280
2814052500,남,70,178
2814052500,남,75,168
2814052500,남,80,120
2814052500,남,85,47
2814052500,남,90,11
2814052500,남,95,2
2814052500,남,100,0
2814052500,여,0,23
2814052500,여,5,42
2814052500,여,10,85
2814052500,여,15,99
2814052500,여,20,110
2814052500,여,25,129
2814052500,여,30,96
2814052500,여,35,92
2814052500,여,40,141
2814052500,여,45,165
2814052500,여,50,217
2814052500,여,55,235
2814052500,여,60,256
2814052500,여,65,268
2814052500,여,70,226
2814052500,여,75,201
2814052500,여,80,167
2814052500,여,85,83
2814052500,여,90,40
2814052500,여,95,10
2814052500,여,100,1
2814053000,남,0,21
2814053000,남,5,56
2814053000,남,10,122
2814053000,남,15,119
2814053000,남,20,163
2814053000,남,25,198
2814053000,남,30,182
2814053000,남,35,155
2814053000,남,40,227
2814053000,남,45,282
2814053000,남,50,332
2814053000,남,55,279
2814053000,남,60,321
2814053000,남,65,332
2814053000,남,70,215
2814053000,남,75,185
2814053000,남,80,142
2814053000,남,85,62
2814053000,남,90,11
2814053000,남,95,3
2814053000,남,100,1
2814053000,여,0,21
2814053000,여,5,62
2814053000,여,10,93
2814053000,여,15,137
2814053000,여,20,141
2814053000,여,25,157
2814053000,여,30,128
2814053000,여,35,109
2814053000,여,40,188
2814053000,여,45,213
2814053000,여,50,267
2814053000,여,55,256
2814053000,여,60,346
2814053000,여,65,357
2814053000,여,70,310
2814053000,여,75,294
2814053000,여,80,240
2814053000,여,85,138
2814053000,여,90,46
2814053000,여,95,11
2814053000,여,100,2
2814055500,남,0,104
2814055500,남,5,152
2814055500,남,10,177
2814055500,남,15,233
2814055500,남,20,244
2814055500,남,25,298
2814055500,남,30,300
2814055500,남,35,274
2814055500,남,40,395
2814055500,남,45,389
2814055500,남,50,459
2814055500,남,55,381
2814055500,남,60,379
2814055500,남,65,364
2814055500,남,70,243
2814055500,남,75,221
2814055500,남,80,135
2814055500,남,85,49
2814055500,남,90,13
2814055500,남,95,0
2814055500,남,100,1
2814055500,여,0,86
2814055500,여,5,133
2814055500,여,10,180
2814055500,여,15,211
2814055500,여,20,243
2814055500,여,25,268
2814055500,여,30,248
2814055500,여,35,253
2814055500,여,40,353
2814055500,여,45,387
2814055500,여,50,396
2814055500,여,55,403
2814055500,여,60,453
2814055500,여,65,448
2814055500,여,70,321
2814055500,여,75,266
2814055500,여,80,185
2814055500,여,85,87
2814055500,여,90,31
2814055500,여,95,9
2814055500,여,100,4
2814057000,남,0,8
2814057000,남,5,19
2814057000,남,10,29
2814057000,남,15,43
2814057000,남,20,50
2814057000,남,25,78
2814057000,남,30,81
2814057000,남,35,53
2814057000,남,40,99
2814057000,남,45,97
2814057000,남,50,154
2814057000,남,55,167
2814057000,남,60,163
2814057000,남,65,169
2814057000,남,70,91
2814057000,남,75,80
2814057000,남,80,54
2814057000,남,85,22
2814057000,남,90,9
2814057000,남,95,0
2814057000,남,100,0
2814057000,여,0,15
2814057000,여,5,14
2814057000,여,10,29
2814057000,여,15,31
2814057000,여,20,46
2814057000,여,25,56
2814057000,여,30,57
2814057000,여,35,40
2814057000,여,40,56
2814057000,여,45,54
2814057000,여,50,105
2814057000,여,55,132
2814057000,여,60,112
2814057000,여,65,170
2814057000,여,70,124
2814057000,여,75,112
2814057000,여,80,94
2814057000,여,85,62
2814057000,여,90,23
2814057000,여,95,7
2814057000,여,100,0
2814058000,남,0,122
2814058000,남,5,120
2814058000,남,10,110
2814058000,남,15,114
2814058000,남,20,140
2814058000,남,25,269
2814058000,남,30,359
2814058000,남,35,291
2814058000,남,40,287
2814058000,남,45,226
2814058000,남,50,217
2814058000,남,55,226
2814058000,남,60,208
2814058000,남,65,191
2814058000,남,70,108
2814058000,남,75,104
2814058000,남,80,62
2814058000,남,85,27
2814058000,남,90,1
2814058000,남,95,0
2814058000,남,100,1
2814058000,여,0,136
2814058000,여,5,116
2814058000,여,10,86
2814058000,여,15,122
2814058000,여,20,184
2814058000,여,25,305
2814058000,여,30,372
2814058000,여,35,242
2814058000,여,40,264
2814058000,여,45,230
2814058000,여,50,255
2814058000,여,55,239
2814058000,여,60,239
2814058000,여,65,190
2814058000,여,70,146
2814058000,여,75,100
2814058000,여,80,80
2814058000,여,85,57
2814058000,여,90,25
2814058000,여,95,7
2814058000,여,100,0
2814059000,남,0,0
2814059000,남,5,4
2814059000,남,10,18
2814059000,남,15,21
2814059000,남,20,27
2814059000,남,25,35
2814059000,남,30,22
2814059000,남,35,24
2814059000,남,40,25
2814059000,남,45,46
2814059000,남,50,71
2814059000,남,55,63
2814059000,남,60,84
2814059000,남,65,82
2814059000,남,70,49
2814059000,남,75,46
2814059000,남,80,32
2814059000,남,85,25
2814059000,남,90,3
2814059000,남,95,0
2814059000,남,100,0
2814059000,여,0,1
2814059000,여,5,6
2814059000,여,10,6
2814059000,여,15,11
2814059000,여,20,24
2814059000,여,25,17
2814059000,여,30,16
2814059000,여,35,18
2814059000,여,40,21
2814059000,여,45,31
2814059000,여,50,41
2814059000,여,55,49
2814059000,여,60,74
2814059000,여,65,72
2814059000,여,70,82
2814059000,여,75,57
2814059000,여,80,53
2814059000,여,85,38
2814059000,여,90,16
2814059000,여,95,4
2814059000,여,100,2
2814060500,남,0,46
2814060500,남,5,72
2814060500,남,10,142
2814060500,남,15,119
2814060500,남,20,168
2814060500,남,25,157
2814060500,남,30,136
2814060500,남,35,148
2814060500,남,40,184
2814060500,남,45,236
2814060500,남,50,300
2814060500,남,55,234
2814060500,남,60,229
2814060500,남,65,199
2814060500,남,70,145
2814060500,남,75,121
2814060500,남,80,90
2814060500,남,85,23
2814060500,남,90,7
2814060500,남,95,2
2814060500,남,100,0
2814060500,여,0,39
2814060500,여,5,70
2814060500,여,10,112
2814060500,여,15,124
2814060500,여,20,109
2814060500,여,25,125
2814060500,여,30,102
2814060500,여,35,122
2814060500,여,40,204
2814060500,여,45,208
2814060500,여,50,283
2814060500,여,55,225
2814060500,여,60,241
2814060500,여,65,239
2814060500,여,70,175
2814060500,여,75,155
2814060500,여,80,126
2814060500,여,85,80
2814060500,여,90,24
2814060500,여,95,6
2814060500,여,100,1
2814061000,남,0,124
2814061000,남,5,117
2814061000,남,10,126
2814061000,남,15,154
2814061000,남,20,137
2814061000,남,25,172
2814061000,남,30,243
2814061000,남,35,267
2814061000,남,40,321
2814061000,남,45,271
2814061000,남,50,272
2814061000,남,55,229
2814061000,남,60,223
2814061000,남,65,170
2814061000,남,70,117
2814061000,남,75,78
2814061000,남,80,51
2814061000,남,85,14
2814061000,남,90,2
2814061000,남,95,0
2814061000,남,100,0
2814061000,여,0,98
2814061000,여,5,118
2814061000,여,10,120
2814061000,여,15,141
2814061000,여,20,144
2814061000,여,25,156
2814061000,여,30,245
2814061000,여,35,243
2814061000,여,40,254
2814061000,여,45,237
2814061000,여,50,232
2814061000,여,55,223
2814061000,여,60,222
2814061000,여,65,199
2814061000,여,70,124
2814061000,여,75,80
2814061000,여,80,51
2814061000,여,85,34
2814061000,여,90,12
2814061000,여,95,2
2814061000,여,100,2
2814063000,남,0,47
2814063000,남,5,131
2814063000,남,10,165
2814063000,남,15,130
2814063000,남,20,136
2814063000,남,25,116
2814063000,남,30,150
2814063000,남,35,138
2814063000,남,40,235
2814063000,남,45,269
2814063000,남,50,274
2814063000,남,55,213
2814063000,남,60,235
2814063000,남,65,205
2814063000,남,70,165
2814063000,남,75,123
2814063000,남,80,77
2814063000,남,85,34
2814063000,남,90,4
2814063000,남,95,1
2814063000,남,100,1
2814063000,여,0,48
2814063000,여,5,98
2814063000,여,10,136
2814063000,여,15,111
2814063000,여,20,100
2814063000,여,25,116
2814063000,여,30,129
2814063000,여,35,129
2814063000,여,40,246
2814063000,여,45,226
2814063000,여,50,226
2814063000,여,55,212
2814063000,여,60,235
2814063000,여,65,252
2814063000,여,70,208
2814063000,여,75,142
2814063000,여,80,125
2814063000,여,85,77
2814063000,여,90,32
2814063000,여,95,10
2814063000,여,100,0
2814064000,남,0,4
2814064000,남,5,20
2814064000,남,10,23
2814064000,남,15,41
2814064000,남,20,52
2814064000,남,25,52
2814064000,남,30,54
2814064000,남,35,47
2814064000,남,40,63
2814064000,남,45,85
2814064000,남,50,95
2814064000,남,55,100
2814064000,남,60,112
2814064000,남,65,127
2814064000,남,70,77
2814064000,남,75,85
2814064000,남,80,55
2814064000,남,85,19
2814064000,남,90,5
2814064000,남,95,1
2814064000,남,100,1
2814064000,여,0,7
2814064000,여,5,22
2814064000,여,10,19
2814064000,여,15,27
2814064000,여,20,41
2814064000,여,25,42
2814064000,여,30,41
2814064000,여,35,31
2814064000,여,40,47
2814064000,여,45,57
2814064000,여,50,84
2814064000,여,55,79
2814064000,여,60,98
2814064000,여,65,132
2814064000,여,70,104
2814064000,여,75,111
2814064000,여,80,90
2814064000,여,85,50
2814064000,여,90,26
2814064000,여,95,3
2814064000,여,100,1
2817751000,남,0,165
2817751000,남,5,219
2817751000,남,10,265
2817751000,남,15,220
2817751000,남,20,291
2817751000,남,25,472
2817751000,남,30,520
2817751000,남,35,444
2817751000,남,40,561
2817751000,남,45,548
2817751000,남,50,622
2817751000,남,55,570
2817751000,남,60,614
2817751000,남,65,486
2817751000,남,70,306
2817751000,남,75,244
2817751000,남,80,172
2817751000,남,85,77
2817751000,남,90,16
2817751000,남,95,2
2817751000,남,100,2
2817751000,여,0,159
2817751000,여,5,216
2817751000,여,10,212
2817751000,여,15,217
2817751000,여,20,288
2817751000,여,25,444
2817751000,여,30,429
2817751000,여,35,351
2817751000,여,40,477
2817751000,여,45,441
2817751000,여,50,531
2817751000,여,55,539
2817751000,여,60,629
2817751000,여,65,560
2817751000,여,70,360
2817751000,여,75,334
2817751000,여,80,277
2817751000,여,85,169
2817751000,여,90,51
2817751000,여,95,14
2817751000,여,100,4
2817752000,남,0,251
2817752000,남,5,309
2817752000,남,10,255
2817752000,남,15,256
2817752000,남,20,373
2817752000,남,25,593
2817752000,남,30,675
2817752000,남,35,584
2817752000,남,40,719
2817752000,남,45,565
2817752000,남,50,676
2817752000,남,55,639
2817752000,남,60,648
2817752000,남,65,461
2817752000,남,70,279
2817752000,남,75,208
2817752000,남,80,145
2817752000,남,85,83
2817752000,남,90,13
2817752000,남,95,2
2817752000,남,100,1
2817752000,여,0,226
2817752000,여,5,281
2817752000,여,10,237
2817752000,여,15,263
2817752000,여,20,392
2817752000,여,25,606
2817752000,여,30,679
2817752000,여,35,545
2817752000,여,40,574
2817752000,여,45,535
2817752000,여,50,670
2817752000,여,55,629
2817752000,여,60,603
2817752000,여,65,499
2817752000,여,70,326
2817752000,여,75,275
2817752000,여,80,233
2817752000,여,85,166
2817752000,여,90,61
2817752000,여,95,19
2817752000,여,100,3
2817753000,남,0,150
2817753000,남,5,235
2817753000,남,10,272
2817753000,남,15,296
2817753000,남,20,384
2817753000,남,25,503
2817753000,남,30,500
2817753000,남,35,437
2817753000,남,40,609
2817753000,남,45,525
2817753000,남,50,656
2817753000,남,55,600
2817753000,남,60,679
2817753000,남,65,560
2817753000,남,70,333
2817753000,남,75,299
2817753000,남,80,191
2817753000,남,85,79
2817753000,남,90,21
2817753000,남,95,5
2817753000,남,100,2
2817753000,여,0,131
2817753000,여,5,212
2817753000,여,10,288
2817753000,여,15,250
2817753000,여,20,337
2817753000,여,25,431
2817753000,여,30,440
2817753000,여,35,379
2817753000,여,40,521
2817753000,여,45,500
2817753000,여,50,605
2817753000,여,55,603
2817753000,여,60,620
2817753000,여,65,575
2817753000,여,70,460
2817753000,여,75,372
2817753000,여,80,273
2817753000,여,85,168
2817753000,여,90,79
2817753000,여,95,15
2817753000,여,100,1
2817754000,남,0,101
2817754000,남,5,132
2817754000,남,10,178
2817754000,남,15,302
2817754000,남,20,1599
2817754000,남,25,1257
2817754000,남,30,599
2817754000,남,35,400
2817754000,남,40,458
2817754000,남,45,514
2817754000,남,50,660
2817754000,남,55,639
2817754000,남,60,689
2817754000,남,65,646
2817754000,남,70,460
2817754000,남,75,369
2817754000,남,80,267
2817754000,남,85,113
2817754000,남,90,20
2817754000,남,95,9
2817754000,남,100,0
2817754000,여,0,98
2817754000,여,5,126
2817754000,여,10,177
2817754000,여,15,247
2817754000,여,20,1067
2817754000,여,25,581
2817754000,여,30,347
2817754000,여,35,260
2817754000,여,40,358
2817754000,여,45,376
2817754000,여,50,527
2817754000,여,55,577
2817754000,여,60,737
2817754000,여,65,653
2817754000,여,70,534
2817754000,여,75,467
2817754000,여,80,366
2817754000,여,85,193
2817754000,여,90,62
2817754000,여,95,21
2817754000,여,100,4
2817755000,남,0,617
2817755000,남,5,539
2817755000,남,10,417
2817755000,남,15,395
2817755000,남,20,524
2817755000,남,25,707
2817755000,남,30,1101
2817755000,남,35,1073
2817755000,남,40,1114
2817755000,남,45,811
2817755000,남,50,799
2817755000,남,55,724
2817755000,남,60,718
2817755000,남,65,619
2817755000,남,70,438
2817755000,남,75,365
2817755000,남,80,210
2817755000,남,85,76
2817755000,남,90,22
2817755000,남,95,6
2817755000,남,100,0
2817755000,여,0,589
2817755000,여,5,486
2817755000,여,10,384
2817755000,여,15,365
2817755000,여,20,440
2817755000,여,25,739
2817755000,여,30,1137
2817755000,여,35,998
2817755000,여,40,889
2817755000,여,45,693
2817755000,여,50,839
2817755000,여,55,742
2817755000,여,60,791
2817755000,여,65,705
2817755000,여,70,565
2817755000,여,75,397
2817755000,여,80,308
2817755000,여,85,170
2817755000,여,90,65
2817755000,여,95,23
2817755000,여,100,1
2817756000,남,0,35
2817756000,남,5,55
2817756000,남,10,77
2817756000,남,15,87
2817756000,남,20,191
2817756000,남,25,314
2817756000,남,30,258
2817756000,남,35,205
2817756000,남,40,235
2817756000,남,45,258
2817756000,남,50,316
2817756000,남,55,341
2817756000,남,60,399
2817756000,남,65,299
2817756000,남,70,231
2817756000,남,75,166
2817756000,남,80,145
2817756000,남,85,66
2817756000,남,90,15
2817756000,남,95,7
2817756000,남,100,0
2817756000,여,0,46
2817756000,여,5,54
2817756000,여,10,59
2817756000,여,15,77
2817756000,여,20,138
2817756000,여,25,222
2817756000,여,30,181
2817756000,여,35,133
2817756000,여,40,166
2817756000,여,45,145
2817756000,여,50,241
2817756000,여,55,258
2817756000,여,60,332
2817756000,여,65,368
2817756000,여,70,275
2817756000,여,75,232
2817756000,여,80,184
2817756000,여,85,106
2817756000,여,90,48
2817756000,여,95,9
2817756000,여,100,1
2817757000,남,0,490
2817757000,남,5,906
2817757000,남,10,1284
2817757000,남,15,1231
2817757000,남,20,1400
2817757000,남,25,1606
2817757000,남,30,1526
2817757000,남,35,1297
2817757000,남,40,1869
2817757000,남,45,1874
2817757000,남,50,2145
2817757000,남,55,1810
2817757000,남,60,1697
2817757000,남,65,1324
2817757000,남,70,767
2817757000,남,75,610
2817757000,남,80,351
2817757000,남,85,161
2817757000,남,90,35
2817757000,남,95,6
2817757000,남,100,0
2817757000,여,0,519
2817757000,여,5,868
2817757000,여,10,1186
2817757000,여,15,1103
2817757000,여,20,1495
2817757000,여,25,1468
2817757000,여,30,1334
2817757000,여,35,1231
2817757000,여,40,1903
2817757000,여,45,1878
2817757000,여,50,2063
2817757000,여,55,1867
2817757000,여,60,1797
2817757000,여,65,1442
2817757000,여,70,862
2817757000,여,75,777
2817757000,여,80,555
2817757000,여,85,326
2817757000,여,90,119
2817757000,여,95,41
2817757000,여,100,2
2817758000,남,0,434
2817758000,남,5,670
2817758000,남,10,867
2817758000,남,15,932
2817758000,남,20,999
2817758000,남,25,982
2817758000,남,30,977
2817758000,남,35,886
2817758000,남,40,1230
2817758000,남,45,1343
2817758000,남,50,1579
2817758000,남,55,1357
2817758000,남,60,1252
2817758000,남,65,995
2817758000,남,70,630
2817758000,남,75,424
2817758000,남,80,283
2817758000,남,85,108
2817758000,남,90,27
2817758000,남,95,3
2817758000,남,100,0
2817758000,여,0,384
2817758000,여,5,680
2817758000,여,10,837
2817758000,여,15,811
2817758000,여,20,877
2817758000,여,25,842
2817758000,여,30,912
2817758000,여,35,891
2817758000,여,40,1235
2817758000,여,45,1342
2817758000,여,50,1612
2817758000,여,55,1424
2817758000,여,60,1231
2817758000,여,65,1087
2817758000,여,70,661
2817758000,여,75,533
2817758000,여,80,423
2817758000,여,85,211
2817758000,여,90,90
2817758000,여,95,18
2817758000,여,100,4
2817759000,남,0,129
2817759000,남,5,225
2817759000,남,10,311
2817759000,남,15,395
2817759000,남,20,471
2817759000,남,25,628
2817759000,남,30,611
2817759000,남,35,436
2817759000,남,40,608
2817759000,남,45,589
2817759000,남,50,760
2817759000,남,55,769
2817759000,남,60,728
2817759000,남,65,672
2817759000,남,70,412
2817759000,남,75,343
2817759000,남,80,238
2817759000,남,85,107
2817759000,남,90,26
2817759000,남,95,6
2817759000,남,100,0
2817759000,여,0,147
2817759000,여,5,215
2817759000,여,10,340
2817759000,여,15,379
2817759000,여,20,427
2817759000,여,25,520
2817759000,여,30,436
2817759000,여,35,404
2817759000,여,40,583
2817759000,여,45,629
2817759000,여,50,810
2817759000,여,55,838
2817759000,여,60,845
2817759000,여,65,742
2817759000,여,70,516
2817759000,여,75,461
2817759000,여,80,336
2817759000,여,85,230
2817759000,여,90,100
2817759000,여,95,19
2817759000,여,100,3
2817760000,남,0,293
2817760000,남,5,297
2817760000,남,10,400
2817760000,남,15,340
2817760000,남,20,502
2817760000,남,25,764
2817760000,남,30,909
2817760000,남,35,708
2817760000,남,40,918
2817760000,남,45,770
2817760000,남,50,918
2817760000,남,55,857
2817760000,남,60,843
2817760000,남,65,695
2817760000,남,70,435
2817760000,남,75,372
2817760000,남,80,225
2817760000,남,85,113
2817760000,남,90,31
2817760000,남,95,8
2817760000,남,100,0
2817760000,여,0,261
2817760000,여,5,304
2817760000,여,10,372
2817760000,여,15,392
2817760000,여,20,487
2817760000,여,25,725
2817760000,여,30,802
2817760000,여,35,627
2817760000,여,40,782
2817760000,여,45,676
2817760000,여,50,867
2817760000,여,55,863
2817760000,여,60,879
2817760000,여,65,798
2817760000,여,70,535
2817760000,여,75,468
2817760000,여,80,349
2817760000,여,85,220
2817760000,여,90,81
2817760000,여,95,25
2817760000,여,100,3
2817761000,남,0,517
2817761000,남,5,729
2817761000,남,10,733
2817761000,남,15,640
2817761000,남,20,732
2817761000,남,25,918
2817761000,남,30,1194
2817761000,남,35,1288
2817761000,남,40,1687
2817761000,남,45,1262
2817761000,남,50,1291
2817761000,남,55,1092
2817761000,남,60,1212
2817761000,남,65,1072
2817761000,남,70,584
2817761000,남,75,423
2817761000,남,80,241
2817761000,남,85,115
2817761000,남,90,30
2817761000,남,95,4
2817761000,남,100,1
2817761000,여,0,506
2817761000,여,5,740
2817761000,여,10,682
2817761000,여,15,537
2817761000,여,20,694
2817761000,여,25,912
2817761000,여,30,1056
2817761000,여,35,1205
2817761000,여,40,1389
2817761000,여,45,1078
2817761000,여,50,1085
2817761000,여,55,1113
2817761000,여,60,1318
2817761000,여,65,1059
2817761000,여,70,666
2817761000,여,75,545
2817761000,여,80,396
2817761000,여,85,212
2817761000,여,90,91
2817761000,여,95,18
2817761000,여,100,1
2817762000,남,0,211
2817762000,남,5,231
2817762000,남,10,241
2817762000,남,15,214
2817762000,남,20,534
2817762000,남,25,1186
2817762000,남,30,1370
2817762000,남,35,931
2817762000,남,40,1046
2817762000,남,45,852
2817762000,남,50,897
2817762000,남,55,800
2817762000,남,60,709
2817762000,남,65,589
2817762000,남,70,268
2817762000,남,75,199
2817762000,남,80,114
2817762000,남,85,67
2817762000,남,90,15
2817762000,남,95,3
2817762000,남,100,1
2817762000,여,0,227
2817762000,여,5,253
2817762000,여,10,197
2817762000,여,15,228
2817762000,여,20,592
2817762000,여,25,1098
2817762000,여,30,1003
2817762000,여,35,725
2817762000,여,40,734
2817762000,여,45,616
2817762000,여,50,688
2817762000,여,55,699
2817762000,여,60,728
2817762000,여,65,566
2817762000,여,70,311
2817762000,여,75,244
2817762000,여,80,191
2817762000,여,85,94
2817762000,여,90,34
2817762000,여,95,11
2817762000,여,100,2
2817763000,남,0,328
2817763000,남,5,374
2817763000,남,10,334
2817763000,남,15,379
2817763000,남,20,534
2817763000,남,25,724
2817763000,남,30,957
2817763000,남,35,886
2817763000,남,40,935
2817763000,남,45,774
2817763000,남,50,883
2817763000,남,55,869
2817763000,남,60,919
2817763000,남,65,738
2817763000,남,70,506
2817763000,남,75,419
2817763000,남,80,258
2817763000,남,85,104
2817763000,남,90,21
2817763000,남,95,9
2817763000,남,100,1
2817763000,여,0,294
2817763000,여,5,335
2817763000,여,10,363
2817763000,여,15,348
2817763000,여,20,449
2817763000,여,25,681
2817763000,여,30,849
2817763000,여,35,737
2817763000,여,40,818
2817763000,여,45,687
2817763000,여,50,871
2817763000,여,55,850
2817763000,여,60,977
2817763000,여,65,920
2817763000,여,70,603
2817763000,여,75,483
2817763000,여,80,360
2817763000,여,85,201
2817763000,여,90,88
2817763000,여,95,20
2817763000,여,100,4
2817764000,남,0,211
2817764000,남,5,180
2817764000,남,10,223
2817764000,남,15,249
2817764000,남,20,294
2817764000,남,25,414
2817764000,남,30,565
2817764000,남,35,507
2817764000,남,40,523
2817764000,남,45,467
2817764000,남,50,504
2817764000,남,55,458
2817764000,남,60,480
2817764000,남,65,430
2817764000,남,70,264
2817764000,남,75,233
2817764000,남,80,134
2817764000,남,85,49
2817764000,남,90,15
2817764000,남,95,1
2817764000,남,100,1
2817764000,여,0,176
2817764000,여,5,178
2817764000,여,10,210
2817764000,여,15,223
2817764000,여,20,277
2817764000,여,25,350
2817764000,여,30,511
2817764000,여,35,409
2817764000,여,40,448
2817764000,여,45,433
2817764000,여,50,491
2817764000,여,55,468
2817764000,여,60,485
2817764000,여,65,452
2817764000,여,70,354
2817764000,여,75,294
2817764000,여,80,216
2817764000,여,85,110
2817764000,여,90,39
2817764000,여,95,10
2817764000,여,100,2
2817765000,남,0,361
2817765000,남,5,319
2817765000,남,10,277
2817765000,남,15,301
2817765000,남,20,416
2817765000,남,25,544
2817765000,남,30,849
2817765000,남,35,764
2817765000,남,40,864
2817765000,남,45,675
2817765000,남,50,786
2817765000,남,55,683
2817765000,남,60,741
2817765000,남,65,670
2817765000,남,70,459
2817765000,남,75,359
2817765000,남,80,239
2817765000,남,85,108
2817765000,남,90,21
2817765000,남,95,6
2817765000,남,100,1
2817765000,여,0,326
2817765000,여,5,294
2817765000,여,10,312
2817765000,여,15,315
2817765000,여,20,398
2817765000,여,25,542
2817765000,여,30,760
2817765000,여,35,650
2817765000,여,40,711
2817765000,여,45,611
2817765000,여,50,744
2817765000,여,55,723
2817765000,여,60,870
2817765000,여,65,799
2817765000,여,70,588
2817765000,여,75,451
2817765000,여,80,342
2817765000,여,85,180
2817765000,여,90,66
2817765000,여,95,26
2817765000,여,100,2
2817766000,남,0,211
2817766000,남,5,231
2817766000,남,10,231
2817766000,남,15,308
2817766000,남,20,510
2817766000,남,25,769
2817766000,남,30,930
2817766000,남,35,753
2817766000,남,40,850
2817766000,남,45,701
2817766000,남,50,855
2817766000,남,55,816
2817766000,남,60,860
2817766000,남,65,709
2817766000,남,70,428
2817766000,남,75,326
2817766000,남,80,205
2817766000,남,85,89
2817766000,남,90,27
2817766000,남,95,1
2817766000,남,100,2
2817766000,여,0,203
2817766000,여,5,226
2817766000,여,10,257
2817766000,여,15,319
2817766000,여,20,425
2817766000,여,25,712
2817766000,여,30,746
2817766000,여,35,582
2817766000,여,40,641
2817766000,여,45,647
2817766000,여,50,761
2817766000,여,55,845
2817766000,여,60,919
2817766000,여,65,815
2817766000,여,70,564
2817766000,여,75,426
2817766000,여,80,353
2817766000,여,85,204
2817766000,여,90,95
2817766000,여,95,22
2817766000,여,100,6
2817767000,남,0,223
2817767000,남,5,426
2817767000,남,10,500
2817767000,남,15,419
2817767000,남,20,477
2817767000,남,25,717
2817767000,남,30,738
2817767000,남,35,770
2817767000,남,40,961
2817767000,남,45,864
2817767000,남,50,897
2817767000,남,55,776
2817767000,남,60,789
2817767000,남,65,693
2817767000,남,70,425
2817767000,남,75,333
2817767000,남,80,195
2817767000,남,85,94
2817767000,남,90,29
2817767000,남,95,5
2817767000,남,100,0
2817767000,여,0,225
2817767000,여,5,385
2817767000,여,10,479
2817767000,여,15,386
2817767000,여,20,461
2817767000,여,25,678
2817767000,여,30,729
2817767000,여,35,636
2817767000,여,40,843
2817767000,여,45,788
2817767000,여,50,873
2817767000,여,55,750
2817767000,여,60,884
2817767000,여,65,823
2817767000,여,70,506
2817767000,여,75,391
2817767000,여,80,289
2817767000,여,85,184
2817767000,여,90,83
2817767000,여,95,18
2817767000,여,100,1
2817768000,남,0,79
2817768000,남,5,133
2817768000,남,10,184
2817768000,남,15,220
2817768000,남,20,295
2817768000,남,25,365
2817768000,남,30,394
2817768000,남,35,300
2817768000,남,40,409
2817768000,남,45,455
2817768000,남,50,548
2817768000,남,55,500
2817768000,남,60,571
2817768000,남,65,511
2817768000,남,70,347
2817768000,남,75,240
2817768000,남,80,185
2817768000,남,85,83
2817768000,남,90,12
2817768000,남,95,4
2817768000,남,100,1
2817768000,여,0,81
2817768000,여,5,116
2817768000,여,10,176
2817768000,여,15,199
2817768000,여,20,241
2817768000,여,25,337
2817768000,여,30,298
2817768000,여,35,226
2817768000,여,40,366
2817768000,여,45,389
2817768000,여,50,548
2817768000,여,55,578
2817768000,여,60,686
2817768000,여,65,647
2817768000,여,70,452
2817768000,여,75,374
2817768000,여,80,285
2817768000,여,85,148
2817768000,여,90,69
2817768000,여,95,18
2817768000,여,100,3
2817769000,남,0,121
2817769000,남,5,239
2817769000,남,10,401
2817769000,남,15,398
2817769000,남,20,506
2817769000,남,25,673
2817769000,남,30,622
2817769000,남,35,507
2817769000,남,40,682
2817769000,남,45,670
2817769000,남,50,885
2817769000,남,55,889
2817769000,남,60,874
2817769000,남,65,753
2817769000,남,70,455
2817769000,남,75,338
2817769000,남,80,218
2817769000,남,85,106
2817769000,남,90,18
2817769000,남,95,5
2817769000,남,100,0
2817769000,여,0,150
2817769000,여,5,245
2817769000,여,10,352
2817769000,여,15,410
2817769000,여,20,459
2817769000,여,25,581
2817769000,여,30,509
2817769000,여,35,430
2817769000,여,40,622
2817769000,여,45,681
2817769000,여,50,916
2817769000,여,55,961
2817769000,여,60,1018
2817769000,여,65,862
2817769000,여,70,512
2817769000,여,75,432
2817769000,여,80,346
2817769000,여,85,195
2817769000,여,90,69
2817769000,여,95,15
2817769000,여,100,2
2817770000,남,0,98
2817770000,남,5,211
2817770000,남,10,326
2817770000,남,15,306
2817770000,남,20,328
2817770000,남,25,439
2817770000,남,30,401
2817770000,남,35,392
2817770000,남,40,508
2817770000,남,45,519
2817770000,남,50,591
2817770000,남,55,607
2817770000,남,60,622
2817770000,남,65,599
2817770000,남,70,371
2817770000,남,75,293
2817770000,남,80,156
2817770000,남,85,69
2817770000,남,90,20
2817770000,남,95,8
2817770000,남,100,0
2817770000,여,0,98
2817770000,여,5,182
2817770000,여,10,273
2817770000,여,15,296
2817770000,여,20,345
2817770000,여,25,424
2817770000,여,30,396
2817770000,여,35,327
2817770000,여,40,479
2817770000,여,45,520
2817770000,여,50,588
2817770000,여,55,674
2817770000,여,60,744
2817770000,여,65,666
2817770000,여,70,429
2817770000,여,75,296
2817770000,여,80,212
2817770000,여,85,133
2817770000,여,90,59
2817770000,여,95,18
2817770000,여,100,2
2817771000,남,0,106
2817771000,남,5,180
2817771000,남,10,251
2817771000,남,15,305
2817771000,남,20,372
2817771000,남,25,479
2817771000,남,30,542
2817771000,남,35,496
2817771000,남,40,731
2817771000,남,45,758
2817771000,남,50,926
2817771000,남,55,771
2817771000,남,60,623
2817771000,남,65,439
2817771000,남,70,252
2817771000,남,75,152
2817771000,남,80,109
2817771000,남,85,54
2817771000,남,90,11
2817771000,남,95,1
2817771000,남,100,0
2817771000,여,0,103
2817771000,여,5,166
2817771000,여,10,255
2817771000,여,15,279
2817771000,여,20,340
2817771000,여,25,419
2817771000,여,30,394
2817771000,여,35,318
2817771000,여,40,560
2817771000,여,45,549
2817771000,여,50,693
2817771000,여,55,525
2817771000,여,60,484
2817771000,여,65,421
2817771000,여,70,269
2817771000,여,75,214
2817771000,여,80,158
2817771000,여,85,86
2817771000,여,90,47
2817771000,여,95,5
2817771000,여,100,0
2818563000,남,0,136
2818563000,남,5,248
2818563000,남,10,421
2818563000,남,15,443
2818563000,남,20,465
2818563000,남,25,627
2818563000,남,30,509
2818563000,남,35,444
2818563000,남,40,590
2818563000,남,45,669
2818563000,남,50,785
2818563000,남,55,825
2818563000,남,60,871
2818563000,남,65,565
2818563000,남,70,360
2818563000,남,75,285
2818563000,남,80,174
2818563000,남,85,90
2818563000,남,90,29
2818563000,남,95,4
2818563000,남,100,0
2818563000,여,0,148
2818563000,여,5,263
2818563000,여,10,377
2818563000,여,15,382
2818563000,여,20,428
2818563000,여,25,529
2818563000,여,30,449
2818563000,여,35,378
2818563000,여,40,623
2818563000,여,45,643
2818563000,여,50,844
2818563000,여,55,879
2818563000,여,60,870
2818563000,여,65,657
2818563000,여,70,389
2818563000,여,75,368
2818563000,여,80,309
2818563000,여,85,190
2818563000,여,90,100
2818563000,여,95,21
2818563000,여,100,1
2818564000,남,0,219
2818564000,남,5,335
2818564000,남,10,438
2818564000,남,15,528
2818564000,남,20,579
2818564000,남,25,673
2818564000,남,30,620
2818564000,남,35,512
2818564000,남,40,686
2818564000,남,45,741
2818564000,남,50,867
2818564000,남,55,874
2818564000,남,60,889
2818564000,남,65,658
2818564000,남,70,359
2818564000,남,75,247
2818564000,남,80,186
2818564000,남,85,78
2818564000,남,90,25
2818564000,남,95,3
2818564000,남,100,0
2818564000,여,0,185
2818564000,여,5,350
2818564000,여,10,412
2818564000,여,15,537
2818564000,여,20,480
2818564000,여,25,597
2818564000,여,30,568
2818564000,여,35,478
2818564000,여,40,726
2818564000,여,45,749
2818564000,여,50,909
2818564000,여,55,1014
2818564000,여,60,929
2818564000,여,65,671
2818564000,여,70,396
2818564000,여,75,328
2818564000,여,80,251
2818564000,여,85,150
2818564000,여,90,67
2818564000,여,95,13
2818564000,여,100,2
2818575000,남,0,200
2818575000,남,5,253
2818575000,남,10,271
2818575000,남,15,294
2818575000,남,20,478
2818575000,남,25,677
2818575000,남,30,701
2818575000,남,35,676
2818575000,남,40,687
2818575000,남,45,639
2818575000,남,50,762
2818575000,남,55,790
2818575000,남,60,974
2818575000,남,65,787
2818575000,남,70,444
2818575000,남,75,272
2818575000,남,80,174
2818575000,남,85,80
2818575000,남,90,17
2818575000,남,95,7
2818575000,남,100,0
2818575000,여,0,210
2818575000,여,5,207
2818575000,여,10,244
2818575000,여,15,276
2818575000,여,20,358
2818575000,여,25,491
2818575000,여,30,559
2818575000,여,35,548
2818575000,여,40,553
2818575000,여,45,507
2818575000,여,50,662
2818575000,여,55,914
2818575000,여,60,992
2818575000,여,65,732
2818575000,여,70,447
2818575000,여,75,338
2818575000,여,80,271
2818575000,여,85,173
2818575000,여,90,84
2818575000,여,95,20
2818575000,여,100,4
2818576100,남,0,90
2818576100,남,5,151
2818576100,남,10,275
2818576100,남,15,359
2818576100,남,20,597
2818576100,남,25,722
2818576100,남,30,739
2818576100,남,35,532
2818576100,남,40,667
2818576100,남,45,695
2818576100,남,50,977
2818576100,남,55,928
2818576100,남,60,985
2818576100,남,65,682
2818576100,남,70,372
2818576100,남,75,244
2818576100,남,80,163
2818576100,남,85,59
2818576100,남,90,21
2818576100,남,95,2
2818576100,남,100,1
2818576100,여,0,97
2818576100,여,5,155
2818576100,여,10,210
2818576100,여,15,302
2818576100,여,20,490
2818576100,여,25,502
2818576100,여,30,431
2818576100,여,35,322
2818576100,여,40,464
2818576100,여,45,540
2818576100,여,50,744
2818576100,여,55,833
2818576100,여,60,815
2818576100,여,65,594
2818576100,여,70,350
2818576100,여,75,307
2818576100,여,80,224
2818576100,여,85,144
2818576100,여,90,61
2818576100,여,95,13
2818576100,여,100,3
2818576200,남,0,200
2818576200,남,5,292
2818576200,남,10,367
2818576200,남,15,409
2818576200,남,20,561
2818576200,남,25,793
2818576200,남,30,951
2818576200,남,35,660
2818576200,남,40,671
2818576200,남,45,663
2818576200,남,50,795
2818576200,남,55,769
2818576200,남,60,918
2818576200,남,65,732
2818576200,남,70,369
2818576200,남,75,229
2818576200,남,80,139
2818576200,남,85,73
2818576200,남,90,18
2818576200,남,95,6
2818576200,남,100,0
2818576200,여,0,193
2818576200,여,5,281
2818576200,여,10,317
2818576200,여,15,368
2818576200,여,20,506
2818576200,여,25,706
2818576200,여,30,786
2818576200,여,35,584
2818576200,여,40,659
2818576200,여,45,692
2818576200,여,50,880
2818576200,여,55,943
2818576200,여,60,993
2818576200,여,65,710
2818576200,여,70,412
2818576200,여,75,316
2818576200,여,80,293
2818576200,여,85,201
2818576200,여,90,97
2818576200,여,95,24
2818576200,여,100,7
2818576300,남,0,126
2818576300,남,5,184
2818576300,남,10,230
2818576300,남,15,277
2818576300,남,20,394
2818576300,남,25,506
2818576300,남,30,602
2818576300,남,35,424
2818576300,남,40,461
2818576300,남,45,396
2818576300,남,50,569
2818576300,남,55,608
2818576300,남,60,778
2818576300,남,65,615
2818576300,남,70,371
2818576300,남,75,215
2818576300,남,80,144
2818576300,남,85,76
2818576300,남,90,18
2818576300,남,95,6
2818576300,남,100,2
2818576300,여,0,112
2818576300,여,5,161
2818576300,여,10,229
2818576300,여,15,271
2818576300,여,20,401
2818576300,여,25,472
2818576300,여,30,516
2818576300,여,35,410
2818576300,여,40,427
2818576300,여,45,461
2818576300,여,50,695
2818576300,여,55,720
2818576300,여,60,873
2818576300,여,65,665
2818576300,여,70,363
2818576300,여,75,328
2818576300,여,80,323
2818576300,여,85,219
2818576300,여,90,93
2818576300,여,95,29
2818576300,여,100,2
2818576600,남,0,144
2818576600,남,5,238
2818576600,남,10,353
2818576600,남,15,393
2818576600,남,20,559
2818576600,남,25,854
2818576600,남,30,906
2818576600,남,35,716
2818576600,남,40,803
2818576600,남,45,830
2818576600,남,50,1107
2818576600,남,55,1216
2818576600,남,60,1351
2818576600,남,65,971
2818576600,남,70,569
2818576600,남,75,354
2818576600,남,80,254
2818576600,남,85,117
2818576600,남,90,33
2818576600,남,95,6
2818576600,남,100,3
2818576600,여,0,154
2818576600,여,5,241
2818576600,여,10,328
2818576600,여,15,401
2818576600,여,20,464
2818576600,여,25,642
2818576600,여,30,640
2818576600,여,35,482
2818576600,여,40,585
2818576600,여,45,649
2818576600,여,50,1039
2818576600,여,55,1201
2818576600,여,60,1267
2818576600,여,65,932
2818576600,여,70,552
2818576600,여,75,471
2818576600,여,80,391
2818576600,여,85,290
2818576600,여,90,117
2818576600,여,95,35
2818576600,여,100,4
2818578000,남,0,511
2818578000,남,5,617
2818578000,남,10,653
2818578000,남,15,645
2818578000,남,20,689
2818578000,남,25,780
2818578000,남,30,893
2818578000,남,35,950
2818578000,남,40,1083
2818578000,남,45,909
2818578000,남,50,1093
2818578000,남,55,1027
2818578000,남,60,1142
2818578000,남,65,801
2818578000,남,70,372
2818578000,남,75,223
2818578000,남,80,122
2818578000,남,85,49
2818578000,남,90,22
2818578000,남,95,8
2818578000,남,100,0
2818578000,여,0,463
2818578000,여,5,610
2818578000,여,10,627
2818578000,여,15,647
2818578000,여,20,694
2818578000,여,25,715
2818578000,여,30,932
2818578000,여,35,942
2818578000,여,40,1115
2818578000,여,45,1019
2818578000,여,50,1257
2818578000,여,55,1200
2818578000,여,60,1203
2818578000,여,65,734
2818578000,여,70,386
2818578000,여,75,217
2818578000,여,80,190
2818578000,여,85,134
2818578000,여,90,58
2818578000,여,95,16
2818578000,여,100,4
2818579000,남,0,184
2818579000,남,5,310
2818579000,남,10,376
2818579000,남,15,466
2818579000,남,20,496
2818579000,남,25,605
2818579000,남,30,690
2818579000,남,35,579
2818579000,남,40,571
2818579000,남,45,550
2818579000,남,50,738
2818579000,남,55,733
2818579000,남,60,780
2818579000,남,65,572
2818579000,남,70,268
2818579000,남,75,175
2818579000,남,80,120
2818579000,남,85,59
2818579000,남,90,19
2818579000,남,95,1
2818579000,남,100,0
2818579000,여,0,191
2818579000,여,5,265
2818579000,여,10,374
2818579000,여,15,431
2818579000,여,20,482
2818579000,여,25,567
2818579000,여,30,628
2818579000,여,35,506
2818579000,여,40,609
2818579000,여,45,661
2818579000,여,50,884
2818579000,여,55,894
2818579000,여,60,833
2818579000,여,65,569
2818579000,여,70,292
2818579000,여,75,220
2818579000,여,80,191
2818579000,여,85,158
2818579000,여,90,50
2818579000,여,95,10
2818579000,여,100,4
2818579500,남,0,150
2818579500,남,5,374
2818579500,남,10,625
2818579500,남,15,713
2818579500,남,20,626
2818579500,남,25,545
2818579500,남,30,376
2818579500,남,35,351
2818579500,남,40,567
2818579500,남,45,718
2818579500,남,50,885
2818579500,남,55,744
2818579500,남,60,747
2818579500,남,65,506
2818579500,남,70,294
2818579500,남,75,175
2818579500,남,80,153
2818579500,남,85,50
2818579500,남,90,20
2818579500,남,95,6
2818579500,남,100,0
2818579500,여,0,127
2818579500,여,5,380
2818579500,여,10,660
2818579500,여,15,620
2818579500,여,20,585
2818579500,여,25,475
2818579500,여,30,420
2818579500,여,35,438
2818579500,여,40,712
2818579500,여,45,833
2818579500,여,50,993
2818579500,여,55,791
2818579500,여,60,724
2818579500,여,65,506
2818579500,여,70,264
2818579500,여,75,223
2818579500,여,80,183
2818579500,여,85,111
2818579500,여,90,65
2818579500,여,95,18
2818579500,여,100,2
2818582000,남,0,416
2818582000,남,5,784
2818582000,남,10,1231
2818582000,남,15,1491
2818582000,남,20,1919
2818582000,남,25,1497
2818582000,남,30,1160
2818582000,남,35,861
2818582000,남,40,1234
2818582000,남,45,1422
2818582000,남,50,1685
2818582000,남,55,1474
2818582000,남,60,1299
2818582000,남,65,948
2818582000,남,70,471
2818582000,남,75,277
2818582000,남,80,191
2818582000,남,85,77
2818582000,남,90,25
2818582000,남,95,8
2818582000,남,100,0
2818582000,여,0,405
2818582000,여,5,776
2818582000,여,10,1175
2818582000,여,15,1486
2818582000,여,20,1918
2818582000,여,25,1403
2818582000,여,30,1063
2818582000,여,35,989
2818582000,여,40,1540
2818582000,여,45,1691
2818582000,여,50,1858
2818582000,여,55,1511
2818582000,여,60,1277
2818582000,여,65,838
2818582000,여,70,416
2818582000,여,75,328
2818582000,여,80,232
2818582000,여,85,138
2818582000,여,90,75
2818582000,여,95,23
2818582000,여,100,4
2818583000,남,0,539
2818583000,남,5,1414
2818583000,남,10,1891
2818583000,남,15,1578
2818583000,남,20,1002
2818583000,남,25,709
2818583000,남,30,710
2818583000,남,35,913
2818583000,남,40,1768
2818583000,남,45,2003
2818583000,남,50,1875
2818583000,남,55,1354
2818583000,남,60,1014
2818583000,남,65,641
2818583000,남,70,218
2818583000,남,75,165
2818583000,남,80,113
2818583000,남,85,47
2818583000,남,90,13
2818583000,남,95,3
2818583000,남,100,1
2818583000,여,0,549
2818583000,여,5,1444
2818583000,여,10,1763
2818583000,여,15,1475
2818583000,여,20,925
2818583000,여,25,711
2818583000,여,30,828
2818583000,여,35,1333
2818583000,여,40,2237
2818583000,여,45,2185
2818583000,여,50,1853
2818583000,여,55,1173
2818583000,여,60,866
2818583000,여,65,553
2818583000,여,70,294
2818583000,여,75,210
2818583000,여,80,135
2818583000,여,85,107
2818583000,여,90,47
2818583000,여,95,10
2818583000,여,100,3
2818584000,남,0,1154
2818584000,남,5,1564
2818584000,남,10,1859
2818584000,남,15,1478
2818584000,남,20,1227
2818584000,남,25,1611
2818584000,남,30,1779
2818584000,남,35,2050
2818584000,남,40,2516
2818584000,남,45,2220
2818584000,남,50,2052
2818584000,남,55,1383
2818584000,남,60,1185
2818584000,남,65,789
2818584000,남,70,370
2818584000,남,75,250
2818584000,남,80,126
2818584000,남,85,48
2818584000,남,90,13
2818584000,남,95,4
2818584000,남,100,0
2818584000,여,0,1156
2818584000,여,5,1564
2818584000,여,10,1716
2818584000,여,15,1416
2818584000,여,20,1316
2818584000,여,25,1743
2818584000,여,30,2020
2818584000,여,35,2290
2818584000,여,40,2761
2818584000,여,45,2301
2818584000,여,50,2042
2818584000,여,55,1432
2818584000,여,60,1192
2818584000,여,65,756
2818584000,여,70,387
2818584000,여,75,279
2818584000,여,80,172
2818584000,여,85,112
2818584000,여,90,55
2818584000,여,95,9
2818584000,여,100,2
2818585000,남,0,1059
2818585000,남,5,1623
2818585000,남,10,1512
2818585000,남,15,1012
2818585000,남,20,933
2818585000,남,25,918
2818585000,남,30,1197
2818585000,남,35,1677
2818585000,남,40,2351
2818585000,남,45,1893
2818585000,남,50,1604
2818585000,남,55,1178
2818585000,남,60,960
2818585000,남,65,532
2818585000,남,70,274
2818585000,남,75,151
2818585000,남,80,80
2818585000,남,85,30
2818585000,남,90,11
2818585000,남,95,2
2818585000,남,100,0
2818585000,여,0,997
2818585000,여,5,1533
2818585000,여,10,1550
2818585000,여,15,1013
2818585000,여,20,890
2818585000,여,25,1001
2818585000,여,30,1389
2818585000,여,35,2043
2818585000,여,40,2467
2818585000,여,45,1787
2818585000,여,50,1677
2818585000,여,55,1170
2818585000,여,60,907
2818585000,여,65,534
2818585000,여,70,272
2818585000,여,75,163
2818585000,여,80,103
2818585000,여,85,74
2818585000,여,90,32
2818585000,여,95,6
2818585000,여,100,0
2818586000,남,0,1481
2818586000,남,5,1889
2818586000,남,10,1609
2818586000,남,15,1013
2818586000,남,20,1034
2818586000,남,25,1125
2818586000,남,30,1825
2818586000,남,35,2401
2818586000,남,40,2974
2818586000,남,45,2068
2818586000,남,50,1643
2818586000,남,55,1345
2818586000,남,60,1076
2818586000,남,65,779
2818586000,남,70,369
2818586000,남,75,179
2818586000,남,80,78
2818586000,남,85,32
2818586000,남,90,5
2818586000,남,95,3
2818586000,남,100,1
2818586000,여,0,1343
2818586000,여,5,1764
2818586000,여,10,1527
2818586000,여,15,953
2818586000,여,20,895
2818586000,여,25,1136
2818586000,여,30,2096
2818586000,여,35,2504
2818586000,여,40,3070
2818586000,여,45,1973
2818586000,여,50,1806
2818586000,여,55,1418
2818586000,여,60,1220
2818586000,여,65,820
2818586000,여,70,325
2818586000,여,75,179
2818586000,여,80,104
2818586000,여,85,78
2818586000,여,90,35
2818586000,여,95,11
2818586000,여,100,3
2820051000,남,0,408
2820051000,남,5,711
2820051000,남,10,892
2820051000,남,15,648
2820051000,남,20,688
2820051000,남,25,1095
2820051000,남,30,1233
2820051000,남,35,884
2820051000,남,40,1391
2820051000,남,45,1365
2820051000,남,50,1246
2820051000,남,55,1141
2820051000,남,60,1264
2820051000,남,65,930
2820051000,남,70,562
2820051000,남,75,383
2820051000,남,80,197
2820051000,남,85,83
2820051000,남,90,20
2820051000,남,95,8
2820051000,남,100,2
2820051000,여,0,340
2820051000,여,5,648
2820051000,여,10,870
2820051000,여,15,695
2820051000,여,20,802
2820051000,여,25,1116
2820051000,여,30,1154
2820051000,여,35,958
2820051000,여,40,1518
2820051000,여,45,1140
2820051000,여,50,1249
2820051000,여,55,1359
2820051000,여,60,1269
2820051000,여,65,1074
2820051000,여,70,606
2820051000,여,75,452
2820051000,여,80,312
2820051000,여,85,237
2820051000,여,90,101
2820051000,여,95,24
2820051000,여,100,4
2820052000,남,0,521
2820052000,남,5,952
2820052000,남,10,1236
2820052000,남,15,1112
2820052000,남,20,1011
2820052000,남,25,1049
2820052000,남,30,1142
2820052000,남,35,1096
2820052000,남,40,1531
2820052000,남,45,1540
2820052000,남,50,1577
2820052000,남,55,1473
2820052000,남,60,1355
2820052000,남,65,1026
2820052000,남,70,639
2820052000,남,75,436
2820052000,남,80,227
2820052000,남,85,101
2820052000,남,90,18
2820052000,남,95,4
2820052000,남,100,2
2820052000,여,0,536
2820052000,여,5,872
2820052000,여,10,1089
2820052000,여,15,1052
2820052000,여,20,907
2820052000,여,25,1023
2820052000,여,30,1204
2820052000,여,35,1127
2820052000,여,40,1727
2820052000,여,45,1616
2820052000,여,50,1718
2820052000,여,55,1483
2820052000,여,60,1425
2820052000,여,65,1140
2820052000,여,70,747
2820052000,여,75,490
2820052000,여,80,336
2820052000,여,85,178
2820052000,여,90,78
2820052000,여,95,24
2820052000,여,100,2
2820052100,남,0,223
2820052100,남,5,325
2820052100,남,10,399
2820052100,남,15,432
2820052100,남,20,872
2820052100,남,25,1827
2820052100,남,30,1699
2820052100,남,35,1273
2820052100,남,40,1292
2820052100,남,45,1092
2820052100,남,50,1229
2820052100,남,55,1033
2820052100,남,60,937
2820052100,남,65,704
2820052100,남,70,422
2820052100,남,75,288
2820052100,남,80,197
2820052100,남,85,83
2820052100,남,90,14
2820052100,남,95,4
2820052100,남,100,0
2820052100,여,0,224
2820052100,여,5,283
2820052100,여,10,379
2820052100,여,15,372
2820052100,여,20,1212
2820052100,여,25,2000
2820052100,여,30,1394
2820052100,여,35,984
2820052100,여,40,1080
2820052100,여,45,932
2820052100,여,50,1081
2820052100,여,55,1048
2820052100,여,60,964
2820052100,여,65,766
2820052100,여,70,496
2820052100,여,75,390
2820052100,여,80,263
2820052100,여,85,137
2820052100,여,90,58
2820052100,여,95,5
2820052100,여,100,2
2820052200,남,0,70
2820052200,남,5,116
2820052200,남,10,171
2820052200,남,15,223
2820052200,남,20,327
2820052200,남,25,509
2820052200,남,30,459
2820052200,남,35,358
2820052200,남,40,445
2820052200,남,45,499
2820052200,남,50,639
2820052200,남,55,696
2820052200,남,60,760
2820052200,남,65,537
2820052200,남,70,359
2820052200,남,75,262
2820052200,남,80,167
2820052200,남,85,63
2820052200,남,90,18
2820052200,남,95,5
2820052200,남,100,0
2820052200,여,0,63
2820052200,여,5,90
2820052200,여,10,153
2820052200,여,15,192
2820052200,여,20,299
2820052200,여,25,466
2820052200,여,30,360
2820052200,여,35,273
2820052200,여,40,338
2820052200,여,45,426
2820052200,여,50,572
2820052200,여,55,689
2820052200,여,60,725
2820052200,여,65,619
2820052200,여,70,426
2820052200,여,75,348
2820052200,여,80,269
2820052200,여,85,148
2820052200,여,90,57
2820052200,여,95,15
2820052200,여,100,2
2820053000,남,0,135
2820053000,남,5,186
2820053000,남,10,291
2820053000,남,15,307
2820053000,남,20,446
2820053000,남,25,678
2820053000,남,30,789
2820053000,남,35,552
2820053000,남,40,658
2820053000,남,45,617
2820053000,남,50,732
2820053000,남,55,738
2820053000,남,60,774
2820053000,남,65,603
2820053000,남,70,364
2820053000,남,75,282
2820053000,남,80,198
2820053000,남,85,92
2820053000,남,90,18
2820053000,남,95,2
2820053000,남,100,0
2820053000,여,0,138
2820053000,여,5,183
2820053000,여,10,247
2820053000,여,15,284
2820053000,여,20,411
2820053000,여,25,620
2820053000,여,30,622
2820053000,여,35,493
2820053000,여,40,556
2820053000,여,45,586
2820053000,여,50,751
2820053000,여,55,792
2820053000,여,60,833
2820053000,여,65,669
2820053000,여,70,501
2820053000,여,75,427
2820053000,여,80,300
2820053000,여,85,164
2820053000,여,90,99
2820053000,여,95,18
2820053000,여,100,2
2820054000,남,0,216
2820054000,남,5,383
2820054000,남,10,511
2820054000,남,15,494
2820054000,남,20,514
2820054000,남,25,675
2820054000,남,30,690
2820054000,남,35,560
2820054000,남,40,777
2820054000,남,45,858
2820054000,남,50,955
2820054000,남,55,899
2820054000,남,60,923
2820054000,남,65,700
2820054000,남,70,456
2820054000,남,75,333
2820054000,남,80,222
2820054000,남,85,83
2820054000,남,90,22
2820054000,남,95,7
2820054000,남,100,0
2820054000,여,0,189
2820054000,여,5,340
2820054000,여,10,460
2820054000,여,15,451
2820054000,여,20,488
2820054000,여,25,566
2820054000,여,30,585
2820054000,여,35,536
2820054000,여,40,803
2820054000,여,45,842
2820054000,여,50,898
2820054000,여,55,898
2820054000,여,60,904
2820054000,여,65,791
2820054000,여,70,546
2820054000,여,75,412
2820054000,여,80,291
2820054000,여,85,185
2820054000,여,90,47
2820054000,여,95,14
2820054000,여,100,1
2820055000,남,0,245
2820055000,남,5,324
2820055000,남,10,428
2820055000,남,15,467
2820055000,남,20,605
2820055000,남,25,945
2820055000,남,30,961
2820055000,남,35,772
2820055000,남,40,929
2820055000,남,45,990
2820055000,남,50,1134
2820055000,남,55,1223
2820055000,남,60,1280
2820055000,남,65,949
2820055000,남,70,641
2820055000,남,75,428
2820055000,남,80,277
2820055000,남,85,104
2820055000,남,90,25
2820055000,남,95,9
2820055000,남,100,1
2820055000,여,0,194
2820055000,여,5,325
2820055000,여,10,405
2820055000,여,15,450
2820055000,여,20,623
2820055000,여,25,874
2820055000,여,30,826
2820055000,여,35,642
2820055000,여,40,831
2820055000,여,45,858
2820055000,여,50,1169
2820055000,여,55,1271
2820055000,여,60,1233
2820055000,여,65,1069
2820055000,여,70,703
2820055000,여,75,514
2820055000,여,80,432
2820055000,여,85,199
2820055000,여,90,74
2820055000,여,95,23
2820055000,여,100,4
2820055100,남,0,276
2820055100,남,5,411
2820055100,남,10,486
2820055100,남,15,550
2820055100,남,20,727
2820055100,남,25,1103
2820055100,남,30,1090
2820055100,남,35,849
2820055100,남,40,1070
2820055100,남,45,1026
2820055100,남,50,1234
2820055100,남,55,1249
2820055100,남,60,1324
2820055100,남,65,1001
2820055100,남,70,645
2820055100,남,75,425
2820055100,남,80,256
2820055100,남,85,102
2820055100,남,90,36
2820055100,남,95,5
2820055100,남,100,1
2820055100,여,0,263
2820055100,여,5,384
2820055100,여,10,449
2820055100,여,15,547
2820055100,여,20,791
2820055100,여,25,1024
2820055100,여,30,951
2820055100,여,35,782
2820055100,여,40,960
2820055100,여,45,1052
2820055100,여,50,1235
2820055100,여,55,1266
2820055100,여,60,1295
2820055100,여,65,1057
2820055100,여,70,655
2820055100,여,75,502
2820055100,여,80,385
2820055100,여,85,226
2820055100,여,90,99
2820055100,여,95,21
2820055100,여,100,4
2820056000,남,0,134
2820056000,남,5,147
2820056000,남,10,186
2820056000,남,15,226
2820056000,남,20,353
2820056000,남,25,543
2820056000,남,30,600
2820056000,남,35,478
2820056000,남,40,497
2820056000,남,45,561
2820056000,남,50,722
2820056000,남,55,746
2820056000,남,60,810
2820056000,남,65,678
2820056000,남,70,388
2820056000,남,75,266
2820056000,남,80,185
2820056000,남,85,98
2820056000,남,90,11
2820056000,남,95,6
2820056000,남,100,0
2820056000,여,0,115
2820056000,여,5,147
2820056000,여,10,183
2820056000,여,15,216
2820056000,여,20,340
2820056000,여,25,516
2820056000,여,30,460
2820056000,여,35,373
2820056000,여,40,443
2820056000,여,45,447
2820056000,여,50,691
2820056000,여,55,796
2820056000,여,60,853
2820056000,여,65,757
2820056000,여,70,489
2820056000,여,75,442
2820056000,여,80,385
2820056000,여,85,251
2820056000,여,90,107
2820056000,여,95,17
2820056000,여,100,0
2820057000,남,0,236
2820057000,남,5,357
2820057000,남,10,523
2820057000,남,15,565
2820057000,남,20,633
2820057000,남,25,706
2820057000,남,30,717
2820057000,남,35,581
2820057000,남,40,845
2820057000,남,45,940
2820057000,남,50,1022
2820057000,남,55,1005
2820057000,남,60,972
2820057000,남,65,856
2820057000,남,70,471
2820057000,남,75,361
2820057000,남,80,185
2820057000,남,85,77
2820057000,남,90,20
2820057000,남,95,5
2820057000,남,100,0
2820057000,여,0,215
2820057000,여,5,366
2820057000,여,10,511
2820057000,여,15,599
2820057000,여,20,585
2820057000,여,25,648
2820057000,여,30,633
2820057000,여,35,540
2820057000,여,40,796
2820057000,여,45,946
2820057000,여,50,1085
2820057000,여,55,1078
2820057000,여,60,1117
2820057000,여,65,946
2820057000,여,70,583
2820057000,여,75,386
2820057000,여,80,287
2820057000,여,85,151
2820057000,여,90,61
2820057000,여,95,15
2820057000,여,100,2
2820058000,남,0,141
2820058000,남,5,316
2820058000,남,10,353
2820058000,남,15,382
2820058000,남,20,446
2820058000,남,25,595
2820058000,남,30,556
2820058000,남,35,447
2820058000,남,40,633
2820058000,남,45,646
2820058000,남,50,714
2820058000,남,55,717
2820058000,남,60,823
2820058000,남,65,576
2820058000,남,70,393
2820058000,남,75,248
2820058000,남,80,131
2820058000,남,85,52
2820058000,남,90,17
2820058000,남,95,4
2820058000,남,100,0
2820058000,여,0,152
2820058000,여,5,300
2820058000,여,10,346
2820058000,여,15,353
2820058000,여,20,391
2820058000,여,25,513
2820058000,여,30,502
2820058000,여,35,396
2820058000,여,40,550
2820058000,여,45,579
2820058000,여,50,716
2820058000,여,55,793
2820058000,여,60,772
2820058000,여,65,649
2820058000,여,70,375
2820058000,여,75,316
2820058000,여,80,199
2820058000,여,85,133
2820058000,여,90,57
2820058000,여,95,14
2820058000,여,100,0
2820058100,남,0,167
2820058100,남,5,263
2820058100,남,10,369
2820058100,남,15,417
2820058100,남,20,504
2820058100,남,25,632
2820058100,남,30,718
2820058100,남,35,560
2820058100,남,40,619
2820058100,남,45,701
2820058100,남,50,761
2820058100,남,55,805
2820058100,남,60,871
2820058100,남,65,719
2820058100,남,70,430
2820058100,남,75,326
2820058100,남,80,171
2820058100,남,85,70
2820058100,남,90,19
2820058100,남,95,1
2820058100,남,100,2
2820058100,여,0,183
2820058100,여,5,256
2820058100,여,10,357
2820058100,여,15,376
2820058100,여,20,426
2820058100,여,25,573
2820058100,여,30,610
2820058100,여,35,463
2820058100,여,40,627
2820058100,여,45,707
2820058100,여,50,883
2820058100,여,55,929
2820058100,여,60,971
2820058100,여,65,885
2820058100,여,70,512
2820058100,여,75,388
2820058100,여,80,284
2820058100,여,85,195
2820058100,여,90,70
2820058100,여,95,18
2820058100,여,100,4
2820058200,남,0,100
2820058200,남,5,122
2820058200,남,10,189
2820058200,남,15,226
2820058200,남,20,339
2820058200,남,25,535
2820058200,남,30,551
2820058200,남,35,416
2820058200,남,40,470
2820058200,남,45,464
2820058200,남,50,678
2820058200,남,55,642
2820058200,남,60,812
2820058200,남,65,633
2820058200,남,70,401
2820058200,남,75,314
2820058200,남,80,175
2820058200,남,85,85
2820058200,남,90,13
2820058200,남,95,5
2820058200,남,100,0
2820058200,여,0,96
2820058200,여,5,119
2820058200,여,10,163
2820058200,여,15,209
2820058200,여,20,339
2820058200,여,25,462
2820058200,여,30,426
2820058200,여,35,301
2820058200,여,40,365
2820058200,여,45,434
2820058200,여,50,583
2820058200,여,55,761
2820058200,여,60,799
2820058200,여,65,703
2820058200,여,70,532
2820058200,여,75,401
2820058200,여,80,290
2820058200,여,85,156
2820058200,여,90,53
2820058200,여,95,18
2820058200,여,100,2
2820058300,남,0,132
2820058300,남,5,273
2820058300,남,10,442
2820058300,남,15,504
2820058300,남,20,625
2820058300,남,25,785
2820058300,남,30,704
2820058300,남,35,515
2820058300,남,40,700
2820058300,남,45,743
2820058300,남,50,1024
2820058300,남,55,1090
2820058300,남,60,1146
2820058300,남,65,930
2820058300,남,70,481
2820058300,남,75,354
2820058300,남,80,228
2820058300,남,85,112
2820058300,남,90,29
2820058300,남,95,4
2820058300,남,100,2
2820058300,여,0,135
2820058300,여,5,248
2820058300,여,10,446
2820058300,여,15,493
2820058300,여,20,558
2820058300,여,25,635
2820058300,여,30,606
2820058300,여,35,507
2820058300,여,40,657
2820058300,여,45,784
2820058300,여,50,1179
2820058300,여,55,1174
2820058300,여,60,1342
2820058300,여,65,943
2820058300,여,70,553
2820058300,여,75,428
2820058300,여,80,420
2820058300,여,85,299
2820058300,여,90,101
2820058300,여,95,36
2820058300,여,100,5
2820065000,남,0,181
2820065000,남,5,347
2820065000,남,10,490
2820065000,남,15,545
2820065000,남,20,531
2820065000,남,25,555
2820065000,남,30,497
2820065000,남,35,475
2820065000,남,40,692
2820065000,남,45,741
2820065000,남,50,857
2820065000,남,55,803
2820065000,남,60,848
2820065000,남,65,750
2820065000,남,70,417
2820065000,남,75,307
2820065000,남,80,165
2820065000,남,85,73
2820065000,남,90,28
2820065000,남,95,3
2820065000,남,100,0
2820065000,여,0,178
2820065000,여,5,326
2820065000,여,10,481
2820065000,여,15,479
2820065000,여,20,378
2820065000,여,25,438
2820065000,여,30,423
2820065000,여,35,446
2820065000,여,40,714
2820065000,여,45,731
2820065000,여,50,869
2820065000,여,55,837
2820065000,여,60,922
2820065000,여,65,802
2820065000,여,70,451
2820065000,여,75,340
2820065000,여,80,256
2820065000,여,85,140
2820065000,여,90,58
2820065000,여,95,16
2820065000,여,100,4
2820065500,남,0,653
2820065500,남,5,1383
2820065500,남,10,1505
2820065500,남,15,973
2820065500,남,20,690
2820065500,남,25,810
2820065500,남,30,1112
2820065500,남,35,1333
2820065500,남,40,2307
2820065500,남,45,1849
2820065500,남,50,1410
2820065500,남,55,1091
2820065500,남,60,1213
2820065500,남,65,1061
2820065500,남,70,641
2820065500,남,75,393
2820065500,남,80,179
2820065500,남,85,56
2820065500,남,90,13
2820065500,남,95,5
2820065500,남,100,1
2820065500,여,0,621
2820065500,여,5,1286
2820065500,여,10,1337
2820065500,여,15,866
2820065500,여,20,603
2820065500,여,25,818
2820065500,여,30,1135
2820065500,여,35,1551
2820065500,여,40,2241
2820065500,여,45,1725
2820065500,여,50,1325
2820065500,여,55,1324
2820065500,여,60,1365
2820065500,여,65,1136
2820065500,여,70,648
2820065500,여,75,436
2820065500,여,80,292
2820065500,여,85,168
2820065500,여,90,72
2820065500,여,95,17
2820065500,여,100,4
2820066000,남,0,132
2820066000,남,5,272
2820066000,남,10,372
2820066000,남,15,445
2820066000,남,20,565
2820066000,남,25,679
2820066000,남,30,635
2820066000,남,35,501
2820066000,남,40,661
2820066000,남,45,737
2820066000,남,50,966
2820066000,남,55,1042
2820066000,남,60,1097
2820066000,남,65,813
2820066000,남,70,486
2820066000,남,75,312
2820066000,남,80,209
2820066000,남,85,97
2820066000,남,90,16
2820066000,남,95,3
2820066000,남,100,0
2820066000,여,0,149
2820066000,여,5,251
2820066000,여,10,339
2820066000,여,15,390
2820066000,여,20,442
2820066000,여,25,562
2820066000,여,30,467
2820066000,여,35,400
2820066000,여,40,578
2820066000,여,45,669
2820066000,여,50,866
2820066000,여,55,1097
2820066000,여,60,985
2820066000,여,65,841
2820066000,여,70,485
2820066000,여,75,390
2820066000,여,80,312
2820066000,여,85,204
2820066000,여,90,83
2820066000,여,95,24
2820066000,여,100,3
2820069000,남,0,386
2820069000,남,5,639
2820069000,남,10,839
2820069000,남,15,847
2820069000,남,20,894
2820069000,남,25,1041
2820069000,남,30,1110
2820069000,남,35,968
2820069000,남,40,1296
2820069000,남,45,1365
2820069000,남,50,1529
2820069000,남,55,1362
2820069000,남,60,1220
2820069000,남,65,910
2820069000,남,70,517
2820069000,남,75,311
2820069000,남,80,215
2820069000,남,85,93
2820069000,남,90,23
2820069000,남,95,3
2820069000,남,100,1
2820069000,여,0,398
2820069000,여,5,609
2820069000,여,10,779
2820069000,여,15,840
2820069000,여,20,858
2820069000,여,25,899
2820069000,여,30,868
2820069000,여,35,847
2820069000,여,40,1240
2820069000,여,45,1346
2820069000,여,50,1438
2820069000,여,55,1377
2820069000,여,60,1270
2820069000,여,65,1021
2820069000,여,70,585
2820069000,여,75,421
2820069000,여,80,342
2820069000,여,85,203
2820069000,여,90,93
2820069000,여,95,25
2820069000,여,100,4
2820070000,남,0,262
2820070000,남,5,508
2820070000,남,10,746
2820070000,남,15,771
2820070000,남,20,955
2820070000,남,25,1269
2820070000,남,30,1340
2820070000,남,35,969
2820070000,남,40,1173
2820070000,남,45,1296
2820070000,남,50,1480
2820070000,남,55,1354
2820070000,남,60,1227
2820070000,남,65,934
2820070000,남,70,571
2820070000,남,75,401
2820070000,남,80,267
2820070000,남,85,126
2820070000,남,90,29
2820070000,남,95,3
2820070000,남,100,2
2820070000,여,0,284
2820070000,여,5,466
2820070000,여,10,670
2820070000,여,15,724
2820070000,여,20,842
2820070000,여,25,959
2820070000,여,30,943
2820070000,여,35,783
2820070000,여,40,1124
2820070000,여,45,1216
2820070000,여,50,1449
2820070000,여,55,1347
2820070000,여,60,1339
2820070000,여,65,1127
2820070000,여,70,666
2820070000,여,75,518
2820070000,여,80,503
2820070000,여,85,256
2820070000,여,90,101
2820070000,여,95,35
2820070000,여,100,5
2820071000,남,0,485
2820071000,남,5,1036
2820071000,남,10,1459
2820071000,남,15,1342
2820071000,남,20,1232
2820071000,남,25,1065
2820071000,남,30,1056
2820071000,남,35,1004
2820071000,남,40,1734
2820071000,남,45,1923
2820071000,남,50,2144
2820071000,남,55,1605
2820071000,남,60,1366
2820071000,남,65,980
2820071000,남,70,486
2820071000,남,75,314
2820071000,남,80,177
2820071000,남,85,92
2820071000,남,90,32
2820071000,남,95,1
2820071000,남,100,0
2820071000,여,0,482
2820071000,여,5,955
2820071000,여,10,1418
2820071000,여,15,1417
2820071000,여,20,1167
2820071000,여,25,967
2820071000,여,30,1052
2820071000,여,35,1181
2820071000,여,40,1954
2820071000,여,45,2042
2820071000,여,50,2101
2820071000,여,55,1569
2820071000,여,60,1323
2820071000,여,65,951
2820071000,여,70,520
2820071000,여,75,407
2820071000,여,80,299
2820071000,여,85,189
2820071000,여,90,79
2820071000,여,95,17
2820071000,여,100,5
2823751000,남,0,322
2823751000,남,5,453
2823751000,남,10,529
2823751000,남,15,632
2823751000,남,20,931
2823751000,남,25,1569
2823751000,남,30,1684
2823751000,남,35,1236
2823751000,남,40,1322
2823751000,남,45,1157
2823751000,남,50,1493
2823751000,남,55,1318
2823751000,남,60,1375
2823751000,남,65,1071
2823751000,남,70,662
2823751000,남,75,448
2823751000,남,80,312
2823751000,남,85,162
2823751000,남,90,62
2823751000,남,95,4
2823751000,남,100,1
2823751000,여,0,327
2823751000,여,5,472
2823751000,여,10,516
2823751000,여,15,645
2823751000,여,20,1128
2823751000,여,25,1691
2823751000,여,30,1540
2823751000,여,35,1120
2823751000,여,40,1177
2823751000,여,45,1252
2823751000,여,50,1608
2823751000,여,55,1601
2823751000,여,60,1508
2823751000,여,65,1267
2823751000,여,70,792
2823751000,여,75,605
2823751000,여,80,468
2823751000,여,85,313
2823751000,여,90,114
2823751000,여,95,31
2823751000,여,100,6
2823752000,남,0,139
2823752000,남,5,170
2823752000,남,10,273
2823752000,남,15,268
2823752000,남,20,342
2823752000,남,25,546
2823752000,남,30,606
2823752000,남,35,517
2823752000,남,40,562
2823752000,남,45,519
2823752000,남,50,628
2823752000,남,55,635
2823752000,남,60,628
2823752000,남,65,489
2823752000,남,70,335
2823752000,남,75,266
2823752000,남,80,164
2823752000,남,85,54
2823752000,남,90,13
2823752000,남,95,2
2823752000,남,100,0
2823752000,여,0,134
2823752000,여,5,182
2823752000,여,10,226
2823752000,여,15,257
2823752000,여,20,373
2823752000,여,25,510
2823752000,여,30,516
2823752000,여,35,407
2823752000,여,40,503
2823752000,여,45,450
2823752000,여,50,608
2823752000,여,55,664
2823752000,여,60,687
2823752000,여,65,599
2823752000,여,70,414
2823752000,여,75,310
2823752000,여,80,208
2823752000,여,85,116
2823752000,여,90,53
2823752000,여,95,12
2823752000,여,100,0
2823753000,남,0,233
2823753000,남,5,239
2823753000,남,10,171
2823753000,남,15,269
2823753000,남,20,342
2823753000,남,25,495
2823753000,남,30,692
2823753000,남,35,565
2823753000,남,40,603
2823753000,남,45,512
2823753000,남,50,592
2823753000,남,55,650
2823753000,남,60,704
2823753000,남,65,523
2823753000,남,70,350
2823753000,남,75,246
2823753000,남,80,169
2823753000,남,85,67
2823753000,남,90,16
2823753000,남,95,1
2823753000,남,100,0
2823753000,여,0,225
2823753000,여,5,207
2823753000,여,10,195
2823753000,여,15,232
2823753000,여,20,292
2823753000,여,25,500
2823753000,여,30,638
2823753000,여,35,496
2823753000,여,40,507
2823753000,여,45,472
2823753000,여,50,584
2823753000,여,55,653
2823753000,여,60,687
2823753000,여,65,611
2823753000,여,70,408
2823753000,여,75,332
2823753000,여,80,266
2823753000,여,85,172
2823753000,여,90,62
2823753000,여,95,23
2823753000,여,100,3
2823754000,남,0,322
2823754000,남,5,527
2823754000,남,10,533
2823754000,남,15,561
2823754000,남,20,834
2823754000,남,25,1516
2823754000,남,30,1732
2823754000,남,35,1327
2823754000,남,40,1494
2823754000,남,45,1211
2823754000,남,50,1392
2823754000,남,55,1416
2823754000,남,60,1369
2823754000,남,65,1006
2823754000,남,70,610
2823754000,남,75,475
2823754000,남,80,297
2823754000,남,85,124
2823754000,남,90,31
2823754000,남,95,3
2823754000,남,100,0
2823754000,여,0,326
2823754000,여,5,507
2823754000,여,10,527
2823754000,여,15,530
2823754000,여,20,895
2823754000,여,25,1580
2823754000,여,30,1495
2823754000,여,35,1178
2823754000,여,40,1283
2823754000,여,45,1164
2823754000,여,50,1455
2823754000,여,55,1494
2823754000,여,60,1457
2823754000,여,65,1190
2823754000,여,70,720
2823754000,여,75,592
2823754000,여,80,429
2823754000,여,85,287
2823754000,여,90,101
2823754000,여,95,28
2823754000,여,100,4
2823755000,남,0,539
2823755000,남,5,659
2823755000,남,10,630
2823755000,남,15,611
2823755000,남,20,751
2823755000,남,25,1359
2823755000,남,30,1694
2823755000,남,35,1482
2823755000,남,40,1610
2823755000,남,45,1287
2823755000,남,50,1375
2823755000,남,55,1250
2823755000,남,60,1155
2823755000,남,65,847
2823755000,남,70,489
2823755000,남,75,323
2823755000,남,80,208
2823755000,남,85,94
2823755000,남,90,27
2823755000,남,95,8
2823755000,남,100,0
2823755000,여,0,477
2823755000,여,5,613
2823755000,여,10,699
2823755000,여,15,589
2823755000,여,20,826
2823755000,여,25,1400
2823755000,여,30,1623
2823755000,여,35,1291
2823755000,여,40,1431
2823755000,여,45,1158
2823755000,여,50,1384
2823755000,여,55,1377
2823755000,여,60,1283
2823755000,여,65,1089
2823755000,여,70,604
2823755000,여,75,448
2823755000,여,80,364
2823755000,여,85,228
2823755000,여,90,82
2823755000,여,95,12
2823755000,여,100,3
2823756000,남,0,193
2823756000,남,5,248
2823756000,남,10,242
2823756000,남,15,227
2823756000,남,20,310
2823756000,남,25,531
2823756000,남,30,586
2823756000,남,35,544
2823756000,남,40,601
2823756000,남,45,547
2823756000,남,50,610
2823756000,남,55,595
2823756000,남,60,639
2823756000,남,65,505
2823756000,남,70,322
2823756000,남,75,213
2823756000,남,80,170
2823756000,남,85,76
2823756000,남,90,13
2823756000,남,95,1
2823756000,남,100,1
2823756000,여,0,171
2823756000,여,5,213
2823756000,여,10,200
2823756000,여,15,180
2823756000,여,20,382
2823756000,여,25,564
2823756000,여,30,563
2823756000,여,35,518
2823756000,여,40,557
2823756000,여,45,450
2823756000,여,50,570
2823756000,여,55,664
2823756000,여,60,689
2823756000,여,65,569
2823756000,여,70,368
2823756000,여,75,266
2823756000,여,80,238
2823756000,여,85,150
2823756000,여,90,42
2823756000,여,95,19
2823756000,여,100,2
2823757000,남,0,327
2823757000,남,5,289
2823757000,남,10,272
2823757000,남,15,315
2823757000,남,20,307
2823757000,남,25,440
2823757000,남,30,740
2823757000,남,35,743
2823757000,남,40,658
2823757000,남,45,519
2823757000,남,50,526
2823757000,남,55,528
2823757000,남,60,556
2823757000,남,65,454
2823757000,남,70,262
2823757000,남,75,171
2823757000,남,80,112
2823757000,남,85,57
2823757000,남,90,12
2823757000,남,95,1
2823757000,남,100,0
2823757000,여,0,285
2823757000,여,5,285
2823757000,여,10,240
2823757000,여,15,267
2823757000,여,20,311
2823757000,여,25,439
2823757000,여,30,772
2823757000,여,35,646
2823757000,여,40,643
2823757000,여,45,470
2823757000,여,50,580
2823757000,여,55,565
2823757000,여,60,601
2823757000,여,65,534
2823757000,여,70,287
2823757000,여,75,216
2823757000,여,80,189
2823757000,여,85,122
2823757000,여,90,46
2823757000,여,95,11
2823757000,여,100,4
2823758000,남,0,291
2823758000,남,5,660
2823758000,남,10,845
2823758000,남,15,929
2823758000,남,20,871
2823758000,남,25,882
2823758000,남,30,872
2823758000,남,35,734
2823758000,남,40,1097
2823758000,남,45,1164
2823758000,남,50,1340
2823758000,남,55,1203
2823758000,남,60,1272
2823758000,남,65,929
2823758000,남,70,545
2823758000,남,75,392
2823758000,남,80,224
2823758000,남,85,96
2823758000,남,90,31
2823758000,남,95,7
2823758000,남,100,0
2823758000,여,0,272
2823758000,여,5,640
2823758000,여,10,833
2823758000,여,15,805
2823758000,여,20,808
2823758000,여,25,818
2823758000,여,30,837
2823758000,여,35,798
2823758000,여,40,1249
2823758000,여,45,1247
2823758000,여,50,1389
2823758000,여,55,1343
2823758000,여,60,1349
2823758000,여,65,967
2823758000,여,70,601
2823758000,여,75,439
2823758000,여,80,335
2823758000,여,85,197
2823758000,여,90,75
2823758000,여,95,22
2823758000,여,100,2
2823758100,남,0,136
2823758100,남,5,257
2823758100,남,10,395
2823758100,남,15,468
2823758100,남,20,577
2823758100,남,25,672
2823758100,남,30,631
2823758100,남,35,471
2823758100,남,40,570
2823758100,남,45,647
2823758100,남,50,910
2823758100,남,55,849
2823758100,남,60,1035
2823758100,남,65,869
2823758100,남,70,503
2823758100,남,75,418
2823758100,남,80,269
2823758100,남,85,129
2823758100,남,90,43
2823758100,남,95,8
2823758100,남,100,3
2823758100,여,0,139
2823758100,여,5,231
2823758100,여,10,350
2823758100,여,15,438
2823758100,여,20,455
2823758100,여,25,571
2823758100,여,30,552
2823758100,여,35,457
2823758100,여,40,591
2823758100,여,45,677
2823758100,여,50,926
2823758100,여,55,1015
2823758100,여,60,1103
2823758100,여,65,963
2823758100,여,70,577
2823758100,여,75,525
2823758100,여,80,422
2823758100,여,85,313
2823758100,여,90,146
2823758100,여,95,27
2823758100,여,100,11
2823758200,남,0,173
2823758200,남,5,268
2823758200,남,10,392
2823758200,남,15,406
2823758200,남,20,497
2823758200,남,25,564
2823758200,남,30,543
2823758200,남,35,399
2823758200,남,40,550
2823758200,남,45,594
2823758200,남,50,698
2823758200,남,55,705
2823758200,남,60,735
2823758200,남,65,570
2823758200,남,70,355
2823758200,남,75,224
2823758200,남,80,146
2823758200,남,85,86
2823758200,남,90,15
2823758200,남,95,4
2823758200,남,100,1
2823758200,여,0,135
2823758200,여,5,227
2823758200,여,10,344
2823758200,여,15,405
2823758200,여,20,455
2823758200,여,25,549
2823758200,여,30,545
2823758200,여,35,410
2823758200,여,40,593
2823758200,여,45,643
2823758200,여,50,806
2823758200,여,55,897
2823758200,여,60,810
2823758200,여,65,656
2823758200,여,70,390
2823758200,여,75,274
2823758200,여,80,254
2823758200,여,85,169
2823758200,여,90,74
2823758200,여,95,18
2823758200,여,100,1
2823759100,남,0,805
2823759100,남,5,558
2823759100,남,10,390
2823759100,남,15,330
2823759100,남,20,414
2823759100,남,25,600
2823759100,남,30,1140
2823759100,남,35,1499
2823759100,남,40,1259
2823759100,남,45,763
2823759100,남,50,774
2823759100,남,55,757
2823759100,남,60,731
2823759100,남,65,557
2823759100,남,70,278
2823759100,남,75,190
2823759100,남,80,119
2823759100,남,85,27
2823759100,남,90,6
2823759100,남,95,1
2823759100,남,100,1
2823759100,여,0,759
2823759100,여,5,556
2823759100,여,10,337
2823759100,여,15,318
2823759100,여,20,394
2823759100,여,25,614
2823759100,여,30,1306
2823759100,여,35,1260
2823759100,여,40,1026
2823759100,여,45,662
2823759100,여,50,766
2823759100,여,55,735
2823759100,여,60,746
2823759100,여,65,612
2823759100,여,70,311
2823759100,여,75,212
2823759100,여,80,139
2823759100,여,85,89
2823759100,여,90,37
2823759100,여,95,11
2823759100,여,100,4
2823759200,남,0,512
2823759200,남,5,581
2823759200,남,10,644
2823759200,남,15,696
2823759200,남,20,815
2823759200,남,25,1211
2823759200,남,30,1473
2823759200,남,35,1140
2823759200,남,40,1334
2823759200,남,45,1132
2823759200,남,50,1308
2823759200,남,55,1496
2823759200,남,60,1573
2823759200,남,65,1103
2823759200,남,70,602
2823759200,남,75,418
2823759200,남,80,261
2823759200,남,85,104
2823759200,남,90,32
2823759200,남,95,4
2823759200,남,100,1
2823759200,여,0,432
2823759200,여,5,556
2823759200,여,10,622
2823759200,여,15,607
2823759200,여,20,770
2823759200,여,25,1167
2823759200,여,30,1316
2823759200,여,35,1068
2823759200,여,40,1173
2823759200,여,45,1088
2823759200,여,50,1400
2823759200,여,55,1627
2823759200,여,60,1621
2823759200,여,65,1185
2823759200,여,70,715
2823759200,여,75,490
2823759200,여,80,386
2823759200,여,85,243
2823759200,여,90,88
2823759200,여,95,29
2823759200,여,100,1
2823764100,남,0,114
2823764100,남,5,164
2823764100,남,10,208
2823764100,남,15,302
2823764100,남,20,440
2823764100,남,25,614
2823764100,남,30,628
2823764100,남,35,467
2823764100,남,40,501
2823764100,남,45,506
2823764100,남,50,692
2823764100,남,55,726
2823764100,남,60,763
2823764100,남,65,535
2823764100,남,70,314
2823764100,남,75,208
2823764100,남,80,112
2823764100,남,85,59
2823764100,남,90,11
2823764100,남,95,1
2823764100,남,100,0
2823764100,여,0,106
2823764100,여,5,185
2823764100,여,10,197
2823764100,여,15,230
2823764100,여,20,342
2823764100,여,25,505
2823764100,여,30,460
2823764100,여,35,392
2823764100,여,40,465
2823764100,여,45,459
2823764100,여,50,682
2823764100,여,55,769
2823764100,여,60,768
2823764100,여,65,577
2823764100,여,70,335
2823764100,여,75,239
2823764100,여,80,222
2823764100,여,85,126
2823764100,여,90,42
2823764100,여,95,18
2823764100,여,100,4
2823764200,남,0,175
2823764200,남,5,242
2823764200,남,10,288
2823764200,남,15,328
2823764200,남,20,458
2823764200,남,25,525
2823764200,남,30,654
2823764200,남,35,543
2823764200,남,40,625
2823764200,남,45,517
2823764200,남,50,642
2823764200,남,55,707
2823764200,남,60,933
2823764200,남,65,766
2823764200,남,70,464
2823764200,남,75,311
2823764200,남,80,159
2823764200,남,85,67
2823764200,남,90,18
2823764200,남,95,3
2823764200,남,100,1
2823764200,여,0,141
2823764200,여,5,229
2823764200,여,10,281
2823764200,여,15,281
2823764200,여,20,389
2823764200,여,25,544
2823764200,여,30,630
2823764200,여,35,527
2823764200,여,40,566
2823764200,여,45,535
2823764200,여,50,705
2823764200,여,55,911
2823764200,여,60,1002
2823764200,여,65,830
2823764200,여,70,492
2823764200,여,75,360
2823764200,여,80,284
2823764200,여,85,193
2823764200,여,90,87
2823764200,여,95,27
2823764200,여,100,2
2823764600,남,0,386
2823764600,남,5,533
2823764600,남,10,723
2823764600,남,15,840
2823764600,남,20,937
2823764600,남,25,1152
2823764600,남,30,1059
2823764600,남,35,909
2823764600,남,40,1233
2823764600,남,45,1212
2823764600,남,50,1393
2823764600,남,55,1540
2823764600,남,60,1481
2823764600,남,65,1093
2823764600,남,70,580
2823764600,남,75,390
2823764600,남,80,224
2823764600,남,85,101
2823764600,남,90,36
2823764600,남,95,6
2823764600,남,100,0
2823764600,여,0,312
2823764600,여,5,478
2823764600,여,10,715
2823764600,여,15,775
2823764600,여,20,858
2823764600,여,25,912
2823764600,여,30,1023
2823764600,여,35,869
2823764600,여,40,1171
2823764600,여,45,1321
2823764600,여,50,1623
2823764600,여,55,1618
2823764600,여,60,1478
2823764600,여,65,1177
2823764600,여,70,676
2823764600,여,75,520
2823764600,여,80,503
2823764600,여,85,333
2823764600,여,90,147
2823764600,여,95,26
2823764600,여,100,4
2823764800,남,0,250
2823764800,남,5,533
2823764800,남,10,925
2823764800,남,15,941
2823764800,남,20,978
2823764800,남,25,810
2823764800,남,30,680
2823764800,남,35,572
2823764800,남,40,908
2823764800,남,45,1174
2823764800,남,50,1488
2823764800,남,55,1275
2823764800,남,60,1046
2823764800,남,65,730
2823764800,남,70,414
2823764800,남,75,245
2823764800,남,80,160
2823764800,남,85,71
2823764800,남,90,18
2823764800,남,95,2
2823764800,남,100,1
2823764800,여,0,228
2823764800,여,5,570
2823764800,여,10,895
2823764800,여,15,873
2823764800,여,20,896
2823764800,여,25,776
2823764800,여,30,671
2823764800,여,35,626
2823764800,여,40,1151
2823764800,여,45,1351
2823764800,여,50,1670
2823764800,여,55,1285
2823764800,여,60,1093
2823764800,여,65,736
2823764800,여,70,468
2823764800,여,75,372
2823764800,여,80,264
2823764800,여,85,177
2823764800,여,90,90
2823764800,여,95,22
2823764800,여,100,5
2823765000,남,0,129
2823765000,남,5,161
2823765000,남,10,252
2823765000,남,15,246
2823765000,남,20,310
2823765000,남,25,491
2823765000,남,30,629
2823765000,남,35,452
2823765000,남,40,585
2823765000,남,45,545
2823765000,남,50,700
2823765000,남,55,691
2823765000,남,60,730
2823765000,남,65,698
2823765000,남,70,464
2823765000,남,75,332
2823765000,남,80,213
2823765000,남,85,75
2823765000,남,90,25
2823765000,남,95,2
2823765000,남,100,2
2823765000,여,0,114
2823765000,여,5,174
2823765000,여,10,219
2823765000,여,15,238
2823765000,여,20,277
2823765000,여,25,465
2823765000,여,30,506
2823765000,여,35,361
2823765000,여,40,518
2823765000,여,45,459
2823765000,여,50,578
2823765000,여,55,725
2823765000,여,60,829
2823765000,여,65,805
2823765000,여,70,548
2823765000,여,75,399
2823765000,여,80,290
2823765000,여,85,179
2823765000,여,90,41
2823765000,여,95,12
2823765000,여,100,3
2823766000,남,0,235
2823766000,남,5,332
2823766000,남,10,376
2823766000,남,15,403
2823766000,남,20,499
2823766000,남,25,619
2823766000,남,30,750
2823766000,남,35,638
2823766000,남,40,735
2823766000,남,45,707
2823766000,남,50,792
2823766000,남,55,772
2823766000,남,60,831
2823766000,남,65,601
2823766000,남,70,386
2823766000,남,75,245
2823766000,남,80,179
2823766000,남,85,57
2823766000,남,90,18
2823766000,남,95,5
2823766000,남,100,0
2823766000,여,0,227
2823766000,여,5,323
2823766000,여,10,377
2823766000,여,15,423
2823766000,여,20,460
2823766000,여,25,664
2823766000,여,30,689
2823766000,여,35,609
2823766000,여,40,735
2823766000,여,45,707
2823766000,여,50,852
2823766000,여,55,869
2823766000,여,60,883
2823766000,여,65,713
2823766000,여,70,424
2823766000,여,75,341
2823766000,여,80,238
2823766000,여,85,142
2823766000,여,90,49
2823766000,여,95,6
2823766000,여,100,1
2823766100,남,0,229
2823766100,남,5,369
2823766100,남,10,542
2823766100,남,15,697
2823766100,남,20,843
2823766100,남,25,1065
2823766100,남,30,1092
2823766100,남,35,804
2823766100,남,40,899
2823766100,남,45,949
2823766100,남,50,1239
2823766100,남,55,1303
2823766100,남,60,1366
2823766100,남,65,925
2823766100,남,70,484
2823766100,남,75,342
2823766100,남,80,215
2823766100,남,85,104
2823766100,남,90,19
2823766100,남,95,3
2823766100,남,100,2
2823766100,여,0,222
2823766100,여,5,385
2823766100,여,10,524
2823766100,여,15,709
2823766100,여,20,828
2823766100,여,25,1035
2823766100,여,30,1104
2823766100,여,35,818
2823766100,여,40,949
2823766100,여,45,1151
2823766100,여,50,1443
2823766100,여,55,1556
2823766100,여,60,1361
2823766100,여,65,945
2823766100,여,70,577
2823766100,여,75,443
2823766100,여,80,379
2823766100,여,85,230
2823766100,여,90,88
2823766100,여,95,29
2823766100,여,100,4
2823767000,남,0,120
2823767000,남,5,222
2823767000,남,10,271
2823767000,남,15,209
2823767000,남,20,323
2823767000,남,25,449
2823767000,남,30,427
2823767000,남,35,400
2823767000,남,40,432
2823767000,남,45,392
2823767000,남,50,453
2823767000,남,55,435
2823767000,남,60,578
2823767000,남,65,505
2823767000,남,70,292
2823767000,남,75,183
2823767000,남,80,100
2823767000,남,85,53
2823767000,남,90,17
2823767000,남,95,0
2823767000,남,100,1
2823767000,여,0,140
2823767000,여,5,214
2823767000,여,10,199
2823767000,여,15,201
2823767000,여,20,241
2823767000,여,25,332
2823767000,여,30,340
2823767000,여,35,306
2823767000,여,40,412
2823767000,여,45,357
2823767000,여,50,424
2823767000,여,55,565
2823767000,여,60,645
2823767000,여,65,518
2823767000,여,70,279
2823767000,여,75,220
2823767000,여,80,157
2823767000,여,85,126
2823767000,여,90,46
2823767000,여,95,8
2823767000,여,100,1
2823768000,남,0,504
2823768000,남,5,382
2823768000,남,10,442
2823768000,남,15,400
2823768000,남,20,516
2823768000,남,25,868
2823768000,남,30,1510
2823768000,남,35,1219
2823768000,남,40,974
2823768000,남,45,778
2823768000,남,50,919
2823768000,남,55,957
2823768000,남,60,966
2823768000,남,65,770
2823768000,남,70,443
2823768000,남,75,289
2823768000,남,80,199
2823768000,남,85,90
2823768000,남,90,28
2823768000,남,95,3
2823768000,남,100,0
2823768000,여,0,474
2823768000,여,5,334
2823768000,여,10,364
2823768000,여,15,388
2823768000,여,20,545
2823768000,여,25,964
2823768000,여,30,1487
2823768000,여,35,948
2823768000,여,40,828
2823768000,여,45,774
2823768000,여,50,924
2823768000,여,55,1028
2823768000,여,60,975
2823768000,여,65,782
2823768000,여,70,504
2823768000,여,75,376
2823768000,여,80,303
2823768000,여,85,164
2823768000,여,90,64
2823768000,여,95,13
2823768000,여,100,3
2823769000,남,0,149
2823769000,남,5,207
2823769000,남,10,334
2823769000,남,15,370
2823769000,남,20,457
2823769000,남,25,740
2823769000,남,30,769
2823769000,남,35,609
2823769000,남,40,793
2823769000,남,45,730
2823769000,남,50,981
2823769000,남,55,1109
2823769000,남,60,1283
2823769000,남,65,965
2823769000,남,70,545
2823769000,남,75,393
2823769000,남,80,241
2823769000,남,85,102
2823769000,남,90,28
2823769000,남,95,2
2823769000,남,100,1
2823769000,여,0,129
2823769000,여,5,239
2823769000,여,10,296
2823769000,여,15,300
2823769000,여,20,405
2823769000,여,25,654
2823769000,여,30,654
2823769000,여,35,473
2823769000,여,40,632
2823769000,여,45,587
2823769000,여,50,878
2823769000,여,55,1070
2823769000,여,60,1088
2823769000,여,65,918
2823769000,여,70,624
2823769000,여,75,433
2823769000,여,80,367
2823769000,여,85,214
2823769000,여,90,63
2823769000,여,95,15
2823769000,여,100,5
2824560100,남,0,330
2824560100,남,5,379
2824560100,남,10,458
2824560100,남,15,542
2824560100,남,20,731
2824560100,남,25,930
2824560100,남,30,1030
2824560100,남,35,853
2824560100,남,40,1018
2824560100,남,45,864
2824560100,남,50,1123
2824560100,남,55,1235
2824560100,남,60,1385
2824560100,남,65,1052
2824560100,남,70,537
2824560100,남,75,356
2824560100,남,80,212
2824560100,남,85,107
2824560100,남,90,20
2824560100,남,95,4
2824560100,남,100,1
2824560100,여,0,325
2824560100,여,5,382
2824560100,여,10,487
2824560100,여,15,508
2824560100,여,20,588
2824560100,여,25,849
2824560100,여,30,943
2824560100,여,35,795
2824560100,여,40,900
2824560100,여,45,836
2824560100,여,50,1131
2824560100,여,55,1333
2824560100,여,60,1459
2824560100,여,65,992
2824560100,여,70,578
2824560100,여,75,399
2824560100,여,80,345
2824560100,여,85,217
2824560100,여,90,87
2824560100,여,95,20
2824560100,여,100,2
2824560200,남,0,234
2824560200,남,5,392
2824560200,남,10,505
2824560200,남,15,606
2824560200,남,20,777
2824560200,남,25,1019
2824560200,남,30,931
2824560200,남,35,749
2824560200,남,40,922
2824560200,남,45,922
2824560200,남,50,1195
2824560200,남,55,1285
2824560200,남,60,1519
2824560200,남,65,1077
2824560200,남,70,578
2824560200,남,75,398
2824560200,남,80,221
2824560200,남,85,99
2824560200,남,90,24
2824560200,남,95,4
2824560200,남,100,0
2824560200,여,0,197
2824560200,여,5,344
2824560200,여,10,555
2824560200,여,15,586
2824560200,여,20,656
2824560200,여,25,779
2824560200,여,30,791
2824560200,여,35,614
2824560200,여,40,869
2824560200,여,45,919
2824560200,여,50,1258
2824560200,여,55,1412
2824560200,여,60,1594
2824560200,여,65,1023
2824560200,여,70,608
2824560200,여,75,405
2824560200,여,80,366
2824560200,여,85,191
2824560200,여,90,80
2824560200,여,95,14
2824560200,여,100,4
2824561100,남,0,94
2824561100,남,5,153
2824561100,남,10,240
2824561100,남,15,288
2824561100,남,20,437
2824561100,남,25,765
2824561100,남,30,736
2824561100,남,35,560
2824561100,남,40,603
2824561100,남,45,590
2824561100,남,50,858
2824561100,남,55,1051
2824561100,남,60,1057
2824561100,남,65,843
2824561100,남,70,435
2824561100,남,75,295
2824561100,남,80,174
2824561100,남,85,88
2824561100,남,90,11
2824561100,남,95,4
2824561100,남,100,0
2824561100,여,0,89
2824561100,여,5,136
2824561100,여,10,200
2824561100,여,15,271
2824561100,여,20,431
2824561100,여,25,606
2824561100,여,30,535
2824561100,여,35,377
2824561100,여,40,480
2824561100,여,45,477
2824561100,여,50,755
2824561100,여,55,937
2824561100,여,60,983
2824561100,여,65,750
2824561100,여,70,439
2824561100,여,75,330
2824561100,여,80,263
2824561100,여,85,176
2824561100,여,90,66
2824561100,여,95,8
2824561100,여,100,4
2824561200,남,0,92
2824561200,남,5,127
2824561200,남,10,166
2824561200,남,15,203
2824561200,남,20,342
2824561200,남,25,554
2824561200,남,30,607
2824561200,남,35,452
2824561200,남,40,469
2824561200,남,45,441
2824561200,남,50,594
2824561200,남,55,739
2824561200,남,60,847
2824561200,남,65,666
2824561200,남,70,393
2824561200,남,75,239
2824561200,남,80,119
2824561200,남,85,53
2824561200,남,90,17
2824561200,남,95,3
2824561200,남,100,0
2824561200,여,0,92
2824561200,여,5,116
2824561200,여,10,151
2824561200,여,15,212
2824561200,여,20,397
2824561200,여,25,510
2824561200,여,30,482
2824561200,여,35,359
2824561200,여,40,357
2824561200,여,45,412
2824561200,여,50,610
2824561200,여,55,830
2824561200,여,60,915
2824561200,여,65,706
2824561200,여,70,377
2824561200,여,75,250
2824561200,여,80,208
2824561200,여,85,144
2824561200,여,90,46
2824561200,여,95,15
2824561200,여,100,6
2824561300,남,0,104
2824561300,남,5,168
2824561300,남,10,287
2824561300,남,15,309
2824561300,남,20,487
2824561300,남,25,745
2824561300,남,30,836
2824561300,남,35,566
2824561300,남,40,543
2824561300,남,45,484
2824561300,남,50,663
2824561300,남,55,854
2824561300,남,60,993
2824561300,남,65,711
2824561300,남,70,311
2824561300,남,75,163
2824561300,남,80,81
2824561300,남,85,42
2824561300,남,90,16
2824561300,남,95,2
2824561300,남,100,1
2824561300,여,0,116
2824561300,여,5,162
2824561300,여,10,240
2824561300,여,15,324
2824561300,여,20,452
2824561300,여,25,745
2824561300,여,30,777
2824561300,여,35,519
2824561300,여,40,512
2824561300,여,45,574
2824561300,여,50,887
2824561300,여,55,1087
2824561300,여,60,1173
2824561300,여,65,684
2824561300,여,70,311
2824561300,여,75,192
2824561300,여,80,196
2824561300,여,85,167
2824561300,여,90,59
2824561300,여,95,12
2824561300,여,100,2
2824561400,남,0,165
2824561400,남,5,365
2824561400,남,10,527
2824561400,남,15,621
2824561400,남,20,755
2824561400,남,25,901
2824561400,남,30,754
2824561400,남,35,552
2824561400,남,40,787
2824561400,남,45,849
2824561400,남,50,1172
2824561400,남,55,1219
2824561400,남,60,1289
2824561400,남,65,741
2824561400,남,70,278
2824561400,남,75,132
2824561400,남,80,94
2824561400,남,85,70
2824561400,남,90,25
2824561400,남,95,6
2824561400,남,100,1
2824561400,여,0,199
2824561400,여,5,341
2824561400,여,10,530
2824561400,여,15,594
2824561400,여,20,701
2824561400,여,25,871
2824561400,여,30,681
2824561400,여,35,531
2824561400,여,40,799
2824561400,여,45,886
2824561400,여,50,1169
2824561400,여,55,1302
2824561400,여,60,1094
2824561400,여,65,524
2824561400,여,70,210
2824561400,여,75,190
2824561400,여,80,197
2824561400,여,85,193
2824561400,여,90,95
2824561400,여,95,28
2824561400,여,100,5
2824562100,남,0,225
2824562100,남,5,385
2824562100,남,10,524
2824562100,남,15,603
2824562100,남,20,821
2824562100,남,25,948
2824562100,남,30,963
2824562100,남,35,775
2824562100,남,40,851
2824562100,남,45,917
2824562100,남,50,1203
2824562100,남,55,1225
2824562100,남,60,1318
2824562100,남,65,950
2824562100,남,70,483
2824562100,남,75,267
2824562100,남,80,183
2824562100,남,85,76
2824562100,남,90,24
2824562100,남,95,5
2824562100,남,100,1
2824562100,여,0,216
2824562100,여,5,363
2824562100,여,10,500
2824562100,여,15,587
2824562100,여,20,722
2824562100,여,25,861
2824562100,여,30,843
2824562100,여,35,670
2824562100,여,40,909
2824562100,여,45,966
2824562100,여,50,1316
2824562100,여,55,1394
2824562100,여,60,1362
2824562100,여,65,958
2824562100,여,70,491
2824562100,여,75,388
2824562100,여,80,304
2824562100,여,85,192
2824562100,여,90,67
2824562100,여,95,22
2824562100,여,100,1
2824562200,남,0,325
2824562200,남,5,358
2824562200,남,10,320
2824562200,남,15,430
2824562200,남,20,581
2824562200,남,25,811
2824562200,남,30,1043
2824562200,남,35,910
2824562200,남,40,925
2824562200,남,45,765
2824562200,남,50,900
2824562200,남,55,1050
2824562200,남,60,1217
2824562200,남,65,909
2824562200,남,70,443
2824562200,남,75,295
2824562200,남,80,161
2824562200,남,85,82
2824562200,남,90,19
2824562200,남,95,9
2824562200,남,100,0
2824562200,여,0,369
2824562200,여,5,340
2824562200,여,10,356
2824562200,여,15,371
2824562200,여,20,584
2824562200,여,25,803
2824562200,여,30,956
2824562200,여,35,751
2824562200,여,40,783
2824562200,여,45,762
2824562200,여,50,1043
2824562200,여,55,1208
2824562200,여,60,1285
2824562200,여,65,962
2824562200,여,70,501
2824562200,여,75,340
2824562200,여,80,301
2824562200,여,85,176
2824562200,여,90,77
2824562200,여,95,24
2824562200,여,100,2
2824564000,남,0,429
2824564000,남,5,583
2824564000,남,10,665
2824564000,남,15,827
2824564000,남,20,1005
2824564000,남,25,1263
2824564000,남,30,1249
2824564000,남,35,1034
2824564000,남,40,1246
2824564000,남,45,1225
2824564000,남,50,1574
2824564000,남,55,1634
2824564000,남,60,1569
2824564000,남,65,926
2824564000,남,70,465
2824564000,남,75,261
2824564000,남,80,153
2824564000,남,85,96
2824564000,남,90,21
2824564000,남,95,11
2824564000,남,100,1
2824564000,여,0,417
2824564000,여,5,538
2824564000,여,10,734
2824564000,여,15,796
2824564000,여,20,928
2824564000,여,25,1043
2824564000,여,30,1155
2824564000,여,35,1002
2824564000,여,40,1187
2824564000,여,45,1265
2824564000,여,50,1749
2824564000,여,55,1759
2824564000,여,60,1503
2824564000,여,65,870
2824564000,여,70,405
2824564000,여,75,375
2824564000,여,80,389
2824564000,여,85,234
2824564000,여,90,105
2824564000,여,95,24
2824564000,여,100,1
2824571000,남,0,188
2824571000,남,5,273
2824571000,남,10,335
2824571000,남,15,377
2824571000,남,20,469
2824571000,남,25,634
2824571000,남,30,708
2824571000,남,35,530
2824571000,남,40,625
2824571000,남,45,651
2824571000,남,50,817
2824571000,남,55,965
2824571000,남,60,1023
2824571000,남,65,784
2824571000,남,70,391
2824571000,남,75,250
2824571000,남,80,189
2824571000,남,85,92
2824571000,남,90,25
2824571000,남,95,4
2824571000,남,100,1
2824571000,여,0,177
2824571000,여,5,245
2824571000,여,10,352
2824571000,여,15,378
2824571000,여,20,444
2824571000,여,25,625
2824571000,여,30,674
2824571000,여,35,459
2824571000,여,40,627
2824571000,여,45,638
2824571000,여,50,877
2824571000,여,55,1066
2824571000,여,60,1030
2824571000,여,65,736
2824571000,여,70,423
2824571000,여,75,321
2824571000,여,80,285
2824571000,여,85,171
2824571000,여,90,67
2824571000,여,95,21
2824571000,여,100,2
2824572000,남,0,283
2824572000,남,5,353
2824572000,남,10,460
2824572000,남,15,594
2824572000,남,20,881
2824572000,남,25,1241
2824572000,남,30,1337
2824572000,남,35,997
2824572000,남,40,995
2824572000,남,45,1062
2824572000,남,50,1519
2824572000,남,55,1610
2824572000,남,60,1724
2824572000,남,65,1161
2824572000,남,70,603
2824572000,남,75,443
2824572000,남,80,269
2824572000,남,85,131
2824572000,남,90,34
2824572000,남,95,5
2824572000,남,100,2
2824572000,여,0,267
2824572000,여,5,338
2824572000,여,10,432
2824572000,여,15,581
2824572000,여,20,755
2824572000,여,25,1100
2824572000,여,30,1195
2824572000,여,35,821
2824572000,여,40,875
2824572000,여,45,1088
2824572000,여,50,1482
2824572000,여,55,1771
2824572000,여,60,1729
2824572000,여,65,1136
2824572000,여,70,673
2824572000,여,75,621
2824572000,여,80,559
2824572000,여,85,330
2824572000,여,90,120
2824572000,여,95,24
2824572000,여,100,7
2824573000,남,0,289
2824573000,남,5,563
2824573000,남,10,742
2824573000,남,15,675
2824573000,남,20,586
2824573000,남,25,626
2824573000,남,30,734
2824573000,남,35,657
2824573000,남,40,1056
2824573000,남,45,1192
2824573000,남,50,1161
2824573000,남,55,897
2824573000,남,60,911
2824573000,남,65,638
2824573000,남,70,394
2824573000,남,75,270
2824573000,남,80,157
2824573000,남,85,67
2824573000,남,90,18
2824573000,남,95,1
2824573000,남,100,0
2824573000,여,0,285
2824573000,여,5,526
2824573000,여,10,678
2824573000,여,15,630
2824573000,여,20,546
2824573000,여,25,625
2824573000,여,30,697
2824573000,여,35,710
2824573000,여,40,1149
2824573000,여,45,1080
2824573000,여,50,1056
2824573000,여,55,1022
2824573000,여,60,1029
2824573000,여,65,741
2824573000,여,70,475
2824573000,여,75,306
2824573000,여,80,221
2824573000,여,85,150
2824573000,여,90,56
2824573000,여,95,15
2824573000,여,100,3
2826051500,남,0,1109
2826051500,남,5,1270
2826051500,남,10,1378
2826051500,남,15,1249
2826051500,남,20,1411
2826051500,남,25,1958
2826051500,남,30,2646
2826051500,남,35,2548
2826051500,남,40,2858
2826051500,남,45,2424
2826051500,남,50,2386
2826051500,남,55,2025
2826051500,남,60,1769
2826051500,남,65,1177
2826051500,남,70,668
2826051500,남,75,401
2826051500,남,80,262
2826051500,남,85,99
2826051500,남,90,27
2826051500,남,95,5
2826051500,남,100,4
2826051500,여,0,1035
2826051500,여,5,1210
2826051500,여,10,1290
2826051500,여,15,1151
2826051500,여,20,1296
2826051500,여,25,1864
2826051500,여,30,2473
2826051500,여,35,2270
2826051500,여,40,2538
2826051500,여,45,2201
2826051500,여,50,2407
2826051500,여,55,2102
2826051500,여,60,1736
2826051500,여,65,1178
2826051500,여,70,720
2826051500,여,75,505
2826051500,여,80,368
2826051500,여,85,197
2826051500,여,90,100
2826051500,여,95,29
2826051500,여,100,1
2826053000,남,0,297
2826053000,남,5,451
2826053000,남,10,662
2826053000,남,15,738
2826053000,남,20,1144
2826053000,남,25,1661
2826053000,남,30,1504
2826053000,남,35,1045
2826053000,남,40,1208
2826053000,남,45,1270
2826053000,남,50,1870
2826053000,남,55,2113
2826053000,남,60,1984
2826053000,남,65,1386
2826053000,남,70,687
2826053000,남,75,448
2826053000,남,80,331
2826053000,남,85,182
2826053000,남,90,52
2826053000,남,95,6
2826053000,남,100,2
2826053000,여,0,275
2826053000,여,5,454
2826053000,여,10,584
2826053000,여,15,701
2826053000,여,20,968
2826053000,여,25,1426
2826053000,여,30,1190
2826053000,여,35,843
2826053000,여,40,1041
2826053000,여,45,1198
2826053000,여,50,1896
2826053000,여,55,2018
2826053000,여,60,1862
2826053000,여,65,1332
2826053000,여,70,717
2826053000,여,75,636
2826053000,여,80,549
2826053000,여,85,398
2826053000,여,90,145
2826053000,여,95,49
2826053000,여,100,7
2826053600,남,0,581
2826053600,남,5,920
2826053600,남,10,1073
2826053600,남,15,1076
2826053600,남,20,824
2826053600,남,25,965
2826053600,남,30,1248
2826053600,남,35,1257
2826053600,남,40,1558
2826053600,남,45,1397
2826053600,남,50,1474
2826053600,남,55,966
2826053600,남,60,737
2826053600,남,65,492
2826053600,남,70,233
2826053600,남,75,137
2826053600,남,80,69
2826053600,남,85,43
2826053600,남,90,11
2826053600,남,95,1
2826053600,남,100,1
2826053600,여,0,602
2826053600,여,5,860
2826053600,여,10,1049
2826053600,여,15,1061
2826053600,여,20,893
2826053600,여,25,1026
2826053600,여,30,1200
2826053600,여,35,1279
2826053600,여,40,1615
2826053600,여,45,1512
2826053600,여,50,1403
2826053600,여,55,892
2826053600,여,60,725
2826053600,여,65,482
2826053600,여,70,242
2826053600,여,75,183
2826053600,여,80,165
2826053600,여,85,108
2826053600,여,90,35
2826053600,여,95,7
2826053600,여,100,2
2826053700,남,0,813
2826053700,남,5,1714
2826053700,남,10,2004
2826053700,남,15,1608
2826053700,남,20,1217
2826053700,남,25,1437
2826053700,남,30,1633
2826053700,남,35,1552
2826053700,남,40,2488
2826053700,남,45,2314
2826053700,남,50,2124
2826053700,남,55,1575
2826053700,남,60,1363
2826053700,남,65,908
2826053700,남,70,457
2826053700,남,75,288
2826053700,남,80,143
2826053700,남,85,54
2826053700,남,90,20
2826053700,남,95,6
2826053700,남,100,0
2826053700,여,0,780
2826053700,여,5,1537
2826053700,여,10,1871
2826053700,여,15,1505
2826053700,여,20,1149
2826053700,여,25,1460
2826053700,여,30,1589
2826053700,여,35,1815
2826053700,여,40,2802
2826053700,여,45,2389
2826053700,여,50,1992
2826053700,여,55,1700
2826053700,여,60,1365
2826053700,여,65,948
2826053700,여,70,474
2826053700,여,75,297
2826053700,여,80,232
2826053700,여,85,121
2826053700,여,90,66
2826053700,여,95,15
2826053700,여,100,2
2826053900,남,0,886
2826053900,남,5,1297
2826053900,남,10,1357
2826053900,남,15,1057
2826053900,남,20,868
2826053900,남,25,1148
2826053900,남,30,1372
2826053900,남,35,1493
2826053900,남,40,2087
2826053900,남,45,1688
2826053900,남,50,1504
2826053900,남,55,1086
2826053900,남,60,939
2826053900,남,65,598
2826053900,남,70,259
2826053900,남,75,128
2826053900,남,80,65
2826053900,남,85,26
2826053900,남,90,7
2826053900,남,95,0
2826053900,남,100,0
2826053900,여,0,805
2826053900,여,5,1332
2826053900,여,10,1324
2826053900,여,15,991
2826053900,여,20,981
2826053900,여,25,1245
2826053900,여,30,1374
2826053900,여,35,1684
2826053900,여,40,2146
2826053900,여,45,1668
2826053900,여,50,1402
2826053900,여,55,1055
2826053900,여,60,911
2826053900,여,65,538
2826053900,여,70,247
2826053900,여,75,159
2826053900,여,80,114
2826053900,여,85,68
2826053900,여,90,45
2826053900,여,95,14
2826053900,여,100,3
2826054200,남,0,1042
2826054200,남,5,1465
2826054200,남,10,1202
2826054200,남,15,781
2826054200,남,20,843
2826054200,남,25,1253
2826054200,남,30,1639
2826054200,남,35,1957
2826054200,남,40,2454
2826054200,남,45,1577
2826054200,남,50,1438
2826054200,남,55,1382
2826054200,남,60,1390
2826054200,남,65,1073
2826054200,남,70,555
2826054200,남,75,346
2826054200,남,80,185
2826054200,남,85,71
2826054200,남,90,17
2826054200,남,95,5
2826054200,남,100,1
2826054200,여,0,988
2826054200,여,5,1363
2826054200,여,10,1090
2826054200,여,15,750
2826054200,여,20,860
2826054200,여,25,1340
2826054200,여,30,1765
2826054200,여,35,2089
2826054200,여,40,2207
2826054200,여,45,1421
2826054200,여,50,1502
2826054200,여,55,1500
2826054200,여,60,1388
2826054200,여,65,1115
2826054200,여,70,604
2826054200,여,75,383
2826054200,여,80,301
2826054200,여,85,173
2826054200,여,90,78
2826054200,여,95,28
2826054200,여,100,3
2826054300,남,0,580
2826054300,남,5,528
2826054300,남,10,308
2826054300,남,15,269
2826054300,남,20,427
2826054300,남,25,576
2826054300,남,30,902
2826054300,남,35,1027
2826054300,남,40,913
2826054300,남,45,553
2826054300,남,50,639
2826054300,남,55,646
2826054300,남,60,666
2826054300,남,65,404
2826054300,남,70,178
2826054300,남,75,100
2826054300,남,80,40
2826054300,남,85,15
2826054300,남,90,3
2826054300,남,95,1
2826054300,남,100,0
2826054300,여,0,447
2826054300,여,5,481
2826054300,여,10,310
2826054300,여,15,275
2826054300,여,20,396
2826054300,여,25,592
2826054300,여,30,956
2826054300,여,35,935
2826054300,여,40,759
2826054300,여,45,499
2826054300,여,50,659
2826054300,여,55,683
2826054300,여,60,608
2826054300,여,65,403
2826054300,여,70,154
2826054300,여,75,92
2826054300,여,80,70
2826054300,여,85,60
2826054300,여,90,19
2826054300,여,95,6
2826054300,여,100,1
2826054400,남,0,53
2826054400,남,5,83
2826054400,남,10,141
2826054400,남,15,159
2826054400,남,20,254
2826054400,남,25,381
2826054400,남,30,377
2826054400,남,35,264
2826054400,남,40,264
2826054400,남,45,249
2826054400,남,50,360
2826054400,남,55,494
2826054400,남,60,537
2826054400,남,65,392
2826054400,남,70,163
2826054400,남,75,104
2826054400,남,80,56
2826054400,남,85,23
2826054400,남,90,9
2826054400,남,95,2
2826054400,남,100,2
2826054400,여,0,76
2826054400,여,5,100
2826054400,여,10,129
2826054400,여,15,127
2826054400,여,20,265
2826054400,여,25,346
2826054400,여,30,328
2826054400,여,35,199
2826054400,여,40,215
2826054400,여,45,263
2826054400,여,50,390
2826054400,여,55,570
2826054400,여,60,508
2826054400,여,65,343
2826054400,여,70,168
2826054400,여,75,129
2826054400,여,80,113
2826054400,여,85,66
2826054400,여,90,40
2826054400,여,95,8
2826054400,여,100,0
2826055000,남,0,158
2826055000,남,5,238
2826055000,남,10,330
2826055000,남,15,324
2826055000,남,20,485
2826055000,남,25,751
2826055000,남,30,834
2826055000,남,35,653
2826055000,남,40,728
2826055000,남,45,753
2826055000,남,50,916
2826055000,남,55,1124
2826055000,남,60,1139
2826055000,남,65,884
2826055000,남,70,520
2826055000,남,75,315
2826055000,남,80,168
2826055000,남,85,55
2826055000,남,90,18
2826055000,남,95,5
2826055000,남,100,0
2826055000,여,0,130
2826055000,여,5,214
2826055000,여,10,301
2826055000,여,15,326
2826055000,여,20,411
2826055000,여,25,663
2826055000,여,30,644
2826055000,여,35,469
2826055000,여,40,617
2826055000,여,45,585
2826055000,여,50,845
2826055000,여,55,1071
2826055000,여,60,1166
2826055000,여,65,886
2826055000,여,70,524
2826055000,여,75,391
2826055000,여,80,264
2826055000,여,85,192
2826055000,여,90,76
2826055000,여,95,20
2826055000,여,100,2
2826056000,남,0,83
2826056000,남,5,114
2826056000,남,10,185
2826056000,남,15,206
2826056000,남,20,317
2826056000,남,25,420
2826056000,남,30,426
2826056000,남,35,332
2826056000,남,40,386
2826056000,남,45,422
2826056000,남,50,555
2826056000,남,55,633
2826056000,남,60,699
2826056000,남,65,552
2826056000,남,70,353
2826056000,남,75,238
2826056000,남,80,124
2826056000,남,85,57
2826056000,남,90,10
2826056000,남,95,3
2826056000,남,100,0
2826056000,여,0,89
2826056000,여,5,123
2826056000,여,10,181
2826056000,여,15,208
2826056000,여,20,245
2826056000,여,25,350
2826056000,여,30,338
2826056000,여,35,255
2826056000,여,40,335
2826056000,여,45,363
2826056000,여,50,489
2826056000,여,55,651
2826056000,여,60,661
2826056000,여,65,549
2826056000,여,70,354
2826056000,여,75,282
2826056000,여,80,171
2826056000,여,85,107
2826056000,여,90,37
2826056000,여,95,8
2826056000,여,100,4
2826056100,남,0,75
2826056100,남,5,121
2826056100,남,10,237
2826056100,남,15,239
2826056100,남,20,319
2826056100,남,25,515
2826056100,남,30,484
2826056100,남,35,347
2826056100,남,40,399
2826056100,남,45,418
2826056100,남,50,585
2826056100,남,55,617
2826056100,남,60,711
2826056100,남,65,513
2826056100,남,70,293
2826056100,남,75,191
2826056100,남,80,103
2826056100,남,85,43
2826056100,남,90,13
2826056100,남,95,0
2826056100,남,100,0
2826056100,여,0,58
2826056100,여,5,91
2826056100,여,10,181
2826056100,여,15,250
2826056100,여,20,336
2826056100,여,25,443
2826056100,여,30,387
2826056100,여,35,256
2826056100,여,40,339
2826056100,여,45,396
2826056100,여,50,590
2826056100,여,55,666
2826056100,여,60,716
2826056100,여,65,511
2826056100,여,70,311
2826056100,여,75,239
2826056100,여,80,201
2826056100,여,85,136
2826056100,여,90,43
2826056100,여,95,12
2826056100,여,100,3
2826057500,남,0,375
2826057500,남,5,625
2826057500,남,10,719
2826057500,남,15,615
2826057500,남,20,745
2826057500,남,25,977
2826057500,남,30,1016
2826057500,남,35,936
2826057500,남,40,1213
2826057500,남,45,1084
2826057500,남,50,1242
2826057500,남,55,1353
2826057500,남,60,1434
2826057500,남,65,1132
2826057500,남,70,604
2826057500,남,75,344
2826057500,남,80,190
2826057500,남,85,59
2826057500,남,90,17
2826057500,남,95,3
2826057500,남,100,0
2826057500,여,0,346
2826057500,여,5,596
2826057500,여,10,722
2826057500,여,15,648
2826057500,여,20,691
2826057500,여,25,906
2826057500,여,30,941
2826057500,여,35,908
2826057500,여,40,1149
2826057500,여,45,1001
2826057500,여,50,1309
2826057500,여,55,1388
2826057500,여,60,1459
2826057500,여,65,1129
2826057500,여,70,590
2826057500,여,75,397
2826057500,여,80,258
2826057500,여,85,155
2826057500,여,90,69
2826057500,여,95,18
2826057500,여,100,4
2826058000,남,0,147
2826058000,남,5,161
2826058000,남,10,182
2826058000,남,15,210
2826058000,남,20,308
2826058000,남,25,554
2826058000,남,30,630
2826058000,남,35,426
2826058000,남,40,470
2826058000,남,45,465
2826058000,남,50,607
2826058000,남,55,672
2826058000,남,60,675
2826058000,남,65,486
2826058000,남,70,283
2826058000,남,75,182
2826058000,남,80,116
2826058000,남,85,43
2826058000,남,90,8
2826058000,남,95,2
2826058000,남,100,0
2826058000,여,0,123
2826058000,여,5,124
2826058000,여,10,151
2826058000,여,15,179
2826058000,여,20,304
2826058000,여,25,497
2826058000,여,30,490
2826058000,여,35,307
2826058000,여,40,312
2826058000,여,45,333
2826058000,여,50,517
2826058000,여,55,554
2826058000,여,60,582
2826058000,여,65,466
2826058000,여,70,298
2826058000,여,75,221
2826058000,여,80,211
2826058000,여,85,105
2826058000,여,90,37
2826058000,여,95,10
2826058000,여,100,1
2826059000,남,0,200
2826059000,남,5,241
2826059000,남,10,417
2826059000,남,15,442
2826059000,남,20,517
2826059000,남,25,610
2826059000,남,30,696
2826059000,남,35,537
2826059000,남,40,564
2826059000,남,45,597
2826059000,남,50,744
2826059000,남,55,823
2826059000,남,60,970
2826059000,남,65,720
2826059000,남,70,426
2826059000,남,75,254
2826059000,남,80,122
2826059000,남,85,56
2826059000,남,90,23
2826059000,남,95,8
2826059000,남,100,0
2826059000,여,0,169
2826059000,여,5,250
2826059000,여,10,336
2826059000,여,15,444
2826059000,여,20,476
2826059000,여,25,595
2826059000,여,30,639
2826059000,여,35,460
2826059000,여,40,610
2826059000,여,45,630
2826059000,여,50,873
2826059000,여,55,1022
2826059000,여,60,979
2826059000,여,65,770
2826059000,여,70,422
2826059000,여,75,281
2826059000,여,80,239
2826059000,여,85,153
2826059000,여,90,65
2826059000,여,95,22
2826059000,여,100,5
2826060000,남,0,111
2826060000,남,5,128
2826060000,남,10,199
2826060000,남,15,298
2826060000,남,20,396
2826060000,남,25,591
2826060000,남,30,592
2826060000,남,35,440
2826060000,남,40,527
2826060000,남,45,515
2826060000,남,50,668
2826060000,남,55,779
2826060000,남,60,894
2826060000,남,65,708
2826060000,남,70,429
2826060000,남,75,299
2826060000,남,80,178
2826060000,남,85,74
2826060000,남,90,19
2826060000,남,95,4
2826060000,남,100,0
2826060000,여,0,102
2826060000,여,5,135
2826060000,여,10,201
2826060000,여,15,259
2826060000,여,20,335
2826060000,여,25,527
2826060000,여,30,429
2826060000,여,35,359
2826060000,여,40,365
2826060000,여,45,452
2826060000,여,50,653
2826060000,여,55,792
2826060000,여,60,845
2826060000,여,65,732
2826060000,여,70,446
2826060000,여,75,344
2826060000,여,80,246
2826060000,여,85,165
2826060000,여,90,62
2826060000,여,95,15
2826060000,여,100,3
2826061000,남,0,205
2826061000,남,5,219
2826061000,남,10,178
2826061000,남,15,205
2826061000,남,20,255
2826061000,남,25,391
2826061000,남,30,490
2826061000,남,35,506
2826061000,남,40,519
2826061000,남,45,396
2826061000,남,50,486
2826061000,남,55,563
2826061000,남,60,602
2826061000,남,65,529
2826061000,남,70,292
2826061000,남,75,172
2826061000,남,80,101
2826061000,남,85,40
2826061000,남,90,9
2826061000,남,95,4
2826061000,남,100,0
2826061000,여,0,196
2826061000,여,5,196
2826061000,여,10,196
2826061000,여,15,182
2826061000,여,20,195
2826061000,여,25,370
2826061000,여,30,451
2826061000,여,35,438
2826061000,여,40,448
2826061000,여,45,365
2826061000,여,50,452
2826061000,여,55,532
2826061000,여,60,675
2826061000,여,65,480
2826061000,여,70,259
2826061000,여,75,170
2826061000,여,80,142
2826061000,여,85,97
2826061000,여,90,30
2826061000,여,95,15
2826061000,여,100,5
2826068000,남,0,420
2826068000,남,5,628
2826068000,남,10,727
2826068000,남,15,831
2826068000,남,20,912
2826068000,남,25,1266
2826068000,남,30,1335
2826068000,남,35,1125
2826068000,남,40,1532
2826068000,남,45,1405
2826068000,남,50,1661
2826068000,남,55,1538
2826068000,남,60,1426
2826068000,남,65,935
2826068000,남,70,521
2826068000,남,75,336
2826068000,남,80,197
2826068000,남,85,106
2826068000,남,90,13
2826068000,남,95,3
2826068000,남,100,0
2826068000,여,0,425
2826068000,여,5,561
2826068000,여,10,746
2826068000,여,15,777
2826068000,여,20,830
2826068000,여,25,1049
2826068000,여,30,1069
2826068000,여,35,945
2826068000,여,40,1181
2826068000,여,45,1290
2826068000,여,50,1465
2826068000,여,55,1441
2826068000,여,60,1198
2826068000,여,65,935
2826068000,여,70,527
2826068000,여,75,439
2826068000,여,80,319
2826068000,여,85,216
2826068000,여,90,73
2826068000,여,95,29
2826068000,여,100,4
2826069000,남,0,275
2826069000,남,5,456
2826069000,남,10,617
2826069000,남,15,651
2826069000,남,20,748
2826069000,남,25,729
2826069000,남,30,702
2826069000,남,35,651
2826069000,남,40,921
2826069000,남,45,1053
2826069000,남,50,1253
2826069000,남,55,1108
2826069000,남,60,894
2826069000,남,65,607
2826069000,남,70,355
2826069000,남,75,311
2826069000,남,80,222
2826069000,남,85,103
2826069000,남,90,31
2826069000,남,95,4
2826069000,남,100,2
2826069000,여,0,262
2826069000,여,5,426
2826069000,여,10,610
2826069000,여,15,625
2826069000,여,20,637
2826069000,여,25,654
2826069000,여,30,638
2826069000,여,35,574
2826069000,여,40,881
2826069000,여,45,1028
2826069000,여,50,1225
2826069000,여,55,1003
2826069000,여,60,756
2826069000,여,65,633
2826069000,여,70,459
2826069000,여,75,378
2826069000,여,80,302
2826069000,여,85,196
2826069000,여,90,65
2826069000,여,95,11
2826069000,여,100,3
2826070000,남,0,495
2826070000,남,5,569
2826070000,남,10,759
2826070000,남,15,820
2826070000,남,20,736
2826070000,남,25,690
2826070000,남,30,896
2826070000,남,35,962
2826070000,남,40,1193
2826070000,남,45,1206
2826070000,남,50,1385
2826070000,남,55,990
2826070000,남,60,670
2826070000,남,65,440
2826070000,남,70,295
2826070000,남,75,228
2826070000,남,80,147
2826070000,남,85,63
2826070000,남,90,16
2826070000,남,95,2
2826070000,남,100,1
2826070000,여,0,452
2826070000,여,5,532
2826070000,여,10,686
2826070000,여,15,717
2826070000,여,20,662
2826070000,여,25,732
2826070000,여,30,923
2826070000,여,35,847
2826070000,여,40,1151
2826070000,여,45,1203
2826070000,여,50,1227
2826070000,여,55,812
2826070000,여,60,560
2826070000,여,65,549
2826070000,여,70,387
2826070000,여,75,286
2826070000,여,80,199
2826070000,여,85,149
2826070000,여,90,56
2826070000,여,95,18
2826070000,여,100,3
2826071000,남,0,469
2826071000,남,5,611
2826071000,남,10,797
2826071000,남,15,783
2826071000,남,20,828
2826071000,남,25,1009
2826071000,남,30,1107
2826071000,남,35,994
2826071000,남,40,1301
2826071000,남,45,1256
2826071000,남,50,1334
2826071000,남,55,1204
2826071000,남,60,1001
2826071000,남,65,696
2826071000,남,70,372
2826071000,남,75,254
2826071000,남,80,154
2826071000,남,85,72
2826071000,남,90,23
2826071000,남,95,6
2826071000,남,100,1
2826071000,여,0,366
2826071000,여,5,608
2826071000,여,10,755
2826071000,여,15,769
2826071000,여,20,757
2826071000,여,25,1055
2826071000,여,30,1019
2826071000,여,35,1013
2826071000,여,40,1283
2826071000,여,45,1230
2826071000,여,50,1455
2826071000,여,55,1223
2826071000,여,60,1033
2826071000,여,65,728
2826071000,여,70,464
2826071000,여,75,324
2826071000,여,80,243
2826071000,여,85,142
2826071000,여,90,57
2826071000,여,95,12
2826071000,여,100,2
2826072000,남,0,309
2826072000,남,5,493
2826072000,남,10,631
2826072000,남,15,644
2826072000,남,20,619
2826072000,남,25,783
2826072000,남,30,781
2826072000,남,35,710
2826072000,남,40,1073
2826072000,남,45,1045
2826072000,남,50,1121
2826072000,남,55,1130
2826072000,남,60,1080
2826072000,남,65,803
2826072000,남,70,425
2826072000,남,75,279
2826072000,남,80,171
2826072000,남,85,83
2826072000,남,90,21
2826072000,남,95,3
2826072000,남,100,1
2826072000,여,0,334
2826072000,여,5,534
2826072000,여,10,610
2826072000,여,15,596
2826072000,여,20,586
2826072000,여,25,705
2826072000,여,30,724
2826072000,여,35,699
2826072000,여,40,970
2826072000,여,45,946
2826072000,여,50,1159
2826072000,여,55,1076
2826072000,여,60,981
2826072000,여,65,657
2826072000,여,70,430
2826072000,여,75,323
2826072000,여,80,250
2826072000,여,85,168
2826072000,여,90,96
2826072000,여,95,24
2826072000,여,100,3
2826073000,남,0,267
2826073000,남,5,434
2826073000,남,10,644
2826073000,남,15,757
2826073000,남,20,695
2826073000,남,25,757
2826073000,남,30,648
2826073000,남,35,541
2826073000,남,40,786
2826073000,남,45,975
2826073000,남,50,1066
2826073000,남,55,985
2826073000,남,60,780
2826073000,남,65,492
2826073000,남,70,307
2826073000,남,75,233
2826073000,남,80,136
2826073000,남,85,53
2826073000,남,90,13
2826073000,남,95,2
2826073000,남,100,1
2826073000,여,0,241
2826073000,여,5,431
2826073000,여,10,597
2826073000,여,15,732
2826073000,여,20,742
2826073000,여,25,732
2826073000,여,30,600
2826073000,여,35,562
2826073000,여,40,875
2826073000,여,45,981
2826073000,여,50,1170
2826073000,여,55,925
2826073000,여,60,726
2826073000,여,65,522
2826073000,여,70,383
2826073000,여,75,252
2826073000,여,80,180
2826073000,여,85,122
2826073000,여,90,56
2826073000,여,95,14
2826073000,여,100,5
2826074000,남,0,2850
2826074000,남,5,3209
2826074000,남,10,2530
2826074000,남,15,1364
2826074000,남,20,1215
2826074000,남,25,1302
2826074000,남,30,2955
2826074000,남,35,4521
2826074000,남,40,5195
2826074000,남,45,3058
2826074000,남,50,2181
2826074000,남,55,1530
2826074000,남,60,1293
2826074000,남,65,1012
2826074000,남,70,552
2826074000,남,75,316
2826074000,남,80,113
2826074000,남,85,49
2826074000,남,90,15
2826074000,남,95,4
2826074000,남,100,0
2826074000,여,0,2765
2826074000,여,5,3123
2826074000,여,10,2407
2826074000,여,15,1386
2826074000,여,20,1131
2826074000,여,25,1739
2826074000,여,30,3813
2826074000,여,35,4642
2826074000,여,40,4675
2826074000,여,45,2705
2826074000,여,50,2112
2826074000,여,55,1630
2826074000,여,60,1404
2826074000,여,65,1077
2826074000,여,70,539
2826074000,여,75,320
2826074000,여,80,189
2826074000,여,85,139
2826074000,여,90,52
2826074000,여,95,14
2826074000,여,100,0
2871025000,남,0,283
2871025000,남,5,365
2871025000,남,10,483
2871025000,남,15,537
2871025000,남,20,534
2871025000,남,25,528
2871025000,남,30,520
2871025000,남,35,452
2871025000,남,40,687
2871025000,남,45,756
2871025000,남,50,1005
2871025000,남,55,942
2871025000,남,60,1006
2871025000,남,65,935
2871025000,남,70,666
2871025000,남,75,531
2871025000,남,80,403
2871025000,남,85,188
2871025000,남,90,54
2871025000,남,95,7
2871025000,남,100,0
2871025000,여,0,255
2871025000,여,5,328
2871025000,여,10,494
2871025000,여,15,535
2871025000,여,20,447
2871025000,여,25,404
2871025000,여,30,449
2871025000,여,35,463
2871025000,여,40,713
2871025000,여,45,746
2871025000,여,50,905
2871025000,여,55,918
2871025000,여,60,1076
2871025000,여,65,1028
2871025000,여,70,753
2871025000,여,75,700
2871025000,여,80,579
2871025000,여,85,390
2871025000,여,90,129
2871025000,여,95,34
2871025000,여,100,6
2871031000,남,0,74
2871031000,남,5,118
2871031000,남,10,157
2871031000,남,15,163
2871031000,남,20,199
2871031000,남,25,164
2871031000,남,30,167
2871031000,남,35,163
2871031000,남,40,224
2871031000,남,45,258
2871031000,남,50,329
2871031000,남,55,349
2871031000,남,60,464
2871031000,남,65,393
2871031000,남,70,280
2871031000,남,75,199
2871031000,남,80,144
2871031000,남,85,82
2871031000,남,90,21
2871031000,남,95,2
2871031000,남,100,0
2871031000,여,0,83
2871031000,여,5,113
2871031000,여,10,157
2871031000,여,15,166
2871031000,여,20,155
2871031000,여,25,126
2871031000,여,30,142
2871031000,여,35,152
2871031000,여,40,238
2871031000,여,45,280
2871031000,여,50,275
2871031000,여,55,343
2871031000,여,60,437
2871031000,여,65,428
2871031000,여,70,259
2871031000,여,75,209
2871031000,여,80,191
2871031000,여,85,140
2871031000,여,90,66
2871031000,여,95,15
2871031000,여,100,2
2871032000,남,0,43
2871032000,남,5,24
2871032000,남,10,51
2871032000,남,15,61
2871032000,남,20,70
2871032000,남,25,58
2871032000,남,30,98
2871032000,남,35,70
2871032000,남,40,109
2871032000,남,45,120
2871032000,남,50,182
2871032000,남,55,231
2871032000,남,60,328
2871032000,남,65,363
2871032000,남,70,270
2871032000,남,75,222
2871032000,남,80,133
2871032000,남,85,77
2871032000,남,90,17
2871032000,남,95,4
2871032000,남,100,0
2871032000,여,0,33
2871032000,여,5,47
2871032000,여,10,53
2871032000,여,15,48
2871032000,여,20,43
2871032000,여,25,61
2871032000,여,30,65
2871032000,여,35,72
2871032000,여,40,104
2871032000,여,45,83
2871032000,여,50,141
2871032000,여,55,205
2871032000,여,60,370
2871032000,여,65,357
2871032000,여,70,222
2871032000,여,75,188
2871032000,여,80,165
2871032000,여,85,122
2871032000,여,90,87
2871032000,여,95,22
2871032000,여,100,3
2871033000,남,0,64
2871033000,남,5,61
2871033000,남,10,106
2871033000,남,15,112
2871033000,남,20,105
2871033000,남,25,128
2871033000,남,30,131
2871033000,남,35,139
2871033000,남,40,196
2871033000,남,45,197
2871033000,남,50,261
2871033000,남,55,354
2871033000,남,60,508
2871033000,남,65,478
2871033000,남,70,303
2871033000,남,75,225
2871033000,남,80,179
2871033000,남,85,74
2871033000,남,90,26
2871033000,남,95,2
2871033000,남,100,2
2871033000,여,0,49
2871033000,여,5,66
2871033000,여,10,87
2871033000,여,15,92
2871033000,여,20,92
2871033000,여,25,94
2871033000,여,30,107
2871033000,여,35,141
2871033000,여,40,170
2871033000,여,45,155
2871033000,여,50,228
2871033000,여,55,356
2871033000,여,60,510
2871033000,여,65,482
2871033000,여,70,287
2871033000,여,75,250
2871033000,여,80,180
2871033000,여,85,136
2871033000,여,90,72
2871033000,여,95,9
2871033000,여,100,1
2871034000,남,0,42
2871034000,남,5,28
2871034000,남,10,48
2871034000,남,15,53
2871034000,남,20,63
2871034000,남,25,64
2871034000,남,30,85
2871034000,남,35,85
2871034000,남,40,103
2871034000,남,45,130
2871034000,남,50,144
2871034000,남,55,188
2871034000,남,60,300
2871034000,남,65,353
2871034000,남,70,248
2871034000,남,75,191
2871034000,남,80,119
2871034000,남,85,66
2871034000,남,90,26
2871034000,남,95,3
2871034000,남,100,2
2871034000,여,0,35
2871034000,여,5,23
2871034000,여,10,56
2871034000,여,15,35
2871034000,여,20,38
2871034000,여,25,42
2871034000,여,30,73
2871034000,여,35,56
2871034000,여,40,84
2871034000,여,45,90
2871034000,여,50,131
2871034000,여,55,222
2871034000,여,60,306
2871034000,여,65,295
2871034000,여,70,231
2871034000,여,75,192
2871034000,여,80,164
2871034000,여,85,109
2871034000,여,90,54
2871034000,여,95,11
2871034000,여,100,1
2871035000,남,0,29
2871035000,남,5,36
2871035000,남,10,59
2871035000,남,15,47
2871035000,남,20,42
2871035000,남,25,55
2871035000,남,30,71
2871035000,남,35,63
2871035000,남,40,81
2871035000,남,45,102
2871035000,남,50,152
2871035000,남,55,211
2871035000,남,60,272
2871035000,남,65,300
2871035000,남,70,216
2871035000,남,75,162
2871035000,남,80,110
2871035000,남,85,83
2871035000,남,90,21
2871035000,남,95,2
2871035000,남,100,0
2871035000,여,0,26
2871035000,여,5,35
2871035000,여,10,43
2871035000,여,15,42
2871035000,여,20,44
2871035000,여,25,43
2871035000,여,30,43
2871035000,여,35,56
2871035000,여,40,70
2871035000,여,45,85
2871035000,여,50,121
2871035000,여,55,186
2871035000,여,60,281
2871035000,여,65,280
2871035000,여,70,194
2871035000,여,75,188
2871035000,여,80,167
2871035000,여,85,124
2871035000,여,90,73
2871035000,여,95,10
2871035000,여,100,0
2871036000,남,0,30
2871036000,남,5,18
2871036000,남,10,27
2871036000,남,15,19
2871036000,남,20,30
2871036000,남,25,34
2871036000,남,30,40
2871036000,남,35,54
2871036000,남,40,50
2871036000,남,45,70
2871036000,남,50,109
2871036000,남,55,117
2871036000,남,60,200
2871036000,남,65,220
2871036000,남,70,157
2871036000,남,75,133
2871036000,남,80,89
2871036000,남,85,55
2871036000,남,90,10
2871036000,남,95,3
2871036000,남,100,1
2871036000,여,0,24
2871036000,여,5,15
2871036000,여,10,12
2871036000,여,15,24
2871036000,여,20,26
2871036000,여,25,36
2871036000,여,30,49
2871036000,여,35,33
2871036000,여,40,59
2871036000,여,45,46
2871036000,여,50,86
2871036000,여,55,129
2871036000,여,60,212
2871036000,여,65,205
2871036000,여,70,149
2871036000,여,75,150
2871036000,여,80,140
2871036000,여,85,87
2871036000,여,90,42
2871036000,여,95,4
2871036000,여,100,0
2871037000,남,0,28
2871037000,남,5,29
2871037000,남,10,35
2871037000,남,15,27
2871037000,남,20,52
2871037000,남,25,75
2871037000,남,30,56
2871037000,남,35,48
2871037000,남,40,80
2871037000,남,45,98
2871037000,남,50,126
2871037000,남,55,178
2871037000,남,60,286
2871037000,남,65,276
2871037000,남,70,188
2871037000,남,75,185
2871037000,남,80,146
2871037000,남,85,88
2871037000,남,90,25
2871037000,남,95,1
2871037000,남,100,1
2871037000,여,0,31
2871037000,여,5,16
2871037000,여,10,28
2871037000,여,15,27
2871037000,여,20,34
2871037000,여,25,39
2871037000,여,30,61
2871037000,여,35,52
2871037000,여,40,63
2871037000,여,45,55
2871037000,여,50,107
2871037000,여,55,154
2871037000,여,60,246
2871037000,여,65,255
2871037000,여,70,192
2871037000,여,75,189
2871037000,여,80,212
2871037000,여,85,128
2871037000,여,90,56
2871037000,여,95,13
2871037000,여,100,0
2871038000,남,0,13
2871038000,남,5,21
2871038000,남,10,17
2871038000,남,15,17
2871038000,남,20,20
2871038000,남,25,26
2871038000,남,30,29
2871038000,남,35,17
2871038000,남,40,29
2871038000,남,45,36
2871038000,남,50,69
2871038000,남,55,100
2871038000,남,60,137
2871038000,남,65,132
2871038000,남,70,90
2871038000,남,75,82
2871038000,남,80,72
2871038000,남,85,50
2871038000,남,90,10
2871038000,남,95,0
2871038000,남,100,0
2871038000,여,0,19
2871038000,여,5,10
2871038000,여,10,19
2871038000,여,15,20
2871038000,여,20,16
2871038000,여,25,12
2871038000,여,30,17
2871038000,여,35,21
2871038000,여,40,31
2871038000,여,45,39
2871038000,여,50,44
2871038000,여,55,75
2871038000,여,60,123
2871038000,여,65,112
2871038000,여,70,95
2871038000,여,75,88
2871038000,여,80,106
2871038000,여,85,68
2871038000,여,90,20
2871038000,여,95,9
2871038000,여,100,0
2871039000,남,0,31
2871039000,남,5,25
2871039000,남,10,34
2871039000,남,15,37
2871039000,남,20,34
2871039000,남,25,50
2871039000,남,30,46
2871039000,남,35,61
2871039000,남,40,71
2871039000,남,45,76
2871039000,남,50,130
2871039000,남,55,152
2871039000,남,60,210
2871039000,남,65,199
2871039000,남,70,152
2871039000,남,75,136
2871039000,남,80,97
2871039000,남,85,58
2871039000,남,90,14
2871039000,남,95,3
2871039000,남,100,0
2871039000,여,0,21
2871039000,여,5,29
2871039000,여,10,32
2871039000,여,15,42
2871039000,여,20,24
2871039000,여,25,38
2871039000,여,30,47
2871039000,여,35,47
2871039000,여,40,47
2871039000,여,45,50
2871039000,여,50,82
2871039000,여,55,143
2871039000,여,60,184
2871039000,여,65,208
2871039000,여,70,155
2871039000,여,75,145
2871039000,여,80,123
2871039000,여,85,125
2871039000,여,90,48
2871039000,여,95,6
2871039000,여,100,1
2871040000,남,0,16
2871040000,남,5,7
2871040000,남,10,28
2871040000,남,15,32
2871040000,남,20,27
2871040000,남,25,41
2871040000,남,30,38
2871040000,남,35,37
2871040000,남,40,50
2871040000,남,45,61
2871040000,남,50,80
2871040000,남,55,141
2871040000,남,60,207
2871040000,남,65,193
2871040000,남,70,128
2871040000,남,75,136
2871040000,남,80,105
2871040000,남,85,68
2871040000,남,90,17
2871040000,남,95,3
2871040000,남,100,1
2871040000,여,0,8
2871040000,여,5,9
2871040000,여,10,14
2871040000,여,15,26
2871040000,여,20,22
2871040000,여,25,23
2871040000,여,30,27
2871040000,여,35,26
2871040000,여,40,35
2871040000,여,45,23
2871040000,여,50,51
2871040000,여,55,140
2871040000,여,60,163
2871040000,여,65,181
2871040000,여,70,139
2871040000,여,75,141
2871040000,여,80,158
2871040000,여,85,85
2871040000,여,90,38
2871040000,여,95,10
2871040000,여,100,0
2871041000,남,0,8
2871041000,남,5,10
2871041000,남,10,21
2871041000,남,15,29
2871041000,남,20,25
2871041000,남,25,35
2871041000,남,30,27
2871041000,남,35,30
2871041000,남,40,46
2871041000,남,45,54
2871041000,남,50,83
2871041000,남,55,101
2871041000,남,60,151
2871041000,남,65,169
2871041000,남,70,113
2871041000,남,75,83
2871041000,남,80,70
2871041000,남,85,32
2871041000,남,90,12
2871041000,남,95,0
2871041000,남,100,0
2871041000,여,0,11
2871041000,여,5,7
2871041000,여,10,7
2871041000,여,15,17
2871041000,여,20,9
2871041000,여,25,24
2871041000,여,30,14
2871041000,여,35,19
2871041000,여,40,25
2871041000,여,45,18
2871041000,여,50,59
2871041000,여,55,100
2871041000,여,60,131
2871041000,여,65,148
2871041000,여,70,97
2871041000,여,75,95
2871041000,여,80,93
2871041000,여,85,54
2871041000,여,90,42
2871041000,여,95,7
2871041000,여,100,2
2871042000,남,0,0
2871042000,남,5,3
2871042000,남,10,7
2871042000,남,15,4
2871042000,남,20,6
2871042000,남,25,10
2871042000,남,30,12
2871042000,남,35,4
2871042000,남,40,13
2871042000,남,45,13
2871042000,남,50,15
2871042000,남,55,31
2871042000,남,60,57
2871042000,남,65,53
2871042000,남,70,40
2871042000,남,75,34
2871042000,남,80,19
2871042000,남,85,15
2871042000,남,90,3
2871042000,남,95,0
2871042000,남,100,0
2871042000,여,0,4
2871042000,여,5,3
2871042000,여,10,3
2871042000,여,15,4
2871042000,여,20,6
2871042000,여,25,8
2871042000,여,30,5
2871042000,여,35,8
2871042000,여,40,4
2871042000,여,45,8
2871042000,여,50,6
2871042000,여,55,28
2871042000,여,60,44
2871042000,여,65,41
2871042000,여,70,42
2871042000,여,75,23
2871042000,여,80,31
2871042000,여,85,23
2871042000,여,90,12
2871042000,여,95,0
2871042000,여,100,0
2872031000,남,0,9
2872031000,남,5,11
2872031000,남,10,14
2872031000,남,15,15
2872031000,남,20,38
2872031000,남,25,35
2872031000,남,30,32
2872031000,남,35,31
2872031000,남,40,56
2872031000,남,45,60
2872031000,남,50,88
2872031000,남,55,127
2872031000,남,60,167
2872031000,남,65,174
2872031000,남,70,119
2872031000,남,75,77
2872031000,남,80,51
2872031000,남,85,17
2872031000,남,90,6
2872031000,남,95,1
2872031000,남,100,0
2872031000,여,0,8
2872031000,여,5,10
2872031000,여,10,12
2872031000,여,15,23
2872031000,여,20,19
2872031000,여,25,19
2872031000,여,30,26
2872031000,여,35,22
2872031000,여,40,37
2872031000,여,45,43
2872031000,여,50,61
2872031000,여,55,88
2872031000,여,60,145
2872031000,여,65,171
2872031000,여,70,92
2872031000,여,75,89
2872031000,여,80,51
2872031000,여,85,47
2872031000,여,90,21
2872031000,여,95,11
2872031000,여,100,1
2872033000,남,0,57
2872033000,남,5,59
2872033000,남,10,56
2872033000,남,15,77
2872033000,남,20,329
2872033000,남,25,348
2872033000,남,30,194
2872033000,남,35,143
2872033000,남,40,149
2872033000,남,45,212
2872033000,남,50,172
2872033000,남,55,199
2872033000,남,60,243
2872033000,남,65,225
2872033000,남,70,156
2872033000,남,75,79
2872033000,남,80,62
2872033000,남,85,24
2872033000,남,90,17
2872033000,남,95,6
2872033000,남,100,0
2872033000,여,0,55
2872033000,여,5,54
2872033000,여,10,73
2872033000,여,15,68
2872033000,여,20,122
2872033000,여,25,120
2872033000,여,30,91
2872033000,여,35,95
2872033000,여,40,99
2872033000,여,45,95
2872033000,여,50,98
2872033000,여,55,153
2872033000,여,60,187
2872033000,여,65,216
2872033000,여,70,114
2872033000,여,75,113
2872033000,여,80,90
2872033000,여,85,72
2872033000,여,90,48
2872033000,여,95,20
2872033000,여,100,4
2872034000,남,0,7
2872034000,남,5,9
2872034000,남,10,11
2872034000,남,15,24
2872034000,남,20,67
2872034000,남,25,78
2872034000,남,30,51
2872034000,남,35,37
2872034000,남,40,57
2872034000,남,45,44
2872034000,남,50,69
2872034000,남,55,69
2872034000,남,60,101
2872034000,남,65,89
2872034000,남,70,54
2872034000,남,75,36
2872034000,남,80,39
2872034000,남,85,9
2872034000,남,90,5
2872034000,남,95,0
2872034000,남,100,0
2872034000,여,0,13
2872034000,여,5,6
2872034000,여,10,13
2872034000,여,15,7
2872034000,여,20,30
2872034000,여,25,19
2872034000,여,30,24
2872034000,여,35,19
2872034000,여,40,19
2872034000,여,45,19
2872034000,여,50,25
2872034000,여,55,52
2872034000,여,60,81
2872034000,여,65,65
2872034000,여,70,51
2872034000,여,75,62
2872034000,여,80,47
2872034000,여,85,21
2872034000,여,90,11
2872034000,여,95,1
2872034000,여,100,1
2872035000,남,0,4
2872035000,남,5,12
2872035000,남,10,15
2872035000,남,15,23
2872035000,남,20,37
2872035000,남,25,41
2872035000,남,30,23
2872035000,남,35,23
2872035000,남,40,31
2872035000,남,45,58
2872035000,남,50,78
2872035000,남,55,122
2872035000,남,60,166
2872035000,남,65,160
2872035000,남,70,115
2872035000,남,75,78
2872035000,남,80,46
2872035000,남,85,32
2872035000,남,90,3
2872035000,남,95,3
2872035000,남,100,0
2872035000,여,0,3
2872035000,여,5,10
2872035000,여,10,13
2872035000,여,15,12
2872035000,여,20,28
2872035000,여,25,18
2872035000,여,30,13
2872035000,여,35,13
2872035000,여,40,19
2872035000,여,45,20
2872035000,여,50,59
2872035000,여,55,72
2872035000,여,60,111
2872035000,여,65,123
2872035000,여,70,94
2872035000,여,75,93
2872035000,여,80,59
2872035000,여,85,65
2872035000,여,90,28
2872035000,여,95,7
2872035000,여,100,2
2872036000,남,0,32
2872036000,남,5,66
2872036000,남,10,120
2872036000,남,15,105
2872036000,남,20,143
2872036000,남,25,168
2872036000,남,30,204
2872036000,남,35,155
2872036000,남,40,218
2872036000,남,45,253
2872036000,남,50,282
2872036000,남,55,394
2872036000,남,60,448
2872036000,남,65,442
2872036000,남,70,244
2872036000,남,75,194
2872036000,남,80,107
2872036000,남,85,43
2872036000,남,90,15
2872036000,남,95,3
2872036000,남,100,1
2872036000,여,0,51
2872036000,여,5,60
2872036000,여,10,82
2872036000,여,15,90
2872036000,여,20,89
2872036000,여,25,91
2872036000,여,30,87
2872036000,여,35,95
2872036000,여,40,129
2872036000,여,45,171
2872036000,여,50,234
2872036000,여,55,324
2872036000,여,60,414
2872036000,여,65,319
2872036000,여,70,240
2872036000,여,75,171
2872036000,여,80,130
2872036000,여,85,79
2872036000,여,90,37
2872036000,여,95,10
2872036000,여,100,1
2872037000,남,0,5
2872037000,남,5,7
2872037000,남,10,11
2872037000,남,15,6
2872037000,남,20,23
2872037000,남,25,25
2872037000,남,30,27
2872037000,남,35,18
2872037000,남,40,26
2872037000,남,45,43
2872037000,남,50,55
2872037000,남,55,82
2872037000,남,60,116
2872037000,남,65,95
2872037000,남,70,70
2872037000,남,75,58
2872037000,남,80,26
2872037000,남,85,21
2872037000,남,90,3
2872037000,남,95,2
2872037000,남,100,0
2872037000,여,0,2
2872037000,여,5,2
2872037000,여,10,10
2872037000,여,15,15
2872037000,여,20,9
2872037000,여,25,17
2872037000,여,30,15
2872037000,여,35,10
2872037000,여,40,16
2872037000,여,45,21
2872037000,여,50,40
2872037000,여,55,51
2872037000,여,60,83
2872037000,여,65,104
2872037000,여,70,61
2872037000,여,75,46
2872037000,여,80,45
2872037000,여,85,41
2872037000,여,90,17
2872037000,여,95,6
2872037000,여,100,2
2872038000,남,0,22
2872038000,남,5,15
2872038000,남,10,13
2872038000,남,15,36
2872038000,남,20,181
2872038000,남,25,170
2872038000,남,30,108
2872038000,남,35,73
2872038000,남,40,75
2872038000,남,45,87
2872038000,남,50,88
2872038000,남,55,96
2872038000,남,60,124
2872038000,남,65,97
2872038000,남,70,38
2872038000,남,75,37
2872038000,남,80,20
2872038000,남,85,12
2872038000,남,90,5
2872038000,남,95,1
2872038000,남,100,0
2872038000,여,0,27
2872038000,여,5,13
2872038000,여,10,5
2872038000,여,15,20
2872038000,여,20,42
2872038000,여,25,56
2872038000,여,30,40
2872038000,여,35,27
2872038000,여,40,31
2872038000,여,45,39
2872038000,여,50,44
2872038000,여,55,74
2872038000,여,60,84
2872038000,여,65,87
2872038000,여,70,38
2872038000,여,75,38
2872038000,여,80,21
2872038000,여,85,28
2872038000,여,90,10
2872038000,여,95,5
2872038000,여,100,0
4111156000,남,0,332
4111156000,남,5,383
4111156000,남,10,432
4111156000,남,15,490
4111156000,남,20,717
4111156000,남,25,933
4111156000,남,30,991
4111156000,남,35,911
4111156000,남,40,934
4111156000,남,45,916
4111156000,남,50,1166
4111156000,남,55,1185
4111156000,남,60,1128
4111156000,남,65,874
4111156000,남,70,501
4111156000,남,75,325
4111156000,남,80,216
4111156000,남,85,109
4111156000,남,90,23
4111156000,남,95,3
4111156000,남,100,0
4111156000,여,0,348
4111156000,여,5,364
4111156000,여,10,443
4111156000,여,15,469
4111156000,여,20,568
4111156000,여,25,763
4111156000,여,30,873
4111156000,여,35,735
4111156000,여,40,854
4111156000,여,45,864
4111156000,여,50,1125
4111156000,여,55,1169
4111156000,여,60,1109
4111156000,여,65,902
4111156000,여,70,552
4111156000,여,75,486
4111156000,여,80,364
4111156000,여,85,236
4111156000,여,90,92
4111156000,여,95,28
4111156000,여,100,6
4111156600,남,0,457
4111156600,남,5,590
4111156600,남,10,893
4111156600,남,15,923
4111156600,남,20,2563
4111156600,남,25,3170
4111156600,남,30,1849
4111156600,남,35,1201
4111156600,남,40,1344
4111156600,남,45,1357
4111156600,남,50,1662
4111156600,남,55,1619
4111156600,남,60,1378
4111156600,남,65,926
4111156600,남,70,533
4111156600,남,75,336
4111156600,남,80,237
4111156600,남,85,124
4111156600,남,90,38
4111156600,남,95,6
4111156600,남,100,2
4111156600,여,0,424
4111156600,여,5,617
4111156600,여,10,766
4111156600,여,15,916
4111156600,여,20,1890
4111156600,여,25,1726
4111156600,여,30,1242
4111156600,여,35,1073
4111156600,여,40,1291
4111156600,여,45,1395
4111156600,여,50,1738
4111156600,여,55,1663
4111156600,여,60,1298
4111156600,여,65,957
4111156600,여,70,604
4111156600,여,75,439
4111156600,여,80,391
4111156600,여,85,254
4111156600,여,90,98
4111156600,여,95,24
4111156600,여,100,5
4111157100,남,0,518
4111157100,남,5,679
4111157100,남,10,885
4111157100,남,15,976
4111157100,남,20,1021
4111157100,남,25,1119
4111157100,남,30,1197
4111157100,남,35,1081
4111157100,남,40,1292
4111157100,남,45,1333
4111157100,남,50,1551
4111157100,남,55,1431
4111157100,남,60,1109
4111157100,남,65,804
4111157100,남,70,453
4111157100,남,75,325
4111157100,남,80,225
4111157100,남,85,120
4111157100,남,90,17
4111157100,남,95,6
4111157100,남,100,0
4111157100,여,0,537
4111157100,여,5,690
4111157100,여,10,808
4111157100,여,15,868
4111157100,여,20,876
4111157100,여,25,1053
4111157100,여,30,1172
4111157100,여,35,1056
4111157100,여,40,1354
4111157100,여,45,1407
4111157100,여,50,1696
4111157100,여,55,1462
4111157100,여,60,1262
4111157100,여,65,911
4111157100,여,70,566
4111157100,여,75,450
4111157100,여,80,348
4111157100,여,85,228
4111157100,여,90,70
4111157100,여,95,21
4111157100,여,100,6
4111157200,남,0,567
4111157200,남,5,924
4111157200,남,10,962
4111157200,남,15,1045
4111157200,남,20,1141
4111157200,남,25,1320
4111157200,남,30,1448
4111157200,남,35,1332
4111157200,남,40,1574
4111157200,남,45,1624
4111157200,남,50,1766
4111157200,남,55,1529
4111157200,남,60,1290
4111157200,남,65,872
4111157200,남,70,554
4111157200,남,75,404
4111157200,남,80,311
4111157200,남,85,138
4111157200,남,90,29
4111157200,남,95,3
4111157200,남,100,1
4111157200,여,0,540
4111157200,여,5,907
4111157200,여,10,961
4111157200,여,15,998
4111157200,여,20,1115
4111157200,여,25,1328
4111157200,여,30,1398
4111157200,여,35,1235
4111157200,여,40,1644
4111157200,여,45,1640
4111157200,여,50,1769
4111157200,여,55,1585
4111157200,여,60,1332
4111157200,여,65,1004
4111157200,여,70,702
4111157200,여,75,567
4111157200,여,80,481
4111157200,여,85,286
4111157200,여,90,106
4111157200,여,95,21
4111157200,여,100,4
4111157300,남,0,416
4111157300,남,5,759
4111157300,남,10,1413
4111157300,남,15,1584
4111157300,남,20,1537
4111157300,남,25,1511
4111157300,남,30,1268
4111157300,남,35,933
4111157300,남,40,1302
4111157300,남,45,1747
4111157300,남,50,2228
4111157300,남,55,1794
4111157300,남,60,1362
4111157300,남,65,783
4111157300,남,70,370
4111157300,남,75,251
4111157300,남,80,191
4111157300,남,85,94
4111157300,남,90,28
4111157300,남,95,1
4111157300,남,100,0
4111157300,여,0,349
4111157300,여,5,701
4111157300,여,10,1214
4111157300,여,15,1559
4111157300,여,20,1449
4111157300,여,25,1349
4111157300,여,30,1098
4111157300,여,35,959
4111157300,여,40,1570
4111157300,여,45,2089
4111157300,여,50,2259
4111157300,여,55,1732
4111157300,여,60,1176
4111157300,여,65,696
4111157300,여,70,395
4111157300,여,75,379
4111157300,여,80,292
4111157300,여,85,222
4111157300,여,90,83
4111157300,여,95,17
4111157300,여,100,2
4111158000,남,0,94
4111158000,남,5,158
4111158000,남,10,233
4111158000,남,15,267
4111158000,남,20,433
4111158000,남,25,656
4111158000,남,30,699
4111158000,남,35,506
4111158000,남,40,682
4111158000,남,45,630
4111158000,남,50,862
4111158000,남,55,952
4111158000,남,60,1091
4111158000,남,65,814
4111158000,남,70,533
4111158000,남,75,367
4111158000,남,80,222
4111158000,남,85,126
4111158000,남,90,20
4111158000,남,95,3
4111158000,남,100,1
4111158000,여,0,114
4111158000,여,5,165
4111158000,여,10,209
4111158000,여,15,264
4111158000,여,20,383
4111158000,여,25,566
4111158000,여,30,518
4111158000,여,35,388
4111158000,여,40,502
4111158000,여,45,543
4111158000,여,50,774
4111158000,여,55,888
4111158000,여,60,1044
4111158000,여,65,871
4111158000,여,70,602
4111158000,여,75,465
4111158000,여,80,338
4111158000,여,85,164
4111158000,여,90,66
4111158000,여,95,25
4111158000,여,100,2
4111159100,남,0,148
4111159100,남,5,220
4111159100,남,10,336
4111159100,남,15,446
4111159100,남,20,531
4111159100,남,25,730
4111159100,남,30,723
4111159100,남,35,591
4111159100,남,40,632
4111159100,남,45,679
4111159100,남,50,830
4111159100,남,55,826
4111159100,남,60,826
4111159100,남,65,652
4111159100,남,70,360
4111159100,남,75,229
4111159100,남,80,187
4111159100,남,85,71
4111159100,남,90,12
4111159100,남,95,2
4111159100,남,100,1
4111159100,여,0,182
4111159100,여,5,202
4111159100,여,10,335
4111159100,여,15,383
4111159100,여,20,503
4111159100,여,25,688
4111159100,여,30,611
4111159100,여,35,488
4111159100,여,40,605
4111159100,여,45,661
4111159100,여,50,833
4111159100,여,55,931
4111159100,여,60,861
4111159100,여,65,671
4111159100,여,70,415
4111159100,여,75,289
4111159100,여,80,269
4111159100,여,85,166
4111159100,여,90,57
4111159100,여,95,18
4111159100,여,100,3
4111159700,남,0,226
4111159700,남,5,440
4111159700,남,10,529
4111159700,남,15,669
4111159700,남,20,890
4111159700,남,25,1071
4111159700,남,30,1051
4111159700,남,35,863
4111159700,남,40,980
4111159700,남,45,1045
4111159700,남,50,1285
4111159700,남,55,1311
4111159700,남,60,1301
4111159700,남,65,940
4111159700,남,70,560
4111159700,남,75,469
4111159700,남,80,287
4111159700,남,85,127
4111159700,남,90,42
4111159700,남,95,5
4111159700,남,100,2
4111159700,여,0,257
4111159700,여,5,342
4111159700,여,10,516
4111159700,여,15,588
4111159700,여,20,825
4111159700,여,25,993
4111159700,여,30,883
4111159700,여,35,694
4111159700,여,40,892
4111159700,여,45,992
4111159700,여,50,1305
4111159700,여,55,1351
4111159700,여,60,1260
4111159700,여,65,1028
4111159700,여,70,673
4111159700,여,75,558
4111159700,여,80,461
4111159700,여,85,278
4111159700,여,90,113
4111159700,여,95,28
4111159700,여,100,3
4111159800,남,0,189
4111159800,남,5,276
4111159800,남,10,422
4111159800,남,15,466
4111159800,남,20,521
4111159800,남,25,618
4111159800,남,30,554
4111159800,남,35,421
4111159800,남,40,471
4111159800,남,45,550
4111159800,남,50,731
4111159800,남,55,861
4111159800,남,60,867
4111159800,남,65,559
4111159800,남,70,280
4111159800,남,75,226
4111159800,남,80,196
4111159800,남,85,119
4111159800,남,90,35
4111159800,남,95,10
4111159800,남,100,0
4111159800,여,0,194
4111159800,여,5,286
4111159800,여,10,407
4111159800,여,15,456
4111159800,여,20,502
4111159800,여,25,619
4111159800,여,30,586
4111159800,여,35,417
4111159800,여,40,583
4111159800,여,45,655
4111159800,여,50,895
4111159800,여,55,1059
4111159800,여,60,843
4111159800,여,65,499
4111159800,여,70,324
4111159800,여,75,287
4111159800,여,80,273
4111159800,여,85,202
4111159800,여,90,108
4111159800,여,95,22
4111159800,여,100,1
4111160000,남,0,166
4111160000,남,5,176
4111160000,남,10,196
4111160000,남,15,303
4111160000,남,20,735
4111160000,남,25,783
4111160000,남,30,717
4111160000,남,35,579
4111160000,남,40,638
4111160000,남,45,555
4111160000,남,50,723
4111160000,남,55,760
4111160000,남,60,742
4111160000,남,65,651
4111160000,남,70,427
4111160000,남,75,340
4111160000,남,80,226
4111160000,남,85,98
4111160000,남,90,40
4111160000,남,95,5
4111160000,남,100,3
4111160000,여,0,169
4111160000,여,5,163
4111160000,여,10,188
4111160000,여,15,278
4111160000,여,20,644
4111160000,여,25,581
4111160000,여,30,542
4111160000,여,35,437
4111160000,여,40,462
4111160000,여,45,488
4111160000,여,50,597
4111160000,여,55,691
4111160000,여,60,819
4111160000,여,65,781
4111160000,여,70,525
4111160000,여,75,404
4111160000,여,80,354
4111160000,여,85,214
4111160000,여,90,92
4111160000,여,95,26
4111160000,여,100,3
4111352000,남,0,154
4111352000,남,5,152
4111352000,남,10,183
4111352000,남,15,158
4111352000,남,20,238
4111352000,남,25,435
4111352000,남,30,463
4111352000,남,35,381
4111352000,남,40,422
4111352000,남,45,351
4111352000,남,50,366
4111352000,남,55,402
4111352000,남,60,423
4111352000,남,65,292
4111352000,남,70,182
4111352000,남,75,144
4111352000,남,80,88
4111352000,남,85,49
4111352000,남,90,10
4111352000,남,95,3
4111352000,남,100,0
4111352000,여,0,150
4111352000,여,5,159
4111352000,여,10,144
4111352000,여,15,131
4111352000,여,20,224
4111352000,여,25,386
4111352000,여,30,442
4111352000,여,35,330
4111352000,여,40,335
4111352000,여,45,293
4111352000,여,50,408
4111352000,여,55,458
4111352000,여,60,413
4111352000,여,65,310
4111352000,여,70,233
4111352000,여,75,182
4111352000,여,80,119
4111352000,여,85,74
4111352000,여,90,31
4111352000,여,95,3
4111352000,여,100,0
4111353000,남,0,159
4111353000,남,5,227
4111353000,남,10,319
4111353000,남,15,369
4111353000,남,20,643
4111353000,남,25,1101
4111353000,남,30,1130
4111353000,남,35,805
4111353000,남,40,933
4111353000,남,45,870
4111353000,남,50,1067
4111353000,남,55,1037
4111353000,남,60,1074
4111353000,남,65,798
4111353000,남,70,482
4111353000,남,75,370
4111353000,남,80,206
4111353000,남,85,105
4111353000,남,90,27
4111353000,남,95,5
4111353000,남,100,1
4111353000,여,0,181
4111353000,여,5,219
4111353000,여,10,325
4111353000,여,15,328
4111353000,여,20,589
4111353000,여,25,910
4111353000,여,30,800
4111353000,여,35,586
4111353000,여,40,677
4111353000,여,45,745
4111353000,여,50,972
4111353000,여,55,978
4111353000,여,60,1060
4111353000,여,65,868
4111353000,여,70,605
4111353000,여,75,410
4111353000,여,80,344
4111353000,여,85,180
4111353000,여,90,65
4111353000,여,95,18
4111353000,여,100,4
4111354000,남,0,128
4111354000,남,5,173
4111354000,남,10,230
4111354000,남,15,365
4111354000,남,20,472
4111354000,남,25,727
4111354000,남,30,757
4111354000,남,35,541
4111354000,남,40,617
4111354000,남,45,683
4111354000,남,50,853
4111354000,남,55,814
4111354000,남,60,842
4111354000,남,65,637
4111354000,남,70,419
4111354000,남,75,303
4111354000,남,80,197
4111354000,남,85,82
4111354000,남,90,22
4111354000,남,95,3
4111354000,남,100,0
4111354000,여,0,108
4111354000,여,5,172
4111354000,여,10,313
4111354000,여,15,328
4111354000,여,20,430
4111354000,여,25,688
4111354000,여,30,568
4111354000,여,35,446
4111354000,여,40,528
4111354000,여,45,640
4111354000,여,50,803
4111354000,여,55,786
4111354000,여,60,831
4111354000,여,65,745
4111354000,여,70,477
4111354000,여,75,389
4111354000,여,80,289
4111354000,여,85,160
4111354000,여,90,50
4111354000,여,95,12
4111354000,여,100,2
4111355000,남,0,590
4111355000,남,5,770
4111355000,남,10,754
4111355000,남,15,936
4111355000,남,20,1157
4111355000,남,25,1678
4111355000,남,30,1836
4111355000,남,35,1431
4111355000,남,40,1535
4111355000,남,45,1425
4111355000,남,50,1697
4111355000,남,55,1815
4111355000,남,60,1804
4111355000,남,65,1324
4111355000,남,70,731
4111355000,남,75,501
4111355000,남,80,312
4111355000,남,85,143
4111355000,남,90,40
4111355000,남,95,4
4111355000,남,100,2
4111355000,여,0,586
4111355000,여,5,634
4111355000,여,10,725
4111355000,여,15,857
4111355000,여,20,1086
4111355000,여,25,1435
4111355000,여,30,1522
4111355000,여,35,1275
4111355000,여,40,1394
4111355000,여,45,1351
4111355000,여,50,1794
4111355000,여,55,1970
4111355000,여,60,1806
4111355000,여,65,1314
4111355000,여,70,799
4111355000,여,75,602
4111355000,여,80,457
4111355000,여,85,320
4111355000,여,90,133
4111355000,여,95,34
4111355000,여,100,2
4111356000,남,0,354
4111356000,남,5,511
4111356000,남,10,667
4111356000,남,15,774
4111356000,남,20,1145
4111356000,남,25,1683
4111356000,남,30,1767
4111356000,남,35,1290
4111356000,남,40,1476
4111356000,남,45,1406
4111356000,남,50,1691
4111356000,남,55,1747
4111356000,남,60,1662
4111356000,남,65,1241
4111356000,남,70,705
4111356000,남,75,500
4111356000,남,80,320
4111356000,남,85,119
4111356000,남,90,30
4111356000,남,95,7
4111356000,남,100,0
4111356000,여,0,343
4111356000,여,5,485
4111356000,여,10,613
4111356000,여,15,634
4111356000,여,20,1143
4111356000,여,25,1533
4111356000,여,30,1323
4111356000,여,35,1044
4111356000,여,40,1195
4111356000,여,45,1249
4111356000,여,50,1653
4111356000,여,55,1701
4111356000,여,60,1642
4111356000,여,65,1353
4111356000,여,70,829
4111356000,여,75,648
4111356000,여,80,503
4111356000,여,85,280
4111356000,여,90,104
4111356000,여,95,27
4111356000,여,100,4
4111365000,남,0,204
4111365000,남,5,273
4111365000,남,10,401
4111365000,남,15,445
4111365000,남,20,679
4111365000,남,25,1015
4111365000,남,30,973
4111365000,남,35,737
4111365000,남,40,808
4111365000,남,45,788
4111365000,남,50,1088
4111365000,남,55,1146
4111365000,남,60,1153
4111365000,남,65,833
4111365000,남,70,477
4111365000,남,75,299
4111365000,남,80,185
4111365000,남,85,86
4111365000,남,90,30
4111365000,남,95,3
4111365000,남,100,1
4111365000,여,0,157
4111365000,여,5,259
4111365000,여,10,357
4111365000,여,15,478
4111365000,여,20,620
4111365000,여,25,856
4111365000,여,30,734
4111365000,여,35,583
4111365000,여,40,666
4111365000,여,45,749
4111365000,여,50,1091
4111365000,여,55,1194
4111365000,여,60,1182
4111365000,여,65,842
4111365000,여,70,505
4111365000,여,75,390
4111365000,여,80,302
4111365000,여,85,198
4111365000,여,90,74
4111365000,여,95,15
4111365000,여,100,0
4111366200,남,0,606
4111366200,남,5,1061
4111366200,남,10,1459
4111366200,남,15,1189
4111366200,남,20,1283
4111366200,남,25,1668
4111366200,남,30,1762
4111366200,남,35,1418
4111366200,남,40,1935
4111366200,남,45,1849
4111366200,남,50,1852
4111366200,남,55,1743
4111366200,남,60,1617
4111366200,남,65,1039
4111366200,남,70,606
4111366200,남,75,421
4111366200,남,80,289
4111366200,남,85,117
4111366200,남,90,42
4111366200,남,95,8
4111366200,남,100,1
4111366200,여,0,591
4111366200,여,5,1043
4111366200,여,10,1354
4111366200,여,15,1108
4111366200,여,20,1144
4111366200,여,25,1734
4111366200,여,30,1559
4111366200,여,35,1398
4111366200,여,40,2080
4111366200,여,45,1832
4111366200,여,50,1969
4111366200,여,55,2055
4111366200,여,60,1663
4111366200,여,65,1119
4111366200,여,70,711
4111366200,여,75,615
4111366200,여,80,405
4111366200,여,85,263
4111366200,여,90,98
4111366200,여,95,23
4111366200,여,100,6
4111366400,남,0,982
4111366400,남,5,1595
4111366400,남,10,1551
4111366400,남,15,1074
4111366400,남,20,981
4111366400,남,25,1145
4111366400,남,30,1474
4111366400,남,35,1817
4111366400,남,40,2742
4111366400,남,45,2035
4111366400,남,50,1668
4111366400,남,55,1361
4111366400,남,60,1389
4111366400,남,65,971
4111366400,남,70,515
4111366400,남,75,367
4111366400,남,80,189
4111366400,남,85,92
4111366400,남,90,23
4111366400,남,95,7
4111366400,남,100,0
4111366400,여,0,878
4111366400,여,5,1423
4111366400,여,10,1582
4111366400,여,15,1067
4111366400,여,20,941
4111366400,여,25,1181
4111366400,여,30,1625
4111366400,여,35,1909
4111366400,여,40,2599
4111366400,여,45,1836
4111366400,여,50,1620
4111366400,여,55,1605
4111366400,여,60,1401
4111366400,여,65,1075
4111366400,여,70,591
4111366400,여,75,461
4111366400,여,80,315
4111366400,여,85,223
4111366400,여,90,74
4111366400,여,95,22
4111366400,여,100,1
4111367000,남,0,191
4111367000,남,5,236
4111367000,남,10,347
4111367000,남,15,401
4111367000,남,20,711
4111367000,남,25,1575
4111367000,남,30,1736
4111367000,남,35,998
4111367000,남,40,936
4111367000,남,45,767
4111367000,남,50,1024
4111367000,남,55,952
4111367000,남,60,969
4111367000,남,65,696
4111367000,남,70,417
4111367000,남,75,255
4111367000,남,80,127
4111367000,남,85,61
4111367000,남,90,17
4111367000,남,95,1
4111367000,남,100,0
4111367000,여,0,171
4111367000,여,5,216
4111367000,여,10,290
4111367000,여,15,338
4111367000,여,20,802
4111367000,여,25,1737
4111367000,여,30,1310
4111367000,여,35,823
4111367000,여,40,778
4111367000,여,45,758
4111367000,여,50,926
4111367000,여,55,990
4111367000,여,60,907
4111367000,여,65,737
4111367000,여,70,388
4111367000,여,75,253
4111367000,여,80,227
4111367000,여,85,132
4111367000,여,90,50
4111367000,여,95,18
4111367000,여,100,1
4111368000,남,0,779
4111368000,남,5,1244
4111368000,남,10,1404
4111368000,남,15,1250
4111368000,남,20,1343
4111368000,남,25,1580
4111368000,남,30,1732
4111368000,남,35,1616
4111368000,남,40,1997
4111368000,남,45,1862
4111368000,남,50,1885
4111368000,남,55,1757
4111368000,남,60,1667
4111368000,남,65,1161
4111368000,남,70,610
4111368000,남,75,346
4111368000,남,80,198
4111368000,남,85,92
4111368000,남,90,22
4111368000,남,95,4
4111368000,남,100,1
4111368000,여,0,667
4111368000,여,5,1079
4111368000,여,10,1314
4111368000,여,15,1165
4111368000,여,20,1150
4111368000,여,25,1476
4111368000,여,30,1725
4111368000,여,35,1647
4111368000,여,40,2200
4111368000,여,45,2018
4111368000,여,50,2113
4111368000,여,55,2191
4111368000,여,60,1848
4111368000,여,65,1202
4111368000,여,70,612
4111368000,여,75,418
4111368000,여,80,306
4111368000,여,85,204
4111368000,여,90,71
4111368000,여,95,18
4111368000,여,100,5
4111369000,남,0,574
4111369000,남,5,575
4111369000,남,10,603
4111369000,남,15,652
4111369000,남,20,1017
4111369000,남,25,1824
4111369000,남,30,2231
4111369000,남,35,1880
4111369000,남,40,1804
4111369000,남,45,1556
4111369000,남,50,1659
4111369000,남,55,1458
4111369000,남,60,1277
4111369000,남,65,754
4111369000,남,70,324
4111369000,남,75,215
4111369000,남,80,117
4111369000,남,85,59
4111369000,남,90,25
4111369000,남,95,3
4111369000,남,100,0
4111369000,여,0,537
4111369000,여,5,590
4111369000,여,10,623
4111369000,여,15,676
4111369000,여,20,974
4111369000,여,25,1416
4111369000,여,30,1696
4111369000,여,35,1366
4111369000,여,40,1384
4111369000,여,45,1226
4111369000,여,50,1469
4111369000,여,55,1451
4111369000,여,60,1074
4111369000,여,65,600
4111369000,여,70,375
4111369000,여,75,222
4111369000,여,80,200
4111369000,여,85,124
4111369000,여,90,59
4111369000,여,95,15
4111369000,여,100,0
4111370000,남,0,472
4111370000,남,5,431
4111370000,남,10,436
4111370000,남,15,450
4111370000,남,20,502
4111370000,남,25,717
4111370000,남,30,1162
4111370000,남,35,877
4111370000,남,40,791
4111370000,남,45,724
4111370000,남,50,824
4111370000,남,55,754
4111370000,남,60,680
4111370000,남,65,537
4111370000,남,70,311
4111370000,남,75,192
4111370000,남,80,108
4111370000,남,85,41
4111370000,남,90,11
4111370000,남,95,4
4111370000,남,100,0
4111370000,여,0,422
4111370000,여,5,379
4111370000,여,10,414
4111370000,여,15,394
4111370000,여,20,473
4111370000,여,25,785
4111370000,여,30,1111
4111370000,여,35,715
4111370000,여,40,777
4111370000,여,45,683
4111370000,여,50,832
4111370000,여,55,773
4111370000,여,60,662
4111370000,여,65,523
4111370000,여,70,293
4111370000,여,75,212
4111370000,여,80,165
4111370000,여,85,101
4111370000,여,90,47
4111370000,여,95,8
4111370000,여,100,2
4111565000,남,0,646
4111565000,남,5,746
4111565000,남,10,347
4111565000,남,15,429
4111565000,남,20,546
4111565000,남,25,663
4111565000,남,30,1224
4111565000,남,35,1359
4111565000,남,40,1126
4111565000,남,45,753
4111565000,남,50,785
4111565000,남,55,701
4111565000,남,60,582
4111565000,남,65,409
4111565000,남,70,239
4111565000,남,75,183
4111565000,남,80,128
4111565000,남,85,54
4111565000,남,90,18
4111565000,남,95,2
4111565000,남,100,0
4111565000,여,0,579
4111565000,여,5,680
4111565000,여,10,362
4111565000,여,15,366
4111565000,여,20,501
4111565000,여,25,767
4111565000,여,30,1332
4111565000,여,35,1189
4111565000,여,40,891
4111565000,여,45,689
4111565000,여,50,786
4111565000,여,55,667
4111565000,여,60,614
4111565000,여,65,464
4111565000,여,70,319
4111565000,여,75,224
4111565000,여,80,168
4111565000,여,85,113
4111565000,여,90,31
4111565000,여,95,6
4111565000,여,100,0
4111566000,남,0,76
4111566000,남,5,91
4111566000,남,10,103
4111566000,남,15,131
4111566000,남,20,266
4111566000,남,25,584
4111566000,남,30,526
4111566000,남,35,374
4111566000,남,40,422
4111566000,남,45,357
4111566000,남,50,468
4111566000,남,55,519
4111566000,남,60,524
4111566000,남,65,380
4111566000,남,70,274
4111566000,남,75,160
4111566000,남,80,117
4111566000,남,85,39
4111566000,남,90,12
4111566000,남,95,2
4111566000,남,100,1
4111566000,여,0,78
4111566000,여,5,82
4111566000,여,10,86
4111566000,여,15,112
4111566000,여,20,291
4111566000,여,25,376
4111566000,여,30,338
4111566000,여,35,260
4111566000,여,40,288
4111566000,여,45,238
4111566000,여,50,354
4111566000,여,55,408
4111566000,여,60,427
4111566000,여,65,385
4111566000,여,70,242
4111566000,여,75,184
4111566000,여,80,159
4111566000,여,85,95
4111566000,여,90,31
4111566000,여,95,5
4111566000,여,100,4
4111567000,남,0,387
4111567000,남,5,446
4111567000,남,10,304
4111567000,남,15,320
4111567000,남,20,474
4111567000,남,25,736
4111567000,남,30,974
4111567000,남,35,912
4111567000,남,40,852
4111567000,남,45,692
4111567000,남,50,766
4111567000,남,55,755
4111567000,남,60,692
4111567000,남,65,535
4111567000,남,70,340
4111567000,남,75,293
4111567000,남,80,157
4111567000,남,85,69
4111567000,남,90,17
4111567000,남,95,1
4111567000,남,100,0
4111567000,여,0,376
4111567000,여,5,427
4111567000,여,10,288
4111567000,여,15,339
4111567000,여,20,524
4111567000,여,25,697
4111567000,여,30,899
4111567000,여,35,753
4111567000,여,40,719
4111567000,여,45,632
4111567000,여,50,777
4111567000,여,55,728
4111567000,여,60,721
4111567000,여,65,596
4111567000,여,70,417
4111567000,여,75,319
4111567000,여,80,249
4111567000,여,85,126
4111567000,여,90,57
4111567000,여,95,13
4111567000,여,100,3
4111568000,남,0,215
4111568000,남,5,293
4111568000,남,10,434
4111568000,남,15,472
4111568000,남,20,597
4111568000,남,25,754
4111568000,남,30,749
4111568000,남,35,497
4111568000,남,40,706
4111568000,남,45,763
4111568000,남,50,966
4111568000,남,55,910
4111568000,남,60,951
4111568000,남,65,736
4111568000,남,70,489
4111568000,남,75,339
4111568000,남,80,214
4111568000,남,85,96
4111568000,남,90,23
4111568000,남,95,8
4111568000,남,100,2
4111568000,여,0,203
4111568000,여,5,296
4111568000,여,10,425
4111568000,여,15,501
4111568000,여,20,598
4111568000,여,25,710
4111568000,여,30,596
4111568000,여,35,485
4111568000,여,40,709
4111568000,여,45,814
4111568000,여,50,1055
4111568000,여,55,997
4111568000,여,60,995
4111568000,여,65,838
4111568000,여,70,579
4111568000,여,75,463
4111568000,여,80,334
4111568000,여,85,199
4111568000,여,90,56
4111568000,여,95,16
4111568000,여,100,4
4111569000,남,0,351
4111569000,남,5,409
4111569000,남,10,537
4111569000,남,15,641
4111569000,남,20,788
4111569000,남,25,947
4111569000,남,30,1044
4111569000,남,35,763
4111569000,남,40,778
4111569000,남,45,792
4111569000,남,50,1110
4111569000,남,55,1138
4111569000,남,60,1097
4111569000,남,65,649
4111569000,남,70,355
4111569000,남,75,249
4111569000,남,80,202
4111569000,남,85,81
4111569000,남,90,15
4111569000,남,95,4
4111569000,남,100,1
4111569000,여,0,289
4111569000,여,5,357
4111569000,여,10,505
4111569000,여,15,590
4111569000,여,20,784
4111569000,여,25,884
4111569000,여,30,1027
4111569000,여,35,681
4111569000,여,40,813
4111569000,여,45,945
4111569000,여,50,1273
4111569000,여,55,1270
4111569000,여,60,1024
4111569000,여,65,661
4111569000,여,70,392
4111569000,여,75,322
4111569000,여,80,261
4111569000,여,85,194
4111569000,여,90,50
4111569000,여,95,15
4111569000,여,100,0
4111570000,남,0,51
4111570000,남,5,74
4111570000,남,10,120
4111570000,남,15,162
4111570000,남,20,234
4111570000,남,25,397
4111570000,남,30,338
4111570000,남,35,237
4111570000,남,40,305
4111570000,남,45,338
4111570000,남,50,456
4111570000,남,55,463
4111570000,남,60,481
4111570000,남,65,457
4111570000,남,70,302
4111570000,남,75,220
4111570000,남,80,144
4111570000,남,85,69
4111570000,남,90,17
4111570000,남,95,3
4111570000,남,100,0
4111570000,여,0,39
4111570000,여,5,72
4111570000,여,10,100
4111570000,여,15,132
4111570000,여,20,227
4111570000,여,25,291
4111570000,여,30,239
4111570000,여,35,164
4111570000,여,40,237
4111570000,여,45,304
4111570000,여,50,379
4111570000,여,55,409
4111570000,여,60,488
4111570000,여,65,528
4111570000,여,70,373
4111570000,여,75,286
4111570000,여,80,256
4111570000,여,85,131
4111570000,여,90,56
4111570000,여,95,13
4111570000,여,100,1
4111571000,남,0,93
4111571000,남,5,158
4111571000,남,10,240
4111571000,남,15,316
4111571000,남,20,549
4111571000,남,25,964
4111571000,남,30,917
4111571000,남,35,647
4111571000,남,40,641
4111571000,남,45,587
4111571000,남,50,853
4111571000,남,55,843
4111571000,남,60,832
4111571000,남,65,618
4111571000,남,70,398
4111571000,남,75,320
4111571000,남,80,178
4111571000,남,85,73
4111571000,남,90,20
4111571000,남,95,3
4111571000,남,100,0
4111571000,여,0,128
4111571000,여,5,163
4111571000,여,10,188
4111571000,여,15,289
4111571000,여,20,486
4111571000,여,25,774
4111571000,여,30,736
4111571000,여,35,474
4111571000,여,40,507
4111571000,여,45,558
4111571000,여,50,787
4111571000,여,55,800
4111571000,여,60,914
4111571000,여,65,785
4111571000,여,70,540
4111571000,여,75,447
4111571000,여,80,341
4111571000,여,85,195
4111571000,여,90,65
4111571000,여,95,15
4111571000,여,100,8
4111572000,남,0,180
4111572000,남,5,245
4111572000,남,10,309
4111572000,남,15,454
4111572000,남,20,1016
4111572000,남,25,973
4111572000,남,30,719
4111572000,남,35,506
4111572000,남,40,530
4111572000,남,45,560
4111572000,남,50,695
4111572000,남,55,646
4111572000,남,60,549
4111572000,남,65,420
4111572000,남,70,246
4111572000,남,75,157
4111572000,남,80,98
4111572000,남,85,53
4111572000,남,90,15
4111572000,남,95,3
4111572000,남,100,0
4111572000,여,0,152
4111572000,여,5,263
4111572000,여,10,306
4111572000,여,15,358
4111572000,여,20,816
4111572000,여,25,806
4111572000,여,30,583
4111572000,여,35,455
4111572000,여,40,544
4111572000,여,45,642
4111572000,여,50,761
4111572000,여,55,666
4111572000,여,60,664
4111572000,여,65,480
4111572000,여,70,288
4111572000,여,75,229
4111572000,여,80,174
4111572000,여,85,101
4111572000,여,90,50
4111572000,여,95,13
4111572000,여,100,1
4111573000,남,0,637
4111573000,남,5,705
4111573000,남,10,708
4111573000,남,15,809
4111573000,남,20,1314
4111573000,남,25,2633
4111573000,남,30,2942
4111573000,남,35,2063
4111573000,남,40,1960
4111573000,남,45,1717
4111573000,남,50,1895
4111573000,남,55,1561
4111573000,남,60,1318
4111573000,남,65,990
4111573000,남,70,598
4111573000,남,75,421
4111573000,남,80,265
4111573000,남,85,119
4111573000,남,90,39
4111573000,남,95,6
4111573000,남,100,1
4111573000,여,0,562
4111573000,여,5,667
4111573000,여,10,717
4111573000,여,15,805
4111573000,여,20,1571
4111573000,여,25,2905
4111573000,여,30,2356
4111573000,여,35,1696
4111573000,여,40,1741
4111573000,여,45,1629
4111573000,여,50,1753
4111573000,여,55,1501
4111573000,여,60,1389
4111573000,여,65,1082
4111573000,여,70,685
4111573000,여,75,502
4111573000,여,80,416
4111573000,여,85,260
4111573000,여,90,92
4111573000,여,95,28
4111573000,여,100,3
4111574000,남,0,48
4111574000,남,5,60
4111574000,남,10,63
4111574000,남,15,108
4111574000,남,20,201
4111574000,남,25,385
4111574000,남,30,377
4111574000,남,35,278
4111574000,남,40,301
4111574000,남,45,339
4111574000,남,50,478
4111574000,남,55,462
4111574000,남,60,558
4111574000,남,65,446
4111574000,남,70,299
4111574000,남,75,220
4111574000,남,80,153
4111574000,남,85,70
4111574000,남,90,19
4111574000,남,95,4
4111574000,남,100,0
4111574000,여,0,37
4111574000,여,5,52
4111574000,여,10,66
4111574000,여,15,97
4111574000,여,20,254
4111574000,여,25,466
4111574000,여,30,278
4111574000,여,35,201
4111574000,여,40,208
4111574000,여,45,239
4111574000,여,50,280
4111574000,여,55,362
4111574000,여,60,441
4111574000,여,65,426
4111574000,여,70,326
4111574000,여,75,249
4111574000,여,80,226
4111574000,여,85,114
4111574000,여,90,44
4111574000,여,95,11
4111574000,여,100,3
4111751000,남,0,142
4111751000,남,5,149
4111751000,남,10,277
4111751000,남,15,312
4111751000,남,20,508
4111751000,남,25,539
4111751000,남,30,440
4111751000,남,35,318
4111751000,남,40,460
4111751000,남,45,437
4111751000,남,50,551
4111751000,남,55,517
4111751000,남,60,420
4111751000,남,65,321
4111751000,남,70,183
4111751000,남,75,153
4111751000,남,80,84
4111751000,남,85,30
4111751000,남,90,10
4111751000,남,95,0
4111751000,남,100,0
4111751000,여,0,129
4111751000,여,5,187
4111751000,여,10,229
4111751000,여,15,311
4111751000,여,20,422
4111751000,여,25,400
4111751000,여,30,348
4111751000,여,35,318
4111751000,여,40,423
4111751000,여,45,490
4111751000,여,50,567
4111751000,여,55,499
4111751000,여,60,423
4111751000,여,65,366
4111751000,여,70,220
4111751000,여,75,169
4111751000,여,80,106
4111751000,여,85,59
4111751000,여,90,23
4111751000,여,95,5
4111751000,여,100,0
4111752000,남,0,114
4111752000,남,5,206
4111752000,남,10,286
4111752000,남,15,358
4111752000,남,20,438
4111752000,남,25,591
4111752000,남,30,580
4111752000,남,35,404
4111752000,남,40,498
4111752000,남,45,493
4111752000,남,50,665
4111752000,남,55,567
4111752000,남,60,588
4111752000,남,65,463
4111752000,남,70,252
4111752000,남,75,181
4111752000,남,80,115
4111752000,남,85,44
4111752000,남,90,8
4111752000,남,95,1
4111752000,남,100,1
4111752000,여,0,112
4111752000,여,5,172
4111752000,여,10,248
4111752000,여,15,309
4111752000,여,20,412
4111752000,여,25,559
4111752000,여,30,503
4111752000,여,35,332
4111752000,여,40,484
4111752000,여,45,487
4111752000,여,50,652
4111752000,여,55,662
4111752000,여,60,637
4111752000,여,65,451
4111752000,여,70,302
4111752000,여,75,205
4111752000,여,80,175
4111752000,여,85,104
4111752000,여,90,37
4111752000,여,95,10
4111752000,여,100,4
4111753000,남,0,361
4111753000,남,5,634
4111753000,남,10,926
4111753000,남,15,1015
4111753000,남,20,1247
4111753000,남,25,2041
4111753000,남,30,1852
4111753000,남,35,1191
4111753000,남,40,1346
4111753000,남,45,1475
4111753000,남,50,1662
4111753000,남,55,1370
4111753000,남,60,1073
4111753000,남,65,711
4111753000,남,70,373
4111753000,남,75,259
4111753000,남,80,161
4111753000,남,85,80
4111753000,남,90,20
4111753000,남,95,1
4111753000,남,100,0
4111753000,여,0,335
4111753000,여,5,591
4111753000,여,10,894
4111753000,여,15,1040
4111753000,여,20,1134
4111753000,여,25,1403
4111753000,여,30,1257
4111753000,여,35,993
4111753000,여,40,1352
4111753000,여,45,1517
4111753000,여,50,1626
4111753000,여,55,1332
4111753000,여,60,1044
4111753000,여,65,711
4111753000,여,70,424
4111753000,여,75,327
4111753000,여,80,261
4111753000,여,85,157
4111753000,여,90,76
4111753000,여,95,11
4111753000,여,100,2
4111754000,남,0,176
4111754000,남,5,228
4111754000,남,10,369
4111754000,남,15,498
4111754000,남,20,709
4111754000,남,25,977
4111754000,남,30,991
4111754000,남,35,681
4111754000,남,40,669
4111754000,남,45,679
4111754000,남,50,918
4111754000,남,55,804
4111754000,남,60,758
4111754000,남,65,552
4111754000,남,70,311
4111754000,남,75,196
4111754000,남,80,119
4111754000,남,85,61
4111754000,남,90,12
4111754000,남,95,3
4111754000,남,100,0
4111754000,여,0,173
4111754000,여,5,210
4111754000,여,10,323
4111754000,여,15,476
4111754000,여,20,645
4111754000,여,25,906
4111754000,여,30,792
4111754000,여,35,579
4111754000,여,40,688
4111754000,여,45,812
4111754000,여,50,1053
4111754000,여,55,921
4111754000,여,60,913
4111754000,여,65,638
4111754000,여,70,376
4111754000,여,75,299
4111754000,여,80,238
4111754000,여,85,142
4111754000,여,90,61
4111754000,여,95,12
4111754000,여,100,2
4111755000,남,0,847
4111755000,남,5,1388
4111755000,남,10,1490
4111755000,남,15,1073
4111755000,남,20,1433
4111755000,남,25,2007
4111755000,남,30,2095
4111755000,남,35,1972
4111755000,남,40,2479
4111755000,남,45,2130
4111755000,남,50,1832
4111755000,남,55,1266
4111755000,남,60,1117
4111755000,남,65,815
4111755000,남,70,460
4111755000,남,75,298
4111755000,남,80,198
4111755000,남,85,78
4111755000,남,90,24
4111755000,남,95,7
4111755000,남,100,0
4111755000,여,0,817
4111755000,여,5,1296
4111755000,여,10,1368
4111755000,여,15,1012
4111755000,여,20,1399
4111755000,여,25,1924
4111755000,여,30,2002
4111755000,여,35,2010
4111755000,여,40,2431
4111755000,여,45,1916
4111755000,여,50,1685
4111755000,여,55,1246
4111755000,여,60,1127
4111755000,여,65,903
4111755000,여,70,523
4111755000,여,75,396
4111755000,여,80,307
4111755000,여,85,188
4111755000,여,90,72
4111755000,여,95,18
4111755000,여,100,2
4111757000,남,0,501
4111757000,남,5,743
4111757000,남,10,1035
4111757000,남,15,1081
4111757000,남,20,1023
4111757000,남,25,1113
4111757000,남,30,1445
4111757000,남,35,1138
4111757000,남,40,1268
4111757000,남,45,1412
4111757000,남,50,1600
4111757000,남,55,1250
4111757000,남,60,1113
4111757000,남,65,617
4111757000,남,70,289
4111757000,남,75,219
4111757000,남,80,147
4111757000,남,85,78
4111757000,남,90,28
4111757000,남,95,2
4111757000,남,100,1
4111757000,여,0,484
4111757000,여,5,660
4111757000,여,10,925
4111757000,여,15,1044
4111757000,여,20,987
4111757000,여,25,1139
4111757000,여,30,1426
4111757000,여,35,1187
4111757000,여,40,1444
4111757000,여,45,1588
4111757000,여,50,1742
4111757000,여,55,1385
4111757000,여,60,1064
4111757000,여,65,604
4111757000,여,70,357
4111757000,여,75,308
4111757000,여,80,254
4111757000,여,85,170
4111757000,여,90,63
4111757000,여,95,9
4111757000,여,100,3
4111758000,남,0,519
4111758000,남,5,405
4111758000,남,10,458
4111758000,남,15,498
4111758000,남,20,752
4111758000,남,25,2071
4111758000,남,30,2451
4111758000,남,35,1459
4111758000,남,40,1059
4111758000,남,45,895
4111758000,남,50,916
4111758000,남,55,778
4111758000,남,60,574
4111758000,남,65,300
4111758000,남,70,131
4111758000,남,75,105
4111758000,남,80,77
4111758000,남,85,38
4111758000,남,90,10
4111758000,남,95,3
4111758000,남,100,1
4111758000,여,0,491
4111758000,여,5,386
4111758000,여,10,411
4111758000,여,15,470
4111758000,여,20,788
4111758000,여,25,1472
4111758000,여,30,1663
4111758000,여,35,1162
4111758000,여,40,915
4111758000,여,45,879
4111758000,여,50,932
4111758000,여,55,763
4111758000,여,60,489
4111758000,여,65,298
4111758000,여,70,175
4111758000,여,75,170
4111758000,여,80,160
4111758000,여,85,78
4111758000,여,90,32
4111758000,여,95,10
4111758000,여,100,2
4111758500,남,0,359
4111758500,남,5,559
4111758500,남,10,910
4111758500,남,15,1002
4111758500,남,20,1740
4111758500,남,25,1881
4111758500,남,30,1412
4111758500,남,35,956
4111758500,남,40,1046
4111758500,남,45,1326
4111758500,남,50,1527
4111758500,남,55,1213
4111758500,남,60,1071
4111758500,남,65,624
4111758500,남,70,252
4111758500,남,75,161
4111758500,남,80,136
4111758500,남,85,63
4111758500,남,90,22
4111758500,남,95,3
4111758500,남,100,1
4111758500,여,0,321
4111758500,여,5,525
4111758500,여,10,904
4111758500,여,15,960
4111758500,여,20,1561
4111758500,여,25,1331
4111758500,여,30,1101
4111758500,여,35,864
4111758500,여,40,1163
4111758500,여,45,1443
4111758500,여,50,1529
4111758500,여,55,1255
4111758500,여,60,939
4111758500,여,65,495
4111758500,여,70,258
4111758500,여,75,226
4111758500,여,80,174
4111758500,여,85,130
4111758500,여,90,59
4111758500,여,95,14
4111758500,여,100,3
4111759300,남,0,639
4111759300,남,5,915
4111759300,남,10,1022
4111759300,남,15,930
4111759300,남,20,934
4111759300,남,25,1145
4111759300,남,30,1305
4111759300,남,35,1345
4111759300,남,40,1465
4111759300,남,45,1307
4111759300,남,50,1394
4111759300,남,55,1179
4111759300,남,60,1036
4111759300,남,65,558
4111759300,남,70,301
4111759300,남,75,154
4111759300,남,80,103
4111759300,남,85,52
4111759300,남,90,15
4111759300,남,95,3
4111759300,남,100,1
4111759300,여,0,629
4111759300,여,5,891
4111759300,여,10,974
4111759300,여,15,912
4111759300,여,20,888
4111759300,여,25,931
4111759300,여,30,1223
4111759300,여,35,1336
4111759300,여,40,1531
4111759300,여,45,1399
4111759300,여,50,1402
4111759300,여,55,1272
4111759300,여,60,937
4111759300,여,65,501
4111759300,여,70,269
4111759300,여,75,232
4111759300,여,80,187
4111759300,여,85,121
4111759300,여,90,45
4111759300,여,95,15
4111759300,여,100,2
4111759600,남,0,1017
4111759600,남,5,1527
4111759600,남,10,1293
4111759600,남,15,958
4111759600,남,20,772
4111759600,남,25,760
4111759600,남,30,1025
4111759600,남,35,1754
4111759600,남,40,2174
4111759600,남,45,1601
4111759600,남,50,1269
4111759600,남,55,909
4111759600,남,60,739
4111759600,남,65,414
4111759600,남,70,206
4111759600,남,75,141
4111759600,남,80,74
4111759600,남,85,34
4111759600,남,90,8
4111759600,남,95,2
4111759600,남,100,1
4111759600,여,0,934
4111759600,여,5,1409
4111759600,여,10,1254
4111759600,여,15,814
4111759600,여,20,728
4111759600,여,25,795
4111759600,여,30,1335
4111759600,여,35,1914
4111759600,여,40,2159
4111759600,여,45,1501
4111759600,여,50,1250
4111759600,여,55,971
4111759600,여,60,718
4111759600,여,65,416
4111759600,여,70,238
4111759600,여,75,129
4111759600,여,80,133
4111759600,여,85,74
4111759600,여,90,30
4111759600,여,95,9
4111759600,여,100,2
4111760000,남,0,720
4111760000,남,5,1471
4111760000,남,10,1898
4111760000,남,15,1596
4111760000,남,20,1605
4111760000,남,25,2232
4111760000,남,30,2472
4111760000,남,35,1918
4111760000,남,40,2427
4111760000,남,45,2421
4111760000,남,50,2306
4111760000,남,55,1768
4111760000,남,60,1421
4111760000,남,65,840
4111760000,남,70,410
4111760000,남,75,254
4111760000,남,80,157
4111760000,남,85,74
4111760000,남,90,19
4111760000,남,95,2
4111760000,남,100,1
4111760000,여,0,677
4111760000,여,5,1314
4111760000,여,10,1704
4111760000,여,15,1556
4111760000,여,20,1939
4111760000,여,25,2782
4111760000,여,30,2638
4111760000,여,35,2130
4111760000,여,40,2773
4111760000,여,45,2551
4111760000,여,50,2340
4111760000,여,55,1666
4111760000,여,60,1245
4111760000,여,65,759
4111760000,여,70,414
4111760000,여,75,303
4111760000,여,80,184
4111760000,여,85,140
4111760000,여,90,55
4111760000,여,95,21
4111760000,여,100,3
4111761000,남,0,643
4111761000,남,5,681
4111761000,남,10,823
4111761000,남,15,753
4111761000,남,20,645
4111761000,남,25,726
4111761000,남,30,1085
4111761000,남,35,1264
4111761000,남,40,1478
4111761000,남,45,1273
4111761000,남,50,1075
4111761000,남,55,923
4111761000,남,60,859
4111761000,남,65,609
4111761000,남,70,387
4111761000,남,75,253
4111761000,남,80,131
4111761000,남,85,63
4111761000,남,90,15
4111761000,남,95,5
4111761000,남,100,1
4111761000,여,0,637
4111761000,여,5,644
4111761000,여,10,753
4111761000,여,15,707
4111761000,여,20,650
4111761000,여,25,769
4111761000,여,30,1322
4111761000,여,35,1295
4111761000,여,40,1530
4111761000,여,45,1249
4111761000,여,50,1250
4111761000,여,55,1130
4111761000,여,60,965
4111761000,여,65,745
4111761000,여,70,439
4111761000,여,75,323
4111761000,여,80,216
4111761000,여,85,128
4111761000,여,90,50
4111761000,여,95,16
4111761000,여,100,2
4113151000,남,0,60
4113151000,남,5,100
4113151000,남,10,126
4113151000,남,15,176
4113151000,남,20,307
4113151000,남,25,561
4113151000,남,30,605
4113151000,남,35,390
4113151000,남,40,465
4113151000,남,45,541
4113151000,남,50,701
4113151000,남,55,624
4113151000,남,60,703
4113151000,남,65,552
4113151000,남,70,308
4113151000,남,75,201
4113151000,남,80,147
4113151000,남,85,44
4113151000,남,90,9
4113151000,남,95,2
4113151000,남,100,0
4113151000,여,0,58
4113151000,여,5,90
4113151000,여,10,113
4113151000,여,15,169
4113151000,여,20,267
4113151000,여,25,474
4113151000,여,30,368
4113151000,여,35,293
4113151000,여,40,348
4113151000,여,45,331
4113151000,여,50,537
4113151000,여,55,490
4113151000,여,60,641
4113151000,여,65,584
4113151000,여,70,362
4113151000,여,75,305
4113151000,여,80,223
4113151000,여,85,123
4113151000,여,90,43
4113151000,여,95,7
4113151000,여,100,0
4113152000,남,0,823
4113152000,남,5,703
4113152000,남,10,535
4113152000,남,15,557
4113152000,남,20,761
4113152000,남,25,944
4113152000,남,30,1334
4113152000,남,35,1637
4113152000,남,40,1471
4113152000,남,45,1027
4113152000,남,50,1130
4113152000,남,55,1099
4113152000,남,60,1100
4113152000,남,65,897
4113152000,남,70,552
4113152000,남,75,367
4113152000,남,80,194
4113152000,남,85,67
4113152000,남,90,17
4113152000,남,95,3
4113152000,남,100,0
4113152000,여,0,799
4113152000,여,5,687
4113152000,여,10,530
4113152000,여,15,570
4113152000,여,20,756
4113152000,여,25,919
4113152000,여,30,1540
4113152000,여,35,1544
4113152000,여,40,1338
4113152000,여,45,1050
4113152000,여,50,1337
4113152000,여,55,1260
4113152000,여,60,1241
4113152000,여,65,1011
4113152000,여,70,630
4113152000,여,75,397
4113152000,여,80,246
4113152000,여,85,129
4113152000,여,90,61
4113152000,여,95,16
4113152000,여,100,3
4113153000,남,0,76
4113153000,남,5,76
4113153000,남,10,109
4113153000,남,15,150
4113153000,남,20,286
4113153000,남,25,489
4113153000,남,30,523
4113153000,남,35,374
4113153000,남,40,417
4113153000,남,45,433
4113153000,남,50,607
4113153000,남,55,581
4113153000,남,60,609
4113153000,남,65,450
4113153000,남,70,262
4113153000,남,75,188
4113153000,남,80,132
4113153000,남,85,40
4113153000,남,90,11
4113153000,남,95,2
4113153000,남,100,0
4113153000,여,0,69
4113153000,여,5,84
4113153000,여,10,112
4113153000,여,15,136
4113153000,여,20,285
4113153000,여,25,388
4113153000,여,30,381
4113153000,여,35,255
4113153000,여,40,302
4113153000,여,45,328
4113153000,여,50,442
4113153000,여,55,435
4113153000,여,60,527
4113153000,여,65,431
4113153000,여,70,306
4113153000,여,75,242
4113153000,여,80,180
4113153000,여,85,82
4113153000,여,90,35
4113153000,여,95,6
4113153000,여,100,0
4113154000,남,0,83
4113154000,남,5,83
4113154000,남,10,137
4113154000,남,15,213
4113154000,남,20,509
4113154000,남,25,759
4113154000,남,30,641
4113154000,남,35,501
4113154000,남,40,489
4113154000,남,45,495
4113154000,남,50,619
4113154000,남,55,650
4113154000,남,60,643
4113154000,남,65,550
4113154000,남,70,364
4113154000,남,75,292
4113154000,남,80,204
4113154000,남,85,79
4113154000,남,90,15
4113154000,남,95,2
4113154000,남,100,0
4113154000,여,0,92
4113154000,여,5,98
4113154000,여,10,120
4113154000,여,15,171
4113154000,여,20,522
4113154000,여,25,608
4113154000,여,30,498
4113154000,여,35,315
4113154000,여,40,409
4113154000,여,45,377
4113154000,여,50,517
4113154000,여,55,588
4113154000,여,60,628
4113154000,여,65,551
4113154000,여,70,463
4113154000,여,75,388
4113154000,여,80,278
4113154000,여,85,126
4113154000,여,90,46
4113154000,여,95,9
4113154000,여,100,3
4113155000,남,0,107
4113155000,남,5,135
4113155000,남,10,171
4113155000,남,15,261
4113155000,남,20,429
4113155000,남,25,671
4113155000,남,30,645
4113155000,남,35,469
4113155000,남,40,496
4113155000,남,45,476
4113155000,남,50,631
4113155000,남,55,680
4113155000,남,60,631
4113155000,남,65,539
4113155000,남,70,332
4113155000,남,75,229
4113155000,남,80,182
4113155000,남,85,52
4113155000,남,90,13
4113155000,남,95,1
4113155000,남,100,0
4113155000,여,0,117
4113155000,여,5,154
4113155000,여,10,170
4113155000,여,15,223
4113155000,여,20,372
4113155000,여,25,545
4113155000,여,30,536
4113155000,여,35,378
4113155000,여,40,403
4113155000,여,45,428
4113155000,여,50,591
4113155000,여,55,662
4113155000,여,60,630
4113155000,여,65,576
4113155000,여,70,413
4113155000,여,75,333
4113155000,여,80,266
4113155000,여,85,156
4113155000,여,90,50
4113155000,여,95,10
4113155000,여,100,6
4113156000,남,0,75
4113156000,남,5,110
4113156000,남,10,167
4113156000,남,15,195
4113156000,남,20,348
4113156000,남,25,522
4113156000,남,30,548
4113156000,남,35,356
4113156000,남,40,408
4113156000,남,45,412
4113156000,남,50,576
4113156000,남,55,630
4113156000,남,60,669
4113156000,남,65,529
4113156000,남,70,332
4113156000,남,75,217
4113156000,남,80,124
4113156000,남,85,56
4113156000,남,90,12
4113156000,남,95,4
4113156000,남,100,0
4113156000,여,0,77
4113156000,여,5,119
4113156000,여,10,174
4113156000,여,15,199
4113156000,여,20,293
4113156000,여,25,385
4113156000,여,30,365
4113156000,여,35,311
4113156000,여,40,354
4113156000,여,45,387
4113156000,여,50,535
4113156000,여,55,568
4113156000,여,60,601
4113156000,여,65,533
4113156000,여,70,355
4113156000,여,75,313
4113156000,여,80,218
4113156000,여,85,120
4113156000,여,90,38
4113156000,여,95,5
4113156000,여,100,0
4113156100,남,0,60
4113156100,남,5,132
4113156100,남,10,193
4113156100,남,15,251
4113156100,남,20,351
4113156100,남,25,543
4113156100,남,30,502
4113156100,남,35,326
4113156100,남,40,393
4113156100,남,45,416
4113156100,남,50,575
4113156100,남,55,540
4113156100,남,60,540
4113156100,남,65,415
4113156100,남,70,254
4113156100,남,75,194
4113156100,남,80,132
4113156100,남,85,65
4113156100,남,90,19
4113156100,남,95,1
4113156100,남,100,0
4113156100,여,0,59
4113156100,여,5,103
4113156100,여,10,188
4113156100,여,15,208
4113156100,여,20,359
4113156100,여,25,428
4113156100,여,30,343
4113156100,여,35,255
4113156100,여,40,350
4113156100,여,45,364
4113156100,여,50,529
4113156100,여,55,490
4113156100,여,60,491
4113156100,여,65,438
4113156100,여,70,302
4113156100,여,75,262
4113156100,여,80,219
4113156100,여,85,114
4113156100,여,90,38
4113156100,여,95,9
4113156100,여,100,1
4113157000,남,0,60
4113157000,남,5,57
4113157000,남,10,105
4113157000,남,15,172
4113157000,남,20,283
4113157000,남,25,473
4113157000,남,30,491
4113157000,남,35,344
4113157000,남,40,376
4113157000,남,45,385
4113157000,남,50,563
4113157000,남,55,655
4113157000,남,60,673
4113157000,남,65,544
4113157000,남,70,354
4113157000,남,75,221
4113157000,남,80,146
4113157000,남,85,49
4113157000,남,90,9
4113157000,남,95,4
4113157000,남,100,0
4113157000,여,0,42
4113157000,여,5,66
4113157000,여,10,116
4113157000,여,15,117
4113157000,여,20,222
4113157000,여,25,361
4113157000,여,30,323
4113157000,여,35,237
4113157000,여,40,249
4113157000,여,45,301
4113157000,여,50,492
4113157000,여,55,517
4113157000,여,60,614
4113157000,여,65,573
4113157000,여,70,391
4113157000,여,75,300
4113157000,여,80,240
4113157000,여,85,112
4113157000,여,90,39
4113157000,여,95,8
4113157000,여,100,2
4113158000,남,0,120
4113158000,남,5,141
4113158000,남,10,185
4113158000,남,15,255
4113158000,남,20,387
4113158000,남,25,644
4113158000,남,30,657
4113158000,남,35,446
4113158000,남,40,478
4113158000,남,45,503
4113158000,남,50,628
4113158000,남,55,679
4113158000,남,60,745
4113158000,남,65,633
4113158000,남,70,408
4113158000,남,75,335
4113158000,남,80,196
4113158000,남,85,84
4113158000,남,90,18
4113158000,남,95,2
4113158000,남,100,2
4113158000,여,0,82
4113158000,여,5,148
4113158000,여,10,207
4113158000,여,15,226
4113158000,여,20,378
4113158000,여,25,547
4113158000,여,30,460
4113158000,여,35,342
4113158000,여,40,423
4113158000,여,45,486
4113158000,여,50,572
4113158000,여,55,646
4113158000,여,60,779
4113158000,여,65,666
4113158000,여,70,489
4113158000,여,75,395
4113158000,여,80,258
4113158000,여,85,129
4113158000,여,90,39
4113158000,여,95,9
4113158000,여,100,1
4113159000,남,0,182
4113159000,남,5,200
4113159000,남,10,290
4113159000,남,15,299
4113159000,남,20,368
4113159000,남,25,515
4113159000,남,30,569
4113159000,남,35,505
4113159000,남,40,562
4113159000,남,45,518
4113159000,남,50,618
4113159000,남,55,614
4113159000,남,60,617
4113159000,남,65,508
4113159000,남,70,302
4113159000,남,75,246
4113159000,남,80,132
4113159000,남,85,80
4113159000,남,90,10
4113159000,남,95,3
4113159000,남,100,0
4113159000,여,0,142
4113159000,여,5,215
4113159000,여,10,250
4113159000,여,15,258
4113159000,여,20,364
4113159000,여,25,511
4113159000,여,30,492
4113159000,여,35,439
4113159000,여,40,507
4113159000,여,45,486
4113159000,여,50,629
4113159000,여,55,645
4113159000,여,60,681
4113159000,여,65,549
4113159000,여,70,412
4113159000,여,75,342
4113159000,여,80,214
4113159000,여,85,142
4113159000,여,90,37
4113159000,여,95,18
4113159000,여,100,1
4113160000,남,0,42
4113160000,남,5,60
4113160000,남,10,96
4113160000,남,15,104
4113160000,남,20,124
4113160000,남,25,187
4113160000,남,30,167
4113160000,남,35,127
4113160000,남,40,180
4113160000,남,45,180
4113160000,남,50,239
4113160000,남,55,182
4113160000,남,60,206
4113160000,남,65,165
4113160000,남,70,112
4113160000,남,75,94
4113160000,남,80,59
4113160000,남,85,36
4113160000,남,90,2
4113160000,남,95,0
4113160000,남,100,0
4113160000,여,0,39
4113160000,여,5,53
4113160000,여,10,70
4113160000,여,15,111
4113160000,여,20,116
4113160000,여,25,146
4113160000,여,30,127
4113160000,여,35,108
4113160000,여,40,153
4113160000,여,45,158
4113160000,여,50,208
4113160000,여,55,202
4113160000,여,60,208
4113160000,여,65,199
4113160000,여,70,145
4113160000,여,75,116
4113160000,여,80,97
4113160000,여,85,33
4113160000,여,90,13
4113160000,여,95,4
4113160000,여,100,1
4113161000,남,0,43
4113161000,남,5,120
4113161000,남,10,177
4113161000,남,15,197
4113161000,남,20,312
4113161000,남,25,332
4113161000,남,30,304
4113161000,남,35,221
4113161000,남,40,324
4113161000,남,45,353
4113161000,남,50,465
4113161000,남,55,421
4113161000,남,60,418
4113161000,남,65,321
4113161000,남,70,235
4113161000,남,75,162
4113161000,남,80,111
4113161000,남,85,49
4113161000,남,90,14
4113161000,남,95,1
4113161000,남,100,1
4113161000,여,0,59
4113161000,여,5,106
4113161000,여,10,163
4113161000,여,15,213
4113161000,여,20,313
4113161000,여,25,296
4113161000,여,30,244
4113161000,여,35,190
4113161000,여,40,293
4113161000,여,45,350
4113161000,여,50,412
4113161000,여,55,443
4113161000,여,60,436
4113161000,여,65,353
4113161000,여,70,268
4113161000,여,75,228
4113161000,여,80,160
4113161000,여,85,92
4113161000,여,90,25
4113161000,여,95,8
4113161000,여,100,2
4113162000,남,0,101
4113162000,남,5,116
4113162000,남,10,84
4113162000,남,15,181
4113162000,남,20,603
4113162000,남,25,689
4113162000,남,30,651
4113162000,남,35,573
4113162000,남,40,546
4113162000,남,45,477
4113162000,남,50,516
4113162000,남,55,371
4113162000,남,60,305
4113162000,남,65,246
4113162000,남,70,147
4113162000,남,75,121
4113162000,남,80,61
4113162000,남,85,20
4113162000,남,90,5
4113162000,남,95,0
4113162000,남,100,0
4113162000,여,0,106
4113162000,여,5,112
4113162000,여,10,79
4113162000,여,15,146
4113162000,여,20,525
4113162000,여,25,480
4113162000,여,30,428
4113162000,여,35,366
4113162000,여,40,361
4113162000,여,45,325
4113162000,여,50,331
4113162000,여,55,309
4113162000,여,60,281
4113162000,여,65,256
4113162000,여,70,152
4113162000,여,75,117
4113162000,여,80,69
4113162000,여,85,25
4113162000,여,90,21
4113162000,여,95,8
4113162000,여,100,3
4113162500,남,0,961
4113162500,남,5,1317
4113162500,남,10,1369
4113162500,남,15,918
4113162500,남,20,961
4113162500,남,25,1246
4113162500,남,30,1648
4113162500,남,35,1810
4113162500,남,40,2248
4113162500,남,45,1915
4113162500,남,50,1733
4113162500,남,55,1595
4113162500,남,60,1535
4113162500,남,65,1375
4113162500,남,70,787
4113162500,남,75,460
4113162500,남,80,264
4113162500,남,85,81
4113162500,남,90,31
4113162500,남,95,7
4113162500,남,100,1
4113162500,여,0,905
4113162500,여,5,1295
4113162500,여,10,1368
4113162500,여,15,1028
4113162500,여,20,966
4113162500,여,25,1362
4113162500,여,30,1924
4113162500,여,35,1946
4113162500,여,40,2404
4113162500,여,45,1812
4113162500,여,50,1793
4113162500,여,55,1695
4113162500,여,60,1660
4113162500,여,65,1400
4113162500,여,70,794
4113162500,여,75,513
4113162500,여,80,332
4113162500,여,85,242
4113162500,여,90,131
4113162500,여,95,21
4113162500,여,100,4
4113163000,남,0,111
4113163000,남,5,106
4113163000,남,10,112
4113163000,남,15,112
4113163000,남,20,200
4113163000,남,25,271
4113163000,남,30,275
4113163000,남,35,190
4113163000,남,40,201
4113163000,남,45,166
4113163000,남,50,188
4113163000,남,55,110
4113163000,남,60,127
4113163000,남,65,102
4113163000,남,70,72
4113163000,남,75,42
4113163000,남,80,33
4113163000,남,85,11
4113163000,남,90,3
4113163000,남,95,1
4113163000,남,100,1
4113163000,여,0,100
4113163000,여,5,129
4113163000,여,10,120
4113163000,여,15,94
4113163000,여,20,101
4113163000,여,25,158
4113163000,여,30,218
4113163000,여,35,188
4113163000,여,40,157
4113163000,여,45,139
4113163000,여,50,167
4113163000,여,55,127
4113163000,여,60,149
4113163000,여,65,115
4113163000,여,70,71
4113163000,여,75,49
4113163000,여,80,40
4113163000,여,85,20
4113163000,여,90,10
4113163000,여,95,4
4113163000,여,100,0
4113164000,남,0,355
4113164000,남,5,307
4113164000,남,10,167
4113164000,남,15,180
4113164000,남,20,258
4113164000,남,25,373
4113164000,남,30,640
4113164000,남,35,659
4113164000,남,40,576
4113164000,남,45,367
4113164000,남,50,390
4113164000,남,55,390
4113164000,남,60,336
4113164000,남,65,296
4113164000,남,70,206
4113164000,남,75,143
4113164000,남,80,56
4113164000,남,85,16
4113164000,남,90,9
4113164000,남,95,1
4113164000,남,100,0
4113164000,여,0,312
4113164000,여,5,314
4113164000,여,10,193
4113164000,여,15,192
4113164000,여,20,267
4113164000,여,25,419
4113164000,여,30,673
4113164000,여,35,659
4113164000,여,40,516
4113164000,여,45,385
4113164000,여,50,423
4113164000,여,55,379
4113164000,여,60,345
4113164000,여,65,328
4113164000,여,70,201
4113164000,여,75,157
4113164000,여,80,112
4113164000,여,85,59
4113164000,여,90,29
4113164000,여,95,8
4113164000,여,100,1
4113165000,남,0,35
4113165000,남,5,29
4113165000,남,10,32
4113165000,남,15,31
4113165000,남,20,85
4113165000,남,25,253
4113165000,남,30,278
4113165000,남,35,168
4113165000,남,40,139
4113165000,남,45,95
4113165000,남,50,109
4113165000,남,55,109
4113165000,남,60,122
4113165000,남,65,123
4113165000,남,70,80
4113165000,남,75,64
4113165000,남,80,37
4113165000,남,85,11
4113165000,남,90,3
4113165000,남,95,2
4113165000,남,100,0
4113165000,여,0,40
4113165000,여,5,32
4113165000,여,10,26
4113165000,여,15,28
4113165000,여,20,74
4113165000,여,25,213
4113165000,여,30,217
4113165000,여,35,104
4113165000,여,40,113
4113165000,여,45,77
4113165000,여,50,104
4113165000,여,55,96
4113165000,여,60,124
4113165000,여,65,123
4113165000,여,70,77
4113165000,여,75,74
4113165000,여,80,37
4113165000,여,85,28
4113165000,여,90,7
4113165000,여,95,2
4113165000,여,100,0
4113351000,남,0,255
4113351000,남,5,259
4113351000,남,10,373
4113351000,남,15,526
4113351000,남,20,844
4113351000,남,25,1855
4113351000,남,30,1976
4113351000,남,35,1324
4113351000,남,40,1203
4113351000,남,45,1166
4113351000,남,50,1384
4113351000,남,55,1388
4113351000,남,60,1396
4113351000,남,65,1203
4113351000,남,70,724
4113351000,남,75,537
4113351000,남,80,388
4113351000,남,85,137
4113351000,남,90,32
4113351000,남,95,7
4113351000,남,100,1
4113351000,여,0,252
4113351000,여,5,276
4113351000,여,10,367
4113351000,여,15,483
4113351000,여,20,833
4113351000,여,25,1647
4113351000,여,30,1399
4113351000,여,35,914
4113351000,여,40,1020
4113351000,여,45,935
4113351000,여,50,1207
4113351000,여,55,1241
4113351000,여,60,1327
4113351000,여,65,1175
4113351000,여,70,804
4113351000,여,75,663
4113351000,여,80,507
4113351000,여,85,280
4113351000,여,90,102
4113351000,여,95,20
4113351000,여,100,2
4113352500,남,0,356
4113352500,남,5,371
4113352500,남,10,295
4113352500,남,15,284
4113352500,남,20,420
4113352500,남,25,434
4113352500,남,30,646
4113352500,남,35,769
4113352500,남,40,869
4113352500,남,45,665
4113352500,남,50,747
4113352500,남,55,680
4113352500,남,60,694
4113352500,남,65,539
4113352500,남,70,365
4113352500,남,75,244
4113352500,남,80,153
4113352500,남,85,64
4113352500,남,90,12
4113352500,남,95,3
4113352500,남,100,0
4113352500,여,0,351
4113352500,여,5,365
4113352500,여,10,282
4113352500,여,15,267
4113352500,여,20,343
4113352500,여,25,429
4113352500,여,30,621
4113352500,여,35,719
4113352500,여,40,715
4113352500,여,45,576
4113352500,여,50,617
4113352500,여,55,675
4113352500,여,60,643
4113352500,여,65,603
4113352500,여,70,389
4113352500,여,75,316
4113352500,여,80,205
4113352500,여,85,97
4113352500,여,90,42
4113352500,여,95,11
4113352500,여,100,2
4113353000,남,0,579
4113353000,남,5,543
4113353000,남,10,282
4113353000,남,15,271
4113353000,남,20,363
4113353000,남,25,532
4113353000,남,30,945
4113353000,남,35,1296
4113353000,남,40,1173
4113353000,남,45,624
4113353000,남,50,628
4113353000,남,55,602
4113353000,남,60,659
4113353000,남,65,527
4113353000,남,70,310
4113353000,남,75,194
4113353000,남,80,95
4113353000,남,85,40
4113353000,남,90,13
4113353000,남,95,1
4113353000,남,100,0
4113353000,여,0,639
4113353000,여,5,503
4113353000,여,10,289
4113353000,여,15,270
4113353000,여,20,411
4113353000,여,25,597
4113353000,여,30,1053
4113353000,여,35,1168
4113353000,여,40,946
4113353000,여,45,569
4113353000,여,50,672
4113353000,여,55,711
4113353000,여,60,739
4113353000,여,65,578
4113353000,여,70,335
4113353000,여,75,212
4113353000,여,80,146
4113353000,여,85,90
4113353000,여,90,32
4113353000,여,95,9
4113353000,여,100,2
4113354000,남,0,234
4113354000,남,5,295
4113354000,남,10,350
4113354000,남,15,445
4113354000,남,20,700
4113354000,남,25,922
4113354000,남,30,1039
4113354000,남,35,821
4113354000,남,40,932
4113354000,남,45,862
4113354000,남,50,1083
4113354000,남,55,1049
4113354000,남,60,1091
4113354000,남,65,896
4113354000,남,70,583
4113354000,남,75,395
4113354000,남,80,242
4113354000,남,85,102
4113354000,남,90,17
4113354000,남,95,3
4113354000,남,100,2
4113354000,여,0,246
4113354000,여,5,293
4113354000,여,10,343
4113354000,여,15,452
4113354000,여,20,711
4113354000,여,25,955
4113354000,여,30,934
4113354000,여,35,721
4113354000,여,40,849
4113354000,여,45,841
4113354000,여,50,1036
4113354000,여,55,1077
4113354000,여,60,1096
4113354000,여,65,1026
4113354000,여,70,663
4113354000,여,75,480
4113354000,여,80,346
4113354000,여,85,183
4113354000,여,90,57
4113354000,여,95,18
4113354000,여,100,6
4113355000,남,0,100
4113355000,남,5,130
4113355000,남,10,191
4113355000,남,15,211
4113355000,남,20,296
4113355000,남,25,436
4113355000,남,30,450
4113355000,남,35,309
4113355000,남,40,290
4113355000,남,45,289
4113355000,남,50,441
4113355000,남,55,398
4113355000,남,60,379
4113355000,남,65,308
4113355000,남,70,194
4113355000,남,75,138
4113355000,남,80,90
4113355000,남,85,37
4113355000,남,90,5
4113355000,남,95,1
4113355000,남,100,2
4113355000,여,0,79
4113355000,여,5,108
4113355000,여,10,165
4113355000,여,15,226
4113355000,여,20,321
4113355000,여,25,459
4113355000,여,30,344
4113355000,여,35,260
4113355000,여,40,301
4113355000,여,45,314
4113355000,여,50,414
4113355000,여,55,428
4113355000,여,60,406
4113355000,여,65,334
4113355000,여,70,237
4113355000,여,75,186
4113355000,여,80,131
4113355000,여,85,84
4113355000,여,90,15
4113355000,여,95,8
4113355000,여,100,0
4113356000,남,0,144
4113356000,남,5,232
4113356000,남,10,347
4113356000,남,15,382
4113356000,남,20,638
4113356000,남,25,855
4113356000,남,30,890
4113356000,남,35,654
4113356000,남,40,722
4113356000,남,45,713
4113356000,남,50,984
4113356000,남,55,1029
4113356000,남,60,1012
4113356000,남,65,812
4113356000,남,70,503
4113356000,남,75,375
4113356000,남,80,243
4113356000,남,85,123
4113356000,남,90,22
4113356000,남,95,4
4113356000,남,100,0
4113356000,여,0,144
4113356000,여,5,217
4113356000,여,10,310
4113356000,여,15,391
4113356000,여,20,643
4113356000,여,25,787
4113356000,여,30,732
4113356000,여,35,535
4113356000,여,40,625
4113356000,여,45,697
4113356000,여,50,1019
4113356000,여,55,1047
4113356000,여,60,1072
4113356000,여,65,901
4113356000,여,70,626
4113356000,여,75,540
4113356000,여,80,437
4113356000,여,85,210
4113356000,여,90,74
4113356000,여,95,15
4113356000,여,100,4
4113357000,남,0,235
4113357000,남,5,288
4113357000,남,10,418
4113357000,남,15,395
4113357000,남,20,576
4113357000,남,25,1018
4113357000,남,30,1141
4113357000,남,35,928
4113357000,남,40,967
4113357000,남,45,848
4113357000,남,50,1160
4113357000,남,55,1126
4113357000,남,60,1148
4113357000,남,65,1005
4113357000,남,70,549
4113357000,남,75,374
4113357000,남,80,242
4113357000,남,85,78
4113357000,남,90,21
4113357000,남,95,4
4113357000,남,100,2
4113357000,여,0,257
4113357000,여,5,291
4113357000,여,10,328
4113357000,여,15,386
4113357000,여,20,505
4113357000,여,25,731
4113357000,여,30,837
4113357000,여,35,705
4113357000,여,40,788
4113357000,여,45,700
4113357000,여,50,968
4113357000,여,55,1116
4113357000,여,60,1189
4113357000,여,65,988
4113357000,여,70,637
4113357000,여,75,454
4113357000,여,80,351
4113357000,여,85,170
4113357000,여,90,64
4113357000,여,95,16
4113357000,여,100,4
4113358000,남,0,20
4113358000,남,5,42
4113358000,남,10,42
4113358000,남,15,41
4113358000,남,20,78
4113358000,남,25,116
4113358000,남,30,105
4113358000,남,35,73
4113358000,남,40,100
4113358000,남,45,110
4113358000,남,50,150
4113358000,남,55,217
4113358000,남,60,202
4113358000,남,65,142
4113358000,남,70,65
4113358000,남,75,66
4113358000,남,80,39
4113358000,남,85,11
4113358000,남,90,3
4113358000,남,95,0
4113358000,남,100,1
4113358000,여,0,23
4113358000,여,5,29
4113358000,여,10,43
4113358000,여,15,59
4113358000,여,20,78
4113358000,여,25,95
4113358000,여,30,81
4113358000,여,35,72
4113358000,여,40,89
4113358000,여,45,89
4113358000,여,50,123
4113358000,여,55,151
4113358000,여,60,166
4113358000,여,65,133
4113358000,여,70,77
4113358000,여,75,63
4113358000,여,80,47
4113358000,여,85,27
4113358000,여,90,9
4113358000,여,95,1
4113358000,여,100,1
4113359000,남,0,64
4113359000,남,5,100
4113359000,남,10,161
4113359000,남,15,200
4113359000,남,20,285
4113359000,남,25,456
4113359000,남,30,444
4113359000,남,35,353
4113359000,남,40,410
4113359000,남,45,434
4113359000,남,50,547
4113359000,남,55,614
4113359000,남,60,686
4113359000,남,65,517
4113359000,남,70,358
4113359000,남,75,225
4113359000,남,80,136
4113359000,남,85,43
4113359000,남,90,8
4113359000,남,95,2
4113359000,남,100,0
4113359000,여,0,79
4113359000,여,5,95
4113359000,여,10,170
4113359000,여,15,173
4113359000,여,20,242
4113359000,여,25,354
4113359000,여,30,346
4113359000,여,35,256
4113359000,여,40,303
4113359000,여,45,363
4113359000,여,50,455
4113359000,여,55,550
4113359000,여,60,630
4113359000,여,65,508
4113359000,여,70,364
4113359000,여,75,258
4113359000,여,80,184
4113359000,여,85,115
4113359000,여,90,38
4113359000,여,95,11
4113359000,여,100,5
4113366000,남,0,242
4113366000,남,5,264
4113366000,남,10,389
4113366000,남,15,437
4113366000,남,20,533
4113366000,남,25,775
4113366000,남,30,775
4113366000,남,35,608
4113366000,남,40,685
4113366000,남,45,676
4113366000,남,50,803
4113366000,남,55,870
4113366000,남,60,975
4113366000,남,65,830
4113366000,남,70,443
4113366000,남,75,292
4113366000,남,80,163
4113366000,남,85,65
4113366000,남,90,8
4113366000,남,95,1
4113366000,남,100,0
4113366000,여,0,239
4113366000,여,5,274
4113366000,여,10,345
4113366000,여,15,338
4113366000,여,20,479
4113366000,여,25,647
4113366000,여,30,694
4113366000,여,35,555
4113366000,여,40,594
4113366000,여,45,628
4113366000,여,50,823
4113366000,여,55,956
4113366000,여,60,1072
4113366000,여,65,758
4113366000,여,70,466
4113366000,여,75,318
4113366000,여,80,231
4113366000,여,85,150
4113366000,여,90,52
4113366000,여,95,13
4113366000,여,100,1
4113367000,남,0,414
4113367000,남,5,667
4113367000,남,10,735
4113367000,남,15,706
4113367000,남,20,695
4113367000,남,25,792
4113367000,남,30,831
4113367000,남,35,853
4113367000,남,40,1163
4113367000,남,45,1080
4113367000,남,50,1102
4113367000,남,55,925
4113367000,남,60,895
4113367000,남,65,774
4113367000,남,70,442
4113367000,남,75,350
4113367000,남,80,196
4113367000,남,85,88
4113367000,남,90,18
4113367000,남,95,7
4113367000,남,100,1
4113367000,여,0,379
4113367000,여,5,570
4113367000,여,10,678
4113367000,여,15,647
4113367000,여,20,604
4113367000,여,25,792
4113367000,여,30,832
4113367000,여,35,915
4113367000,여,40,1242
4113367000,여,45,1174
4113367000,여,50,1180
4113367000,여,55,1038
4113367000,여,60,1091
4113367000,여,65,864
4113367000,여,70,528
4113367000,여,75,411
4113367000,여,80,308
4113367000,여,85,154
4113367000,여,90,83
4113367000,여,95,27
4113367000,여,100,0
4113551000,남,0,265
4113551000,남,5,497
4113551000,남,10,658
4113551000,남,15,749
4113551000,남,20,723
4113551000,남,25,969
4113551000,남,30,958
4113551000,남,35,717
4113551000,남,40,883
4113551000,남,45,936
4113551000,남,50,1179
4113551000,남,55,920
4113551000,남,60,831
4113551000,남,65,715
4113551000,남,70,425
4113551000,남,75,316
4113551000,남,80,248
4113551000,남,85,108
4113551000,남,90,39
4113551000,남,95,3
4113551000,남,100,1
4113551000,여,0,263
4113551000,여,5,485
4113551000,여,10,610
4113551000,여,15,667
4113551000,여,20,662
4113551000,여,25,839
4113551000,여,30,787
4113551000,여,35,778
4113551000,여,40,1012
4113551000,여,45,1057
4113551000,여,50,1249
4113551000,여,55,978
4113551000,여,60,946
4113551000,여,65,727
4113551000,여,70,477
4113551000,여,75,376
4113551000,여,80,283
4113551000,여,85,180
4113551000,여,90,105
4113551000,여,95,18
4113551000,여,100,3
4113552000,남,0,157
4113552000,남,5,404
4113552000,남,10,608
4113552000,남,15,512
4113552000,남,20,480
4113552000,남,25,578
4113552000,남,30,616
4113552000,남,35,490
4113552000,남,40,749
4113552000,남,45,814
4113552000,남,50,919
4113552000,남,55,638
4113552000,남,60,463
4113552000,남,65,328
4113552000,남,70,207
4113552000,남,75,170
4113552000,남,80,158
4113552000,남,85,111
4113552000,남,90,42
4113552000,남,95,5
4113552000,남,100,1
4113552000,여,0,139
4113552000,여,5,400
4113552000,여,10,574
4113552000,여,15,498
4113552000,여,20,494
4113552000,여,25,636
4113552000,여,30,632
4113552000,여,35,564
4113552000,여,40,930
4113552000,여,45,977
4113552000,여,50,935
4113552000,여,55,595
4113552000,여,60,456
4113552000,여,65,367
4113552000,여,70,288
4113552000,여,75,260
4113552000,여,80,270
4113552000,여,85,199
4113552000,여,90,88
4113552000,여,95,16
4113552000,여,100,1
4113553000,남,0,86
4113553000,남,5,387
4113553000,남,10,566
4113553000,남,15,414
4113553000,남,20,300
4113553000,남,25,190
4113553000,남,30,132
4113553000,남,35,159
4113553000,남,40,519
4113553000,남,45,613
4113553000,남,50,582
4113553000,남,55,339
4113553000,남,60,232
4113553000,남,65,176
4113553000,남,70,122
4113553000,남,75,100
4113553000,남,80,76
4113553000,남,85,48
4113553000,남,90,13
4113553000,남,95,0
4113553000,남,100,1
4113553000,여,0,87
4113553000,여,5,403
4113553000,여,10,597
4113553000,여,15,420
4113553000,여,20,250
4113553000,여,25,173
4113553000,여,30,126
4113553000,여,35,288
4113553000,여,40,645
4113553000,여,45,658
4113553000,여,50,514
4113553000,여,55,284
4113553000,여,60,219
4113553000,여,65,192
4113553000,여,70,141
4113553000,여,75,133
4113553000,여,80,102
4113553000,여,85,64
4113553000,여,90,36
4113553000,여,95,5
4113553000,여,100,1
4113554000,남,0,88
4113554000,남,5,294
4113554000,남,10,600
4113554000,남,15,579
4113554000,남,20,411
4113554000,남,25,477
4113554000,남,30,391
4113554000,남,35,307
4113554000,남,40,527
4113554000,남,45,718
4113554000,남,50,766
4113554000,남,55,455
4113554000,남,60,367
4113554000,남,65,262
4113554000,남,70,160
4113554000,남,75,101
4113554000,남,80,76
4113554000,남,85,32
4113554000,남,90,7
4113554000,남,95,1
4113554000,남,100,0
4113554000,여,0,83
4113554000,여,5,305
4113554000,여,10,591
4113554000,여,15,503
4113554000,여,20,404
4113554000,여,25,393
4113554000,여,30,317
4113554000,여,35,330
4113554000,여,40,704
4113554000,여,45,806
4113554000,여,50,691
4113554000,여,55,413
4113554000,여,60,371
4113554000,여,65,286
4113554000,여,70,181
4113554000,여,75,140
4113554000,여,80,92
4113554000,여,85,71
4113554000,여,90,28
4113554000,여,95,8
4113554000,여,100,0
4113554500,남,0,151
4113554500,남,5,230
4113554500,남,10,329
4113554500,남,15,368
4113554500,남,20,413
4113554500,남,25,777
4113554500,남,30,700
4113554500,남,35,496
4113554500,남,40,587
4113554500,남,45,512
4113554500,남,50,604
4113554500,남,55,486
4113554500,남,60,429
4113554500,남,65,380
4113554500,남,70,264
4113554500,남,75,192
4113554500,남,80,148
4113554500,남,85,63
4113554500,남,90,17
4113554500,남,95,1
4113554500,남,100,0
4113554500,여,0,153
4113554500,여,5,238
4113554500,여,10,323
4113554500,여,15,333
4113554500,여,20,429
4113554500,여,25,598
4113554500,여,30,511
4113554500,여,35,454
4113554500,여,40,547
4113554500,여,45,563
4113554500,여,50,645
4113554500,여,55,505
4113554500,여,60,447
4113554500,여,65,381
4113554500,여,70,302
4113554500,여,75,205
4113554500,여,80,160
4113554500,여,85,81
4113554500,여,90,38
4113554500,여,95,10
4113554500,여,100,2
4113555000,남,0,247
4113555000,남,5,564
4113555000,남,10,833
4113555000,남,15,789
4113555000,남,20,754
4113555000,남,25,1176
4113555000,남,30,1283
4113555000,남,35,876
4113555000,남,40,1137
4113555000,남,45,1320
4113555000,남,50,1393
4113555000,남,55,1072
4113555000,남,60,829
4113555000,남,65,596
4113555000,남,70,375
4113555000,남,75,377
4113555000,남,80,306
4113555000,남,85,207
4113555000,남,90,57
4113555000,남,95,12
4113555000,남,100,6
4113555000,여,0,272
4113555000,여,5,577
4113555000,여,10,814
4113555000,여,15,821
4113555000,여,20,930
4113555000,여,25,1415
4113555000,여,30,1366
4113555000,여,35,1102
4113555000,여,40,1459
4113555000,여,45,1523
4113555000,여,50,1545
4113555000,여,55,1022
4113555000,여,60,793
4113555000,여,65,651
4113555000,여,70,475
4113555000,여,75,452
4113555000,여,80,322
4113555000,여,85,224
4113555000,여,90,81
4113555000,여,95,13
4113555000,여,100,2
4113556000,남,0,158
4113556000,남,5,196
4113556000,남,10,301
4113556000,남,15,346
4113556000,남,20,368
4113556000,남,25,501
4113556000,남,30,747
4113556000,남,35,597
4113556000,남,40,539
4113556000,남,45,495
4113556000,남,50,613
4113556000,남,55,506
4113556000,남,60,456
4113556000,남,65,411
4113556000,남,70,234
4113556000,남,75,187
4113556000,남,80,130
4113556000,남,85,75
4113556000,남,90,24
4113556000,남,95,6
4113556000,남,100,2
4113556000,여,0,175
4113556000,여,5,148
4113556000,여,10,249
4113556000,여,15,286
4113556000,여,20,307
4113556000,여,25,527
4113556000,여,30,697
4113556000,여,35,572
4113556000,여,40,590
4113556000,여,45,600
4113556000,여,50,660
4113556000,여,55,541
4113556000,여,60,578
4113556000,여,65,458
4113556000,여,70,310
4113556000,여,75,310
4113556000,여,80,281
4113556000,여,85,203
4113556000,여,90,86
4113556000,여,95,22
4113556000,여,100,2
4113557000,남,0,236
4113557000,남,5,405
4113557000,남,10,501
4113557000,남,15,499
4113557000,남,20,470
4113557000,남,25,540
4113557000,남,30,550
4113557000,남,35,546
4113557000,남,40,710
4113557000,남,45,680
4113557000,남,50,790
4113557000,남,55,606
4113557000,남,60,508
4113557000,남,65,378
4113557000,남,70,202
4113557000,남,75,158
4113557000,남,80,143
4113557000,남,85,103
4113557000,남,90,38
4113557000,남,95,8
4113557000,남,100,0
4113557000,여,0,216
4113557000,여,5,411
4113557000,여,10,456
4113557000,여,15,493
4113557000,여,20,488
4113557000,여,25,511
4113557000,여,30,567
4113557000,여,35,627
4113557000,여,40,794
4113557000,여,45,774
4113557000,여,50,891
4113557000,여,55,621
4113557000,여,60,535
4113557000,여,65,407
4113557000,여,70,227
4113557000,여,75,282
4113557000,여,80,205
4113557000,여,85,139
4113557000,여,90,85
4113557000,여,95,11
4113557000,여,100,2
4113558000,남,0,329
4113558000,남,5,694
4113558000,남,10,1046
4113558000,남,15,962
4113558000,남,20,815
4113558000,남,25,1137
4113558000,남,30,1196
4113558000,남,35,897
4113558000,남,40,1222
4113558000,남,45,1299
4113558000,남,50,1482
4113558000,남,55,1170
4113558000,남,60,871
4113558000,남,65,714
4113558000,남,70,415
4113558000,남,75,328
4113558000,남,80,248
4113558000,남,85,170
4113558000,남,90,37
4113558000,남,95,14
4113558000,남,100,0
4113558000,여,0,276
4113558000,여,5,619
4113558000,여,10,1017
4113558000,여,15,986
4113558000,여,20,867
4113558000,여,25,1161
4113558000,여,30,1052
4113558000,여,35,1008
4113558000,여,40,1426
4113558000,여,45,1524
4113558000,여,50,1598
4113558000,여,55,1139
4113558000,여,60,937
4113558000,여,65,698
4113558000,여,70,477
4113558000,여,75,400
4113558000,여,80,346
4113558000,여,85,234
4113558000,여,90,112
4113558000,여,95,24
4113558000,여,100,3
4113559000,남,0,237
4113559000,남,5,309
4113559000,남,10,559
4113559000,남,15,556
4113559000,남,20,543
4113559000,남,25,687
4113559000,남,30,594
4113559000,남,35,529
4113559000,남,40,628
4113559000,남,45,675
4113559000,남,50,827
4113559000,남,55,688
4113559000,남,60,657
4113559000,남,65,505
4113559000,남,70,260
4113559000,남,75,198
4113559000,남,80,130
4113559000,남,85,70
4113559000,남,90,18
4113559000,남,95,5
4113559000,남,100,0
4113559000,여,0,194
4113559000,여,5,332
4113559000,여,10,466
4113559000,여,15,527
4113559000,여,20,531
4113559000,여,25,577
4113559000,여,30,546
4113559000,여,35,530
4113559000,여,40,677
4113559000,여,45,827
4113559000,여,50,907
4113559000,여,55,775
4113559000,여,60,647
4113559000,여,65,528
4113559000,여,70,290
4113559000,여,75,214
4113559000,여,80,172
4113559000,여,85,129
4113559000,여,90,56
4113559000,여,95,15
4113559000,여,100,1
4113560000,남,0,368
4113560000,남,5,573
4113560000,남,10,749
4113560000,남,15,767
4113560000,남,20,729
4113560000,남,25,754
4113560000,남,30,847
4113560000,남,35,827
4113560000,남,40,961
4113560000,남,45,951
4113560000,남,50,1192
4113560000,남,55,908
4113560000,남,60,786
4113560000,남,65,669
4113560000,남,70,398
4113560000,남,75,292
4113560000,남,80,209
4113560000,남,85,102
4113560000,남,90,29
4113560000,남,95,5
4113560000,남,100,1
4113560000,여,0,336
4113560000,여,5,501
4113560000,여,10,697
4113560000,여,15,737
4113560000,여,20,729
4113560000,여,25,731
4113560000,여,30,801
4113560000,여,35,857
4113560000,여,40,1082
4113560000,여,45,1132
4113560000,여,50,1293
4113560000,여,55,940
4113560000,여,60,853
4113560000,여,65,654
4113560000,여,70,433
4113560000,여,75,355
4113560000,여,80,264
4113560000,여,85,153
4113560000,여,90,105
4113560000,여,95,23
4113560000,여,100,1
4113561000,남,0,136
4113561000,남,5,303
4113561000,남,10,438
4113561000,남,15,416
4113561000,남,20,409
4113561000,남,25,368
4113561000,남,30,318
4113561000,남,35,301
4113561000,남,40,423
4113561000,남,45,468
4113561000,남,50,650
4113561000,남,55,520
4113561000,남,60,487
4113561000,남,65,437
4113561000,남,70,246
4113561000,남,75,191
4113561000,남,80,131
4113561000,남,85,75
4113561000,남,90,25
4113561000,남,95,8
4113561000,남,100,1
4113561000,여,0,129
4113561000,여,5,279
4113561000,여,10,384
4113561000,여,15,411
4113561000,여,20,375
4113561000,여,25,375
4113561000,여,30,308
4113561000,여,35,372
4113561000,여,40,509
4113561000,여,45,610
4113561000,여,50,691
4113561000,여,55,534
4113561000,여,60,484
4113561000,여,65,429
4113561000,여,70,256
4113561000,여,75,213
4113561000,여,80,154
4113561000,여,85,86
4113561000,여,90,46
4113561000,여,95,19
4113561000,여,100,1
4113562000,남,0,245
4113562000,남,5,284
4113562000,남,10,319
4113562000,남,15,299
4113562000,남,20,441
4113562000,남,25,739
4113562000,남,30,798
4113562000,남,35,618
4113562000,남,40,639
4113562000,남,45,550
4113562000,남,50,633
4113562000,남,55,596
4113562000,남,60,638
4113562000,남,65,566
4113562000,남,70,348
4113562000,남,75,265
4113562000,남,80,177
4113562000,남,85,77
4113562000,남,90,24
4113562000,남,95,5
4113562000,남,100,1
4113562000,여,0,231
4113562000,여,5,307
4113562000,여,10,257
4113562000,여,15,291
4113562000,여,20,416
4113562000,여,25,697
4113562000,여,30,680
4113562000,여,35,608
4113562000,여,40,668
4113562000,여,45,546
4113562000,여,50,729
4113562000,여,55,652
4113562000,여,60,683
4113562000,여,65,559
4113562000,여,70,391
4113562000,여,75,331
4113562000,여,80,213
4113562000,여,85,130
4113562000,여,90,55
4113562000,여,95,15
4113562000,여,100,1
4113563000,남,0,159
4113563000,남,5,338
4113563000,남,10,424
4113563000,남,15,385
4113563000,남,20,416
4113563000,남,25,429
4113563000,남,30,485
4113563000,남,35,435
4113563000,남,40,526
4113563000,남,45,587
4113563000,남,50,644
4113563000,남,55,518
4113563000,남,60,549
4113563000,남,65,555
4113563000,남,70,384
4113563000,남,75,260
4113563000,남,80,192
4113563000,남,85,111
4113563000,남,90,33
4113563000,남,95,4
4113563000,남,100,1
4113563000,여,0,174
4113563000,여,5,329
4113563000,여,10,429
4113563000,여,15,413
4113563000,여,20,396
4113563000,여,25,461
4113563000,여,30,481
4113563000,여,35,506
4113563000,여,40,668
4113563000,여,45,710
4113563000,여,50,694
4113563000,여,55,614
4113563000,여,60,637
4113563000,여,65,621
4113563000,여,70,370
4113563000,여,75,333
4113563000,여,80,225
4113563000,여,85,162
4113563000,여,90,71
4113563000,여,95,19
4113563000,여,100,2
4113564000,남,0,430
4113564000,남,5,411
4113564000,남,10,431
4113564000,남,15,448
4113564000,남,20,612
4113564000,남,25,1086
4113564000,남,30,1354
4113564000,남,35,1189
4113564000,남,40,1120
4113564000,남,45,843
4113564000,남,50,1030
4113564000,남,55,933
4113564000,남,60,1011
4113564000,남,65,929
4113564000,남,70,559
4113564000,남,75,346
4113564000,남,80,249
4113564000,남,85,89
4113564000,남,90,27
4113564000,남,95,3
4113564000,남,100,0
4113564000,여,0,428
4113564000,여,5,370
4113564000,여,10,412
4113564000,여,15,459
4113564000,여,20,641
4113564000,여,25,911
4113564000,여,30,1234
4113564000,여,35,998
4113564000,여,40,973
4113564000,여,45,873
4113564000,여,50,1088
4113564000,여,55,1090
4113564000,여,60,1210
4113564000,여,65,1004
4113564000,여,70,612
4113564000,여,75,460
4113564000,여,80,357
4113564000,여,85,231
4113564000,여,90,122
4113564000,여,95,22
4113564000,여,100,4
4113565000,남,0,569
4113565000,남,5,865
4113565000,남,10,1035
4113565000,남,15,896
4113565000,남,20,697
4113565000,남,25,599
4113565000,남,30,661
4113565000,남,35,820
4113565000,남,40,1218
4113565000,남,45,1287
4113565000,남,50,1270
4113565000,남,55,971
4113565000,남,60,798
4113565000,남,65,596
4113565000,남,70,328
4113565000,남,75,218
4113565000,남,80,120
4113565000,남,85,60
4113565000,남,90,25
4113565000,남,95,6
4113565000,남,100,1
4113565000,여,0,501
4113565000,여,5,808
4113565000,여,10,1003
4113565000,여,15,833
4113565000,여,20,657
4113565000,여,25,588
4113565000,여,30,737
4113565000,여,35,1084
4113565000,여,40,1454
4113565000,여,45,1416
4113565000,여,50,1267
4113565000,여,55,906
4113565000,여,60,782
4113565000,여,65,585
4113565000,여,70,347
4113565000,여,75,229
4113565000,여,80,154
4113565000,여,85,99
4113565000,여,90,39
4113565000,여,95,14
4113565000,여,100,2
4113565500,남,0,465
4113565500,남,5,629
4113565500,남,10,759
4113565500,남,15,655
4113565500,남,20,646
4113565500,남,25,736
4113565500,남,30,751
4113565500,남,35,820
4113565500,남,40,1138
4113565500,남,45,967
4113565500,남,50,977
4113565500,남,55,957
4113565500,남,60,768
4113565500,남,65,552
4113565500,남,70,344
4113565500,남,75,222
4113565500,남,80,123
4113565500,남,85,69
4113565500,남,90,14
4113565500,남,95,3
4113565500,남,100,0
4113565500,여,0,448
4113565500,여,5,603
4113565500,여,10,717
4113565500,여,15,661
4113565500,여,20,621
4113565500,여,25,730
4113565500,여,30,807
4113565500,여,35,985
4113565500,여,40,1204
4113565500,여,45,1030
4113565500,여,50,1091
4113565500,여,55,967
4113565500,여,60,794
4113565500,여,65,639
4113565500,여,70,353
4113565500,여,75,258
4113565500,여,80,185
4113565500,여,85,116
4113565500,여,90,50
4113565500,여,95,16
4113565500,여,100,0
4113565700,남,0,363
4113565700,남,5,567
4113565700,남,10,825
4113565700,남,15,694
4113565700,남,20,793
4113565700,남,25,917
4113565700,남,30,856
4113565700,남,35,761
4113565700,남,40,1060
4113565700,남,45,991
4113565700,남,50,1156
4113565700,남,55,1106
4113565700,남,60,1011
4113565700,남,65,723
4113565700,남,70,377
4113565700,남,75,308
4113565700,남,80,175
4113565700,남,85,54
4113565700,남,90,18
4113565700,남,95,6
4113565700,남,100,1
4113565700,여,0,329
4113565700,여,5,530
4113565700,여,10,750
4113565700,여,15,696
4113565700,여,20,835
4113565700,여,25,896
4113565700,여,30,959
4113565700,여,35,888
4113565700,여,40,1178
4113565700,여,45,1085
4113565700,여,50,1304
4113565700,여,55,1264
4113565700,여,60,1094
4113565700,여,65,810
4113565700,여,70,482
4113565700,여,75,326
4113565700,여,80,201
4113565700,여,85,152
4113565700,여,90,61
4113565700,여,95,17
4113565700,여,100,1
4113566200,남,0,385
4113566200,남,5,461
4113566200,남,10,485
4113566200,남,15,574
4113566200,남,20,644
4113566200,남,25,892
4113566200,남,30,1135
4113566200,남,35,954
4113566200,남,40,978
4113566200,남,45,913
4113566200,남,50,1077
4113566200,남,55,985
4113566200,남,60,924
4113566200,남,65,853
4113566200,남,70,538
4113566200,남,75,413
4113566200,남,80,305
4113566200,남,85,162
4113566200,남,90,63
4113566200,남,95,14
4113566200,남,100,1
4113566200,여,0,317
4113566200,여,5,444
4113566200,여,10,495
4113566200,여,15,559
4113566200,여,20,681
4113566200,여,25,1033
4113566200,여,30,1160
4113566200,여,35,1027
4113566200,여,40,1089
4113566200,여,45,980
4113566200,여,50,1279
4113566200,여,55,1100
4113566200,여,60,1036
4113566200,여,65,937
4113566200,여,70,620
4113566200,여,75,603
4113566200,여,80,444
4113566200,여,85,314
4113566200,여,90,130
4113566200,여,95,35
4113566200,여,100,6
4113566500,남,0,240
4113566500,남,5,277
4113566500,남,10,348
4113566500,남,15,332
4113566500,남,20,492
4113566500,남,25,631
4113566500,남,30,716
4113566500,남,35,622
4113566500,남,40,567
4113566500,남,45,598
4113566500,남,50,709
4113566500,남,55,595
4113566500,남,60,582
4113566500,남,65,467
4113566500,남,70,253
4113566500,남,75,188
4113566500,남,80,155
4113566500,남,85,89
4113566500,남,90,29
4113566500,남,95,10
4113566500,남,100,1
4113566500,여,0,199
4113566500,여,5,258
4113566500,여,10,350
4113566500,여,15,372
4113566500,여,20,460
4113566500,여,25,647
4113566500,여,30,767
4113566500,여,35,572
4113566500,여,40,627
4113566500,여,45,634
4113566500,여,50,783
4113566500,여,55,710
4113566500,여,60,623
4113566500,여,65,465
4113566500,여,70,264
4113566500,여,75,289
4113566500,여,80,180
4113566500,여,85,137
4113566500,여,90,59
4113566500,여,95,13
4113566500,여,100,2
4113567000,남,0,305
4113567000,남,5,468
4113567000,남,10,581
4113567000,남,15,601
4113567000,남,20,648
4113567000,남,25,1027
4113567000,남,30,1168
4113567000,남,35,914
4113567000,남,40,972
4113567000,남,45,979
4113567000,남,50,1157
4113567000,남,55,1066
4113567000,남,60,1099
4113567000,남,65,909
4113567000,남,70,530
4113567000,남,75,447
4113567000,남,80,342
4113567000,남,85,207
4113567000,남,90,75
4113567000,남,95,11
4113567000,남,100,4
4113567000,여,0,345
4113567000,여,5,475
4113567000,여,10,590
4113567000,여,15,541
4113567000,여,20,658
4113567000,여,25,1112
4113567000,여,30,1138
4113567000,여,35,954
4113567000,여,40,1070
4113567000,여,45,1067
4113567000,여,50,1339
4113567000,여,55,1214
4113567000,여,60,1230
4113567000,여,65,904
4113567000,여,70,635
4113567000,여,75,634
4113567000,여,80,482
4113567000,여,85,365
4113567000,여,90,140
4113567000,여,95,51
4113567000,여,100,5
4113568000,남,0,781
4113568000,남,5,1089
4113568000,남,10,1049
4113568000,남,15,934
4113568000,남,20,883
4113568000,남,25,873
4113568000,남,30,967
4113568000,남,35,1332
4113568000,남,40,1726
4113568000,남,45,1478
4113568000,남,50,1578
4113568000,남,55,1297
4113568000,남,60,1114
4113568000,남,65,897
4113568000,남,70,511
4113568000,남,75,292
4113568000,남,80,145
4113568000,남,85,78
4113568000,남,90,27
4113568000,남,95,3
4113568000,남,100,0
4113568000,여,0,736
4113568000,여,5,1018
4113568000,여,10,1014
4113568000,여,15,893
4113568000,여,20,821
4113568000,여,25,881
4113568000,여,30,1206
4113568000,여,35,1613
4113568000,여,40,1915
4113568000,여,45,1558
4113568000,여,50,1637
4113568000,여,55,1311
4113568000,여,60,1191
4113568000,여,65,839
4113568000,여,70,484
4113568000,여,75,289
4113568000,여,80,188
4113568000,여,85,131
4113568000,여,90,91
4113568000,여,95,17
4113568000,여,100,2
4115051000,남,0,550
4115051000,남,5,530
4115051000,남,10,485
4115051000,남,15,519
4115051000,남,20,1080
4115051000,남,25,1941
4115051000,남,30,2148
4115051000,남,35,1657
4115051000,남,40,1675
4115051000,남,45,1318
4115051000,남,50,1739
4115051000,남,55,1603
4115051000,남,60,1629
4115051000,남,65,1216
4115051000,남,70,720
4115051000,남,75,500
4115051000,남,80,330
4115051000,남,85,168
4115051000,남,90,40
4115051000,남,95,7
4115051000,남,100,0
4115051000,여,0,484
4115051000,여,5,471
4115051000,여,10,425
4115051000,여,15,550
4115051000,여,20,1462
4115051000,여,25,2233
4115051000,여,30,1877
4115051000,여,35,1418
4115051000,여,40,1295
4115051000,여,45,1170
4115051000,여,50,1425
4115051000,여,55,1441
4115051000,여,60,1497
4115051000,여,65,1279
4115051000,여,70,792
4115051000,여,75,631
4115051000,여,80,530
4115051000,여,85,300
4115051000,여,90,100
4115051000,여,95,27
4115051000,여,100,3
4115052000,남,0,287
4115052000,남,5,370
4115052000,남,10,477
4115052000,남,15,524
4115052000,남,20,904
4115052000,남,25,1456
4115052000,남,30,1345
4115052000,남,35,1017
4115052000,남,40,1160
4115052000,남,45,1065
4115052000,남,50,1302
4115052000,남,55,1299
4115052000,남,60,1267
4115052000,남,65,905
4115052000,남,70,559
4115052000,남,75,421
4115052000,남,80,301
4115052000,남,85,115
4115052000,남,90,33
4115052000,남,95,4
4115052000,남,100,0
4115052000,여,0,276
4115052000,여,5,345
4115052000,여,10,406
4115052000,여,15,452
4115052000,여,20,963
4115052000,여,25,1468
4115052000,여,30,1176
4115052000,여,35,874
4115052000,여,40,985
4115052000,여,45,990
4115052000,여,50,1360
4115052000,여,55,1325
4115052000,여,60,1241
4115052000,여,65,1047
4115052000,여,70,665
4115052000,여,75,609
4115052000,여,80,435
4115052000,여,85,228
4115052000,여,90,78
4115052000,여,95,18
4115052000,여,100,2
4115054500,남,0,334
4115054500,남,5,463
4115054500,남,10,635
4115054500,남,15,714
4115054500,남,20,904
4115054500,남,25,1045
4115054500,남,30,969
4115054500,남,35,926
4115054500,남,40,1207
4115054500,남,45,1274
4115054500,남,50,1566
4115054500,남,55,1456
4115054500,남,60,1377
4115054500,남,65,1232
4115054500,남,70,853
4115054500,남,75,765
4115054500,남,80,536
4115054500,남,85,235
4115054500,남,90,46
4115054500,남,95,7
4115054500,남,100,4
4115054500,여,0,293
4115054500,여,5,452
4115054500,여,10,567
4115054500,여,15,715
4115054500,여,20,948
4115054500,여,25,1083
4115054500,여,30,1016
4115054500,여,35,875
4115054500,여,40,1157
4115054500,여,45,1235
4115054500,여,50,1585
4115054500,여,55,1502
4115054500,여,60,1554
4115054500,여,65,1434
4115054500,여,70,1092
4115054500,여,75,989
4115054500,여,80,668
4115054500,여,85,348
4115054500,여,90,106
4115054500,여,95,26
4115054500,여,100,3
4115055500,남,0,331
4115055500,남,5,522
4115055500,남,10,688
4115055500,남,15,764
4115055500,남,20,961
4115055500,남,25,1035
4115055500,남,30,966
4115055500,남,35,838
4115055500,남,40,1076
4115055500,남,45,1188
4115055500,남,50,1483
4115055500,남,55,1381
4115055500,남,60,1348
4115055500,남,65,1021
4115055500,남,70,726
4115055500,남,75,594
4115055500,남,80,490
4115055500,남,85,230
4115055500,남,90,64
4115055500,남,95,13
4115055500,남,100,2
4115055500,여,0,286
4115055500,여,5,534
4115055500,여,10,664
4115055500,여,15,740
4115055500,여,20,966
4115055500,여,25,1005
4115055500,여,30,900
4115055500,여,35,794
4115055500,여,40,1143
4115055500,여,45,1230
4115055500,여,50,1574
4115055500,여,55,1542
4115055500,여,60,1407
4115055500,여,65,1285
4115055500,여,70,896
4115055500,여,75,860
4115055500,여,80,689
4115055500,여,85,358
4115055500,여,90,99
4115055500,여,95,22
4115055500,여,100,3
4115056100,남,0,202
4115056100,남,5,297
4115056100,남,10,471
4115056100,남,15,449
4115056100,남,20,510
4115056100,남,25,512
4115056100,남,30,530
4115056100,남,35,418
4115056100,남,40,704
4115056100,남,45,706
4115056100,남,50,845
4115056100,남,55,741
4115056100,남,60,771
4115056100,남,65,709
4115056100,남,70,396
4115056100,남,75,345
4115056100,남,80,227
4115056100,남,85,108
4115056100,남,90,25
4115056100,남,95,3
4115056100,남,100,0
4115056100,여,0,162
4115056100,여,5,320
4115056100,여,10,441
4115056100,여,15,461
4115056100,여,20,481
4115056100,여,25,494
4115056100,여,30,494
4115056100,여,35,454
4115056100,여,40,716
4115056100,여,45,752
4115056100,여,50,866
4115056100,여,55,869
4115056100,여,60,876
4115056100,여,65,738
4115056100,여,70,535
4115056100,여,75,467
4115056100,여,80,402
4115056100,여,85,216
4115056100,여,90,84
4115056100,여,95,13
4115056100,여,100,3
4115056700,남,0,355
4115056700,남,5,588
4115056700,남,10,775
4115056700,남,15,834
4115056700,남,20,1139
4115056700,남,25,1266
4115056700,남,30,1254
4115056700,남,35,1075
4115056700,남,40,1336
4115056700,남,45,1301
4115056700,남,50,1803
4115056700,남,55,1932
4115056700,남,60,1873
4115056700,남,65,1416
4115056700,남,70,893
4115056700,남,75,574
4115056700,남,80,412
4115056700,남,85,172
4115056700,남,90,49
4115056700,남,95,9
4115056700,남,100,0
4115056700,여,0,355
4115056700,여,5,527
4115056700,여,10,708
4115056700,여,15,797
4115056700,여,20,1110
4115056700,여,25,1215
4115056700,여,30,1106
4115056700,여,35,910
4115056700,여,40,1295
4115056700,여,45,1363
4115056700,여,50,2112
4115056700,여,55,2112
4115056700,여,60,1984
4115056700,여,65,1548
4115056700,여,70,883
4115056700,여,75,771
4115056700,여,80,592
4115056700,여,85,371
4115056700,여,90,132
4115056700,여,95,26
4115056700,여,100,5
4115056800,남,0,474
4115056800,남,5,807
4115056800,남,10,1059
4115056800,남,15,1176
4115056800,남,20,1418
4115056800,남,25,1499
4115056800,남,30,1378
4115056800,남,35,1156
4115056800,남,40,1553
4115056800,남,45,1586
4115056800,남,50,2015
4115056800,남,55,1956
4115056800,남,60,1960
4115056800,남,65,1505
4115056800,남,70,786
4115056800,남,75,608
4115056800,남,80,418
4115056800,남,85,192
4115056800,남,90,63
4115056800,남,95,8
4115056800,남,100,0
4115056800,여,0,502
4115056800,여,5,800
4115056800,여,10,954
4115056800,여,15,1065
4115056800,여,20,1305
4115056800,여,25,1444
4115056800,여,30,1368
4115056800,여,35,1161
4115056800,여,40,1530
4115056800,여,45,1705
4115056800,여,50,2293
4115056800,여,55,2256
4115056800,여,60,2171
4115056800,여,65,1572
4115056800,여,70,985
4115056800,여,75,844
4115056800,여,80,635
4115056800,여,85,400
4115056800,여,90,137
4115056800,여,95,50
4115056800,여,100,2
4115057300,남,0,417
4115057300,남,5,576
4115057300,남,10,628
4115057300,남,15,701
4115057300,남,20,928
4115057300,남,25,1028
4115057300,남,30,1114
4115057300,남,35,979
4115057300,남,40,1198
4115057300,남,45,1046
4115057300,남,50,1437
4115057300,남,55,1357
4115057300,남,60,1259
4115057300,남,65,961
4115057300,남,70,562
4115057300,남,75,368
4115057300,남,80,252
4115057300,남,85,133
4115057300,남,90,29
4115057300,남,95,3
4115057300,남,100,1
4115057300,여,0,380
4115057300,여,5,570
4115057300,여,10,615
4115057300,여,15,673
4115057300,여,20,876
4115057300,여,25,1049
4115057300,여,30,1033
4115057300,여,35,903
4115057300,여,40,1034
4115057300,여,45,1092
4115057300,여,50,1599
4115057300,여,55,1469
4115057300,여,60,1373
4115057300,여,65,1052
4115057300,여,70,644
4115057300,여,75,492
4115057300,여,80,428
4115057300,여,85,303
4115057300,여,90,116
4115057300,여,95,31
4115057300,여,100,4
4115057600,남,0,369
4115057600,남,5,641
4115057600,남,10,910
4115057600,남,15,909
4115057600,남,20,1083
4115057600,남,25,1075
4115057600,남,30,945
4115057600,남,35,790
4115057600,남,40,1210
4115057600,남,45,1318
4115057600,남,50,1682
4115057600,남,55,1519
4115057600,남,60,1137
4115057600,남,65,738
4115057600,남,70,458
4115057600,남,75,393
4115057600,남,80,282
4115057600,남,85,160
4115057600,남,90,28
4115057600,남,95,7
4115057600,남,100,1
4115057600,여,0,328
4115057600,여,5,587
4115057600,여,10,867
4115057600,여,15,956
4115057600,여,20,964
4115057600,여,25,998
4115057600,여,30,812
4115057600,여,35,785
4115057600,여,40,1266
4115057600,여,45,1360
4115057600,여,50,1788
4115057600,여,55,1445
4115057600,여,60,1076
4115057600,여,65,804
4115057600,여,70,581
4115057600,여,75,529
4115057600,여,80,473
4115057600,여,85,235
4115057600,여,90,110
4115057600,여,95,29
4115057600,여,100,7
4115057800,남,0,876
4115057800,남,5,1589
4115057800,남,10,1619
4115057800,남,15,1249
4115057800,남,20,1058
4115057800,남,25,1207
4115057800,남,30,1293
4115057800,남,35,1546
4115057800,남,40,2498
4115057800,남,45,2088
4115057800,남,50,1861
4115057800,남,55,1459
4115057800,남,60,1246
4115057800,남,65,955
4115057800,남,70,551
4115057800,남,75,417
4115057800,남,80,222
4115057800,남,85,87
4115057800,남,90,26
4115057800,남,95,8
4115057800,남,100,1
4115057800,여,0,870
4115057800,여,5,1383
4115057800,여,10,1670
4115057800,여,15,1149
4115057800,여,20,1083
4115057800,여,25,1193
4115057800,여,30,1464
4115057800,여,35,1818
4115057800,여,40,2583
4115057800,여,45,2083
4115057800,여,50,1888
4115057800,여,55,1577
4115057800,여,60,1407
4115057800,여,65,1118
4115057800,여,70,684
4115057800,여,75,501
4115057800,여,80,401
4115057800,여,85,237
4115057800,여,90,104
4115057800,여,95,27
4115057800,여,100,5
4115058000,남,0,276
4115058000,남,5,421
4115058000,남,10,480
4115058000,남,15,593
4115058000,남,20,722
4115058000,남,25,941
4115058000,남,30,873
4115058000,남,35,641
4115058000,남,40,887
4115058000,남,45,853
4115058000,남,50,1189
4115058000,남,55,1197
4115058000,남,60,1136
4115058000,남,65,892
4115058000,남,70,529
4115058000,남,75,363
4115058000,남,80,275
4115058000,남,85,138
4115058000,남,90,39
4115058000,남,95,8
4115058000,남,100,1
4115058000,여,0,246
4115058000,여,5,400
4115058000,여,10,525
4115058000,여,15,518
4115058000,여,20,780
4115058000,여,25,854
4115058000,여,30,769
4115058000,여,35,627
4115058000,여,40,825
4115058000,여,45,878
4115058000,여,50,1269
4115058000,여,55,1263
4115058000,여,60,1184
4115058000,여,65,963
4115058000,여,70,585
4115058000,여,75,505
4115058000,여,80,429
4115058000,여,85,297
4115058000,여,90,99
4115058000,여,95,19
4115058000,여,100,3
4115059500,남,0,238
4115059500,남,5,341
4115059500,남,10,406
4115059500,남,15,475
4115059500,남,20,644
4115059500,남,25,860
4115059500,남,30,875
4115059500,남,35,708
4115059500,남,40,891
4115059500,남,45,826
4115059500,남,50,1125
4115059500,남,55,1114
4115059500,남,60,1213
4115059500,남,65,913
4115059500,남,70,525
4115059500,남,75,401
4115059500,남,80,281
4115059500,남,85,121
4115059500,남,90,23
4115059500,남,95,3
4115059500,남,100,0
4115059500,여,0,250
4115059500,여,5,316
4115059500,여,10,375
4115059500,여,15,456
4115059500,여,20,562
4115059500,여,25,756
4115059500,여,30,719
4115059500,여,35,622
4115059500,여,40,776
4115059500,여,45,768
4115059500,여,50,1064
4115059500,여,55,1173
4115059500,여,60,1255
4115059500,여,65,955
4115059500,여,70,607
4115059500,여,75,524
4115059500,여,80,473
4115059500,여,85,223
4115059500,여,90,85
4115059500,여,95,19
4115059500,여,100,4
4115061500,남,0,273
4115061500,남,5,308
4115061500,남,10,318
4115061500,남,15,422
4115061500,남,20,551
4115061500,남,25,677
4115061500,남,30,680
4115061500,남,35,649
4115061500,남,40,699
4115061500,남,45,638
4115061500,남,50,958
4115061500,남,55,842
4115061500,남,60,908
4115061500,남,65,746
4115061500,남,70,407
4115061500,남,75,302
4115061500,남,80,217
4115061500,남,85,103
4115061500,남,90,22
4115061500,남,95,2
4115061500,남,100,0
4115061500,여,0,254
4115061500,여,5,257
4115061500,여,10,333
4115061500,여,15,385
4115061500,여,20,445
4115061500,여,25,559
4115061500,여,30,567
4115061500,여,35,538
4115061500,여,40,590
4115061500,여,45,621
4115061500,여,50,856
4115061500,여,55,856
4115061500,여,60,847
4115061500,여,65,705
4115061500,여,70,509
4115061500,여,75,411
4115061500,여,80,331
4115061500,여,85,177
4115061500,여,90,74
4115061500,여,95,15
4115061500,여,100,6
4115062000,남,0,173
4115062000,남,5,293
4115062000,남,10,457
4115062000,남,15,533
4115062000,남,20,565
4115062000,남,25,644
4115062000,남,30,599
4115062000,남,35,491
4115062000,남,40,665
4115062000,남,45,774
4115062000,남,50,967
4115062000,남,55,905
4115062000,남,60,846
4115062000,남,65,731
4115062000,남,70,402
4115062000,남,75,324
4115062000,남,80,206
4115062000,남,85,118
4115062000,남,90,20
4115062000,남,95,5
4115062000,남,100,1
4115062000,여,0,153
4115062000,여,5,239
4115062000,여,10,440
4115062000,여,15,416
4115062000,여,20,491
4115062000,여,25,637
4115062000,여,30,491
4115062000,여,35,472
4115062000,여,40,655
4115062000,여,45,723
4115062000,여,50,1005
4115062000,여,55,885
4115062000,여,60,969
4115062000,여,65,781
4115062000,여,70,499
4115062000,여,75,430
4115062000,여,80,325
4115062000,여,85,203
4115062000,여,90,90
4115062000,여,95,13
4115062000,여,100,5
4115063000,남,0,950
4115063000,남,5,1034
4115063000,남,10,663
4115063000,남,15,474
4115063000,남,20,520
4115063000,남,25,631
4115063000,남,30,1293
4115063000,남,35,1536
4115063000,남,40,1641
4115063000,남,45,1054
4115063000,남,50,883
4115063000,남,55,738
4115063000,남,60,647
4115063000,남,65,565
4115063000,남,70,302
4115063000,남,75,197
4115063000,남,80,97
4115063000,남,85,36
4115063000,남,90,14
4115063000,남,95,2
4115063000,남,100,0
4115063000,여,0,968
4115063000,여,5,913
4115063000,여,10,672
4115063000,여,15,441
4115063000,여,20,456
4115063000,여,25,695
4115063000,여,30,1425
4115063000,여,35,1539
4115063000,여,40,1395
4115063000,여,45,903
4115063000,여,50,968
4115063000,여,55,816
4115063000,여,60,713
4115063000,여,65,532
4115063000,여,70,290
4115063000,여,75,189
4115063000,여,80,155
4115063000,여,85,113
4115063000,여,90,48
4115063000,여,95,6
4115063000,여,100,4
4117151000,남,0,158
4117151000,남,5,179
4117151000,남,10,201
4117151000,남,15,237
4117151000,남,20,378
4117151000,남,25,475
4117151000,남,30,488
4117151000,남,35,441
4117151000,남,40,414
4117151000,남,45,419
4117151000,남,50,552
4117151000,남,55,514
4117151000,남,60,504
4117151000,남,65,379
4117151000,남,70,264
4117151000,남,75,156
4117151000,남,80,109
4117151000,남,85,51
4117151000,남,90,4
4117151000,남,95,0
4117151000,남,100,1
4117151000,여,0,170
4117151000,여,5,188
4117151000,여,10,176
4117151000,여,15,254
4117151000,여,20,392
4117151000,여,25,449
4117151000,여,30,468
4117151000,여,35,405
4117151000,여,40,387
4117151000,여,45,408
4117151000,여,50,556
4117151000,여,55,538
4117151000,여,60,470
4117151000,여,65,388
4117151000,여,70,260
4117151000,여,75,185
4117151000,여,80,133
4117151000,여,85,78
4117151000,여,90,30
4117151000,여,95,4
4117151000,여,100,3
4117152000,남,0,331
4117152000,남,5,313
4117152000,남,10,321
4117152000,남,15,385
4117152000,남,20,626
4117152000,남,25,873
4117152000,남,30,1009
4117152000,남,35,942
4117152000,남,40,878
4117152000,남,45,710
4117152000,남,50,900
4117152000,남,55,968
4117152000,남,60,1038
4117152000,남,65,854
4117152000,남,70,539
4117152000,남,75,350
4117152000,남,80,244
4117152000,남,85,94
4117152000,남,90,32
4117152000,남,95,4
4117152000,남,100,1
4117152000,여,0,338
4117152000,여,5,293
4117152000,여,10,342
4117152000,여,15,333
4117152000,여,20,646
4117152000,여,25,809
4117152000,여,30,909
4117152000,여,35,806
4117152000,여,40,729
4117152000,여,45,659
4117152000,여,50,958
4117152000,여,55,1090
4117152000,여,60,1057
4117152000,여,65,856
4117152000,여,70,540
4117152000,여,75,414
4117152000,여,80,331
4117152000,여,85,196
4117152000,여,90,65
4117152000,여,95,26
4117152000,여,100,3
4117153000,남,0,106
4117153000,남,5,173
4117153000,남,10,238
4117153000,남,15,310
4117153000,남,20,472
4117153000,남,25,606
4117153000,남,30,619
4117153000,남,35,468
4117153000,남,40,505
4117153000,남,45,515
4117153000,남,50,628
4117153000,남,55,685
4117153000,남,60,743
4117153000,남,65,648
4117153000,남,70,392
4117153000,남,75,260
4117153000,남,80,165
4117153000,남,85,59
4117153000,남,90,18
4117153000,남,95,2
4117153000,남,100,0
4117153000,여,0,96
4117153000,여,5,174
4117153000,여,10,216
4117153000,여,15,315
4117153000,여,20,428
4117153000,여,25,539
4117153000,여,30,468
4117153000,여,35,379
4117153000,여,40,452
4117153000,여,45,482
4117153000,여,50,664
4117153000,여,55,791
4117153000,여,60,870
4117153000,여,65,736
4117153000,여,70,467
4117153000,여,75,349
4117153000,여,80,234
4117153000,여,85,162
4117153000,여,90,47
4117153000,여,95,12
4117153000,여,100,2
4117154000,남,0,38
4117154000,남,5,56
4117154000,남,10,77
4117154000,남,15,108
4117154000,남,20,219
4117154000,남,25,240
4117154000,남,30,243
4117154000,남,35,201
4117154000,남,40,276
4117154000,남,45,223
4117154000,남,50,290
4117154000,남,55,331
4117154000,남,60,316
4117154000,남,65,248
4117154000,남,70,178
4117154000,남,75,126
4117154000,남,80,85
4117154000,남,85,45
4117154000,남,90,27
4117154000,남,95,5
4117154000,남,100,0
4117154000,여,0,47
4117154000,여,5,43
4117154000,여,10,83
4117154000,여,15,134
4117154000,여,20,214
4117154000,여,25,243
4117154000,여,30,234
4117154000,여,35,147
4117154000,여,40,170
4117154000,여,45,196
4117154000,여,50,259
4117154000,여,55,309
4117154000,여,60,323
4117154000,여,65,278
4117154000,여,70,202
4117154000,여,75,194
4117154000,여,80,156
4117154000,여,85,84
4117154000,여,90,37
4117154000,여,95,5
4117154000,여,100,1
4117155000,남,0,87
4117155000,남,5,106
4117155000,남,10,168
4117155000,남,15,194
4117155000,남,20,263
4117155000,남,25,367
4117155000,남,30,386
4117155000,남,35,339
4117155000,남,40,331
4117155000,남,45,346
4117155000,남,50,414
4117155000,남,55,441
4117155000,남,60,492
4117155000,남,65,395
4117155000,남,70,282
4117155000,남,75,174
4117155000,남,80,131
4117155000,남,85,65
4117155000,남,90,11
4117155000,남,95,4
4117155000,남,100,0
4117155000,여,0,101
4117155000,여,5,104
4117155000,여,10,107
4117155000,여,15,173
4117155000,여,20,256
4117155000,여,25,331
4117155000,여,30,326
4117155000,여,35,265
4117155000,여,40,337
4117155000,여,45,299
4117155000,여,50,391
4117155000,여,55,446
4117155000,여,60,496
4117155000,여,65,470
4117155000,여,70,300
4117155000,여,75,233
4117155000,여,80,215
4117155000,여,85,123
4117155000,여,90,54
4117155000,여,95,11
4117155000,여,100,2
4117156000,남,0,468
4117156000,남,5,419
4117156000,남,10,358
4117156000,남,15,464
4117156000,남,20,596
4117156000,남,25,1086
4117156000,남,30,1498
4117156000,남,35,1252
4117156000,남,40,1243
4117156000,남,45,917
4117156000,남,50,1037
4117156000,남,55,1021
4117156000,남,60,1059
4117156000,남,65,835
4117156000,남,70,495
4117156000,남,75,335
4117156000,남,80,209
4117156000,남,85,91
4117156000,남,90,32
4117156000,남,95,2
4117156000,남,100,0
4117156000,여,0,536
4117156000,여,5,403
4117156000,여,10,310
4117156000,여,15,392
4117156000,여,20,675
4117156000,여,25,1045
4117156000,여,30,1328
4117156000,여,35,1101
4117156000,여,40,944
4117156000,여,45,809
4117156000,여,50,1077
4117156000,여,55,1017
4117156000,여,60,1096
4117156000,여,65,898
4117156000,여,70,507
4117156000,여,75,362
4117156000,여,80,314
4117156000,여,85,181
4117156000,여,90,73
4117156000,여,95,17
4117156000,여,100,1
4117157000,남,0,335
4117157000,남,5,378
4117157000,남,10,323
4117157000,남,15,298
4117157000,남,20,357
4117157000,남,25,459
4117157000,남,30,557
4117157000,남,35,660
4117157000,남,40,761
4117157000,남,45,579
4117157000,남,50,545
4117157000,남,55,561
4117157000,남,60,508
4117157000,남,65,357
4117157000,남,70,287
4117157000,남,75,139
4117157000,남,80,105
4117157000,남,85,49
4117157000,남,90,6
4117157000,남,95,2
4117157000,남,100,0
4117157000,여,0,332
4117157000,여,5,409
4117157000,여,10,332
4117157000,여,15,292
4117157000,여,20,313
4117157000,여,25,455
4117157000,여,30,640
4117157000,여,35,624
4117157000,여,40,719
4117157000,여,45,558
4117157000,여,50,606
4117157000,여,55,567
4117157000,여,60,554
4117157000,여,65,434
4117157000,여,70,278
4117157000,여,75,204
4117157000,여,80,137
4117157000,여,85,68
4117157000,여,90,45
4117157000,여,95,15
4117157000,여,100,1
4117158000,남,0,45
4117158000,남,5,69
4117158000,남,10,122
4117158000,남,15,139
4117158000,남,20,226
4117158000,남,25,349
4117158000,남,30,355
4117158000,남,35,256
4117158000,남,40,324
4117158000,남,45,262
4117158000,남,50,361
4117158000,남,55,402
4117158000,남,60,402
4117158000,남,65,416
4117158000,남,70,232
4117158000,남,75,151
4117158000,남,80,90
4117158000,남,85,48
4117158000,남,90,7
4117158000,남,95,0
4117158000,남,100,0
4117158000,여,0,47
4117158000,여,5,78
4117158000,여,10,89
4117158000,여,15,136
4117158000,여,20,236
4117158000,여,25,265
4117158000,여,30,245
4117158000,여,35,183
4117158000,여,40,219
4117158000,여,45,232
4117158000,여,50,338
4117158000,여,55,395
4117158000,여,60,467
4117158000,여,65,424
4117158000,여,70,258
4117158000,여,75,178
4117158000,여,80,129
4117158000,여,85,75
4117158000,여,90,21
4117158000,여,95,4
4117158000,여,100,0
4117158100,남,0,147
4117158100,남,5,187
4117158100,남,10,260
4117158100,남,15,284
4117158100,남,20,429
4117158100,남,25,586
4117158100,남,30,554
4117158100,남,35,475
4117158100,남,40,544
4117158100,남,45,515
4117158100,남,50,630
4117158100,남,55,758
4117158100,남,60,836
4117158100,남,65,708
4117158100,남,70,448
4117158100,남,75,331
4117158100,남,80,196
4117158100,남,85,94
4117158100,남,90,24
4117158100,남,95,1
4117158100,남,100,0
4117158100,여,0,138
4117158100,여,5,208
4117158100,여,10,247
4117158100,여,15,268
4117158100,여,20,380
4117158100,여,25,480
4117158100,여,30,490
4117158100,여,35,415
4117158100,여,40,468
4117158100,여,45,458
4117158100,여,50,696
4117158100,여,55,822
4117158100,여,60,942
4117158100,여,65,794
4117158100,여,70,517
4117158100,여,75,377
4117158100,여,80,292
4117158100,여,85,186
4117158100,여,90,68
4117158100,여,95,14
4117158100,여,100,2
4117159000,남,0,256
4117159000,남,5,319
4117159000,남,10,321
4117159000,남,15,372
4117159000,남,20,478
4117159000,남,25,641
4117159000,남,30,671
4117159000,남,35,620
4117159000,남,40,616
4117159000,남,45,581
4117159000,남,50,776
4117159000,남,55,833
4117159000,남,60,835
4117159000,남,65,727
4117159000,남,70,482
4117159000,남,75,314
4117159000,남,80,207
4117159000,남,85,78
4117159000,남,90,22
4117159000,남,95,5
4117159000,남,100,0
4117159000,여,0,265
4117159000,여,5,257
4117159000,여,10,315
4117159000,여,15,319
4117159000,여,20,472
4117159000,여,25,578
4117159000,여,30,637
4117159000,여,35,611
4117159000,여,40,645
4117159000,여,45,649
4117159000,여,50,882
4117159000,여,55,923
4117159000,여,60,942
4117159000,여,65,773
4117159000,여,70,462
4117159000,여,75,378
4117159000,여,80,237
4117159000,여,85,186
4117159000,여,90,74
4117159000,여,95,28
4117159000,여,100,1
4117160000,남,0,344
4117160000,남,5,428
4117160000,남,10,556
4117160000,남,15,616
4117160000,남,20,865
4117160000,남,25,1120
4117160000,남,30,1068
4117160000,남,35,887
4117160000,남,40,1055
4117160000,남,45,1016
4117160000,남,50,1331
4117160000,남,55,1411
4117160000,남,60,1509
4117160000,남,65,1081
4117160000,남,70,642
4117160000,남,75,513
4117160000,남,80,287
4117160000,남,85,135
4117160000,남,90,41
4117160000,남,95,6
4117160000,남,100,0
4117160000,여,0,338
4117160000,여,5,428
4117160000,여,10,464
4117160000,여,15,553
4117160000,여,20,789
4117160000,여,25,958
4117160000,여,30,1021
4117160000,여,35,849
4117160000,여,40,963
4117160000,여,45,985
4117160000,여,50,1318
4117160000,여,55,1502
4117160000,여,60,1455
4117160000,여,65,1090
4117160000,여,70,720
4117160000,여,75,565
4117160000,여,80,475
4117160000,여,85,305
4117160000,여,90,101
4117160000,여,95,22
4117160000,여,100,11
4117161100,남,0,130
4117161100,남,5,165
4117161100,남,10,259
4117161100,남,15,314
4117161100,남,20,416
4117161100,남,25,460
4117161100,남,30,427
4117161100,남,35,305
4117161100,남,40,401
4117161100,남,45,421
4117161100,남,50,581
4117161100,남,55,561
4117161100,남,60,646
4117161100,남,65,515
4117161100,남,70,286
4117161100,남,75,148
4117161100,남,80,109
4117161100,남,85,42
4117161100,남,90,14
4117161100,남,95,1
4117161100,남,100,0
4117161100,여,0,136
4117161100,여,5,174
4117161100,여,10,224
4117161100,여,15,248
4117161100,여,20,338
4117161100,여,25,323
4117161100,여,30,348
4117161100,여,35,297
4117161100,여,40,396
4117161100,여,45,440
4117161100,여,50,524
4117161100,여,55,645
4117161100,여,60,587
4117161100,여,65,509
4117161100,여,70,260
4117161100,여,75,236
4117161100,여,80,167
4117161100,여,85,131
4117161100,여,90,51
4117161100,여,95,9
4117161100,여,100,1
4117162100,남,0,86
4117162100,남,5,134
4117162100,남,10,180
4117162100,남,15,265
4117162100,남,20,341
4117162100,남,25,473
4117162100,남,30,518
4117162100,남,35,373
4117162100,남,40,435
4117162100,남,45,513
4117162100,남,50,668
4117162100,남,55,785
4117162100,남,60,738
4117162100,남,65,556
4117162100,남,70,387
4117162100,남,75,272
4117162100,남,80,183
4117162100,남,85,72
4117162100,남,90,17
4117162100,남,95,4
4117162100,남,100,0
4117162100,여,0,81
4117162100,여,5,142
4117162100,여,10,226
4117162100,여,15,235
4117162100,여,20,374
4117162100,여,25,432
4117162100,여,30,362
4117162100,여,35,293
4117162100,여,40,354
4117162100,여,45,454
4117162100,여,50,649
4117162100,여,55,688
4117162100,여,60,735
4117162100,여,65,639
4117162100,여,70,406
4117162100,여,75,346
4117162100,여,80,277
4117162100,여,85,178
4117162100,여,90,66
4117162100,여,95,16
4117162100,여,100,2
4117163000,남,0,338
4117163000,남,5,488
4117163000,남,10,546
4117163000,남,15,563
4117163000,남,20,595
4117163000,남,25,735
4117163000,남,30,793
4117163000,남,35,734
4117163000,남,40,832
4117163000,남,45,758
4117163000,남,50,857
4117163000,남,55,743
4117163000,남,60,897
4117163000,남,65,677
4117163000,남,70,392
4117163000,남,75,240
4117163000,남,80,121
4117163000,남,85,60
4117163000,남,90,13
4117163000,남,95,1
4117163000,남,100,0
4117163000,여,0,290
4117163000,여,5,455
4117163000,여,10,517
4117163000,여,15,527
4117163000,여,20,547
4117163000,여,25,629
4117163000,여,30,686
4117163000,여,35,700
4117163000,여,40,836
4117163000,여,45,745
4117163000,여,50,920
4117163000,여,55,944
4117163000,여,60,950
4117163000,여,65,669
4117163000,여,70,359
4117163000,여,75,251
4117163000,여,80,165
4117163000,여,85,118
4117163000,여,90,53
4117163000,여,95,9
4117163000,여,100,0
4117351000,남,0,654
4117351000,남,5,677
4117351000,남,10,603
4117351000,남,15,605
4117351000,남,20,821
4117351000,남,25,845
4117351000,남,30,1000
4117351000,남,35,1262
4117351000,남,40,1244
4117351000,남,45,938
4117351000,남,50,1150
4117351000,남,55,1059
4117351000,남,60,1075
4117351000,남,65,903
4117351000,남,70,496
4117351000,남,75,302
4117351000,남,80,161
4117351000,남,85,78
4117351000,남,90,21
4117351000,남,95,6
4117351000,남,100,0
4117351000,여,0,599
4117351000,여,5,687
4117351000,여,10,570
4117351000,여,15,602
4117351000,여,20,774
4117351000,여,25,864
4117351000,여,30,1101
4117351000,여,35,1283
4117351000,여,40,1155
4117351000,여,45,1037
4117351000,여,50,1328
4117351000,여,55,1196
4117351000,여,60,1246
4117351000,여,65,958
4117351000,여,70,496
4117351000,여,75,343
4117351000,여,80,248
4117351000,여,85,146
4117351000,여,90,70
4117351000,여,95,22
4117351000,여,100,0
4117352000,남,0,323
4117352000,남,5,329
4117352000,남,10,295
4117352000,남,15,315
4117352000,남,20,463
4117352000,남,25,419
4117352000,남,30,511
4117352000,남,35,560
4117352000,남,40,631
4117352000,남,45,504
4117352000,남,50,602
4117352000,남,55,562
4117352000,남,60,584
4117352000,남,65,458
4117352000,남,70,242
4117352000,남,75,178
4117352000,남,80,93
4117352000,남,85,36
4117352000,남,90,8
4117352000,남,95,1
4117352000,남,100,0
4117352000,여,0,258
4117352000,여,5,331
4117352000,여,10,302
4117352000,여,15,355
4117352000,여,20,385
4117352000,여,25,417
4117352000,여,30,546
4117352000,여,35,583
4117352000,여,40,596
4117352000,여,45,515
4117352000,여,50,680
4117352000,여,55,618
4117352000,여,60,662
4117352000,여,65,446
4117352000,여,70,269
4117352000,여,75,189
4117352000,여,80,121
4117352000,여,85,76
4117352000,여,90,45
4117352000,여,95,15
4117352000,여,100,1
4117353000,남,0,186
4117353000,남,5,202
4117353000,남,10,240
4117353000,남,15,320
4117353000,남,20,426
4117353000,남,25,550
4117353000,남,30,665
4117353000,남,35,540
4117353000,남,40,477
4117353000,남,45,465
4117353000,남,50,629
4117353000,남,55,658
4117353000,남,60,703
4117353000,남,65,590
4117353000,남,70,302
4117353000,남,75,210
4117353000,남,80,114
4117353000,남,85,45
4117353000,남,90,14
4117353000,남,95,5
4117353000,남,100,1
4117353000,여,0,230
4117353000,여,5,207
4117353000,여,10,234
4117353000,여,15,255
4117353000,여,20,370
4117353000,여,25,491
4117353000,여,30,586
4117353000,여,35,455
4117353000,여,40,469
4117353000,여,45,463
4117353000,여,50,675
4117353000,여,55,759
4117353000,여,60,765
4117353000,여,65,581
4117353000,여,70,317
4117353000,여,75,248
4117353000,여,80,210
4117353000,여,85,142
4117353000,여,90,44
4117353000,여,95,11
4117353000,여,100,1
4117354000,남,0,209
4117354000,남,5,363
4117354000,남,10,481
4117354000,남,15,534
4117354000,남,20,490
4117354000,남,25,473
4117354000,남,30,485
4117354000,남,35,471
4117354000,남,40,560
4117354000,남,45,654
4117354000,남,50,775
4117354000,남,55,594
4117354000,남,60,544
4117354000,남,65,467
4117354000,남,70,323
4117354000,남,75,166
4117354000,남,80,125
4117354000,남,85,46
4117354000,남,90,18
4117354000,남,95,2
4117354000,남,100,1
4117354000,여,0,195
4117354000,여,5,284
4117354000,여,10,440
4117354000,여,15,493
4117354000,여,20,439
4117354000,여,25,459
4117354000,여,30,505
4117354000,여,35,503
4117354000,여,40,694
4117354000,여,45,788
4117354000,여,50,827
4117354000,여,55,621
4117354000,여,60,641
4117354000,여,65,601
4117354000,여,70,360
4117354000,여,75,241
4117354000,여,80,210
4117354000,여,85,122
4117354000,여,90,81
4117354000,여,95,12
4117354000,여,100,1
4117354600,남,0,144
4117354600,남,5,108
4117354600,남,10,119
4117354600,남,15,155
4117354600,남,20,181
4117354600,남,25,356
4117354600,남,30,600
4117354600,남,35,495
4117354600,남,40,388
4117354600,남,45,288
4117354600,남,50,363
4117354600,남,55,303
4117354600,남,60,277
4117354600,남,65,287
4117354600,남,70,144
4117354600,남,75,77
4117354600,남,80,86
4117354600,남,85,31
4117354600,남,90,10
4117354600,남,95,2
4117354600,남,100,0
4117354600,여,0,107
4117354600,여,5,99
4117354600,여,10,99
4117354600,여,15,136
4117354600,여,20,204
4117354600,여,25,436
4117354600,여,30,657
4117354600,여,35,430
4117354600,여,40,400
4117354600,여,45,386
4117354600,여,50,454
4117354600,여,55,376
4117354600,여,60,447
4117354600,여,65,362
4117354600,여,70,228
4117354600,여,75,182
4117354600,여,80,179
4117354600,여,85,106
4117354600,여,90,63
4117354600,여,95,13
4117354600,여,100,1
4117355200,남,0,319
4117355200,남,5,385
4117355200,남,10,541
4117355200,남,15,642
4117355200,남,20,964
4117355200,남,25,1458
4117355200,남,30,1431
4117355200,남,35,980
4117355200,남,40,1030
4117355200,남,45,898
4117355200,남,50,1293
4117355200,남,55,1583
4117355200,남,60,1616
4117355200,남,65,1274
4117355200,남,70,748
4117355200,남,75,520
4117355200,남,80,290
4117355200,남,85,157
4117355200,남,90,42
4117355200,남,95,10
4117355200,남,100,3
4117355200,여,0,306
4117355200,여,5,343
4117355200,여,10,471
4117355200,여,15,588
4117355200,여,20,873
4117355200,여,25,1255
4117355200,여,30,1150
4117355200,여,35,889
4117355200,여,40,944
4117355200,여,45,1008
4117355200,여,50,1596
4117355200,여,55,1757
4117355200,여,60,1862
4117355200,여,65,1419
4117355200,여,70,867
4117355200,여,75,655
4117355200,여,80,505
4117355200,여,85,308
4117355200,여,90,130
4117355200,여,95,26
4117355200,여,100,3
4117355900,남,0,215
4117355900,남,5,267
4117355900,남,10,294
4117355900,남,15,325
4117355900,남,20,500
4117355900,남,25,895
4117355900,남,30,914
4117355900,남,35,699
4117355900,남,40,676
4117355900,남,45,634
4117355900,남,50,821
4117355900,남,55,828
4117355900,남,60,799
4117355900,남,65,554
4117355900,남,70,352
4117355900,남,75,218
4117355900,남,80,180
4117355900,남,85,69
4117355900,남,90,17
4117355900,남,95,6
4117355900,남,100,0
4117355900,여,0,196
4117355900,여,5,246
4117355900,여,10,329
4117355900,여,15,306
4117355900,여,20,484
4117355900,여,25,674
4117355900,여,30,713
4117355900,여,35,588
4117355900,여,40,629
4117355900,여,45,590
4117355900,여,50,839
4117355900,여,55,782
4117355900,여,60,813
4117355900,여,65,552
4117355900,여,70,379
4117355900,여,75,298
4117355900,여,80,235
4117355900,여,85,139
4117355900,여,90,52
4117355900,여,95,10
4117355900,여,100,2
4117356600,남,0,501
4117356600,남,5,376
4117356600,남,10,477
4117356600,남,15,573
4117356600,남,20,633
4117356600,남,25,967
4117356600,남,30,1472
4117356600,남,35,1368
4117356600,남,40,1119
4117356600,남,45,977
4117356600,남,50,1125
4117356600,남,55,869
4117356600,남,60,753
4117356600,남,65,603
4117356600,남,70,330
4117356600,남,75,200
4117356600,남,80,137
4117356600,남,85,77
4117356600,남,90,20
4117356600,남,95,4
4117356600,남,100,1
4117356600,여,0,419
4117356600,여,5,419
4117356600,여,10,499
4117356600,여,15,490
4117356600,여,20,641
4117356600,여,25,1045
4117356600,여,30,1503
4117356600,여,35,1181
4117356600,여,40,1118
4117356600,여,45,1102
4117356600,여,50,1269
4117356600,여,55,1014
4117356600,여,60,925
4117356600,여,65,645
4117356600,여,70,348
4117356600,여,75,295
4117356600,여,80,280
4117356600,여,85,170
4117356600,여,90,67
4117356600,여,95,13
4117356600,여,100,1
4117357000,남,0,213
4117357000,남,5,284
4117357000,남,10,372
4117357000,남,15,364
4117357000,남,20,385
4117357000,남,25,516
4117357000,남,30,477
4117357000,남,35,427
4117357000,남,40,508
4117357000,남,45,486
4117357000,남,50,590
4117357000,남,55,692
4117357000,남,60,635
4117357000,남,65,374
4117357000,남,70,200
4117357000,남,75,127
4117357000,남,80,79
4117357000,남,85,58
4117357000,남,90,13
4117357000,남,95,1
4117357000,남,100,2
4117357000,여,0,210
4117357000,여,5,302
4117357000,여,10,352
4117357000,여,15,365
4117357000,여,20,346
4117357000,여,25,474
4117357000,여,30,484
4117357000,여,35,413
4117357000,여,40,556
4117357000,여,45,563
4117357000,여,50,684
4117357000,여,55,753
4117357000,여,60,561
4117357000,여,65,392
4117357000,여,70,201
4117357000,여,75,156
4117357000,여,80,139
4117357000,여,85,113
4117357000,여,90,28
4117357000,여,95,3
4117357000,여,100,2
4117357600,남,0,319
4117357600,남,5,643
4117357600,남,10,976
4117357600,남,15,843
4117357600,남,20,639
4117357600,남,25,545
4117357600,남,30,672
4117357600,남,35,705
4117357600,남,40,1063
4117357600,남,45,1158
4117357600,남,50,1131
4117357600,남,55,756
4117357600,남,60,542
4117357600,남,65,480
4117357600,남,70,268
4117357600,남,75,153
4117357600,남,80,96
4117357600,남,85,60
4117357600,남,90,15
4117357600,남,95,5
4117357600,남,100,1
4117357600,여,0,310
4117357600,여,5,623
4117357600,여,10,935
4117357600,여,15,760
4117357600,여,20,570
4117357600,여,25,539
4117357600,여,30,712
4117357600,여,35,837
4117357600,여,40,1222
4117357600,여,45,1293
4117357600,여,50,1115
4117357600,여,55,723
4117357600,여,60,641
4117357600,여,65,500
4117357600,여,70,256
4117357600,여,75,201
4117357600,여,80,191
4117357600,여,85,125
4117357600,여,90,71
4117357600,여,95,17
4117357600,여,100,4
4117357800,남,0,98
4117357800,남,5,468
4117357800,남,10,1027
4117357800,남,15,792
4117357800,남,20,461
4117357800,남,25,392
4117357800,남,30,249
4117357800,남,35,241
4117357800,남,40,627
4117357800,남,45,965
4117357800,남,50,916
4117357800,남,55,565
4117357800,남,60,422
4117357800,남,65,306
4117357800,남,70,192
4117357800,남,75,116
4117357800,남,80,92
4117357800,남,85,47
4117357800,남,90,19
4117357800,남,95,3
4117357800,남,100,0
4117357800,여,0,93
4117357800,여,5,402
4117357800,여,10,858
4117357800,여,15,722
4117357800,여,20,428
4117357800,여,25,371
4117357800,여,30,221
4117357800,여,35,328
4117357800,여,40,964
4117357800,여,45,1072
4117357800,여,50,810
4117357800,여,55,522
4117357800,여,60,456
4117357800,여,65,297
4117357800,여,70,197
4117357800,여,75,168
4117357800,여,80,127
4117357800,여,85,78
4117357800,여,90,35
4117357800,여,95,10
4117357800,여,100,0
4117358000,남,0,697
4117358000,남,5,909
4117358000,남,10,790
4117358000,남,15,598
4117358000,남,20,578
4117358000,남,25,661
4117358000,남,30,1109
4117358000,남,35,1409
4117358000,남,40,1500
4117358000,남,45,1074
4117358000,남,50,997
4117358000,남,55,772
4117358000,남,60,681
4117358000,남,65,504
4117358000,남,70,280
4117358000,남,75,158
4117358000,남,80,78
4117358000,남,85,43
4117358000,남,90,6
4117358000,남,95,2
4117358000,남,100,0
4117358000,여,0,708
4117358000,여,5,879
4117358000,여,10,704
4117358000,여,15,582
4117358000,여,20,545
4117358000,여,25,694
4117358000,여,30,1152
4117358000,여,35,1401
4117358000,여,40,1401
4117358000,여,45,1027
4117358000,여,50,1001
4117358000,여,55,756
4117358000,여,60,755
4117358000,여,65,516
4117358000,여,70,289
4117358000,여,75,161
4117358000,여,80,122
4117358000,여,85,67
4117358000,여,90,29
4117358000,여,95,7
4117358000,여,100,0
4117359000,남,0,270
4117359000,남,5,302
4117359000,남,10,341
4117359000,남,15,388
4117359000,남,20,539
4117359000,남,25,751
4117359000,남,30,820
4117359000,남,35,679
4117359000,남,40,662
4117359000,남,45,569
4117359000,남,50,709
4117359000,남,55,789
4117359000,남,60,835
4117359000,남,65,691
4117359000,남,70,363
4117359000,남,75,232
4117359000,남,80,115
4117359000,남,85,62
4117359000,남,90,19
4117359000,남,95,5
4117359000,남,100,1
4117359000,여,0,263
4117359000,여,5,306
4117359000,여,10,330
4117359000,여,15,371
4117359000,여,20,561
4117359000,여,25,690
4117359000,여,30,725
4117359000,여,35,607
4117359000,여,40,662
4117359000,여,45,608
4117359000,여,50,859
4117359000,여,55,948
4117359000,여,60,902
4117359000,여,65,708
4117359000,여,70,406
4117359000,여,75,262
4117359000,여,80,176
4117359000,여,85,116
4117359000,여,90,53
4117359000,여,95,10
4117359000,여,100,0
4117360000,남,0,380
4117360000,남,5,452
4117360000,남,10,482
4117360000,남,15,515
4117360000,남,20,658
4117360000,남,25,867
4117360000,남,30,884
4117360000,남,35,882
4117360000,남,40,916
4117360000,남,45,797
4117360000,남,50,922
4117360000,남,55,1008
4117360000,남,60,1029
4117360000,남,65,844
4117360000,남,70,482
4117360000,남,75,251
4117360000,남,80,130
4117360000,남,85,56
4117360000,남,90,11
4117360000,남,95,3
4117360000,남,100,0
4117360000,여,0,358
4117360000,여,5,442
4117360000,여,10,451
4117360000,여,15,518
4117360000,여,20,621
4117360000,여,25,817
4117360000,여,30,860
4117360000,여,35,827
4117360000,여,40,837
4117360000,여,45,816
4117360000,여,50,1008
4117360000,여,55,1130
4117360000,여,60,1074
4117360000,여,65,812
4117360000,여,70,402
4117360000,여,75,241
4117360000,여,80,192
4117360000,여,85,146
4117360000,여,90,48
4117360000,여,95,16
4117360000,여,100,2
4117361000,남,0,171
4117361000,남,5,310
4117361000,남,10,509
4117361000,남,15,546
4117361000,남,20,479
4117361000,남,25,456
4117361000,남,30,525
4117361000,남,35,477
4117361000,남,40,508
4117361000,남,45,633
4117361000,남,50,725
4117361000,남,55,576
4117361000,남,60,479
4117361000,남,65,387
4117361000,남,70,190
4117361000,남,75,143
4117361000,남,80,111
4117361000,남,85,60
4117361000,남,90,20
4117361000,남,95,3
4117361000,남,100,0
4117361000,여,0,181
4117361000,여,5,284
4117361000,여,10,506
4117361000,여,15,478
4117361000,여,20,428
4117361000,여,25,465
4117361000,여,30,581
4117361000,여,35,479
4117361000,여,40,658
4117361000,여,45,750
4117361000,여,50,820
4117361000,여,55,589
4117361000,여,60,515
4117361000,여,65,374
4117361000,여,70,223
4117361000,여,75,201
4117361000,여,80,151
4117361000,여,85,124
4117361000,여,90,61
4117361000,여,95,17
4117361000,여,100,1
4117362000,남,0,148
4117362000,남,5,244
4117362000,남,10,323
4117362000,남,15,430
4117362000,남,20,403
4117362000,남,25,385
4117362000,남,30,367
4117362000,남,35,363
4117362000,남,40,445
4117362000,남,45,454
4117362000,남,50,608
4117362000,남,55,472
4117362000,남,60,478
4117362000,남,65,444
4117362000,남,70,238
4117362000,남,75,152
4117362000,남,80,60
4117362000,남,85,25
4117362000,남,90,12
4117362000,남,95,1
4117362000,남,100,0
4117362000,여,0,137
4117362000,여,5,252
4117362000,여,10,314
4117362000,여,15,393
4117362000,여,20,390
4117362000,여,25,362
4117362000,여,30,358
4117362000,여,35,377
4117362000,여,40,482
4117362000,여,45,533
4117362000,여,50,653
4117362000,여,55,536
4117362000,여,60,525
4117362000,여,65,424
4117362000,여,70,211
4117362000,여,75,156
4117362000,여,80,97
4117362000,여,85,69
4117362000,여,90,30
4117362000,여,95,9
4117362000,여,100,2
4117363000,남,0,60
4117363000,남,5,181
4117363000,남,10,345
4117363000,남,15,367
4117363000,남,20,312
4117363000,남,25,367
4117363000,남,30,235
4117363000,남,35,214
4117363000,남,40,349
4117363000,남,45,413
4117363000,남,50,520
4117363000,남,55,436
4117363000,남,60,420
4117363000,남,65,356
4117363000,남,70,223
4117363000,남,75,137
4117363000,남,80,87
4117363000,남,85,45
4117363000,남,90,18
4117363000,남,95,0
4117363000,남,100,0
4117363000,여,0,60
4117363000,여,5,191
4117363000,여,10,415
4117363000,여,15,378
4117363000,여,20,287
4117363000,여,25,280
4117363000,여,30,210
4117363000,여,35,218
4117363000,여,40,425
4117363000,여,45,485
4117363000,여,50,481
4117363000,여,55,459
4117363000,여,60,459
4117363000,여,65,357
4117363000,여,70,211
4117363000,여,75,152
4117363000,여,80,125
4117363000,여,85,77
4117363000,여,90,46
4117363000,여,95,17
4117363000,여,100,0
4119251000,남,0,106
4119251000,남,5,135
4119251000,남,10,172
4119251000,남,15,219
4119251000,남,20,329
4119251000,남,25,513
4119251000,남,30,535
4119251000,남,35,441
4119251000,남,40,536
4119251000,남,45,487
4119251000,남,50,597
4119251000,남,55,589
4119251000,남,60,554
4119251000,남,65,439
4119251000,남,70,256
4119251000,남,75,181
4119251000,남,80,99
4119251000,남,85,53
4119251000,남,90,10
4119251000,남,95,1
4119251000,남,100,0
4119251000,여,0,95
4119251000,여,5,111
4119251000,여,10,168
4119251000,여,15,215
4119251000,여,20,357
4119251000,여,25,426
4119251000,여,30,415
4119251000,여,35,358
4119251000,여,40,426
4119251000,여,45,380
4119251000,여,50,496
4119251000,여,55,540
4119251000,여,60,541
4119251000,여,65,465
4119251000,여,70,328
4119251000,여,75,187
4119251000,여,80,138
4119251000,여,85,81
4119251000,여,90,36
4119251000,여,95,9
4119251000,여,100,0
4119252000,남,0,210
4119252000,남,5,174
4119252000,남,10,181
4119252000,남,15,217
4119252000,남,20,523
4119252000,남,25,957
4119252000,남,30,1059
4119252000,남,35,798
4119252000,남,40,779
4119252000,남,45,744
4119252000,남,50,941
4119252000,남,55,840
4119252000,남,60,805
4119252000,남,65,611
4119252000,남,70,323
4119252000,남,75,223
4119252000,남,80,135
4119252000,남,85,64
4119252000,남,90,19
4119252000,남,95,3
4119252000,남,100,0
4119252000,여,0,216
4119252000,여,5,165
4119252000,여,10,163
4119252000,여,15,264
4119252000,여,20,607
4119252000,여,25,972
4119252000,여,30,846
4119252000,여,35,606
4119252000,여,40,601
4119252000,여,45,580
4119252000,여,50,699
4119252000,여,55,690
4119252000,여,60,699
4119252000,여,65,582
4119252000,여,70,384
4119252000,여,75,279
4119252000,여,80,191
4119252000,여,85,130
4119252000,여,90,42
4119252000,여,95,13
4119252000,여,100,2
4119253000,남,0,74
4119253000,남,5,136
4119253000,남,10,181
4119253000,남,15,217
4119253000,남,20,297
4119253000,남,25,463
4119253000,남,30,443
4119253000,남,35,364
4119253000,남,40,421
4119253000,남,45,413
4119253000,남,50,477
4119253000,남,55,520
4119253000,남,60,562
4119253000,남,65,439
4119253000,남,70,242
4119253000,남,75,144
4119253000,남,80,99
4119253000,남,85,36
4119253000,남,90,6
4119253000,남,95,1
4119253000,남,100,0
4119253000,여,0,73
4119253000,여,5,118
4119253000,여,10,150
4119253000,여,15,200
4119253000,여,20,252
4119253000,여,25,391
4119253000,여,30,357
4119253000,여,35,271
4119253000,여,40,355
4119253000,여,45,353
4119253000,여,50,509
4119253000,여,55,554
4119253000,여,60,579
4119253000,여,65,484
4119253000,여,70,256
4119253000,여,75,189
4119253000,여,80,148
4119253000,여,85,71
4119253000,여,90,38
4119253000,여,95,9
4119253000,여,100,0
4119254000,남,0,185
4119254000,남,5,208
4119254000,남,10,316
4119254000,남,15,330
4119254000,남,20,423
4119254000,남,25,625
4119254000,남,30,665
4119254000,남,35,546
4119254000,남,40,591
4119254000,남,45,579
4119254000,남,50,762
4119254000,남,55,830
4119254000,남,60,788
4119254000,남,65,655
4119254000,남,70,368
4119254000,남,75,231
4119254000,남,80,144
4119254000,남,85,61
4119254000,남,90,12
4119254000,남,95,4
4119254000,남,100,1
4119254000,여,0,200
4119254000,여,5,224
4119254000,여,10,283
4119254000,여,15,316
4119254000,여,20,364
4119254000,여,25,560
4119254000,여,30,585
4119254000,여,35,486
4119254000,여,40,545
4119254000,여,45,557
4119254000,여,50,738
4119254000,여,55,826
4119254000,여,60,866
4119254000,여,65,683
4119254000,여,70,426
4119254000,여,75,305
4119254000,여,80,198
4119254000,여,85,123
4119254000,여,90,43
4119254000,여,95,7
4119254000,여,100,3
4119255000,남,0,81
4119255000,남,5,167
4119255000,남,10,208
4119255000,남,15,168
4119255000,남,20,269
4119255000,남,25,360
4119255000,남,30,363
4119255000,남,35,316
4119255000,남,40,422
4119255000,남,45,394
4119255000,남,50,501
4119255000,남,55,588
4119255000,남,60,626
4119255000,남,65,487
4119255000,남,70,358
4119255000,남,75,229
4119255000,남,80,121
4119255000,남,85,54
4119255000,남,90,14
4119255000,남,95,1
4119255000,남,100,0
4119255000,여,0,78
4119255000,여,5,150
4119255000,여,10,175
4119255000,여,15,187
4119255000,여,20,229
4119255000,여,25,306
4119255000,여,30,297
4119255000,여,35,311
4119255000,여,40,358
4119255000,여,45,314
4119255000,여,50,490
4119255000,여,55,611
4119255000,여,60,617
4119255000,여,65,602
4119255000,여,70,393
4119255000,여,75,271
4119255000,여,80,190
4119255000,여,85,109
4119255000,여,90,49
4119255000,여,95,11
4119255000,여,100,1
4119256000,남,0,45
4119256000,남,5,38
4119256000,남,10,76
4119256000,남,15,80
4119256000,남,20,134
4119256000,남,25,225
4119256000,남,30,227
4119256000,남,35,160
4119256000,남,40,200
4119256000,남,45,188
4119256000,남,50,225
4119256000,남,55,288
4119256000,남,60,261
4119256000,남,65,269
4119256000,남,70,199
4119256000,남,75,146
4119256000,남,80,84
4119256000,남,85,41
4119256000,남,90,5
4119256000,남,95,0
4119256000,남,100,0
4119256000,여,0,38
4119256000,여,5,38
4119256000,여,10,56
4119256000,여,15,87
4119256000,여,20,137
4119256000,여,25,187
4119256000,여,30,171
4119256000,여,35,154
4119256000,여,40,159
4119256000,여,45,163
4119256000,여,50,256
4119256000,여,55,318
4119256000,여,60,358
4119256000,여,65,355
4119256000,여,70,269
4119256000,여,75,165
4119256000,여,80,142
4119256000,여,85,77
4119256000,여,90,36
4119256000,여,95,9
4119256000,여,100,0
4119257000,남,0,130
4119257000,남,5,261
4119257000,남,10,335
4119257000,남,15,350
4119257000,남,20,440
4119257000,남,25,525
4119257000,남,30,545
4119257000,남,35,480
4119257000,남,40,617
4119257000,남,45,637
4119257000,남,50,727
4119257000,남,55,611
4119257000,남,60,713
4119257000,남,65,627
4119257000,남,70,414
4119257000,남,75,297
4119257000,남,80,196
4119257000,남,85,70
4119257000,남,90,22
4119257000,남,95,2
4119257000,남,100,0
4119257000,여,0,133
4119257000,여,5,262
4119257000,여,10,312
4119257000,여,15,351
4119257000,여,20,420
4119257000,여,25,471
4119257000,여,30,509
4119257000,여,35,502
4119257000,여,40,598
4119257000,여,45,635
4119257000,여,50,691
4119257000,여,55,700
4119257000,여,60,794
4119257000,여,65,734
4119257000,여,70,479
4119257000,여,75,319
4119257000,여,80,281
4119257000,여,85,142
4119257000,여,90,59
4119257000,여,95,12
4119257000,여,100,1
4119258000,남,0,140
4119258000,남,5,229
4119258000,남,10,309
4119258000,남,15,335
4119258000,남,20,557
4119258000,남,25,659
4119258000,남,30,592
4119258000,남,35,471
4119258000,남,40,646
4119258000,남,45,600
4119258000,남,50,808
4119258000,남,55,672
4119258000,남,60,718
4119258000,남,65,586
4119258000,남,70,426
4119258000,남,75,281
4119258000,남,80,161
4119258000,남,85,69
4119258000,남,90,24
4119258000,남,95,1
4119258000,남,100,1
4119258000,여,0,134
4119258000,여,5,220
4119258000,여,10,296
4119258000,여,15,313
4119258000,여,20,588
4119258000,여,25,599
4119258000,여,30,481
4119258000,여,35,449
4119258000,여,40,630
4119258000,여,45,615
4119258000,여,50,741
4119258000,여,55,750
4119258000,여,60,837
4119258000,여,65,741
4119258000,여,70,459
4119258000,여,75,331
4119258000,여,80,276
4119258000,여,85,129
4119258000,여,90,54
4119258000,여,95,12
4119258000,여,100,2
4119259000,남,0,144
4119259000,남,5,188
4119259000,남,10,218
4119259000,남,15,237
4119259000,남,20,352
4119259000,남,25,559
4119259000,남,30,583
4119259000,남,35,465
4119259000,남,40,551
4119259000,남,45,451
4119259000,남,50,586
4119259000,남,55,648
4119259000,남,60,681
4119259000,남,65,529
4119259000,남,70,294
4119259000,남,75,218
4119259000,남,80,117
4119259000,남,85,45
4119259000,남,90,17
4119259000,남,95,1
4119259000,남,100,1
4119259000,여,0,160
4119259000,여,5,174
4119259000,여,10,201
4119259000,여,15,229
4119259000,여,20,329
4119259000,여,25,509
4119259000,여,30,505
4119259000,여,35,435
4119259000,여,40,446
4119259000,여,45,403
4119259000,여,50,583
4119259000,여,55,676
4119259000,여,60,686
4119259000,여,65,548
4119259000,여,70,384
4119259000,여,75,282
4119259000,여,80,199
4119259000,여,85,120
4119259000,여,90,60
4119259000,여,95,15
4119259000,여,100,5
4119260000,남,0,184
4119260000,남,5,284
4119260000,남,10,401
4119260000,남,15,498
4119260000,남,20,616
4119260000,남,25,786
4119260000,남,30,710
4119260000,남,35,588
4119260000,남,40,737
4119260000,남,45,711
4119260000,남,50,994
4119260000,남,55,1180
4119260000,남,60,1054
4119260000,남,65,767
4119260000,남,70,392
4119260000,남,75,244
4119260000,남,80,144
4119260000,남,85,70
4119260000,남,90,17
4119260000,남,95,2
4119260000,남,100,0
4119260000,여,0,173
4119260000,여,5,261
4119260000,여,10,380
4119260000,여,15,440
4119260000,여,20,564
4119260000,여,25,693
4119260000,여,30,599
4119260000,여,35,515
4119260000,여,40,609
4119260000,여,45,674
4119260000,여,50,1041
4119260000,여,55,1105
4119260000,여,60,1076
4119260000,여,65,752
4119260000,여,70,426
4119260000,여,75,266
4119260000,여,80,254
4119260000,여,85,134
4119260000,여,90,45
4119260000,여,95,13
4119260000,여,100,1
4119261000,남,0,290
4119261000,남,5,337
4119261000,남,10,425
4119261000,남,15,351
4119261000,남,20,434
4119261000,남,25,616
4119261000,남,30,607
4119261000,남,35,618
4119261000,남,40,764
4119261000,남,45,624
4119261000,남,50,734
4119261000,남,55,756
4119261000,남,60,843
4119261000,남,65,614
4119261000,남,70,281
4119261000,남,75,177
4119261000,남,80,76
4119261000,남,85,32
4119261000,남,90,12
4119261000,남,95,1
4119261000,남,100,1
4119261000,여,0,249
4119261000,여,5,361
4119261000,여,10,385
4119261000,여,15,356
4119261000,여,20,421
4119261000,여,25,519
4119261000,여,30,564
4119261000,여,35,577
4119261000,여,40,737
4119261000,여,45,626
4119261000,여,50,760
4119261000,여,55,891
4119261000,여,60,843
4119261000,여,65,609
4119261000,여,70,283
4119261000,여,75,170
4119261000,여,80,134
4119261000,여,85,90
4119261000,여,90,35
4119261000,여,95,9
4119261000,여,100,2
4119262000,남,0,276
4119262000,남,5,426
4119262000,남,10,515
4119262000,남,15,497
4119262000,남,20,610
4119262000,남,25,762
4119262000,남,30,765
4119262000,남,35,707
4119262000,남,40,830
4119262000,남,45,827
4119262000,남,50,912
4119262000,남,55,899
4119262000,남,60,978
4119262000,남,65,762
4119262000,남,70,457
4119262000,남,75,269
4119262000,남,80,151
4119262000,남,85,61
4119262000,남,90,22
4119262000,남,95,4
4119262000,남,100,1
4119262000,여,0,274
4119262000,여,5,374
4119262000,여,10,478
4119262000,여,15,513
4119262000,여,20,520
4119262000,여,25,733
4119262000,여,30,726
4119262000,여,35,661
4119262000,여,40,859
4119262000,여,45,819
4119262000,여,50,933
4119262000,여,55,1059
4119262000,여,60,1081
4119262000,여,65,865
4119262000,여,70,473
4119262000,여,75,286
4119262000,여,80,229
4119262000,여,85,158
4119262000,여,90,63
4119262000,여,95,16
4119262000,여,100,3
4119263000,남,0,589
4119263000,남,5,843
4119263000,남,10,823
4119263000,남,15,808
4119263000,남,20,1057
4119263000,남,25,1639
4119263000,남,30,1890
4119263000,남,35,1728
4119263000,남,40,1821
4119263000,남,45,1480
4119263000,남,50,1640
4119263000,남,55,1460
4119263000,남,60,1498
4119263000,남,65,1232
4119263000,남,70,595
4119263000,남,75,287
4119263000,남,80,202
4119263000,남,85,80
4119263000,남,90,19
4119263000,남,95,4
4119263000,남,100,0
4119263000,여,0,500
4119263000,여,5,760
4119263000,여,10,836
4119263000,여,15,814
4119263000,여,20,1249
4119263000,여,25,2021
4119263000,여,30,1891
4119263000,여,35,1765
4119263000,여,40,1803
4119263000,여,45,1609
4119263000,여,50,1834
4119263000,여,55,1597
4119263000,여,60,1714
4119263000,여,65,1150
4119263000,여,70,479
4119263000,여,75,349
4119263000,여,80,258
4119263000,여,85,189
4119263000,여,90,74
4119263000,여,95,27
4119263000,여,100,4
4119264000,남,0,346
4119264000,남,5,573
4119264000,남,10,705
4119264000,남,15,778
4119264000,남,20,823
4119264000,남,25,938
4119264000,남,30,979
4119264000,남,35,934
4119264000,남,40,1168
4119264000,남,45,998
4119264000,남,50,1185
4119264000,남,55,1158
4119264000,남,60,1306
4119264000,남,65,1179
4119264000,남,70,623
4119264000,남,75,369
4119264000,남,80,206
4119264000,남,85,88
4119264000,남,90,24
4119264000,남,95,5
4119264000,남,100,0
4119264000,여,0,383
4119264000,여,5,518
4119264000,여,10,632
4119264000,여,15,674
4119264000,여,20,814
4119264000,여,25,929
4119264000,여,30,975
4119264000,여,35,955
4119264000,여,40,1224
4119264000,여,45,1131
4119264000,여,50,1383
4119264000,여,55,1330
4119264000,여,60,1545
4119264000,여,65,1143
4119264000,여,70,592
4119264000,여,75,364
4119264000,여,80,274
4119264000,여,85,201
4119264000,여,90,98
4119264000,여,95,29
4119264000,여,100,7
4119265000,남,0,284
4119265000,남,5,316
4119265000,남,10,426
4119265000,남,15,427
4119265000,남,20,522
4119265000,남,25,715
4119265000,남,30,986
4119265000,남,35,830
4119265000,남,40,807
4119265000,남,45,736
4119265000,남,50,820
4119265000,남,55,782
4119265000,남,60,994
4119265000,남,65,735
4119265000,남,70,416
4119265000,남,75,270
4119265000,남,80,174
4119265000,남,85,70
4119265000,남,90,23
4119265000,남,95,5
4119265000,남,100,0
4119265000,여,0,274
4119265000,여,5,361
4119265000,여,10,395
4119265000,여,15,453
4119265000,여,20,564
4119265000,여,25,852
4119265000,여,30,1007
4119265000,여,35,838
4119265000,여,40,879
4119265000,여,45,788
4119265000,여,50,968
4119265000,여,55,1032
4119265000,여,60,1183
4119265000,여,65,774
4119265000,여,70,460
4119265000,여,75,354
4119265000,여,80,305
4119265000,여,85,199
4119265000,여,90,96
4119265000,여,95,17
4119265000,여,100,5
4119266000,남,0,201
4119266000,남,5,222
4119266000,남,10,245
4119266000,남,15,331
4119266000,남,20,418
4119266000,남,25,583
4119266000,남,30,776
4119266000,남,35,734
4119266000,남,40,633
4119266000,남,45,526
4119266000,남,50,577
4119266000,남,55,669
4119266000,남,60,769
4119266000,남,65,576
4119266000,남,70,329
4119266000,남,75,210
4119266000,남,80,108
4119266000,남,85,54
4119266000,남,90,15
4119266000,남,95,4
4119266000,남,100,0
4119266000,여,0,233
4119266000,여,5,242
4119266000,여,10,284
4119266000,여,15,313
4119266000,여,20,437
4119266000,여,25,710
4119266000,여,30,873
4119266000,여,35,717
4119266000,여,40,678
4119266000,여,45,616
4119266000,여,50,836
4119266000,여,55,803
4119266000,여,60,824
4119266000,여,65,693
4119266000,여,70,381
4119266000,여,75,290
4119266000,여,80,225
4119266000,여,85,125
4119266000,여,90,57
4119266000,여,95,16
4119266000,여,100,3
4119267000,남,0,151
4119267000,남,5,220
4119267000,남,10,321
4119267000,남,15,401
4119267000,남,20,526
4119267000,남,25,713
4119267000,남,30,716
4119267000,남,35,515
4119267000,남,40,565
4119267000,남,45,547
4119267000,남,50,769
4119267000,남,55,750
4119267000,남,60,843
4119267000,남,65,715
4119267000,남,70,439
4119267000,남,75,272
4119267000,남,80,157
4119267000,남,85,78
4119267000,남,90,26
4119267000,남,95,3
4119267000,남,100,0
4119267000,여,0,144
4119267000,여,5,214
4119267000,여,10,312
4119267000,여,15,370
4119267000,여,20,441
4119267000,여,25,709
4119267000,여,30,659
4119267000,여,35,484
4119267000,여,40,581
4119267000,여,45,609
4119267000,여,50,789
4119267000,여,55,852
4119267000,여,60,892
4119267000,여,65,701
4119267000,여,70,421
4119267000,여,75,296
4119267000,여,80,263
4119267000,여,85,177
4119267000,여,90,59
4119267000,여,95,25
4119267000,여,100,5
4119268000,남,0,375
4119268000,남,5,458
4119268000,남,10,491
4119268000,남,15,494
4119268000,남,20,591
4119268000,남,25,788
4119268000,남,30,919
4119268000,남,35,1010
4119268000,남,40,969
4119268000,남,45,869
4119268000,남,50,970
4119268000,남,55,842
4119268000,남,60,918
4119268000,남,65,827
4119268000,남,70,482
4119268000,남,75,253
4119268000,남,80,165
4119268000,남,85,56
4119268000,남,90,23
4119268000,남,95,1
4119268000,남,100,1
4119268000,여,0,390
4119268000,여,5,375
4119268000,여,10,465
4119268000,여,15,497
4119268000,여,20,619
4119268000,여,25,796
4119268000,여,30,1000
4119268000,여,35,992
4119268000,여,40,976
4119268000,여,45,972
4119268000,여,50,1035
4119268000,여,55,946
4119268000,여,60,1139
4119268000,여,65,910
4119268000,여,70,428
4119268000,여,75,308
4119268000,여,80,252
4119268000,여,85,173
4119268000,여,90,58
4119268000,여,95,22
4119268000,여,100,3
4119269000,남,0,496
4119269000,남,5,684
4119269000,남,10,840
4119269000,남,15,861
4119269000,남,20,922
4119269000,남,25,901
4119269000,남,30,1011
4119269000,남,35,999
4119269000,남,40,1130
4119269000,남,45,1144
4119269000,남,50,1225
4119269000,남,55,1142
4119269000,남,60,1036
4119269000,남,65,691
4119269000,남,70,337
4119269000,남,75,174
4119269000,남,80,126
4119269000,남,85,61
4119269000,남,90,18
4119269000,남,95,3
4119269000,남,100,1
4119269000,여,0,496
4119269000,여,5,641
4119269000,여,10,813
4119269000,여,15,802
4119269000,여,20,764
4119269000,여,25,923
4119269000,여,30,1118
4119269000,여,35,1009
4119269000,여,40,1307
4119269000,여,45,1227
4119269000,여,50,1390
4119269000,여,55,1282
4119269000,여,60,1006
4119269000,여,65,637
4119269000,여,70,286
4119269000,여,75,257
4119269000,여,80,169
4119269000,여,85,134
4119269000,여,90,71
4119269000,여,95,17
4119269000,여,100,3
4119270000,남,0,353
4119270000,남,5,748
4119270000,남,10,863
4119270000,남,15,926
4119270000,남,20,1002
4119270000,남,25,1084
4119270000,남,30,916
4119270000,남,35,825
4119270000,남,40,1156
4119270000,남,45,1141
4119270000,남,50,1455
4119270000,남,55,1446
4119270000,남,60,1399
4119270000,남,65,829
4119270000,남,70,339
4119270000,남,75,226
4119270000,남,80,107
4119270000,남,85,39
4119270000,남,90,18
4119270000,남,95,3
4119270000,남,100,0
4119270000,여,0,365
4119270000,여,5,669
4119270000,여,10,913
4119270000,여,15,890
4119270000,여,20,958
4119270000,여,25,1106
4119270000,여,30,950
4119270000,여,35,884
4119270000,여,40,1296
4119270000,여,45,1326
4119270000,여,50,1655
4119270000,여,55,1525
4119270000,여,60,1223
4119270000,여,65,671
4119270000,여,70,321
4119270000,여,75,232
4119270000,여,80,172
4119270000,여,85,129
4119270000,여,90,65
4119270000,여,95,27
4119270000,여,100,0
4119451000,남,0,153
4119451000,남,5,154
4119451000,남,10,226
4119451000,남,15,262
4119451000,남,20,356
4119451000,남,25,612
4119451000,남,30,635
4119451000,남,35,531
4119451000,남,40,602
4119451000,남,45,530
4119451000,남,50,747
4119451000,남,55,764
4119451000,남,60,812
4119451000,남,65,658
4119451000,남,70,419
4119451000,남,75,325
4119451000,남,80,192
4119451000,남,85,85
4119451000,남,90,20
4119451000,남,95,3
4119451000,남,100,1
4119451000,여,0,125
4119451000,여,5,142
4119451000,여,10,206
4119451000,여,15,277
4119451000,여,20,356
4119451000,여,25,519
4119451000,여,30,511
4119451000,여,35,426
4119451000,여,40,495
4119451000,여,45,492
4119451000,여,50,678
4119451000,여,55,809
4119451000,여,60,831
4119451000,여,65,753
4119451000,여,70,517
4119451000,여,75,341
4119451000,여,80,272
4119451000,여,85,166
4119451000,여,90,53
4119451000,여,95,16
4119451000,여,100,1
4119452000,남,0,107
4119452000,남,5,117
4119452000,남,10,187
4119452000,남,15,246
4119452000,남,20,341
4119452000,남,25,548
4119452000,남,30,587
4119452000,남,35,413
4119452000,남,40,527
4119452000,남,45,509
4119452000,남,50,643
4119452000,남,55,605
4119452000,남,60,728
4119452000,남,65,594
4119452000,남,70,431
4119452000,남,75,313
4119452000,남,80,212
4119452000,남,85,81
4119452000,남,90,19
4119452000,남,95,2
4119452000,남,100,3
4119452000,여,0,93
4119452000,여,5,127
4119452000,여,10,165
4119452000,여,15,219
4119452000,여,20,336
4119452000,여,25,549
4119452000,여,30,489
4119452000,여,35,355
4119452000,여,40,420
4119452000,여,45,467
4119452000,여,50,612
4119452000,여,55,716
4119452000,여,60,810
4119452000,여,65,721
4119452000,여,70,517
4119452000,여,75,360
4119452000,여,80,268
4119452000,여,85,156
4119452000,여,90,61
4119452000,여,95,19
4119452000,여,100,2
4119453000,남,0,375
4119453000,남,5,345
4119453000,남,10,311
4119453000,남,15,380
4119453000,남,20,626
4119453000,남,25,873
4119453000,남,30,1107
4119453000,남,35,942
4119453000,남,40,886
4119453000,남,45,781
4119453000,남,50,992
4119453000,남,55,1065
4119453000,남,60,1225
4119453000,남,65,1040
4119453000,남,70,619
4119453000,남,75,468
4119453000,남,80,264
4119453000,남,85,106
4119453000,남,90,28
4119453000,남,95,6
4119453000,남,100,2
4119453000,여,0,305
4119453000,여,5,288
4119453000,여,10,316
4119453000,여,15,355
4119453000,여,20,600
4119453000,여,25,841
4119453000,여,30,1004
4119453000,여,35,816
4119453000,여,40,745
4119453000,여,45,742
4119453000,여,50,1063
4119453000,여,55,1280
4119453000,여,60,1301
4119453000,여,65,1106
4119453000,여,70,735
4119453000,여,75,523
4119453000,여,80,363
4119453000,여,85,199
4119453000,여,90,96
4119453000,여,95,22
4119453000,여,100,7
4119454000,남,0,327
4119454000,남,5,493
4119454000,남,10,570
4119454000,남,15,613
4119454000,남,20,770
4119454000,남,25,882
4119454000,남,30,955
4119454000,남,35,902
4119454000,남,40,1013
4119454000,남,45,952
4119454000,남,50,1123
4119454000,남,55,1120
4119454000,남,60,1317
4119454000,남,65,1206
4119454000,남,70,705
4119454000,남,75,467
4119454000,남,80,267
4119454000,남,85,98
4119454000,남,90,26
4119454000,남,95,7
4119454000,남,100,1
4119454000,여,0,301
4119454000,여,5,480
4119454000,여,10,532
4119454000,여,15,614
4119454000,여,20,693
4119454000,여,25,832
4119454000,여,30,869
4119454000,여,35,861
4119454000,여,40,976
4119454000,여,45,1010
4119454000,여,50,1159
4119454000,여,55,1343
4119454000,여,60,1553
4119454000,여,65,1269
4119454000,여,70,789
4119454000,여,75,487
4119454000,여,80,372
4119454000,여,85,233
4119454000,여,90,92
4119454000,여,95,15
4119454000,여,100,1
4119455000,남,0,718
4119455000,남,5,834
4119455000,남,10,791
4119455000,남,15,780
4119455000,남,20,663
4119455000,남,25,732
4119455000,남,30,931
4119455000,남,35,1289
4119455000,남,40,1460
4119455000,남,45,1151
4119455000,남,50,1077
4119455000,남,55,888
4119455000,남,60,875
4119455000,남,65,733
4119455000,남,70,454
4119455000,남,75,267
4119455000,남,80,152
4119455000,남,85,67
4119455000,남,90,19
4119455000,남,95,5
4119455000,남,100,0
4119455000,여,0,648
4119455000,여,5,841
4119455000,여,10,807
4119455000,여,15,757
4119455000,여,20,674
4119455000,여,25,695
4119455000,여,30,1106
4119455000,여,35,1285
4119455000,여,40,1411
4119455000,여,45,1224
4119455000,여,50,1119
4119455000,여,55,992
4119455000,여,60,934
4119455000,여,65,828
4119455000,여,70,434
4119455000,여,75,265
4119455000,여,80,195
4119455000,여,85,129
4119455000,여,90,42
4119455000,여,95,15
4119455000,여,100,4
4119456000,남,0,626
4119456000,남,5,1203
4119456000,남,10,1478
4119456000,남,15,890
4119456000,남,20,594
4119456000,남,25,634
4119456000,남,30,709
4119456000,남,35,957
4119456000,남,40,2066
4119456000,남,45,1850
4119456000,남,50,1211
4119456000,남,55,835
4119456000,남,60,797
4119456000,남,65,708
4119456000,남,70,412
4119456000,남,75,321
4119456000,남,80,131
4119456000,남,85,52
4119456000,남,90,18
4119456000,남,95,1
4119456000,남,100,0
4119456000,여,0,562
4119456000,여,5,1145
4119456000,여,10,1457
4119456000,여,15,857
4119456000,여,20,550
4119456000,여,25,619
4119456000,여,30,817
4119456000,여,35,1220
4119456000,여,40,2296
4119456000,여,45,1632
4119456000,여,50,1111
4119456000,여,55,861
4119456000,여,60,879
4119456000,여,65,762
4119456000,여,70,406
4119456000,여,75,291
4119456000,여,80,215
4119456000,여,85,111
4119456000,여,90,59
4119456000,여,95,19
4119456000,여,100,0
4119457000,남,0,189
4119457000,남,5,232
4119457000,남,10,303
4119457000,남,15,341
4119457000,남,20,477
4119457000,남,25,658
4119457000,남,30,746
4119457000,남,35,576
4119457000,남,40,654
4119457000,남,45,617
4119457000,남,50,786
4119457000,남,55,816
4119457000,남,60,846
4119457000,남,65,722
4119457000,남,70,450
4119457000,남,75,290
4119457000,남,80,166
4119457000,남,85,90
4119457000,남,90,27
4119457000,남,95,8
4119457000,남,100,1
4119457000,여,0,172
4119457000,여,5,222
4119457000,여,10,282
4119457000,여,15,367
4119457000,여,20,480
4119457000,여,25,614
4119457000,여,30,647
4119457000,여,35,486
4119457000,여,40,586
4119457000,여,45,617
4119457000,여,50,845
4119457000,여,55,950
4119457000,여,60,965
4119457000,여,65,810
4119457000,여,70,471
4119457000,여,75,332
4119457000,여,80,283
4119457000,여,85,251
4119457000,여,90,96
4119457000,여,95,22
4119457000,여,100,8
4119458000,남,0,246
4119458000,남,5,305
4119458000,남,10,267
4119458000,남,15,330
4119458000,남,20,541
4119458000,남,25,736
4119458000,남,30,808
4119458000,남,35,725
4119458000,남,40,772
4119458000,남,45,759
4119458000,남,50,863
4119458000,남,55,899
4119458000,남,60,968
4119458000,남,65,833
4119458000,남,70,564
4119458000,남,75,371
4119458000,남,80,244
4119458000,남,85,99
4119458000,남,90,28
4119458000,남,95,8
4119458000,남,100,1
4119458000,여,0,228
4119458000,여,5,250
4119458000,여,10,244
4119458000,여,15,311
4119458000,여,20,511
4119458000,여,25,677
4119458000,여,30,792
4119458000,여,35,646
4119458000,여,40,730
4119458000,여,45,686
4119458000,여,50,1012
4119458000,여,55,1048
4119458000,여,60,1084
4119458000,여,65,1005
4119458000,여,70,648
4119458000,여,75,504
4119458000,여,80,371
4119458000,여,85,218
4119458000,여,90,70
4119458000,여,95,19
4119458000,여,100,3
4119459000,남,0,238
4119459000,남,5,300
4119459000,남,10,348
4119459000,남,15,434
4119459000,남,20,510
4119459000,남,25,696
4119459000,남,30,759
4119459000,남,35,717
4119459000,남,40,758
4119459000,남,45,703
4119459000,남,50,873
4119459000,남,55,816
4119459000,남,60,898
4119459000,남,65,808
4119459000,남,70,501
4119459000,남,75,307
4119459000,남,80,175
4119459000,남,85,81
4119459000,남,90,22
4119459000,남,95,3
4119459000,남,100,0
4119459000,여,0,230
4119459000,여,5,327
4119459000,여,10,359
4119459000,여,15,423
4119459000,여,20,477
4119459000,여,25,684
4119459000,여,30,716
4119459000,여,35,643
4119459000,여,40,722
4119459000,여,45,759
4119459000,여,50,910
4119459000,여,55,953
4119459000,여,60,1029
4119459000,여,65,899
4119459000,여,70,524
4119459000,여,75,359
4119459000,여,80,270
4119459000,여,85,152
4119459000,여,90,40
4119459000,여,95,18
4119459000,여,100,2
4119460000,남,0,252
4119460000,남,5,392
4119460000,남,10,544
4119460000,남,15,591
4119460000,남,20,661
4119460000,남,25,874
4119460000,남,30,870
4119460000,남,35,767
4119460000,남,40,898
4119460000,남,45,936
4119460000,남,50,1125
4119460000,남,55,1014
4119460000,남,60,1065
4119460000,남,65,865
4119460000,남,70,504
4119460000,남,75,290
4119460000,남,80,203
4119460000,남,85,81
4119460000,남,90,22
4119460000,남,95,3
4119460000,남,100,0
4119460000,여,0,265
4119460000,여,5,337
4119460000,여,10,489
4119460000,여,15,510
4119460000,여,20,638
4119460000,여,25,791
4119460000,여,30,809
4119460000,여,35,675
4119460000,여,40,879
4119460000,여,45,945
4119460000,여,50,1124
4119460000,여,55,1198
4119460000,여,60,1196
4119460000,여,65,997
4119460000,여,70,546
4119460000,여,75,391
4119460000,여,80,287
4119460000,여,85,213
4119460000,여,90,68
4119460000,여,95,13
4119460000,여,100,3
4119651000,남,0,293
4119651000,남,5,496
4119651000,남,10,739
4119651000,남,15,809
4119651000,남,20,1155
4119651000,남,25,1475
4119651000,남,30,1312
4119651000,남,35,1029
4119651000,남,40,1219
4119651000,남,45,1180
4119651000,남,50,1854
4119651000,남,55,2037
4119651000,남,60,2023
4119651000,남,65,1566
4119651000,남,70,831
4119651000,남,75,536
4119651000,남,80,307
4119651000,남,85,150
4119651000,남,90,35
4119651000,남,95,6
4119651000,남,100,1
4119651000,여,0,325
4119651000,여,5,492
4119651000,여,10,662
4119651000,여,15,765
4119651000,여,20,1084
4119651000,여,25,1293
4119651000,여,30,1068
4119651000,여,35,946
4119651000,여,40,1167
4119651000,여,45,1259
4119651000,여,50,1908
4119651000,여,55,2095
4119651000,여,60,2075
4119651000,여,65,1547
4119651000,여,70,850
4119651000,여,75,635
4119651000,여,80,539
4119651000,여,85,354
4119651000,여,90,140
4119651000,여,95,33
4119651000,여,100,10
4119652000,남,0,221
4119652000,남,5,263
4119652000,남,10,345
4119652000,남,15,435
4119652000,남,20,648
4119652000,남,25,888
4119652000,남,30,885
4119652000,남,35,645
4119652000,남,40,692
4119652000,남,45,656
4119652000,남,50,1007
4119652000,남,55,1107
4119652000,남,60,1128
4119652000,남,65,814
4119652000,남,70,416
4119652000,남,75,273
4119652000,남,80,155
4119652000,남,85,73
4119652000,남,90,18
4119652000,남,95,4
4119652000,남,100,0
4119652000,여,0,181
4119652000,여,5,237
4119652000,여,10,315
4119652000,여,15,408
4119652000,여,20,569
4119652000,여,25,816
4119652000,여,30,746
4119652000,여,35,499
4119652000,여,40,605
4119652000,여,45,710
4119652000,여,50,1075
4119652000,여,55,1231
4119652000,여,60,1106
4119652000,여,65,809
4119652000,여,70,485
4119652000,여,75,360
4119652000,여,80,311
4119652000,여,85,195
4119652000,여,90,86
4119652000,여,95,13
4119652000,여,100,2
4119653000,남,0,125
4119653000,남,5,234
4119653000,남,10,333
4119653000,남,15,402
4119653000,남,20,535
4119653000,남,25,792
4119653000,남,30,733
4119653000,남,35,533
4119653000,남,40,638
4119653000,남,45,655
4119653000,남,50,963
4119653000,남,55,1014
4119653000,남,60,985
4119653000,남,65,733
4119653000,남,70,320
4119653000,남,75,240
4119653000,남,80,153
4119653000,남,85,56
4119653000,남,90,14
4119653000,남,95,3
4119653000,남,100,0
4119653000,여,0,112
4119653000,여,5,212
4119653000,여,10,310
4119653000,여,15,411
4119653000,여,20,509
4119653000,여,25,756
4119653000,여,30,617
4119653000,여,35,421
4119653000,여,40,570
4119653000,여,45,625
4119653000,여,50,921
4119653000,여,55,1039
4119653000,여,60,991
4119653000,여,65,704
4119653000,여,70,370
4119653000,여,75,337
4119653000,여,80,312
4119653000,여,85,202
4119653000,여,90,50
4119653000,여,95,11
4119653000,여,100,1
4119654000,남,0,205
4119654000,남,5,273
4119654000,남,10,425
4119654000,남,15,525
4119654000,남,20,710
4119654000,남,25,976
4119654000,남,30,942
4119654000,남,35,743
4119654000,남,40,897
4119654000,남,45,920
4119654000,남,50,1314
4119654000,남,55,1332
4119654000,남,60,1325
4119654000,남,65,987
4119654000,남,70,556
4119654000,남,75,376
4119654000,남,80,266
4119654000,남,85,107
4119654000,남,90,28
4119654000,남,95,5
4119654000,남,100,0
4119654000,여,0,162
4119654000,여,5,302
4119654000,여,10,376
4119654000,여,15,465
4119654000,여,20,637
4119654000,여,25,869
4119654000,여,30,748
4119654000,여,35,596
4119654000,여,40,821
4119654000,여,45,893
4119654000,여,50,1213
4119654000,여,55,1347
4119654000,여,60,1318
4119654000,여,65,1029
4119654000,여,70,656
4119654000,여,75,558
4119654000,여,80,472
4119654000,여,85,260
4119654000,여,90,92
4119654000,여,95,17
4119654000,여,100,0
4119655000,남,0,87
4119655000,남,5,131
4119655000,남,10,194
4119655000,남,15,248
4119655000,남,20,359
4119655000,남,25,507
4119655000,남,30,432
4119655000,남,35,356
4119655000,남,40,443
4119655000,남,45,419
4119655000,남,50,603
4119655000,남,55,658
4119655000,남,60,677
4119655000,남,65,501
4119655000,남,70,295
4119655000,남,75,170
4119655000,남,80,118
4119655000,남,85,52
4119655000,남,90,13
4119655000,남,95,7
4119655000,남,100,0
4119655000,여,0,85
4119655000,여,5,147
4119655000,여,10,208
4119655000,여,15,206
4119655000,여,20,313
4119655000,여,25,455
4119655000,여,30,381
4119655000,여,35,295
4119655000,여,40,346
4119655000,여,45,393
4119655000,여,50,630
4119655000,여,55,670
4119655000,여,60,711
4119655000,여,65,569
4119655000,여,70,291
4119655000,여,75,243
4119655000,여,80,216
4119655000,여,85,135
4119655000,여,90,41
4119655000,여,95,16
4119655000,여,100,2
4119656000,남,0,201
4119656000,남,5,324
4119656000,남,10,433
4119656000,남,15,452
4119656000,남,20,533
4119656000,남,25,655
4119656000,남,30,760
4119656000,남,35,676
4119656000,남,40,830
4119656000,남,45,807
4119656000,남,50,954
4119656000,남,55,876
4119656000,남,60,960
4119656000,남,65,779
4119656000,남,70,423
4119656000,남,75,248
4119656000,남,80,152
4119656000,남,85,52
4119656000,남,90,17
4119656000,남,95,2
4119656000,남,100,0
4119656000,여,0,206
4119656000,여,5,312
4119656000,여,10,391
4119656000,여,15,349
4119656000,여,20,427
4119656000,여,25,583
4119656000,여,30,579
4119656000,여,35,554
4119656000,여,40,690
4119656000,여,45,629
4119656000,여,50,845
4119656000,여,55,911
4119656000,여,60,972
4119656000,여,65,750
4119656000,여,70,449
4119656000,여,75,275
4119656000,여,80,225
4119656000,여,85,136
4119656000,여,90,51
4119656000,여,95,10
4119656000,여,100,0
4119657000,남,0,152
4119657000,남,5,250
4119657000,남,10,296
4119657000,남,15,328
4119657000,남,20,476
4119657000,남,25,682
4119657000,남,30,668
4119657000,남,35,519
4119657000,남,40,667
4119657000,남,45,692
4119657000,남,50,832
4119657000,남,55,950
4119657000,남,60,1013
4119657000,남,65,667
4119657000,남,70,348
4119657000,남,75,234
4119657000,남,80,109
4119657000,남,85,44
4119657000,남,90,5
4119657000,남,95,5
4119657000,남,100,0
4119657000,여,0,148
4119657000,여,5,200
4119657000,여,10,267
4119657000,여,15,290
4119657000,여,20,357
4119657000,여,25,497
4119657000,여,30,516
4119657000,여,35,392
4119657000,여,40,545
4119657000,여,45,514
4119657000,여,50,724
4119657000,여,55,921
4119657000,여,60,880
4119657000,여,65,631
4119657000,여,70,379
4119657000,여,75,270
4119657000,여,80,220
4119657000,여,85,113
4119657000,여,90,36
4119657000,여,95,10
4119657000,여,100,0
4121051000,남,0,0
4121051000,남,5,0
4121051000,남,10,1
4121051000,남,15,2
4121051000,남,20,0
4121051000,남,25,0
4121051000,남,30,1
4121051000,남,35,2
4121051000,남,40,1
4121051000,남,45,4
4121051000,남,50,5
4121051000,남,55,2
4121051000,남,60,2
4121051000,남,65,1
4121051000,남,70,2
4121051000,남,75,0
4121051000,남,80,0
4121051000,남,85,0
4121051000,남,90,0
4121051000,남,95,0
4121051000,남,100,0
4121051000,여,0,0
4121051000,여,5,0
4121051000,여,10,0
4121051000,여,15,1
4121051000,여,20,0
4121051000,여,25,0
4121051000,여,30,1
4121051000,여,35,1
4121051000,여,40,3
4121051000,여,45,1
4121051000,여,50,2
4121051000,여,55,3
4121051000,여,60,2
4121051000,여,65,4
4121051000,여,70,2
4121051000,여,75,1
4121051000,여,80,0
4121051000,여,85,1
4121051000,여,90,0
4121051000,여,95,0
4121051000,여,100,0
4121052000,남,0,18
4121052000,남,5,19
4121052000,남,10,28
4121052000,남,15,82
4121052000,남,20,81
4121052000,남,25,97
4121052000,남,30,114
4121052000,남,35,85
4121052000,남,40,89
4121052000,남,45,96
4121052000,남,50,131
4121052000,남,55,132
4121052000,남,60,175
4121052000,남,65,112
4121052000,남,70,103
4121052000,남,75,71
4121052000,남,80,45
4121052000,남,85,13
4121052000,남,90,5
4121052000,남,95,1
4121052000,남,100,0
4121052000,여,0,17
4121052000,여,5,16
4121052000,여,10,36
4121052000,여,15,41
4121052000,여,20,57
4121052000,여,25,81
4121052000,여,30,65
4121052000,여,35,62
4121052000,여,40,91
4121052000,여,45,77
4121052000,여,50,124
4121052000,여,55,150
4121052000,여,60,141
4121052000,여,65,161
4121052000,여,70,114
4121052000,여,75,89
4121052000,여,80,76
4121052000,여,85,41
4121052000,여,90,11
4121052000,여,95,1
4121052000,여,100,0
4121054000,남,0,44
4121054000,남,5,66
4121054000,남,10,132
4121054000,남,15,172
4121054000,남,20,212
4121054000,남,25,309
4121054000,남,30,372
4121054000,남,35,249
4121054000,남,40,301
4121054000,남,45,314
4121054000,남,50,425
4121054000,남,55,457
4121054000,남,60,491
4121054000,남,65,422
4121054000,남,70,265
4121054000,남,75,219
4121054000,남,80,150
4121054000,남,85,49
4121054000,남,90,8
4121054000,남,95,1
4121054000,남,100,0
4121054000,여,0,54
4121054000,여,5,68
4121054000,여,10,135
4121054000,여,15,138
4121054000,여,20,188
4121054000,여,25,314
4121054000,여,30,244
4121054000,여,35,212
4121054000,여,40,268
4121054000,여,45,284
4121054000,여,50,424
4121054000,여,55,489
4121054000,여,60,559
4121054000,여,65,543
4121054000,여,70,391
4121054000,여,75,282
4121054000,여,80,219
4121054000,여,85,106
4121054000,여,90,42
4121054000,여,95,11
4121054000,여,100,1
4121055000,남,0,72
4121055000,남,5,78
4121055000,남,10,111
4121055000,남,15,121
4121055000,남,20,151
4121055000,남,25,249
4121055000,남,30,260
4121055000,남,35,244
4121055000,남,40,288
4121055000,남,45,218
4121055000,남,50,299
4121055000,남,55,319
4121055000,남,60,354
4121055000,남,65,365
4121055000,남,70,232
4121055000,남,75,210
4121055000,남,80,109
4121055000,남,85,36
4121055000,남,90,11
4121055000,남,95,3
4121055000,남,100,1
4121055000,여,0,71
4121055000,여,5,73
4121055000,여,10,113
4121055000,여,15,135
4121055000,여,20,177
4121055000,여,25,197
4121055000,여,30,218
4121055000,여,35,180
4121055000,여,40,260
4121055000,여,45,223
4121055000,여,50,339
4121055000,여,55,333
4121055000,여,60,387
4121055000,여,65,385
4121055000,여,70,306
4121055000,여,75,216
4121055000,여,80,165
4121055000,여,85,72
4121055000,여,90,33
4121055000,여,95,6
4121055000,여,100,0
4121056000,남,0,116
4121056000,남,5,169
4121056000,남,10,240
4121056000,남,15,274
4121056000,남,20,336
4121056000,남,25,359
4121056000,남,30,388
4121056000,남,35,349
4121056000,남,40,447
4121056000,남,45,444
4121056000,남,50,520
4121056000,남,55,478
4121056000,남,60,509
4121056000,남,65,469
4121056000,남,70,303
4121056000,남,75,203
4121056000,남,80,124
4121056000,남,85,45
4121056000,남,90,8
4121056000,남,95,3
4121056000,남,100,0
4121056000,여,0,123
4121056000,여,5,166
4121056000,여,10,215
4121056000,여,15,282
4121056000,여,20,294
4121056000,여,25,315
4121056000,여,30,318
4121056000,여,35,326
4121056000,여,40,419
4121056000,여,45,475
4121056000,여,50,546
4121056000,여,55,511
4121056000,여,60,617
4121056000,여,65,522
4121056000,여,70,352
4121056000,여,75,256
4121056000,여,80,205
4121056000,여,85,99
4121056000,여,90,46
4121056000,여,95,6
4121056000,여,100,1
4121057000,남,0,239
4121057000,남,5,317
4121057000,남,10,335
4121057000,남,15,365
4121057000,남,20,360
4121057000,남,25,344
4121057000,남,30,451
4121057000,남,35,459
4121057000,남,40,633
4121057000,남,45,556
4121057000,남,50,583
4121057000,남,55,512
4121057000,남,60,545
4121057000,남,65,414
4121057000,남,70,291
4121057000,남,75,197
4121057000,남,80,120
4121057000,남,85,48
4121057000,남,90,8
4121057000,남,95,0
4121057000,남,100,0
4121057000,여,0,226
4121057000,여,5,299
4121057000,여,10,362
4121057000,여,15,333
4121057000,여,20,322
4121057000,여,25,354
4121057000,여,30,416
4121057000,여,35,476
4121057000,여,40,627
4121057000,여,45,545
4121057000,여,50,598
4121057000,여,55,517
4121057000,여,60,581
4121057000,여,65,475
4121057000,여,70,320
4121057000,여,75,233
4121057000,여,80,153
4121057000,여,85,78
4121057000,여,90,37
4121057000,여,95,5
4121057000,여,100,1
4121058000,남,0,381
4121058000,남,5,439
4121058000,남,10,395
4121058000,남,15,491
4121058000,남,20,605
4121058000,남,25,711
4121058000,남,30,888
4121058000,남,35,893
4121058000,남,40,995
4121058000,남,45,808
4121058000,남,50,884
4121058000,남,55,888
4121058000,남,60,816
4121058000,남,65,750
4121058000,남,70,463
4121058000,남,75,319
4121058000,남,80,171
4121058000,남,85,71
4121058000,남,90,16
4121058000,남,95,6
4121058000,남,100,0
4121058000,여,0,371
4121058000,여,5,444
4121058000,여,10,429
4121058000,여,15,463
4121058000,여,20,549
4121058000,여,25,651
4121058000,여,30,906
4121058000,여,35,829
4121058000,여,40,894
4121058000,여,45,828
4121058000,여,50,959
4121058000,여,55,938
4121058000,여,60,942
4121058000,여,65,867
4121058000,여,70,514
4121058000,여,75,367
4121058000,여,80,249
4121058000,여,85,140
4121058000,여,90,51
4121058000,여,95,13
4121058000,여,100,3
4121059000,남,0,137
4121059000,남,5,185
4121059000,남,10,331
4121059000,남,15,339
4121059000,남,20,339
4121059000,남,25,350
4121059000,남,30,356
4121059000,남,35,329
4121059000,남,40,386
4121059000,남,45,465
4121059000,남,50,486
4121059000,남,55,419
4121059000,남,60,391
4121059000,남,65,279
4121059000,남,70,177
4121059000,남,75,102
4121059000,남,80,63
4121059000,남,85,33
4121059000,남,90,5
4121059000,남,95,0
4121059000,남,100,0
4121059000,여,0,129
4121059000,여,5,168
4121059000,여,10,282
4121059000,여,15,307
4121059000,여,20,306
4121059000,여,25,319
4121059000,여,30,355
4121059000,여,35,315
4121059000,여,40,432
4121059000,여,45,501
4121059000,여,50,542
4121059000,여,55,440
4121059000,여,60,391
4121059000,여,65,309
4121059000,여,70,176
4121059000,여,75,147
4121059000,여,80,87
4121059000,여,85,57
4121059000,여,90,19
4121059000,여,95,12
4121059000,여,100,0
4121060000,남,0,24
4121060000,남,5,35
4121060000,남,10,64
4121060000,남,15,86
4121060000,남,20,136
4121060000,남,25,213
4121060000,남,30,201
4121060000,남,35,157
4121060000,남,40,171
4121060000,남,45,176
4121060000,남,50,248
4121060000,남,55,315
4121060000,남,60,351
4121060000,남,65,251
4121060000,남,70,137
4121060000,남,75,97
4121060000,남,80,65
4121060000,남,85,25
4121060000,남,90,6
4121060000,남,95,2
4121060000,남,100,0
4121060000,여,0,16
4121060000,여,5,50
4121060000,여,10,58
4121060000,여,15,82
4121060000,여,20,147
4121060000,여,25,186
4121060000,여,30,146
4121060000,여,35,106
4121060000,여,40,106
4121060000,여,45,153
4121060000,여,50,223
4121060000,여,55,268
4121060000,여,60,281
4121060000,여,65,217
4121060000,여,70,136
4121060000,여,75,95
4121060000,여,80,103
4121060000,여,85,42
4121060000,여,90,19
4121060000,여,95,5
4121060000,여,100,2
4121061000,남,0,480
4121061000,남,5,890
4121061000,남,10,1241
4121061000,남,15,1130
4121061000,남,20,1136
4121061000,남,25,1047
4121061000,남,30,954
4121061000,남,35,1010
4121061000,남,40,1509
4121061000,남,45,1544
4121061000,남,50,1728
4121061000,남,55,1419
4121061000,남,60,1341
4121061000,남,65,1026
4121061000,남,70,629
4121061000,남,75,389
4121061000,남,80,220
4121061000,남,85,112
4121061000,남,90,25
4121061000,남,95,6
4121061000,남,100,2
4121061000,여,0,498
4121061000,여,5,977
4121061000,여,10,1119
4121061000,여,15,1103
4121061000,여,20,1082
4121061000,여,25,1013
4121061000,여,30,991
4121061000,여,35,1141
4121061000,여,40,1716
4121061000,여,45,1772
4121061000,여,50,1755
4121061000,여,55,1461
4121061000,여,60,1359
4121061000,여,65,1126
4121061000,여,70,611
4121061000,여,75,407
4121061000,여,80,305
4121061000,여,85,221
4121061000,여,90,81
4121061000,여,95,25
4121061000,여,100,3
4121062000,남,0,180
4121062000,남,5,209
4121062000,남,10,207
4121062000,남,15,216
4121062000,남,20,275
4121062000,남,25,278
4121062000,남,30,393
4121062000,남,35,401
4121062000,남,40,420
4121062000,남,45,391
4121062000,남,50,453
4121062000,남,55,365
4121062000,남,60,282
4121062000,남,65,231
4121062000,남,70,152
4121062000,남,75,95
4121062000,남,80,55
4121062000,남,85,20
4121062000,남,90,7
4121062000,남,95,1
4121062000,남,100,1
4121062000,여,0,152
4121062000,여,5,181
4121062000,여,10,200
4121062000,여,15,224
4121062000,여,20,240
4121062000,여,25,278
4121062000,여,30,411
4121062000,여,35,400
4121062000,여,40,423
4121062000,여,45,388
4121062000,여,50,426
4121062000,여,55,362
4121062000,여,60,264
4121062000,여,65,280
4121062000,여,70,163
4121062000,여,75,125
4121062000,여,80,98
4121062000,여,85,47
4121062000,여,90,27
4121062000,여,95,2
4121062000,여,100,1
4121063100,남,0,267
4121063100,남,5,571
4121063100,남,10,832
4121063100,남,15,718
4121063100,남,20,732
4121063100,남,25,727
4121063100,남,30,732
4121063100,남,35,655
4121063100,남,40,950
4121063100,남,45,1136
4121063100,남,50,1214
4121063100,남,55,1095
4121063100,남,60,1003
4121063100,남,65,822
4121063100,남,70,451
4121063100,남,75,302
4121063100,남,80,177
4121063100,남,85,63
4121063100,남,90,25
4121063100,남,95,5
4121063100,남,100,0
4121063100,여,0,254
4121063100,여,5,515
4121063100,여,10,786
4121063100,여,15,737
4121063100,여,20,621
4121063100,여,25,676
4121063100,여,30,623
4121063100,여,35,670
4121063100,여,40,1127
4121063100,여,45,1163
4121063100,여,50,1185
4121063100,여,55,1075
4121063100,여,60,1010
4121063100,여,65,813
4121063100,여,70,487
4121063100,여,75,350
4121063100,여,80,279
4121063100,여,85,173
4121063100,여,90,81
4121063100,여,95,19
4121063100,여,100,4
4121063200,남,0,179
4121063200,남,5,170
4121063200,남,10,176
4121063200,남,15,214
4121063200,남,20,319
4121063200,남,25,404
4121063200,남,30,628
4121063200,남,35,552
4121063200,남,40,546
4121063200,남,45,438
4121063200,남,50,598
4121063200,남,55,480
4121063200,남,60,440
4121063200,남,65,376
4121063200,남,70,236
4121063200,남,75,152
4121063200,남,80,99
4121063200,남,85,69
4121063200,남,90,19
4121063200,남,95,5
4121063200,남,100,0
4121063200,여,0,194
4121063200,여,5,155
4121063200,여,10,178
4121063200,여,15,225
4121063200,여,20,288
4121063200,여,25,436
4121063200,여,30,586
4121063200,여,35,502
4121063200,여,40,540
4121063200,여,45,492
4121063200,여,50,641
4121063200,여,55,553
4121063200,여,60,572
4121063200,여,65,555
4121063200,여,70,305
4121063200,여,75,242
4121063200,여,80,241
4121063200,여,85,179
4121063200,여,90,73
4121063200,여,95,12
4121063200,여,100,5
4121063300,남,0,278
4121063300,남,5,298
4121063300,남,10,354
4121063300,남,15,428
4121063300,남,20,490
4121063300,남,25,565
4121063300,남,30,687
4121063300,남,35,638
4121063300,남,40,738
4121063300,남,45,704
4121063300,남,50,810
4121063300,남,55,795
4121063300,남,60,655
4121063300,남,65,589
4121063300,남,70,361
4121063300,남,75,258
4121063300,남,80,188
4121063300,남,85,92
4121063300,남,90,28
4121063300,남,95,5
4121063300,남,100,2
4121063300,여,0,261
4121063300,여,5,253
4121063300,여,10,312
4121063300,여,15,385
4121063300,여,20,498
4121063300,여,25,593
4121063300,여,30,672
4121063300,여,35,621
4121063300,여,40,698
4121063300,여,45,696
4121063300,여,50,934
4121063300,여,55,820
4121063300,여,60,746
4121063300,여,65,743
4121063300,여,70,570
4121063300,여,75,417
4121063300,여,80,417
4121063300,여,85,244
4121063300,여,90,96
4121063300,여,95,24
4121063300,여,100,4
4121063400,남,0,164
4121063400,남,5,193
4121063400,남,10,267
4121063400,남,15,316
4121063400,남,20,378
4121063400,남,25,404
4121063400,남,30,534
4121063400,남,35,487
4121063400,남,40,449
4121063400,남,45,400
4121063400,남,50,580
4121063400,남,55,468
4121063400,남,60,367
4121063400,남,65,299
4121063400,남,70,175
4121063400,남,75,113
4121063400,남,80,64
4121063400,남,85,39
4121063400,남,90,6
4121063400,남,95,0
4121063400,남,100,0
4121063400,여,0,163
4121063400,여,5,160
4121063400,여,10,235
4121063400,여,15,296
4121063400,여,20,350
4121063400,여,25,400
4121063400,여,30,501
4121063400,여,35,409
4121063400,여,40,465
4121063400,여,45,534
4121063400,여,50,612
4121063400,여,55,510
4121063400,여,60,452
4121063400,여,65,337
4121063400,여,70,223
4121063400,여,75,162
4121063400,여,80,133
4121063400,여,85,71
4121063400,여,90,31
4121063400,여,95,5
4121063400,여,100,2
4121064000,남,0,350
4121064000,남,5,713
4121064000,남,10,957
4121064000,남,15,1079
4121064000,남,20,960
4121064000,남,25,802
4121064000,남,30,747
4121064000,남,35,772
4121064000,남,40,1139
4121064000,남,45,1315
4121064000,남,50,1463
4121064000,남,55,1125
4121064000,남,60,1010
4121064000,남,65,827
4121064000,남,70,519
4121064000,남,75,335
4121064000,남,80,220
4121064000,남,85,78
4121064000,남,90,19
4121064000,남,95,6
4121064000,남,100,1
4121064000,여,0,333
4121064000,여,5,693
4121064000,여,10,891
4121064000,여,15,1040
4121064000,여,20,905
4121064000,여,25,785
4121064000,여,30,756
4121064000,여,35,847
4121064000,여,40,1366
4121064000,여,45,1457
4121064000,여,50,1490
4121064000,여,55,1174
4121064000,여,60,1148
4121064000,여,65,1000
4121064000,여,70,605
4121064000,여,75,391
4121064000,여,80,282
4121064000,여,85,196
4121064000,여,90,70
4121064000,여,95,17
4121064000,여,100,2
4121065000,남,0,255
4121065000,남,5,404
4121065000,남,10,570
4121065000,남,15,724
4121065000,남,20,800
4121065000,남,25,928
4121065000,남,30,886
4121065000,남,35,670
4121065000,남,40,865
4121065000,남,45,977
4121065000,남,50,1229
4121065000,남,55,1179
4121065000,남,60,1083
4121065000,남,65,962
4121065000,남,70,586
4121065000,남,75,447
4121065000,남,80,265
4121065000,남,85,116
4121065000,남,90,24
4121065000,남,95,8
4121065000,남,100,1
4121065000,여,0,261
4121065000,여,5,343
4121065000,여,10,532
4121065000,여,15,685
4121065000,여,20,693
4121065000,여,25,747
4121065000,여,30,663
4121065000,여,35,600
4121065000,여,40,881
4121065000,여,45,1034
4121065000,여,50,1204
4121065000,여,55,1178
4121065000,여,60,1195
4121065000,여,65,1083
4121065000,여,70,708
4121065000,여,75,542
4121065000,여,80,395
4121065000,여,85,217
4121065000,여,90,88
4121065000,여,95,17
4121065000,여,100,3
4121065500,남,0,480
4121065500,남,5,619
4121065500,남,10,629
4121065500,남,15,488
4121065500,남,20,581
4121065500,남,25,837
4121065500,남,30,1029
4121065500,남,35,1008
4121065500,남,40,1164
4121065500,남,45,888
4121065500,남,50,920
4121065500,남,55,826
4121065500,남,60,591
4121065500,남,65,408
4121065500,남,70,185
4121065500,남,75,78
4121065500,남,80,40
4121065500,남,85,20
4121065500,남,90,6
4121065500,남,95,1
4121065500,남,100,2
4121065500,여,0,412
4121065500,여,5,574
4121065500,여,10,632
4121065500,여,15,496
4121065500,여,20,661
4121065500,여,25,968
4121065500,여,30,1112
4121065500,여,35,1010
4121065500,여,40,1154
4121065500,여,45,893
4121065500,여,50,894
4121065500,여,55,751
4121065500,여,60,543
4121065500,여,65,365
4121065500,여,70,135
4121065500,여,75,89
4121065500,여,80,59
4121065500,여,85,51
4121065500,여,90,28
4121065500,여,95,9
4121065500,여,100,1
4121066000,남,0,5
4121066000,남,5,19
4121066000,남,10,11
4121066000,남,15,23
4121066000,남,20,32
4121066000,남,25,50
4121066000,남,30,57
4121066000,남,35,46
4121066000,남,40,54
4121066000,남,45,55
4121066000,남,50,69
4121066000,남,55,118
4121066000,남,60,134
4121066000,남,65,140
4121066000,남,70,79
4121066000,남,75,54
4121066000,남,80,42
4121066000,남,85,20
4121066000,남,90,8
4121066000,남,95,1
4121066000,남,100,0
4121066000,여,0,8
4121066000,여,5,12
4121066000,여,10,17
4121066000,여,15,16
4121066000,여,20,14
4121066000,여,25,42
4121066000,여,30,35
4121066000,여,35,29
4121066000,여,40,41
4121066000,여,45,31
4121066000,여,50,52
4121066000,여,55,74
4121066000,여,60,103
4121066000,여,65,123
4121066000,여,70,64
4121066000,여,75,34
4121066000,여,80,48
4121066000,여,85,35
4121066000,여,90,15
4121066000,여,95,2
4121066000,여,100,1
4122025000,남,0,271
4122025000,남,5,403
4122025000,남,10,517
4122025000,남,15,455
4122025000,남,20,604
4122025000,남,25,983
4122025000,남,30,982
4122025000,남,35,881
4122025000,남,40,1002
4122025000,남,45,1102
4122025000,남,50,1414
4122025000,남,55,1479
4122025000,남,60,1452
4122025000,남,65,1231
4122025000,남,70,713
4122025000,남,75,540
4122025000,남,80,385
4122025000,남,85,224
4122025000,남,90,49
4122025000,남,95,9
4122025000,남,100,3
4122025000,여,0,279
4122025000,여,5,399
4122025000,여,10,434
4122025000,여,15,430
4122025000,여,20,516
4122025000,여,25,675
4122025000,여,30,697
4122025000,여,35,634
4122025000,여,40,819
4122025000,여,45,833
4122025000,여,50,1103
4122025000,여,55,1137
4122025000,여,60,1258
4122025000,여,65,1182
4122025000,여,70,833
4122025000,여,75,731
4122025000,여,80,672
4122025000,여,85,466
4122025000,여,90,138
4122025000,여,95,39
4122025000,여,100,6
4122025300,남,0,529
4122025300,남,5,845
4122025300,남,10,1193
4122025300,남,15,1443
4122025300,남,20,1423
4122025300,남,25,1625
4122025300,남,30,1616
4122025300,남,35,1409
4122025300,남,40,1863
4122025300,남,45,2049
4122025300,남,50,2474
4122025300,남,55,2066
4122025300,남,60,1555
4122025300,남,65,1028
4122025300,남,70,595
4122025300,남,75,402
4122025300,남,80,306
4122025300,남,85,134
4122025300,남,90,35
4122025300,남,95,7
4122025300,남,100,3
4122025300,여,0,501
4122025300,여,5,856
4122025300,여,10,1199
4122025300,여,15,1387
4122025300,여,20,1231
4122025300,여,25,1316
4122025300,여,30,1092
4122025300,여,35,1114
4122025300,여,40,1676
4122025300,여,45,2004
4122025300,여,50,2223
4122025300,여,55,1713
4122025300,여,60,1366
4122025300,여,65,982
4122025300,여,70,694
4122025300,여,75,530
4122025300,여,80,469
4122025300,여,85,307
4122025300,여,90,110
4122025300,여,95,27
4122025300,여,100,8
4122025600,남,0,215
4122025600,남,5,357
4122025600,남,10,429
4122025600,남,15,456
4122025600,남,20,651
4122025600,남,25,1299
4122025600,남,30,1369
4122025600,남,35,1106
4122025600,남,40,1306
4122025600,남,45,1460
4122025600,남,50,1519
4122025600,남,55,1281
4122025600,남,60,1068
4122025600,남,65,766
4122025600,남,70,416
4122025600,남,75,284
4122025600,남,80,189
4122025600,남,85,87
4122025600,남,90,24
4122025600,남,95,4
4122025600,남,100,1
4122025600,여,0,239
4122025600,여,5,346
4122025600,여,10,427
4122025600,여,15,367
4122025600,여,20,414
4122025600,여,25,568
4122025600,여,30,532
4122025600,여,35,466
4122025600,여,40,649
4122025600,여,45,751
4122025600,여,50,743
4122025600,여,55,719
4122025600,여,60,749
4122025600,여,65,621
4122025600,여,70,376
4122025600,여,75,305
4122025600,여,80,278
4122025600,여,85,177
4122025600,여,90,72
4122025600,여,95,18
4122025600,여,100,0
4122025900,남,0,473
4122025900,남,5,936
4122025900,남,10,1132
4122025900,남,15,807
4122025900,남,20,527
4122025900,남,25,712
4122025900,남,30,878
4122025900,남,35,1034
4122025900,남,40,1718
4122025900,남,45,1516
4122025900,남,50,1235
4122025900,남,55,890
4122025900,남,60,760
4122025900,남,65,593
4122025900,남,70,346
4122025900,남,75,271
4122025900,남,80,169
4122025900,남,85,71
4122025900,남,90,25
4122025900,남,95,4
4122025900,남,100,3
4122025900,여,0,456
4122025900,여,5,878
4122025900,여,10,990
4122025900,여,15,725
4122025900,여,20,470
4122025900,여,25,507
4122025900,여,30,675
4122025900,여,35,948
4122025900,여,40,1465
4122025900,여,45,1142
4122025900,여,50,846
4122025900,여,55,635
4122025900,여,60,662
4122025900,여,65,558
4122025900,여,70,379
4122025900,여,75,263
4122025900,여,80,237
4122025900,여,85,144
4122025900,여,90,71
4122025900,여,95,23
4122025900,여,100,1
4122031000,남,0,67
4122031000,남,5,100
4122031000,남,10,137
4122031000,남,15,173
4122031000,남,20,275
4122031000,남,25,479
4122031000,남,30,501
4122031000,남,35,348
4122031000,남,40,444
4122031000,남,45,469
4122031000,남,50,533
4122031000,남,55,615
4122031000,남,60,602
4122031000,남,65,480
4122031000,남,70,314
4122031000,남,75,229
4122031000,남,80,151
4122031000,남,85,71
4122031000,남,90,17
4122031000,남,95,3
4122031000,남,100,0
4122031000,여,0,63
4122031000,여,5,93
4122031000,여,10,146
4122031000,여,15,170
4122031000,여,20,211
4122031000,여,25,288
4122031000,여,30,229
4122031000,여,35,207
4122031000,여,40,266
4122031000,여,45,306
4122031000,여,50,429
4122031000,여,55,491
4122031000,여,60,501
4122031000,여,65,429
4122031000,여,70,310
4122031000,여,75,264
4122031000,여,80,187
4122031000,여,85,138
4122031000,여,90,63
4122031000,여,95,9
4122031000,여,100,2
4122032000,남,0,19
4122032000,남,5,25
4122032000,남,10,41
4122032000,남,15,53
4122032000,남,20,75
4122032000,남,25,103
4122032000,남,30,110
4122032000,남,35,102
4122032000,남,40,129
4122032000,남,45,111
4122032000,남,50,178
4122032000,남,55,202
4122032000,남,60,222
4122032000,남,65,206
4122032000,남,70,139
4122032000,남,75,97
4122032000,남,80,64
4122032000,남,85,39
4122032000,남,90,9
4122032000,남,95,3
4122032000,남,100,0
4122032000,여,0,11
4122032000,여,5,33
4122032000,여,10,35
4122032000,여,15,42
4122032000,여,20,42
4122032000,여,25,52
4122032000,여,30,58
4122032000,여,35,57
4122032000,여,40,60
4122032000,여,45,83
4122032000,여,50,105
4122032000,여,55,140
4122032000,여,60,190
4122032000,여,65,163
4122032000,여,70,130
4122032000,여,75,101
4122032000,여,80,110
4122032000,여,85,71
4122032000,여,90,36
4122032000,여,95,6
4122032000,여,100,1
4122033000,남,0,219
4122033000,남,5,220
4122033000,남,10,207
4122033000,남,15,184
4122033000,남,20,331
4122033000,남,25,602
4122033000,남,30,757
4122033000,남,35,535
4122033000,남,40,589
4122033000,남,45,491
4122033000,남,50,597
4122033000,남,55,604
4122033000,남,60,541
4122033000,남,65,400
4122033000,남,70,259
4122033000,남,75,194
4122033000,남,80,116
4122033000,남,85,64
4122033000,남,90,20
4122033000,남,95,0
4122033000,남,100,0
4122033000,여,0,213
4122033000,여,5,199
4122033000,여,10,217
4122033000,여,15,181
4122033000,여,20,239
4122033000,여,25,377
4122033000,여,30,487
4122033000,여,35,359
4122033000,여,40,411
4122033000,여,45,329
4122033000,여,50,513
4122033000,여,55,595
4122033000,여,60,501
4122033000,여,65,404
4122033000,여,70,272
4122033000,여,75,201
4122033000,여,80,188
4122033000,여,85,132
4122033000,여,90,41
4122033000,여,95,14
4122033000,여,100,0
4122034000,남,0,42
4122034000,남,5,70
4122034000,남,10,96
4122034000,남,15,101
4122034000,남,20,151
4122034000,남,25,170
4122034000,남,30,207
4122034000,남,35,133
4122034000,남,40,198
4122034000,남,45,239
4122034000,남,50,312
4122034000,남,55,362
4122034000,남,60,438
4122034000,남,65,319
4122034000,남,70,202
4122034000,남,75,131
4122034000,남,80,126
4122034000,남,85,48
4122034000,남,90,11
4122034000,남,95,6
4122034000,남,100,1
4122034000,여,0,34
4122034000,여,5,56
4122034000,여,10,89
4122034000,여,15,115
4122034000,여,20,108
4122034000,여,25,151
4122034000,여,30,94
4122034000,여,35,90
4122034000,여,40,163
4122034000,여,45,150
4122034000,여,50,212
4122034000,여,55,297
4122034000,여,60,328
4122034000,여,65,291
4122034000,여,70,216
4122034000,여,75,166
4122034000,여,80,186
4122034000,여,85,138
4122034000,여,90,54
4122034000,여,95,9
4122034000,여,100,1
4122037000,남,0,49
4122037000,남,5,70
4122037000,남,10,81
4122037000,남,15,80
4122037000,남,20,124
4122037000,남,25,137
4122037000,남,30,164
4122037000,남,35,146
4122037000,남,40,200
4122037000,남,45,219
4122037000,남,50,275
4122037000,남,55,292
4122037000,남,60,349
4122037000,남,65,309
4122037000,남,70,230
4122037000,남,75,173
4122037000,남,80,99
4122037000,남,85,66
4122037000,남,90,15
4122037000,남,95,3
4122037000,남,100,1
4122037000,여,0,52
4122037000,여,5,62
4122037000,여,10,48
4122037000,여,15,63
4122037000,여,20,101
4122037000,여,25,116
4122037000,여,30,99
4122037000,여,35,103
4122037000,여,40,141
4122037000,여,45,124
4122037000,여,50,194
4122037000,여,55,222
4122037000,여,60,298
4122037000,여,65,274
4122037000,여,70,222
4122037000,여,75,184
4122037000,여,80,175
4122037000,여,85,139
4122037000,여,90,64
4122037000,여,95,14
4122037000,여,100,1
4122051000,남,0,352
4122051000,남,5,597
4122051000,남,10,934
4122051000,남,15,1109
4122051000,남,20,1886
4122051000,남,25,2937
4122051000,남,30,2048
4122051000,남,35,1223
4122051000,남,40,1564
4122051000,남,45,1674
4122051000,남,50,2134
4122051000,남,55,2042
4122051000,남,60,1712
4122051000,남,65,1079
4122051000,남,70,619
4122051000,남,75,419
4122051000,남,80,332
4122051000,남,85,121
4122051000,남,90,35
4122051000,남,95,5
4122051000,남,100,0
4122051000,여,0,349
4122051000,여,5,621
4122051000,여,10,913
4122051000,여,15,1096
4122051000,여,20,1453
4122051000,여,25,1601
4122051000,여,30,1067
4122051000,여,35,891
4122051000,여,40,1323
4122051000,여,45,1592
4122051000,여,50,2066
4122051000,여,55,1983
4122051000,여,60,1634
4122051000,여,65,1216
4122051000,여,70,727
4122051000,여,75,638
4122051000,여,80,517
4122051000,여,85,335
4122051000,여,90,107
4122051000,여,95,33
4122051000,여,100,3
4122052000,남,0,232
4122052000,남,5,287
4122052000,남,10,451
4122052000,남,15,533
4122052000,남,20,719
4122052000,남,25,1106
4122052000,남,30,1142
4122052000,남,35,879
4122052000,남,40,1056
4122052000,남,45,1048
4122052000,남,50,1365
4122052000,남,55,1259
4122052000,남,60,1106
4122052000,남,65,750
4122052000,남,70,412
4122052000,남,75,305
4122052000,남,80,270
4122052000,남,85,105
4122052000,남,90,33
4122052000,남,95,6
4122052000,남,100,0
4122052000,여,0,253
4122052000,여,5,293
4122052000,여,10,450
4122052000,여,15,513
4122052000,여,20,610
4122052000,여,25,769
4122052000,여,30,814
4122052000,여,35,597
4122052000,여,40,782
4122052000,여,45,905
4122052000,여,50,1179
4122052000,여,55,1203
4122052000,여,60,1063
4122052000,여,65,875
4122052000,여,70,568
4122052000,여,75,516
4122052000,여,80,409
4122052000,여,85,255
4122052000,여,90,75
4122052000,여,95,11
4122052000,여,100,3
4122053500,남,0,628
4122053500,남,5,719
4122053500,남,10,626
4122053500,남,15,429
4122053500,남,20,504
4122053500,남,25,777
4122053500,남,30,1260
4122053500,남,35,1210
4122053500,남,40,1278
4122053500,남,45,1027
4122053500,남,50,1031
4122053500,남,55,869
4122053500,남,60,770
4122053500,남,65,475
4122053500,남,70,240
4122053500,남,75,156
4122053500,남,80,111
4122053500,남,85,53
4122053500,남,90,11
4122053500,남,95,1
4122053500,남,100,0
4122053500,여,0,626
4122053500,여,5,691
4122053500,여,10,609
4122053500,여,15,441
4122053500,여,20,454
4122053500,여,25,697
4122053500,여,30,1113
4122053500,여,35,1001
4122053500,여,40,1096
4122053500,여,45,797
4122053500,여,50,944
4122053500,여,55,909
4122053500,여,60,686
4122053500,여,65,440
4122053500,여,70,249
4122053500,여,75,170
4122053500,여,80,151
4122053500,여,85,97
4122053500,여,90,47
4122053500,여,95,15
4122053500,여,100,2
4122055000,남,0,81
4122055000,남,5,113
4122055000,남,10,202
4122055000,남,15,207
4122055000,남,20,410
4122055000,남,25,953
4122055000,남,30,878
4122055000,남,35,537
4122055000,남,40,603
4122055000,남,45,629
4122055000,남,50,681
4122055000,남,55,564
4122055000,남,60,448
4122055000,남,65,300
4122055000,남,70,187
4122055000,남,75,122
4122055000,남,80,86
4122055000,남,85,43
4122055000,남,90,9
4122055000,남,95,0
4122055000,남,100,0
4122055000,여,0,103
4122055000,여,5,137
4122055000,여,10,186
4122055000,여,15,224
4122055000,여,20,381
4122055000,여,25,532
4122055000,여,30,441
4122055000,여,35,373
4122055000,여,40,390
4122055000,여,45,418
4122055000,여,50,508
4122055000,여,55,445
4122055000,여,60,389
4122055000,여,65,309
4122055000,여,70,199
4122055000,여,75,190
4122055000,여,80,140
4122055000,여,85,88
4122055000,여,90,25
4122055000,여,95,8
4122055000,여,100,1
4122056000,남,0,197
4122056000,남,5,356
4122056000,남,10,465
4122056000,남,15,493
4122056000,남,20,627
4122056000,남,25,760
4122056000,남,30,710
4122056000,남,35,564
4122056000,남,40,792
4122056000,남,45,875
4122056000,남,50,1117
4122056000,남,55,999
4122056000,남,60,969
4122056000,남,65,687
4122056000,남,70,379
4122056000,남,75,273
4122056000,남,80,161
4122056000,남,85,92
4122056000,남,90,27
4122056000,남,95,3
4122056000,남,100,2
4122056000,여,0,198
4122056000,여,5,347
4122056000,여,10,456
4122056000,여,15,472
4122056000,여,20,534
4122056000,여,25,580
4122056000,여,30,552
4122056000,여,35,531
4122056000,여,40,740
4122056000,여,45,846
4122056000,여,50,940
4122056000,여,55,1023
4122056000,여,60,989
4122056000,여,65,703
4122056000,여,70,448
4122056000,여,75,395
4122056000,여,80,328
4122056000,여,85,181
4122056000,여,90,73
4122056000,여,95,17
4122056000,여,100,8
4122057000,남,0,135
4122057000,남,5,103
4122057000,남,10,123
4122057000,남,15,135
4122057000,남,20,214
4122057000,남,25,297
4122057000,남,30,357
4122057000,남,35,293
4122057000,남,40,333
4122057000,남,45,322
4122057000,남,50,328
4122057000,남,55,268
4122057000,남,60,252
4122057000,남,65,193
4122057000,남,70,99
4122057000,남,75,77
4122057000,남,80,56
4122057000,남,85,31
4122057000,남,90,10
4122057000,남,95,2
4122057000,남,100,0
4122057000,여,0,118
4122057000,여,5,104
4122057000,여,10,108
4122057000,여,15,135
4122057000,여,20,133
4122057000,여,25,213
4122057000,여,30,300
4122057000,여,35,212
4122057000,여,40,255
4122057000,여,45,262
4122057000,여,50,279
4122057000,여,55,228
4122057000,여,60,211
4122057000,여,65,201
4122057000,여,70,151
4122057000,여,75,125
4122057000,여,80,115
4122057000,여,85,70
4122057000,여,90,35
4122057000,여,95,9
4122057000,여,100,0
4122058000,남,0,29
4122058000,남,5,39
4122058000,남,10,65
4122058000,남,15,77
4122058000,남,20,127
4122058000,남,25,248
4122058000,남,30,248
4122058000,남,35,196
4122058000,남,40,185
4122058000,남,45,202
4122058000,남,50,276
4122058000,남,55,251
4122058000,남,60,247
4122058000,남,65,224
4122058000,남,70,129
4122058000,남,75,100
4122058000,남,80,85
4122058000,남,85,40
4122058000,남,90,11
4122058000,남,95,4
4122058000,남,100,0
4122058000,여,0,21
4122058000,여,5,37
4122058000,여,10,40
4122058000,여,15,59
4122058000,여,20,106
4122058000,여,25,139
4122058000,여,30,145
4122058000,여,35,90
4122058000,여,40,127
4122058000,여,45,148
4122058000,여,50,158
4122058000,여,55,195
4122058000,여,60,232
4122058000,여,65,213
4122058000,여,70,150
4122058000,여,75,165
4122058000,여,80,133
4122058000,여,85,88
4122058000,여,90,29
4122058000,여,95,10
4122058000,여,100,0
4122059000,남,0,146
4122059000,남,5,188
4122059000,남,10,310
4122059000,남,15,408
4122059000,남,20,711
4122059000,남,25,1245
4122059000,남,30,1035
4122059000,남,35,682
4122059000,남,40,726
4122059000,남,45,735
4122059000,남,50,1005
4122059000,남,55,963
4122059000,남,60,897
4122059000,남,65,655
4122059000,남,70,386
4122059000,남,75,306
4122059000,남,80,215
4122059000,남,85,93
4122059000,남,90,20
4122059000,남,95,5
4122059000,남,100,2
4122059000,여,0,138
4122059000,여,5,177
4122059000,여,10,277
4122059000,여,15,347
4122059000,여,20,647
4122059000,여,25,877
4122059000,여,30,586
4122059000,여,35,434
4122059000,여,40,557
4122059000,여,45,647
4122059000,여,50,887
4122059000,여,55,869
4122059000,여,60,859
4122059000,여,65,671
4122059000,여,70,476
4122059000,여,75,389
4122059000,여,80,325
4122059000,여,85,185
4122059000,여,90,53
4122059000,여,95,7
4122059000,여,100,0
4122060000,남,0,182
4122060000,남,5,160
4122060000,남,10,181
4122060000,남,15,195
4122060000,남,20,356
4122060000,남,25,716
4122060000,남,30,828
4122060000,남,35,586
4122060000,남,40,535
4122060000,남,45,464
4122060000,남,50,568
4122060000,남,55,605
4122060000,남,60,531
4122060000,남,65,415
4122060000,남,70,229
4122060000,남,75,177
4122060000,남,80,154
4122060000,남,85,63
4122060000,남,90,14
4122060000,남,95,3
4122060000,남,100,0
4122060000,여,0,183
4122060000,여,5,167
4122060000,여,10,167
4122060000,여,15,215
4122060000,여,20,321
4122060000,여,25,530
4122060000,여,30,597
4122060000,여,35,386
4122060000,여,40,351
4122060000,여,45,400
4122060000,여,50,534
4122060000,여,55,533
4122060000,여,60,518
4122060000,여,65,442
4122060000,여,70,295
4122060000,여,75,231
4122060000,여,80,194
4122060000,여,85,117
4122060000,여,90,40
4122060000,여,95,13
4122060000,여,100,3
4122061000,남,0,16
4122061000,남,5,26
4122061000,남,10,27
4122061000,남,15,49
4122061000,남,20,103
4122061000,남,25,212
4122061000,남,30,146
4122061000,남,35,97
4122061000,남,40,127
4122061000,남,45,113
4122061000,남,50,170
4122061000,남,55,213
4122061000,남,60,206
4122061000,남,65,170
4122061000,남,70,118
4122061000,남,75,83
4122061000,남,80,60
4122061000,남,85,24
4122061000,남,90,11
4122061000,남,95,2
4122061000,남,100,0
4122061000,여,0,10
4122061000,여,5,30
4122061000,여,10,25
4122061000,여,15,44
4122061000,여,20,86
4122061000,여,25,132
4122061000,여,30,89
4122061000,여,35,59
4122061000,여,40,64
4122061000,여,45,85
4122061000,여,50,137
4122061000,여,55,166
4122061000,여,60,204
4122061000,여,65,192
4122061000,여,70,139
4122061000,여,75,110
4122061000,여,80,85
4122061000,여,85,61
4122061000,여,90,16
4122061000,여,95,3
4122061000,여,100,0
4122062000,남,0,851
4122062000,남,5,1380
4122062000,남,10,1722
4122062000,남,15,1589
4122062000,남,20,1483
4122062000,남,25,1767
4122062000,남,30,1815
4122062000,남,35,1708
4122062000,남,40,2406
4122062000,남,45,2420
4122062000,남,50,2447
4122062000,남,55,1986
4122062000,남,60,1612
4122062000,남,65,1086
4122062000,남,70,610
4122062000,남,75,422
4122062000,남,80,251
4122062000,남,85,147
4122062000,남,90,32
4122062000,남,95,4
4122062000,남,100,0
4122062000,여,0,810
4122062000,여,5,1263
4122062000,여,10,1632
4122062000,여,15,1449
4122062000,여,20,1351
4122062000,여,25,1634
4122062000,여,30,1643
4122062000,여,35,1696
4122062000,여,40,2506
4122062000,여,45,2441
4122062000,여,50,2443
4122062000,여,55,1998
4122062000,여,60,1541
4122062000,여,65,1090
4122062000,여,70,733
4122062000,여,75,514
4122062000,여,80,445
4122062000,여,85,269
4122062000,여,90,106
4122062000,여,95,26
4122062000,여,100,2
4122063000,남,0,1118
4122063000,남,5,1561
4122063000,남,10,1705
4122063000,남,15,1655
4122063000,남,20,1708
4122063000,남,25,1779
4122063000,남,30,2100
4122063000,남,35,2152
4122063000,남,40,2590
4122063000,남,45,2257
4122063000,남,50,2510
4122063000,남,55,2151
4122063000,남,60,1938
4122063000,남,65,1335
4122063000,남,70,679
4122063000,남,75,469
4122063000,남,80,328
4122063000,남,85,163
4122063000,남,90,41
4122063000,남,95,8
4122063000,남,100,0
4122063000,여,0,1117
4122063000,여,5,1493
4122063000,여,10,1703
4122063000,여,15,1437
4122063000,여,20,1495
4122063000,여,25,1686
4122063000,여,30,2105
4122063000,여,35,2114
4122063000,여,40,2565
4122063000,여,45,2402
4122063000,여,50,2676
4122063000,여,55,2356
4122063000,여,60,1899
4122063000,여,65,1372
4122063000,여,70,877
4122063000,여,75,614
4122063000,여,80,531
4122063000,여,85,309
4122063000,여,90,105
4122063000,여,95,31
4122063000,여,100,3
4122063500,남,0,501
4122063500,남,5,881
4122063500,남,10,1024
4122063500,남,15,809
4122063500,남,20,789
4122063500,남,25,1124
4122063500,남,30,1163
4122063500,남,35,1126
4122063500,남,40,1465
4122063500,남,45,1316
4122063500,남,50,1210
4122063500,남,55,910
4122063500,남,60,655
4122063500,남,65,352
4122063500,남,70,182
4122063500,남,75,140
4122063500,남,80,73
4122063500,남,85,25
4122063500,남,90,6
4122063500,남,95,1
4122063500,남,100,1
4122063500,여,0,453
4122063500,여,5,762
4122063500,여,10,924
4122063500,여,15,780
4122063500,여,20,749
4122063500,여,25,832
4122063500,여,30,832
4122063500,여,35,996
4122063500,여,40,1362
4122063500,여,45,1140
4122063500,여,50,1022
4122063500,여,55,756
4122063500,여,60,584
4122063500,여,65,361
4122063500,여,70,211
4122063500,여,75,129
4122063500,여,80,102
4122063500,여,85,79
4122063500,여,90,27
4122063500,여,95,7
4122063500,여,100,0
4122064000,남,0,858
4122064000,남,5,1005
4122064000,남,10,887
4122064000,남,15,868
4122064000,남,20,1111
4122064000,남,25,1479
4122064000,남,30,1751
4122064000,남,35,1680
4122064000,남,40,1652
4122064000,남,45,1410
4122064000,남,50,1659
4122064000,남,55,1529
4122064000,남,60,1346
4122064000,남,65,802
4122064000,남,70,425
4122064000,남,75,256
4122064000,남,80,210
4122064000,남,85,98
4122064000,남,90,25
4122064000,남,95,4
4122064000,남,100,0
4122064000,여,0,881
4122064000,여,5,899
4122064000,여,10,910
4122064000,여,15,870
4122064000,여,20,1002
4122064000,여,25,1272
4122064000,여,30,1514
4122064000,여,35,1429
4122064000,여,40,1465
4122064000,여,45,1353
4122064000,여,50,1776
4122064000,여,55,1670
4122064000,여,60,1261
4122064000,여,65,835
4122064000,여,70,496
4122064000,여,75,383
4122064000,여,80,321
4122064000,여,85,209
4122064000,여,90,63
4122064000,여,95,16
4122064000,여,100,4
4122065000,남,0,1320
4122065000,남,5,1557
4122065000,남,10,1251
4122065000,남,15,848
4122065000,남,20,976
4122065000,남,25,1608
4122065000,남,30,2566
4122065000,남,35,2496
4122065000,남,40,2733
4122065000,남,45,1827
4122065000,남,50,1633
4122065000,남,55,1143
4122065000,남,60,855
4122065000,남,65,530
4122065000,남,70,236
4122065000,남,75,170
4122065000,남,80,93
4122065000,남,85,43
4122065000,남,90,7
4122065000,남,95,2
4122065000,남,100,1
4122065000,여,0,1281
4122065000,여,5,1433
4122065000,여,10,1370
4122065000,여,15,889
4122065000,여,20,819
4122065000,여,25,1304
4122065000,여,30,2222
4122065000,여,35,2185
4122065000,여,40,2311
4122065000,여,45,1525
4122065000,여,50,1494
4122065000,여,55,1130
4122065000,여,60,849
4122065000,여,65,567
4122065000,여,70,302
4122065000,여,75,188
4122065000,여,80,137
4122065000,여,85,83
4122065000,여,90,32
4122065000,여,95,8
4122065000,여,100,0
4122066000,남,0,1787
4122066000,남,5,1836
4122066000,남,10,1178
4122066000,남,15,612
4122066000,남,20,991
4122066000,남,25,2600
4122066000,남,30,3855
4122066000,남,35,3418
4122066000,남,40,3080
4122066000,남,45,1710
4122066000,남,50,1365
4122066000,남,55,966
4122066000,남,60,671
4122066000,남,65,441
4122066000,남,70,260
4122066000,남,75,119
4122066000,남,80,70
4122066000,남,85,19
4122066000,남,90,8
4122066000,남,95,4
4122066000,남,100,1
4122066000,여,0,1813
4122066000,여,5,1820
4122066000,여,10,1201
4122066000,여,15,724
4122066000,여,20,831
4122066000,여,25,1861
4122066000,여,30,3188
4122066000,여,35,2761
4122066000,여,40,2279
4122066000,여,45,1383
4122066000,여,50,1271
4122066000,여,55,1006
4122066000,여,60,643
4122066000,여,65,439
4122066000,여,70,240
4122066000,여,75,139
4122066000,여,80,99
4122066000,여,85,65
4122066000,여,90,29
4122066000,여,95,9
4122066000,여,100,2
4125051000,남,0,57
4125051000,남,5,106
4125051000,남,10,134
4125051000,남,15,106
4125051000,남,20,161
4125051000,남,25,183
4125051000,남,30,177
4125051000,남,35,159
4125051000,남,40,201
4125051000,남,45,200
4125051000,남,50,297
4125051000,남,55,276
4125051000,남,60,340
4125051000,남,65,293
4125051000,남,70,167
4125051000,남,75,144
4125051000,남,80,90
4125051000,남,85,66
4125051000,남,90,14
4125051000,남,95,5
4125051000,남,100,0
4125051000,여,0,45
4125051000,여,5,91
4125051000,여,10,110
4125051000,여,15,136
4125051000,여,20,125
4125051000,여,25,138
4125051000,여,30,132
4125051000,여,35,153
4125051000,여,40,161
4125051000,여,45,176
4125051000,여,50,251
4125051000,여,55,274
4125051000,여,60,304
4125051000,여,65,309
4125051000,여,70,182
4125051000,여,75,183
4125051000,여,80,166
4125051000,여,85,116
4125051000,여,90,34
4125051000,여,95,5
4125051000,여,100,1
4125052000,남,0,76
4125052000,남,5,182
4125052000,남,10,271
4125052000,남,15,272
4125052000,남,20,276
4125052000,남,25,279
4125052000,남,30,263
4125052000,남,35,210
4125052000,남,40,376
4125052000,남,45,375
4125052000,남,50,527
4125052000,남,55,515
4125052000,남,60,466
4125052000,남,65,397
4125052000,남,70,254
4125052000,남,75,227
4125052000,남,80,180
4125052000,남,85,89
4125052000,남,90,29
4125052000,남,95,1
4125052000,남,100,1
4125052000,여,0,98
4125052000,여,5,152
4125052000,여,10,239
4125052000,여,15,275
4125052000,여,20,248
4125052000,여,25,232
4125052000,여,30,216
4125052000,여,35,256
4125052000,여,40,333
4125052000,여,45,398
4125052000,여,50,477
4125052000,여,55,440
4125052000,여,60,514
4125052000,여,65,472
4125052000,여,70,359
4125052000,여,75,333
4125052000,여,80,325
4125052000,여,85,138
4125052000,여,90,57
4125052000,여,95,15
4125052000,여,100,0
4125053500,남,0,27
4125053500,남,5,32
4125053500,남,10,47
4125053500,남,15,35
4125053500,남,20,75
4125053500,남,25,107
4125053500,남,30,123
4125053500,남,35,96
4125053500,남,40,121
4125053500,남,45,140
4125053500,남,50,223
4125053500,남,55,269
4125053500,남,60,306
4125053500,남,65,291
4125053500,남,70,172
4125053500,남,75,128
4125053500,남,80,99
4125053500,남,85,41
4125053500,남,90,12
4125053500,남,95,5
4125053500,남,100,1
4125053500,여,0,27
4125053500,여,5,29
4125053500,여,10,28
4125053500,여,15,40
4125053500,여,20,70
4125053500,여,25,85
4125053500,여,30,82
4125053500,여,35,80
4125053500,여,40,97
4125053500,여,45,86
4125053500,여,50,156
4125053500,여,55,180
4125053500,여,60,276
4125053500,여,65,255
4125053500,여,70,190
4125053500,여,75,154
4125053500,여,80,185
4125053500,여,85,98
4125053500,여,90,42
4125053500,여,95,14
4125053500,여,100,4
4125055000,남,0,15
4125055000,남,5,26
4125055000,남,10,42
4125055000,남,15,41
4125055000,남,20,57
4125055000,남,25,88
4125055000,남,30,76
4125055000,남,35,58
4125055000,남,40,65
4125055000,남,45,80
4125055000,남,50,138
4125055000,남,55,144
4125055000,남,60,137
4125055000,남,65,146
4125055000,남,70,74
4125055000,남,75,53
4125055000,남,80,54
4125055000,남,85,23
4125055000,남,90,7
4125055000,남,95,0
4125055000,남,100,0
4125055000,여,0,21
4125055000,여,5,23
4125055000,여,10,45
4125055000,여,15,41
4125055000,여,20,56
4125055000,여,25,59
4125055000,여,30,43
4125055000,여,35,53
4125055000,여,40,70
4125055000,여,45,68
4125055000,여,50,108
4125055000,여,55,137
4125055000,여,60,150
4125055000,여,65,126
4125055000,여,70,92
4125055000,여,75,93
4125055000,여,80,88
4125055000,여,85,53
4125055000,여,90,12
4125055000,여,95,3
4125055000,여,100,0
4125056500,남,0,226
4125056500,남,5,400
4125056500,남,10,537
4125056500,남,15,564
4125056500,남,20,696
4125056500,남,25,801
4125056500,남,30,700
4125056500,남,35,570
4125056500,남,40,796
4125056500,남,45,875
4125056500,남,50,1119
4125056500,남,55,1243
4125056500,남,60,1206
4125056500,남,65,959
4125056500,남,70,565
4125056500,남,75,430
4125056500,남,80,340
4125056500,남,85,159
4125056500,남,90,36
4125056500,남,95,4
4125056500,남,100,0
4125056500,여,0,196
4125056500,여,5,379
4125056500,여,10,564
4125056500,여,15,584
4125056500,여,20,674
4125056500,여,25,665
4125056500,여,30,543
4125056500,여,35,547
4125056500,여,40,846
4125056500,여,45,858
4125056500,여,50,1194
4125056500,여,55,1173
4125056500,여,60,1138
4125056500,여,65,967
4125056500,여,70,679
4125056500,여,75,631
4125056500,여,80,560
4125056500,여,85,321
4125056500,여,90,111
4125056500,여,95,31
4125056500,여,100,2
4125056600,남,0,247
4125056600,남,5,470
4125056600,남,10,705
4125056600,남,15,693
4125056600,남,20,757
4125056600,남,25,841
4125056600,남,30,799
4125056600,남,35,643
4125056600,남,40,929
4125056600,남,45,1012
4125056600,남,50,1193
4125056600,남,55,1072
4125056600,남,60,888
4125056600,남,65,675
4125056600,남,70,420
4125056600,남,75,371
4125056600,남,80,271
4125056600,남,85,147
4125056600,남,90,26
4125056600,남,95,8
4125056600,남,100,1
4125056600,여,0,242
4125056600,여,5,438
4125056600,여,10,692
4125056600,여,15,698
4125056600,여,20,699
4125056600,여,25,725
4125056600,여,30,663
4125056600,여,35,613
4125056600,여,40,957
4125056600,여,45,1040
4125056600,여,50,1198
4125056600,여,55,973
4125056600,여,60,924
4125056600,여,65,788
4125056600,여,70,588
4125056600,여,75,574
4125056600,여,80,498
4125056600,여,85,267
4125056600,여,90,90
4125056600,여,95,30
4125056600,여,100,5
4125058000,남,0,58
4125058000,남,5,98
4125058000,남,10,116
4125058000,남,15,157
4125058000,남,20,211
4125058000,남,25,228
4125058000,남,30,213
4125058000,남,35,197
4125058000,남,40,236
4125058000,남,45,340
4125058000,남,50,391
4125058000,남,55,446
4125058000,남,60,515
4125058000,남,65,422
4125058000,남,70,298
4125058000,남,75,243
4125058000,남,80,175
4125058000,남,85,72
4125058000,남,90,16
4125058000,남,95,5
4125058000,남,100,0
4125058000,여,0,53
4125058000,여,5,86
4125058000,여,10,108
4125058000,여,15,139
4125058000,여,20,178
4125058000,여,25,146
4125058000,여,30,149
4125058000,여,35,161
4125058000,여,40,228
4125058000,여,45,222
4125058000,여,50,323
4125058000,여,55,356
4125058000,여,60,425
4125058000,여,65,414
4125058000,여,70,316
4125058000,여,75,269
4125058000,여,80,241
4125058000,여,85,146
4125058000,여,90,52
4125058000,여,95,11
4125058000,여,100,4
4125060000,남,0,56
4125060000,남,5,67
4125060000,남,10,51
4125060000,남,15,66
4125060000,남,20,103
4125060000,남,25,133
4125060000,남,30,201
4125060000,남,35,129
4125060000,남,40,149
4125060000,남,45,128
4125060000,남,50,242
4125060000,남,55,273
4125060000,남,60,277
4125060000,남,65,266
4125060000,남,70,162
4125060000,남,75,133
4125060000,남,80,83
4125060000,남,85,49
4125060000,남,90,8
4125060000,남,95,8
4125060000,남,100,0
4125060000,여,0,49
4125060000,여,5,40
4125060000,여,10,37
4125060000,여,15,52
4125060000,여,20,76
4125060000,여,25,114
4125060000,여,30,129
4125060000,여,35,84
4125060000,여,40,116
4125060000,여,45,108
4125060000,여,50,166
4125060000,여,55,174
4125060000,여,60,239
4125060000,여,65,223
4125060000,여,70,166
4125060000,여,75,145
4125060000,여,80,147
4125060000,여,85,89
4125060000,여,90,42
4125060000,여,95,13
4125060000,여,100,1
4127151000,남,0,198
4127151000,남,5,378
4127151000,남,10,495
4127151000,남,15,549
4127151000,남,20,721
4127151000,남,25,899
4127151000,남,30,852
4127151000,남,35,629
4127151000,남,40,942
4127151000,남,45,997
4127151000,남,50,1276
4127151000,남,55,1201
4127151000,남,60,1037
4127151000,남,65,651
4127151000,남,70,398
4127151000,남,75,266
4127151000,남,80,169
4127151000,남,85,90
4127151000,남,90,21
4127151000,남,95,1
4127151000,남,100,1
4127151000,여,0,214
4127151000,여,5,339
4127151000,여,10,510
4127151000,여,15,535
4127151000,여,20,710
4127151000,여,25,876
4127151000,여,30,653
4127151000,여,35,542
4127151000,여,40,815
4127151000,여,45,864
4127151000,여,50,1174
4127151000,여,55,1101
4127151000,여,60,888
4127151000,여,65,657
4127151000,여,70,442
4127151000,여,75,412
4127151000,여,80,282
4127151000,여,85,207
4127151000,여,90,56
4127151000,여,95,18
4127151000,여,100,2
4127151500,남,0,135
4127151500,남,5,218
4127151500,남,10,286
4127151500,남,15,397
4127151500,남,20,748
4127151500,남,25,1298
4127151500,남,30,1244
4127151500,남,35,860
4127151500,남,40,961
4127151500,남,45,960
4127151500,남,50,1241
4127151500,남,55,1218
4127151500,남,60,1086
4127151500,남,65,715
4127151500,남,70,345
4127151500,남,75,272
4127151500,남,80,201
4127151500,남,85,83
4127151500,남,90,23
4127151500,남,95,3
4127151500,남,100,0
4127151500,여,0,160
4127151500,여,5,226
4127151500,여,10,259
4127151500,여,15,360
4127151500,여,20,698
4127151500,여,25,1071
4127151500,여,30,789
4127151500,여,35,601
4127151500,여,40,634
4127151500,여,45,701
4127151500,여,50,1008
4127151500,여,55,996
4127151500,여,60,884
4127151500,여,65,606
4127151500,여,70,396
4127151500,여,75,325
4127151500,여,80,297
4127151500,여,85,180
4127151500,여,90,70
4127151500,여,95,18
4127151500,여,100,9
4127152500,남,0,277
4127152500,남,5,337
4127152500,남,10,499
4127152500,남,15,655
4127152500,남,20,1102
4127152500,남,25,1570
4127152500,남,30,1413
4127152500,남,35,984
4127152500,남,40,1131
4127152500,남,45,1257
4127152500,남,50,1525
4127152500,남,55,1635
4127152500,남,60,1319
4127152500,남,65,792
4127152500,남,70,382
4127152500,남,75,312
4127152500,남,80,206
4127152500,남,85,122
4127152500,남,90,48
4127152500,남,95,15
4127152500,남,100,9
4127152500,여,0,245
4127152500,여,5,282
4127152500,여,10,487
4127152500,여,15,596
4127152500,여,20,932
4127152500,여,25,1124
4127152500,여,30,955
4127152500,여,35,702
4127152500,여,40,898
4127152500,여,45,1057
4127152500,여,50,1434
4127152500,여,55,1523
4127152500,여,60,1071
4127152500,여,65,762
4127152500,여,70,459
4127152500,여,75,393
4127152500,여,80,486
4127152500,여,85,358
4127152500,여,90,155
4127152500,여,95,42
4127152500,여,100,10
4127153200,남,0,356
4127153200,남,5,541
4127153200,남,10,798
4127153200,남,15,771
4127153200,남,20,1060
4127153200,남,25,1260
4127153200,남,30,1148
4127153200,남,35,896
4127153200,남,40,1186
4127153200,남,45,1213
4127153200,남,50,1487
4127153200,남,55,1476
4127153200,남,60,1432
4127153200,남,65,879
4127153200,남,70,414
4127153200,남,75,258
4127153200,남,80,180
4127153200,남,85,81
4127153200,남,90,26
4127153200,남,95,3
4127153200,남,100,0
4127153200,여,0,288
4127153200,여,5,501
4127153200,여,10,749
4127153200,여,15,768
4127153200,여,20,947
4127153200,여,25,1066
4127153200,여,30,994
4127153200,여,35,800
4127153200,여,40,1012
4127153200,여,45,1176
4127153200,여,50,1650
4127153200,여,55,1569
4127153200,여,60,1302
4127153200,여,65,877
4127153200,여,70,468
4127153200,여,75,335
4127153200,여,80,310
4127153200,여,85,196
4127153200,여,90,79
4127153200,여,95,22
4127153200,여,100,4
4127153700,남,0,645
4127153700,남,5,1093
4127153700,남,10,1289
4127153700,남,15,1172
4127153700,남,20,1903
4127153700,남,25,1666
4127153700,남,30,1183
4127153700,남,35,1180
4127153700,남,40,1642
4127153700,남,45,1581
4127153700,남,50,1773
4127153700,남,55,1698
4127153700,남,60,1460
4127153700,남,65,944
4127153700,남,70,407
4127153700,남,75,185
4127153700,남,80,106
4127153700,남,85,48
4127153700,남,90,9
4127153700,남,95,0
4127153700,남,100,0
4127153700,여,0,606
4127153700,여,5,1175
4127153700,여,10,1242
4127153700,여,15,1207
4127153700,여,20,1859
4127153700,여,25,1183
4127153700,여,30,1155
4127153700,여,35,1246
4127153700,여,40,1856
4127153700,여,45,1670
4127153700,여,50,1937
4127153700,여,55,1717
4127153700,여,60,1366
4127153700,여,65,759
4127153700,여,70,340
4127153700,여,75,205
4127153700,여,80,153
4127153700,여,85,100
4127153700,여,90,47
4127153700,여,95,18
4127153700,여,100,4
4127154000,남,0,297
4127154000,남,5,564
4127154000,남,10,854
4127154000,남,15,911
4127154000,남,20,1217
4127154000,남,25,1462
4127154000,남,30,1368
4127154000,남,35,962
4127154000,남,40,1364
4127154000,남,45,1506
4127154000,남,50,2019
4127154000,남,55,1933
4127154000,남,60,1528
4127154000,남,65,1037
4127154000,남,70,454
4127154000,남,75,364
4127154000,남,80,256
4127154000,남,85,115
4127154000,남,90,26
4127154000,남,95,6
4127154000,남,100,1
4127154000,여,0,285
4127154000,여,5,514
4127154000,여,10,768
4127154000,여,15,860
4127154000,여,20,1095
4127154000,여,25,1245
4127154000,여,30,1021
4127154000,여,35,812
4127154000,여,40,1217
4127154000,여,45,1423
4127154000,여,50,1874
4127154000,여,55,1739
4127154000,여,60,1250
4127154000,여,65,919
4127154000,여,70,561
4127154000,여,75,483
4127154000,여,80,432
4127154000,여,85,244
4127154000,여,90,95
4127154000,여,95,16
4127154000,여,100,4
4127155000,남,0,189
4127155000,남,5,313
4127155000,남,10,483
4127155000,남,15,633
4127155000,남,20,849
4127155000,남,25,976
4127155000,남,30,894
4127155000,남,35,621
4127155000,남,40,748
4127155000,남,45,926
4127155000,남,50,1306
4127155000,남,55,1264
4127155000,남,60,1140
4127155000,남,65,745
4127155000,남,70,405
4127155000,남,75,260
4127155000,남,80,215
4127155000,남,85,79
4127155000,남,90,38
4127155000,남,95,5
4127155000,남,100,0
4127155000,여,0,187
4127155000,여,5,329
4127155000,여,10,496
4127155000,여,15,664
4127155000,여,20,853
4127155000,여,25,924
4127155000,여,30,742
4127155000,여,35,557
4127155000,여,40,757
4127155000,여,45,984
4127155000,여,50,1393
4127155000,여,55,1328
4127155000,여,60,1140
4127155000,여,65,712
4127155000,여,70,437
4127155000,여,75,390
4127155000,여,80,330
4127155000,여,85,220
4127155000,여,90,91
4127155000,여,95,22
4127155000,여,100,1
4127156000,남,0,140
4127156000,남,5,191
4127156000,남,10,271
4127156000,남,15,367
4127156000,남,20,607
4127156000,남,25,830
4127156000,남,30,818
4127156000,남,35,506
4127156000,남,40,559
4127156000,남,45,658
4127156000,남,50,925
4127156000,남,55,981
4127156000,남,60,924
4127156000,남,65,599
4127156000,남,70,286
4127156000,남,75,226
4127156000,남,80,170
4127156000,남,85,83
4127156000,남,90,24
4127156000,남,95,5
4127156000,남,100,0
4127156000,여,0,127
4127156000,여,5,165
4127156000,여,10,294
4127156000,여,15,362
4127156000,여,20,570
4127156000,여,25,790
4127156000,여,30,652
4127156000,여,35,432
4127156000,여,40,521
4127156000,여,45,635
4127156000,여,50,963
4127156000,여,55,1091
4127156000,여,60,867
4127156000,여,65,588
4127156000,여,70,337
4127156000,여,75,316
4127156000,여,80,273
4127156000,여,85,170
4127156000,여,90,33
4127156000,여,95,13
4127156000,여,100,1
4127157000,남,0,199
4127157000,남,5,306
4127157000,남,10,456
4127157000,남,15,488
4127157000,남,20,640
4127157000,남,25,835
4127157000,남,30,740
4127157000,남,35,527
4127157000,남,40,656
4127157000,남,45,808
4127157000,남,50,1163
4127157000,남,55,1237
4127157000,남,60,1071
4127157000,남,65,632
4127157000,남,70,305
4127157000,남,75,204
4127157000,남,80,140
4127157000,남,85,68
4127157000,남,90,19
4127157000,남,95,3
4127157000,남,100,0
4127157000,여,0,188
4127157000,여,5,295
4127157000,여,10,435
4127157000,여,15,515
4127157000,여,20,613
4127157000,여,25,712
4127157000,여,30,579
4127157000,여,35,420
4127157000,여,40,632
4127157000,여,45,734
4127157000,여,50,1105
4127157000,여,55,1142
4127157000,여,60,855
4127157000,여,65,585
4127157000,여,70,330
4127157000,여,75,305
4127157000,여,80,291
4127157000,여,85,176
4127157000,여,90,50
4127157000,여,95,11
4127157000,여,100,3
4127158000,남,0,308
4127158000,남,5,494
4127158000,남,10,686
4127158000,남,15,872
4127158000,남,20,1366
4127158000,남,25,1776
4127158000,남,30,1537
4127158000,남,35,1019
4127158000,남,40,1118
4127158000,남,45,1256
4127158000,남,50,1727
4127158000,남,55,1929
4127158000,남,60,1883
4127158000,남,65,1151
4127158000,남,70,494
4127158000,남,75,334
4127158000,남,80,193
4127158000,남,85,106
4127158000,남,90,28
4127158000,남,95,2
4127158000,남,100,1
4127158000,여,0,304
4127158000,여,5,473
4127158000,여,10,597
4127158000,여,15,778
4127158000,여,20,1199
4127158000,여,25,1481
4127158000,여,30,1202
4127158000,여,35,805
4127158000,여,40,1041
4127158000,여,45,1267
4127158000,여,50,1896
4127158000,여,55,2019
4127158000,여,60,1644
4127158000,여,65,1019
4127158000,여,70,541
4127158000,여,75,430
4127158000,여,80,391
4127158000,여,85,281
4127158000,여,90,108
4127158000,여,95,25
4127158000,여,100,7
4127159000,남,0,313
4127159000,남,5,349
4127159000,남,10,445
4127159000,남,15,625
4127159000,남,20,831
4127159000,남,25,1021
4127159000,남,30,1035
4127159000,남,35,712
4127159000,남,40,677
4127159000,남,45,686
4127159000,남,50,971
4127159000,남,55,1210
4127159000,남,60,1406
4127159000,남,65,924
4127159000,남,70,420
4127159000,남,75,239
4127159000,남,80,142
4127159000,남,85,73
4127159000,남,90,27
4127159000,남,95,7
4127159000,남,100,0
4127159000,여,0,281
4127159000,여,5,324
4127159000,여,10,416
4127159000,여,15,522
4127159000,여,20,763
4127159000,여,25,928
4127159000,여,30,947
4127159000,여,35,665
4127159000,여,40,680
4127159000,여,45,836
4127159000,여,50,1283
4127159000,여,55,1535
4127159000,여,60,1359
4127159000,여,65,893
4127159000,여,70,414
4127159000,여,75,295
4127159000,여,80,266
4127159000,여,85,167
4127159000,여,90,88
4127159000,여,95,16
4127159000,여,100,0
4127160000,남,0,164
4127160000,남,5,227
4127160000,남,10,295
4127160000,남,15,296
4127160000,남,20,377
4127160000,남,25,525
4127160000,남,30,518
4127160000,남,35,481
4127160000,남,40,625
4127160000,남,45,600
4127160000,남,50,724
4127160000,남,55,743
4127160000,남,60,869
4127160000,남,65,721
4127160000,남,70,476
4127160000,남,75,349
4127160000,남,80,229
4127160000,남,85,95
4127160000,남,90,21
4127160000,남,95,4
4127160000,남,100,1
4127160000,여,0,147
4127160000,여,5,231
4127160000,여,10,252
4127160000,여,15,268
4127160000,여,20,368
4127160000,여,25,459
4127160000,여,30,441
4127160000,여,35,410
4127160000,여,40,509
4127160000,여,45,490
4127160000,여,50,664
4127160000,여,55,841
4127160000,여,60,878
4127160000,여,65,792
4127160000,여,70,547
4127160000,여,75,398
4127160000,여,80,293
4127160000,여,85,165
4127160000,여,90,63
4127160000,여,95,26
4127160000,여,100,0
4127161000,남,0,48
4127161000,남,5,119
4127161000,남,10,155
4127161000,남,15,173
4127161000,남,20,212
4127161000,남,25,256
4127161000,남,30,288
4127161000,남,35,211
4127161000,남,40,267
4127161000,남,45,329
4127161000,남,50,416
4127161000,남,55,503
4127161000,남,60,530
4127161000,남,65,415
4127161000,남,70,266
4127161000,남,75,141
4127161000,남,80,91
4127161000,남,85,34
4127161000,남,90,11
4127161000,남,95,2
4127161000,남,100,0
4127161000,여,0,70
4127161000,여,5,82
4127161000,여,10,158
4127161000,여,15,169
4127161000,여,20,160
4127161000,여,25,218
4127161000,여,30,181
4127161000,여,35,142
4127161000,여,40,263
4127161000,여,45,268
4127161000,여,50,342
4127161000,여,55,388
4127161000,여,60,469
4127161000,여,65,411
4127161000,여,70,252
4127161000,여,75,169
4127161000,여,80,141
4127161000,여,85,80
4127161000,여,90,36
4127161000,여,95,5
4127161000,여,100,1
4127351000,남,0,394
4127351000,남,5,568
4127351000,남,10,835
4127351000,남,15,936
4127351000,남,20,1218
4127351000,남,25,1536
4127351000,남,30,1451
4127351000,남,35,1177
4127351000,남,40,1604
4127351000,남,45,1728
4127351000,남,50,2041
4127351000,남,55,1976
4127351000,남,60,1710
4127351000,남,65,961
4127351000,남,70,514
4127351000,남,75,317
4127351000,남,80,226
4127351000,남,85,94
4127351000,남,90,15
4127351000,남,95,5
4127351000,남,100,1
4127351000,여,0,386
4127351000,여,5,572
4127351000,여,10,743
4127351000,여,15,869
4127351000,여,20,996
4127351000,여,25,1113
4127351000,여,30,1012
4127351000,여,35,866
4127351000,여,40,1317
4127351000,여,45,1414
4127351000,여,50,1801
4127351000,여,55,1706
4127351000,여,60,1375
4127351000,여,65,965
4127351000,여,70,567
4127351000,여,75,453
4127351000,여,80,380
4127351000,여,85,233
4127351000,여,90,90
4127351000,여,95,25
4127351000,여,100,4
4127352500,남,0,181
4127352500,남,5,227
4127352500,남,10,326
4127352500,남,15,431
4127352500,남,20,621
4127352500,남,25,1096
4127352500,남,30,1005
4127352500,남,35,727
4127352500,남,40,704
4127352500,남,45,671
4127352500,남,50,915
4127352500,남,55,971
4127352500,남,60,915
4127352500,남,65,563
4127352500,남,70,306
4127352500,남,75,185
4127352500,남,80,117
4127352500,남,85,70
4127352500,남,90,7
4127352500,남,95,2
4127352500,남,100,0
4127352500,여,0,180
4127352500,여,5,241
4127352500,여,10,314
4127352500,여,15,378
4127352500,여,20,701
4127352500,여,25,1066
4127352500,여,30,833
4127352500,여,35,522
4127352500,여,40,595
4127352500,여,45,641
4127352500,여,50,990
4127352500,여,55,1035
4127352500,여,60,891
4127352500,여,65,638
4127352500,여,70,347
4127352500,여,75,285
4127352500,여,80,239
4127352500,여,85,179
4127352500,여,90,46
4127352500,여,95,12
4127352500,여,100,2
4127353200,남,0,294
4127353200,남,5,349
4127353200,남,10,396
4127353200,남,15,484
4127353200,남,20,978
4127353200,남,25,1406
4127353200,남,30,1422
4127353200,남,35,927
4127353200,남,40,868
4127353200,남,45,727
4127353200,남,50,944
4127353200,남,55,971
4127353200,남,60,987
4127353200,남,65,699
4127353200,남,70,345
4127353200,남,75,184
4127353200,남,80,92
4127353200,남,85,34
4127353200,남,90,15
4127353200,남,95,3
4127353200,남,100,0
4127353200,여,0,310
4127353200,여,5,342
4127353200,여,10,377
4127353200,여,15,495
4127353200,여,20,1089
4127353200,여,25,1465
4127353200,여,30,1142
4127353200,여,35,769
4127353200,여,40,789
4127353200,여,45,785
4127353200,여,50,1068
4127353200,여,55,1077
4127353200,여,60,999
4127353200,여,65,649
4127353200,여,70,329
4127353200,여,75,187
4127353200,여,80,154
4127353200,여,85,102
4127353200,여,90,53
4127353200,여,95,24
4127353200,여,100,2
4127353500,남,0,578
4127353500,남,5,882
4127353500,남,10,1126
4127353500,남,15,1258
4127353500,남,20,1538
4127353500,남,25,1764
4127353500,남,30,1486
4127353500,남,35,1284
4127353500,남,40,1458
4127353500,남,45,1535
4127353500,남,50,1885
4127353500,남,55,2118
4127353500,남,60,2047
4127353500,남,65,1262
4127353500,남,70,525
4127353500,남,75,278
4127353500,남,80,169
4127353500,남,85,81
4127353500,남,90,29
4127353500,남,95,8
4127353500,남,100,0
4127353500,여,0,504
4127353500,여,5,863
4127353500,여,10,1090
4127353500,여,15,1148
4127353500,여,20,1384
4127353500,여,25,1631
4127353500,여,30,1439
4127353500,여,35,1201
4127353500,여,40,1561
4127353500,여,45,1699
4127353500,여,50,2270
4127353500,여,55,2253
4127353500,여,60,1783
4127353500,여,65,954
4127353500,여,70,470
4127353500,여,75,292
4127353500,여,80,253
4127353500,여,85,195
4127353500,여,90,96
4127353500,여,95,27
4127353500,여,100,4
4127354500,남,0,34
4127354500,남,5,66
4127354500,남,10,81
4127354500,남,15,75
4127354500,남,20,68
4127354500,남,25,139
4127354500,남,30,162
4127354500,남,35,144
4127354500,남,40,159
4127354500,남,45,229
4127354500,남,50,379
4127354500,남,55,459
4127354500,남,60,425
4127354500,남,65,258
4127354500,남,70,134
4127354500,남,75,142
4127354500,남,80,98
4127354500,남,85,44
4127354500,남,90,5
4127354500,남,95,1
4127354500,남,100,0
4127354500,여,0,32
4127354500,여,5,76
4127354500,여,10,62
4127354500,여,15,76
4127354500,여,20,67
4127354500,여,25,81
4127354500,여,30,81
4127354500,여,35,99
4127354500,여,40,124
4127354500,여,45,155
4127354500,여,50,240
4127354500,여,55,273
4127354500,여,60,252
4127354500,여,65,227
4127354500,여,70,172
4127354500,여,75,143
4127354500,여,80,126
4127354500,여,85,72
4127354500,여,90,22
4127354500,여,95,2
4127354500,여,100,0
4127355500,남,0,537
4127355500,남,5,417
4127355500,남,10,443
4127355500,남,15,513
4127355500,남,20,666
4127355500,남,25,891
4127355500,남,30,1190
4127355500,남,35,1020
4127355500,남,40,928
4127355500,남,45,790
4127355500,남,50,959
4127355500,남,55,1058
4127355500,남,60,1063
4127355500,남,65,778
4127355500,남,70,389
4127355500,남,75,240
4127355500,남,80,133
4127355500,남,85,38
4127355500,남,90,22
4127355500,남,95,2
4127355500,남,100,0
4127355500,여,0,493
4127355500,여,5,367
4127355500,여,10,426
4127355500,여,15,509
4127355500,여,20,603
4127355500,여,25,830
4127355500,여,30,1202
4127355500,여,35,834
4127355500,여,40,829
4127355500,여,45,794
4127355500,여,50,1093
4127355500,여,55,1178
4127355500,여,60,1111
4127355500,여,65,748
4127355500,여,70,407
4127355500,여,75,249
4127355500,여,80,159
4127355500,여,85,99
4127355500,여,90,43
4127355500,여,95,11
4127355500,여,100,0
4127356500,남,0,199
4127356500,남,5,348
4127356500,남,10,532
4127356500,남,15,601
4127356500,남,20,637
4127356500,남,25,787
4127356500,남,30,770
4127356500,남,35,655
4127356500,남,40,903
4127356500,남,45,980
4127356500,남,50,1168
4127356500,남,55,1099
4127356500,남,60,1015
4127356500,남,65,743
4127356500,남,70,369
4127356500,남,75,225
4127356500,남,80,157
4127356500,남,85,48
4127356500,남,90,15
4127356500,남,95,1
4127356500,남,100,0
4127356500,여,0,189
4127356500,여,5,332
4127356500,여,10,459
4127356500,여,15,587
4127356500,여,20,527
4127356500,여,25,558
4127356500,여,30,484
4127356500,여,35,469
4127356500,여,40,709
4127356500,여,45,781
4127356500,여,50,1001
4127356500,여,55,967
4127356500,여,60,916
4127356500,여,65,673
4127356500,여,70,403
4127356500,여,75,236
4127356500,여,80,189
4127356500,여,85,129
4127356500,여,90,53
4127356500,여,95,11
4127356500,여,100,1
4127357000,남,0,705
4127357000,남,5,841
4127357000,남,10,989
4127357000,남,15,1115
4127357000,남,20,1428
4127357000,남,25,2003
4127357000,남,30,2141
4127357000,남,35,1775
4127357000,남,40,1896
4127357000,남,45,1805
4127357000,남,50,2172
4127357000,남,55,2056
4127357000,남,60,1688
4127357000,남,65,1209
4127357000,남,70,623
4127357000,남,75,405
4127357000,남,80,246
4127357000,남,85,121
4127357000,남,90,39
4127357000,남,95,7
4127357000,남,100,2
4127357000,여,0,668
4127357000,여,5,808
4127357000,여,10,948
4127357000,여,15,1043
4127357000,여,20,1306
4127357000,여,25,1610
4127357000,여,30,1746
4127357000,여,35,1404
4127357000,여,40,1614
4127357000,여,45,1766
4127357000,여,50,2221
4127357000,여,55,2037
4127357000,여,60,1694
4127357000,여,65,1144
4127357000,여,70,710
4127357000,여,75,497
4127357000,여,80,444
4127357000,여,85,351
4127357000,여,90,159
4127357000,여,95,36
4127357000,여,100,6
4127358000,남,0,267
4127358000,남,5,264
4127358000,남,10,266
4127358000,남,15,324
4127358000,남,20,469
4127358000,남,25,670
4127358000,남,30,860
4127358000,남,35,685
4127358000,남,40,726
4127358000,남,45,620
4127358000,남,50,742
4127358000,남,55,815
4127358000,남,60,762
4127358000,남,65,551
4127358000,남,70,272
4127358000,남,75,148
4127358000,남,80,85
4127358000,남,85,37
4127358000,남,90,10
4127358000,남,95,1
4127358000,남,100,0
4127358000,여,0,257
4127358000,여,5,261
4127358000,여,10,272
4127358000,여,15,308
4127358000,여,20,455
4127358000,여,25,605
4127358000,여,30,668
4127358000,여,35,573
4127358000,여,40,522
4127358000,여,45,567
4127358000,여,50,776
4127358000,여,55,850
4127358000,여,60,781
4127358000,여,65,534
4127358000,여,70,305
4127358000,여,75,201
4127358000,여,80,176
4127358000,여,85,127
4127358000,여,90,56
4127358000,여,95,10
4127358000,여,100,1
4127359000,남,0,261
4127359000,남,5,266
4127359000,남,10,321
4127359000,남,15,430
4127359000,남,20,528
4127359000,남,25,691
4127359000,남,30,712
4127359000,남,35,640
4127359000,남,40,723
4127359000,남,45,692
4127359000,남,50,946
4127359000,남,55,996
4127359000,남,60,882
4127359000,남,65,533
4127359000,남,70,262
4127359000,남,75,174
4127359000,남,80,106
4127359000,남,85,48
4127359000,남,90,11
4127359000,남,95,2
4127359000,남,100,3
4127359000,여,0,267
4127359000,여,5,238
4127359000,여,10,288
4127359000,여,15,319
4127359000,여,20,487
4127359000,여,25,586
4127359000,여,30,632
4127359000,여,35,518
4127359000,여,40,535
4127359000,여,45,576
4127359000,여,50,841
4127359000,여,55,789
4127359000,여,60,682
4127359000,여,65,442
4127359000,여,70,286
4127359000,여,75,204
4127359000,여,80,162
4127359000,여,85,117
4127359000,여,90,33
4127359000,여,95,5
4127359000,여,100,0
4127360000,남,0,358
4127360000,남,5,526
4127360000,남,10,682
4127360000,남,15,783
4127360000,남,20,1159
4127360000,남,25,1425
4127360000,남,30,1381
4127360000,남,35,1091
4127360000,남,40,1281
4127360000,남,45,1355
4127360000,남,50,1646
4127360000,남,55,1607
4127360000,남,60,1556
4127360000,남,65,998
4127360000,남,70,431
4127360000,남,75,217
4127360000,남,80,138
4127360000,남,85,82
4127360000,남,90,16
4127360000,남,95,1
4127360000,남,100,0
4127360000,여,0,344
4127360000,여,5,537
4127360000,여,10,648
4127360000,여,15,734
4127360000,여,20,985
4127360000,여,25,1148
4127360000,여,30,1178
4127360000,여,35,904
4127360000,여,40,1075
4127360000,여,45,1299
4127360000,여,50,1685
4127360000,여,55,1660
4127360000,여,60,1395
4127360000,여,65,883
4127360000,여,70,451
4127360000,여,75,318
4127360000,여,80,312
4127360000,여,85,176
4127360000,여,90,85
4127360000,여,95,13
4127360000,여,100,1
4127361000,남,0,57
4127361000,남,5,90
4127361000,남,10,91
4127361000,남,15,90
4127361000,남,20,140
4127361000,남,25,184
4127361000,남,30,207
4127361000,남,35,181
4127361000,남,40,227
4127361000,남,45,294
4127361000,남,50,371
4127361000,남,55,558
4127361000,남,60,715
4127361000,남,65,630
4127361000,남,70,408
4127361000,남,75,261
4127361000,남,80,175
4127361000,남,85,74
4127361000,남,90,15
4127361000,남,95,5
4127361000,남,100,2
4127361000,여,0,46
4127361000,여,5,80
4127361000,여,10,84
4127361000,여,15,75
4127361000,여,20,90
4127361000,여,25,137
4127361000,여,30,165
4127361000,여,35,146
4127361000,여,40,193
4127361000,여,45,202
4127361000,여,50,345
4127361000,여,55,536
4127361000,여,60,669
4127361000,여,65,586
4127361000,여,70,365
4127361000,여,75,244
4127361000,여,80,213
4127361000,여,85,150
4127361000,여,90,70
4127361000,여,95,16
4127361000,여,100,4
4128151000,남,0,80
4128151000,남,5,104
4128151000,남,10,180
4128151000,남,15,236
4128151000,남,20,294
4128151000,남,25,394
4128151000,남,30,370
4128151000,남,35,261
4128151000,남,40,342
4128151000,남,45,363
4128151000,남,50,549
4128151000,남,55,651
4128151000,남,60,662
4128151000,남,65,462
4128151000,남,70,260
4128151000,남,75,188
4128151000,남,80,141
4128151000,남,85,40
4128151000,남,90,16
4128151000,남,95,5
4128151000,남,100,0
4128151000,여,0,49
4128151000,여,5,97
4128151000,여,10,126
4128151000,여,15,182
4128151000,여,20,243
4128151000,여,25,330
4128151000,여,30,273
4128151000,여,35,203
4128151000,여,40,281
4128151000,여,45,305
4128151000,여,50,535
4128151000,여,55,559
4128151000,여,60,565
4128151000,여,65,470
4128151000,여,70,292
4128151000,여,75,235
4128151000,여,80,219
4128151000,여,85,134
4128151000,여,90,60
4128151000,여,95,12
4128151000,여,100,0
4128152000,남,0,355
4128152000,남,5,687
4128152000,남,10,742
4128152000,남,15,413
4128152000,남,20,422
4128152000,남,25,500
4128152000,남,30,641
4128152000,남,35,718
4128152000,남,40,1220
4128152000,남,45,968
4128152000,남,50,894
4128152000,남,55,720
4128152000,남,60,759
4128152000,남,65,691
4128152000,남,70,427
4128152000,남,75,307
4128152000,남,80,180
4128152000,남,85,79
4128152000,남,90,19
4128152000,남,95,3
4128152000,남,100,2
4128152000,여,0,434
4128152000,여,5,685
4128152000,여,10,801
4128152000,여,15,515
4128152000,여,20,363
4128152000,여,25,460
4128152000,여,30,645
4128152000,여,35,859
4128152000,여,40,1258
4128152000,여,45,975
4128152000,여,50,879
4128152000,여,55,855
4128152000,여,60,938
4128152000,여,65,846
4128152000,여,70,477
4128152000,여,75,375
4128152000,여,80,263
4128152000,여,85,154
4128152000,여,90,71
4128152000,여,95,19
4128152000,여,100,1
4128153000,남,0,491
4128153000,남,5,808
4128153000,남,10,1039
4128153000,남,15,688
4128153000,남,20,644
4128153000,남,25,890
4128153000,남,30,1029
4128153000,남,35,964
4128153000,남,40,1565
4128153000,남,45,1529
4128153000,남,50,1325
4128153000,남,55,928
4128153000,남,60,912
4128153000,남,65,700
4128153000,남,70,429
4128153000,남,75,317
4128153000,남,80,203
4128153000,남,85,72
4128153000,남,90,17
4128153000,남,95,2
4128153000,남,100,0
4128153000,여,0,461
4128153000,여,5,771
4128153000,여,10,998
4128153000,여,15,727
4128153000,여,20,665
4128153000,여,25,992
4128153000,여,30,1057
4128153000,여,35,1121
4128153000,여,40,1618
4128153000,여,45,1427
4128153000,여,50,1175
4128153000,여,55,960
4128153000,여,60,969
4128153000,여,65,771
4128153000,여,70,504
4128153000,여,75,362
4128153000,여,80,279
4128153000,여,85,163
4128153000,여,90,62
4128153000,여,95,15
4128153000,여,100,0
4128154000,남,0,185
4128154000,남,5,281
4128154000,남,10,398
4128154000,남,15,457
4128154000,남,20,606
4128154000,남,25,715
4128154000,남,30,747
4128154000,남,35,553
4128154000,남,40,701
4128154000,남,45,801
4128154000,남,50,1055
4128154000,남,55,1092
4128154000,남,60,1025
4128154000,남,65,746
4128154000,남,70,467
4128154000,남,75,310
4128154000,남,80,211
4128154000,남,85,121
4128154000,남,90,30
4128154000,남,95,4
4128154000,남,100,1
4128154000,여,0,162
4128154000,여,5,272
4128154000,여,10,350
4128154000,여,15,392
4128154000,여,20,513
4128154000,여,25,707
4128154000,여,30,615
4128154000,여,35,496
4128154000,여,40,688
4128154000,여,45,738
4128154000,여,50,976
4128154000,여,55,1064
4128154000,여,60,1008
4128154000,여,65,852
4128154000,여,70,557
4128154000,여,75,463
4128154000,여,80,386
4128154000,여,85,224
4128154000,여,90,94
4128154000,여,95,30
4128154000,여,100,2
4128155000,남,0,89
4128155000,남,5,138
4128155000,남,10,165
4128155000,남,15,245
4128155000,남,20,299
4128155000,남,25,333
4128155000,남,30,349
4128155000,남,35,299
4128155000,남,40,314
4128155000,남,45,302
4128155000,남,50,489
4128155000,남,55,473
4128155000,남,60,491
4128155000,남,65,399
4128155000,남,70,244
4128155000,남,75,205
4128155000,남,80,140
4128155000,남,85,88
4128155000,남,90,18
4128155000,남,95,1
4128155000,남,100,1
4128155000,여,0,70
4128155000,여,5,133
4128155000,여,10,162
4128155000,여,15,223
4128155000,여,20,240
4128155000,여,25,292
4128155000,여,30,311
4128155000,여,35,268
4128155000,여,40,331
4128155000,여,45,366
4128155000,여,50,545
4128155000,여,55,493
4128155000,여,60,595
4128155000,여,65,442
4128155000,여,70,279
4128155000,여,75,259
4128155000,여,80,243
4128155000,여,85,172
4128155000,여,90,58
4128155000,여,95,12
4128155000,여,100,1
4128156000,남,0,909
4128156000,남,5,1059
4128156000,남,10,600
4128156000,남,15,338
4128156000,남,20,432
4128156000,남,25,606
4128156000,남,30,1111
4128156000,남,35,1536
4128156000,남,40,1624
4128156000,남,45,943
4128156000,남,50,784
4128156000,남,55,717
4128156000,남,60,658
4128156000,남,65,527
4128156000,남,70,322
4128156000,남,75,254
4128156000,남,80,141
4128156000,남,85,48
4128156000,남,90,15
4128156000,남,95,2
4128156000,남,100,0
4128156000,여,0,894
4128156000,여,5,1057
4128156000,여,10,596
4128156000,여,15,426
4128156000,여,20,483
4128156000,여,25,767
4128156000,여,30,1384
4128156000,여,35,1645
4128156000,여,40,1396
4128156000,여,45,844
4128156000,여,50,834
4128156000,여,55,726
4128156000,여,60,636
4128156000,여,65,528
4128156000,여,70,327
4128156000,여,75,262
4128156000,여,80,209
4128156000,여,85,136
4128156000,여,90,52
4128156000,여,95,11
4128156000,여,100,1
4128157600,남,0,521
4128157600,남,5,493
4128157600,남,10,439
4128157600,남,15,352
4128157600,남,20,433
4128157600,남,25,741
4128157600,남,30,1078
4128157600,남,35,1117
4128157600,남,40,1147
4128157600,남,45,822
4128157600,남,50,802
4128157600,남,55,676
4128157600,남,60,673
4128157600,남,65,536
4128157600,남,70,336
4128157600,남,75,211
4128157600,남,80,176
4128157600,남,85,71
4128157600,남,90,14
4128157600,남,95,1
4128157600,남,100,0
4128157600,여,0,453
4128157600,여,5,489
4128157600,여,10,464
4128157600,여,15,351
4128157600,여,20,584
4128157600,여,25,998
4128157600,여,30,1236
4128157600,여,35,1103
4128157600,여,40,1132
4128157600,여,45,820
4128157600,여,50,880
4128157600,여,55,765
4128157600,여,60,734
4128157600,여,65,596
4128157600,여,70,295
4128157600,여,75,261
4128157600,여,80,210
4128157600,여,85,113
4128157600,여,90,45
4128157600,여,95,9
4128157600,여,100,3
4128157700,남,0,514
4128157700,남,5,527
4128157700,남,10,529
4128157700,남,15,389
4128157700,남,20,503
4128157700,남,25,927
4128157700,남,30,1414
4128157700,남,35,1261
4128157700,남,40,1254
4128157700,남,45,924
4128157700,남,50,932
4128157700,남,55,867
4128157700,남,60,861
4128157700,남,65,729
4128157700,남,70,495
4128157700,남,75,401
4128157700,남,80,271
4128157700,남,85,114
4128157700,남,90,37
4128157700,남,95,0
4128157700,남,100,1
4128157700,여,0,524
4128157700,여,5,560
4128157700,여,10,505
4128157700,여,15,366
4128157700,여,20,711
4128157700,여,25,1316
4128157700,여,30,1638
4128157700,여,35,1255
4128157700,여,40,1169
4128157700,여,45,957
4128157700,여,50,1112
4128157700,여,55,1175
4128157700,여,60,1031
4128157700,여,65,902
4128157700,여,70,637
4128157700,여,75,579
4128157700,여,80,395
4128157700,여,85,246
4128157700,여,90,82
4128157700,여,95,14
4128157700,여,100,1
4128158000,남,0,615
4128158000,남,5,587
4128158000,남,10,539
4128158000,남,15,396
4128158000,남,20,398
4128158000,남,25,603
4128158000,남,30,1183
4128158000,남,35,1329
4128158000,남,40,1285
4128158000,남,45,919
4128158000,남,50,842
4128158000,남,55,673
4128158000,남,60,632
4128158000,남,65,543
4128158000,남,70,325
4128158000,남,75,240
4128158000,남,80,165
4128158000,남,85,56
4128158000,남,90,16
4128158000,남,95,5
4128158000,남,100,2
4128158000,여,0,617
4128158000,여,5,598
4128158000,여,10,489
4128158000,여,15,349
4128158000,여,20,428
4128158000,여,25,768
4128158000,여,30,1389
4128158000,여,35,1272
4128158000,여,40,1218
4128158000,여,45,880
4128158000,여,50,878
4128158000,여,55,705
4128158000,여,60,677
4128158000,여,65,579
4128158000,여,70,341
4128158000,여,75,295
4128158000,여,80,197
4128158000,여,85,123
4128158000,여,90,43
4128158000,여,95,13
4128158000,여,100,3
4128159000,남,0,244
4128159000,남,5,445
4128159000,남,10,662
4128159000,남,15,765
4128159000,남,20,843
4128159000,남,25,882
4128159000,남,30,794
4128159000,남,35,623
4128159000,남,40,940
4128159000,남,45,1181
4128159000,남,50,1478
4128159000,남,55,1322
4128159000,남,60,1198
4128159000,남,65,1029
4128159000,남,70,687
4128159000,남,75,513
4128159000,남,80,362
4128159000,남,85,176
4128159000,남,90,45
4128159000,남,95,8
4128159000,남,100,2
4128159000,여,0,232
4128159000,여,5,436
4128159000,여,10,644
4128159000,여,15,682
4128159000,여,20,724
4128159000,여,25,703
4128159000,여,30,570
4128159000,여,35,624
4128159000,여,40,955
4128159000,여,45,1153
4128159000,여,50,1364
4128159000,여,55,1210
4128159000,여,60,1122
4128159000,여,65,1147
4128159000,여,70,747
4128159000,여,75,694
4128159000,여,80,537
4128159000,여,85,312
4128159000,여,90,109
4128159000,여,95,24
4128159000,여,100,4
4128160000,남,0,235
4128160000,남,5,483
4128160000,남,10,605
4128160000,남,15,623
4128160000,남,20,832
4128160000,남,25,1053
4128160000,남,30,1016
4128160000,남,35,848
4128160000,남,40,1214
4128160000,남,45,1308
4128160000,남,50,1739
4128160000,남,55,1754
4128160000,남,60,1913
4128160000,남,65,1523
4128160000,남,70,916
4128160000,남,75,672
4128160000,남,80,484
4128160000,남,85,206
4128160000,남,90,43
4128160000,남,95,7
4128160000,남,100,1
4128160000,여,0,242
4128160000,여,5,395
4128160000,여,10,585
4128160000,여,15,601
4128160000,여,20,706
4128160000,여,25,853
4128160000,여,30,788
4128160000,여,35,698
4128160000,여,40,1104
4128160000,여,45,1119
4128160000,여,50,1530
4128160000,여,55,1765
4128160000,여,60,1858
4128160000,여,65,1607
4128160000,여,70,999
4128160000,여,75,828
4128160000,여,80,721
4128160000,여,85,412
4128160000,여,90,153
4128160000,여,95,42
4128160000,여,100,11
4128161000,남,0,286
4128161000,남,5,303
4128161000,남,10,322
4128161000,남,15,358
4128161000,남,20,519
4128161000,남,25,644
4128161000,남,30,748
4128161000,남,35,687
4128161000,남,40,604
4128161000,남,45,605
4128161000,남,50,795
4128161000,남,55,895
4128161000,남,60,923
4128161000,남,65,682
4128161000,남,70,362
4128161000,남,75,255
4128161000,남,80,190
4128161000,남,85,98
4128161000,남,90,18
4128161000,남,95,3
4128161000,남,100,1
4128161000,여,0,222
4128161000,여,5,300
4128161000,여,10,270
4128161000,여,15,321
4128161000,여,20,408
4128161000,여,25,555
4128161000,여,30,672
4128161000,여,35,528
4128161000,여,40,588
4128161000,여,45,616
4128161000,여,50,828
4128161000,여,55,940
4128161000,여,60,830
4128161000,여,65,605
4128161000,여,70,360
4128161000,여,75,315
4128161000,여,80,251
4128161000,여,85,159
4128161000,여,90,67
4128161000,여,95,15
4128161000,여,100,3
4128162100,남,0,262
4128162100,남,5,420
4128162100,남,10,660
4128162100,남,15,872
4128162100,남,20,1112
4128162100,남,25,1496
4128162100,남,30,1326
4128162100,남,35,898
4128162100,남,40,1000
4128162100,남,45,1130
4128162100,남,50,1714
4128162100,남,55,1700
4128162100,남,60,1671
4128162100,남,65,1111
4128162100,남,70,586
4128162100,남,75,452
4128162100,남,80,452
4128162100,남,85,251
4128162100,남,90,76
4128162100,남,95,9
4128162100,남,100,1
4128162100,여,0,253
4128162100,여,5,387
4128162100,여,10,674
4128162100,여,15,814
4128162100,여,20,1116
4128162100,여,25,1442
4128162100,여,30,1214
4128162100,여,35,852
4128162100,여,40,1003
4128162100,여,45,1357
4128162100,여,50,1883
4128162100,여,55,1837
4128162100,여,60,1617
4128162100,여,65,1095
4128162100,여,70,724
4128162100,여,75,763
4128162100,여,80,687
4128162100,여,85,438
4128162100,여,90,144
4128162100,여,95,32
4128162100,여,100,9
4128162200,남,0,351
4128162200,남,5,545
4128162200,남,10,766
4128162200,남,15,841
4128162200,남,20,941
4128162200,남,25,1052
4128162200,남,30,1126
4128162200,남,35,1015
4128162200,남,40,1018
4128162200,남,45,1212
4128162200,남,50,1575
4128162200,남,55,1385
4128162200,남,60,1173
4128162200,남,65,845
4128162200,남,70,411
4128162200,남,75,298
4128162200,남,80,291
4128162200,남,85,162
4128162200,남,90,50
4128162200,남,95,11
4128162200,남,100,0
4128162200,여,0,372
4128162200,여,5,534
4128162200,여,10,735
4128162200,여,15,778
4128162200,여,20,931
4128162200,여,25,1004
4128162200,여,30,1178
4128162200,여,35,953
4128162200,여,40,1162
4128162200,여,45,1476
4128162200,여,50,1689
4128162200,여,55,1486
4128162200,여,60,1155
4128162200,여,65,789
4128162200,여,70,502
4128162200,여,75,529
4128162200,여,80,493
4128162200,여,85,337
4128162200,여,90,129
4128162200,여,95,19
4128162200,여,100,1
4128163000,남,0,89
4128163000,남,5,118
4128163000,남,10,173
4128163000,남,15,215
4128163000,남,20,375
4128163000,남,25,635
4128163000,남,30,620
4128163000,남,35,427
4128163000,남,40,456
4128163000,남,45,520
4128163000,남,50,746
4128163000,남,55,904
4128163000,남,60,895
4128163000,남,65,670
4128163000,남,70,345
4128163000,남,75,276
4128163000,남,80,156
4128163000,남,85,76
4128163000,남,90,22
4128163000,남,95,2
4128163000,남,100,0
4128163000,여,0,88
4128163000,여,5,97
4128163000,여,10,160
4128163000,여,15,206
4128163000,여,20,346
4128163000,여,25,470
4128163000,여,30,459
4128163000,여,35,296
4128163000,여,40,376
4128163000,여,45,374
4128163000,여,50,646
4128163000,여,55,694
4128163000,여,60,761
4128163000,여,65,581
4128163000,여,70,389
4128163000,여,75,315
4128163000,여,80,272
4128163000,여,85,197
4128163000,여,90,73
4128163000,여,95,21
4128163000,여,100,2
4128164000,남,0,261
4128164000,남,5,261
4128164000,남,10,365
4128164000,남,15,468
4128164000,남,20,591
4128164000,남,25,667
4128164000,남,30,768
4128164000,남,35,614
4128164000,남,40,649
4128164000,남,45,699
4128164000,남,50,945
4128164000,남,55,932
4128164000,남,60,993
4128164000,남,65,731
4128164000,남,70,359
4128164000,남,75,243
4128164000,남,80,185
4128164000,남,85,99
4128164000,남,90,25
4128164000,남,95,6
4128164000,남,100,1
4128164000,여,0,220
4128164000,여,5,227
4128164000,여,10,374
4128164000,여,15,455
4128164000,여,20,560
4128164000,여,25,658
4128164000,여,30,700
4128164000,여,35,571
4128164000,여,40,634
4128164000,여,45,775
4128164000,여,50,1035
4128164000,여,55,1066
4128164000,여,60,1032
4128164000,여,65,709
4128164000,여,70,433
4128164000,여,75,377
4128164000,여,80,337
4128164000,여,85,212
4128164000,여,90,80
4128164000,여,95,21
4128164000,여,100,1
4128165000,남,0,387
4128165000,남,5,449
4128165000,남,10,528
4128165000,남,15,549
4128165000,남,20,968
4128165000,남,25,1141
4128165000,남,30,1379
4128165000,남,35,1092
4128165000,남,40,1094
4128165000,남,45,925
4128165000,남,50,1318
4128165000,남,55,1329
4128165000,남,60,1312
4128165000,남,65,886
4128165000,남,70,456
4128165000,남,75,352
4128165000,남,80,267
4128165000,남,85,140
4128165000,남,90,42
4128165000,남,95,7
4128165000,남,100,2
4128165000,여,0,407
4128165000,여,5,415
4128165000,여,10,534
4128165000,여,15,600
4128165000,여,20,846
4128165000,여,25,1091
4128165000,여,30,1315
4128165000,여,35,1079
4128165000,여,40,1042
4128165000,여,45,1028
4128165000,여,50,1501
4128165000,여,55,1465
4128165000,여,60,1325
4128165000,여,65,838
4128165000,여,70,503
4128165000,여,75,518
4128165000,여,80,491
4128165000,여,85,305
4128165000,여,90,123
4128165000,여,95,31
4128165000,여,100,2
4128165500,남,0,211
4128165500,남,5,328
4128165500,남,10,455
4128165500,남,15,572
4128165500,남,20,712
4128165500,남,25,868
4128165500,남,30,755
4128165500,남,35,582
4128165500,남,40,645
4128165500,남,45,692
4128165500,남,50,1055
4128165500,남,55,1106
4128165500,남,60,1110
4128165500,남,65,611
4128165500,남,70,343
4128165500,남,75,246
4128165500,남,80,217
4128165500,남,85,124
4128165500,남,90,29
4128165500,남,95,11
4128165500,남,100,1
4128165500,여,0,259
4128165500,여,5,264
4128165500,여,10,449
4128165500,여,15,546
4128165500,여,20,714
4128165500,여,25,824
4128165500,여,30,856
4128165500,여,35,609
4128165500,여,40,695
4128165500,여,45,845
4128165500,여,50,1359
4128165500,여,55,1377
4128165500,여,60,1009
4128165500,여,65,644
4128165500,여,70,425
4128165500,여,75,361
4128165500,여,80,368
4128165500,여,85,254
4128165500,여,90,87
4128165500,여,95,21
4128165500,여,100,2
4128165600,남,0,131
4128165600,남,5,215
4128165600,남,10,407
4128165600,남,15,503
4128165600,남,20,673
4128165600,남,25,749
4128165600,남,30,687
4128165600,남,35,476
4128165600,남,40,590
4128165600,남,45,718
4128165600,남,50,1123
4128165600,남,55,1053
4128165600,남,60,954
4128165600,남,65,727
4128165600,남,70,350
4128165600,남,75,230
4128165600,남,80,166
4128165600,남,85,89
4128165600,남,90,26
4128165600,남,95,5
4128165600,남,100,2
4128165600,여,0,97
4128165600,여,5,195
4128165600,여,10,382
4128165600,여,15,490
4128165600,여,20,554
4128165600,여,25,584
4128165600,여,30,535
4128165600,여,35,395
4128165600,여,40,527
4128165600,여,45,740
4128165600,여,50,1030
4128165600,여,55,994
4128165600,여,60,958
4128165600,여,65,720
4128165600,여,70,438
4128165600,여,75,363
4128165600,여,80,346
4128165600,여,85,226
4128165600,여,90,83
4128165600,여,95,27
4128165600,여,100,1
4128166000,남,0,749
4128166000,남,5,1043
4128166000,남,10,735
4128166000,남,15,412
4128166000,남,20,520
4128166000,남,25,743
4128166000,남,30,1058
4128166000,남,35,1330
4128166000,남,40,1866
4128166000,남,45,1215
4128166000,남,50,1040
4128166000,남,55,851
4128166000,남,60,781
4128166000,남,65,671
4128166000,남,70,402
4128166000,남,75,261
4128166000,남,80,145
4128166000,남,85,80
4128166000,남,90,12
4128166000,남,95,6
4128166000,남,100,1
4128166000,여,0,652
4128166000,여,5,1000
4128166000,여,10,662
4128166000,여,15,478
4128166000,여,20,510
4128166000,여,25,727
4128166000,여,30,1168
4128166000,여,35,1496
4128166000,여,40,1717
4128166000,여,45,1022
4128166000,여,50,1023
4128166000,여,55,874
4128166000,여,60,804
4128166000,여,65,717
4128166000,여,70,397
4128166000,여,75,302
4128166000,여,80,253
4128166000,여,85,142
4128166000,여,90,66
4128166000,여,95,18
4128166000,여,100,2
4128167000,남,0,549
4128167000,남,5,741
4128167000,남,10,456
4128167000,남,15,324
4128167000,남,20,490
4128167000,남,25,416
4128167000,남,30,548
4128167000,남,35,992
4128167000,남,40,1057
4128167000,남,45,702
4128167000,남,50,670
4128167000,남,55,452
4128167000,남,60,419
4128167000,남,65,299
4128167000,남,70,140
4128167000,남,75,101
4128167000,남,80,59
4128167000,남,85,31
4128167000,남,90,10
4128167000,남,95,1
4128167000,남,100,0
4128167000,여,0,529
4128167000,여,5,703
4128167000,여,10,472
4128167000,여,15,313
4128167000,여,20,427
4128167000,여,25,398
4128167000,여,30,712
4128167000,여,35,1041
4128167000,여,40,950
4128167000,여,45,607
4128167000,여,50,561
4128167000,여,55,426
4128167000,여,60,364
4128167000,여,65,263
4128167000,여,70,143
4128167000,여,75,127
4128167000,여,80,85
4128167000,여,85,66
4128167000,여,90,22
4128167000,여,95,5
4128167000,여,100,0
4128551000,남,0,610
4128551000,남,5,1214
4128551000,남,10,1435
4128551000,남,15,1310
4128551000,남,20,1262
4128551000,남,25,1225
4128551000,남,30,972
4128551000,남,35,1042
4128551000,남,40,1689
4128551000,남,45,1809
4128551000,남,50,2132
4128551000,남,55,1687
4128551000,남,60,1353
4128551000,남,65,970
4128551000,남,70,435
4128551000,남,75,301
4128551000,남,80,191
4128551000,남,85,121
4128551000,남,90,33
4128551000,남,95,7
4128551000,남,100,2
4128551000,여,0,607
4128551000,여,5,1113
4128551000,여,10,1384
4128551000,여,15,1203
4128551000,여,20,1287
4128551000,여,25,1269
4128551000,여,30,1047
4128551000,여,35,1323
4128551000,여,40,1948
4128551000,여,45,2046
4128551000,여,50,2187
4128551000,여,55,1739
4128551000,여,60,1347
4128551000,여,65,868
4128551000,여,70,454
4128551000,여,75,424
4128551000,여,80,358
4128551000,여,85,206
4128551000,여,90,86
4128551000,여,95,26
4128551000,여,100,4
4128552500,남,0,161
4128552500,남,5,228
4128552500,남,10,371
4128552500,남,15,435
4128552500,남,20,617
4128552500,남,25,821
4128552500,남,30,693
4128552500,남,35,507
4128552500,남,40,543
4128552500,남,45,622
4128552500,남,50,878
4128552500,남,55,1010
4128552500,남,60,1122
4128552500,남,65,806
4128552500,남,70,418
4128552500,남,75,279
4128552500,남,80,220
4128552500,남,85,149
4128552500,남,90,51
4128552500,남,95,10
4128552500,남,100,1
4128552500,여,0,143
4128552500,여,5,273
4128552500,여,10,330
4128552500,여,15,408
4128552500,여,20,537
4128552500,여,25,705
4128552500,여,30,649
4128552500,여,35,468
4128552500,여,40,548
4128552500,여,45,643
4128552500,여,50,1059
4128552500,여,55,1202
4128552500,여,60,1159
4128552500,여,65,783
4128552500,여,70,435
4128552500,여,75,419
4128552500,여,80,386
4128552500,여,85,306
4128552500,여,90,129
4128552500,여,95,32
4128552500,여,100,3
4128552600,남,0,302
4128552600,남,5,546
4128552600,남,10,553
4128552600,남,15,611
4128552600,남,20,690
4128552600,남,25,767
4128552600,남,30,651
4128552600,남,35,640
4128552600,남,40,913
4128552600,남,45,851
4128552600,남,50,1133
4128552600,남,55,989
4128552600,남,60,961
4128552600,남,65,672
4128552600,남,70,416
4128552600,남,75,262
4128552600,남,80,187
4128552600,남,85,100
4128552600,남,90,27
4128552600,남,95,5
4128552600,남,100,0
4128552600,여,0,306
4128552600,여,5,471
4128552600,여,10,579
4128552600,여,15,591
4128552600,여,20,616
4128552600,여,25,665
4128552600,여,30,647
4128552600,여,35,678
4128552600,여,40,925
4128552600,여,45,951
4128552600,여,50,1298
4128552600,여,55,1209
4128552600,여,60,1031
4128552600,여,65,799
4128552600,여,70,444
4128552600,여,75,367
4128552600,여,80,321
4128552600,여,85,214
4128552600,여,90,103
4128552600,여,95,22
4128552600,여,100,2
4128553000,남,0,162
4128553000,남,5,261
4128553000,남,10,421
4128553000,남,15,502
4128553000,남,20,607
4128553000,남,25,942
4128553000,남,30,831
4128553000,남,35,610
4128553000,남,40,654
4128553000,남,45,687
4128553000,남,50,1006
4128553000,남,55,931
4128553000,남,60,976
4128553000,남,65,733
4128553000,남,70,433
4128553000,남,75,286
4128553000,남,80,219
4128553000,남,85,132
4128553000,남,90,27
4128553000,남,95,4
4128553000,남,100,2
4128553000,여,0,159
4128553000,여,5,253
4128553000,여,10,381
4128553000,여,15,484
4128553000,여,20,610
4128553000,여,25,854
4128553000,여,30,778
4128553000,여,35,575
4128553000,여,40,690
4128553000,여,45,783
4128553000,여,50,1151
4128553000,여,55,1153
4128553000,여,60,1017
4128553000,여,65,759
4128553000,여,70,487
4128553000,여,75,387
4128553000,여,80,329
4128553000,여,85,218
4128553000,여,90,83
4128553000,여,95,19
4128553000,여,100,7
4128554000,남,0,411
4128554000,남,5,740
4128554000,남,10,1002
4128554000,남,15,1051
4128554000,남,20,1168
4128554000,남,25,1209
4128554000,남,30,1046
4128554000,남,35,937
4128554000,남,40,1219
4128554000,남,45,1361
4128554000,남,50,1764
4128554000,남,55,1587
4128554000,남,60,1511
4128554000,남,65,1140
4128554000,남,70,584
4128554000,남,75,395
4128554000,남,80,321
4128554000,남,85,159
4128554000,남,90,58
4128554000,남,95,5
4128554000,남,100,2
4128554000,여,0,404
4128554000,여,5,720
4128554000,여,10,943
4128554000,여,15,950
4128554000,여,20,1109
4128554000,여,25,1122
4128554000,여,30,1163
4128554000,여,35,968
4128554000,여,40,1383
4128554000,여,45,1613
4128554000,여,50,2002
4128554000,여,55,1732
4128554000,여,60,1641
4128554000,여,65,1185
4128554000,여,70,668
4128554000,여,75,600
4128554000,여,80,508
4128554000,여,85,325
4128554000,여,90,128
4128554000,여,95,37
4128554000,여,100,4
4128555100,남,0,372
4128555100,남,5,417
4128555100,남,10,541
4128555100,남,15,657
4128555100,남,20,813
4128555100,남,25,1069
4128555100,남,30,1109
4128555100,남,35,990
4128555100,남,40,1014
4128555100,남,45,992
4128555100,남,50,1323
4128555100,남,55,1213
4128555100,남,60,1193
4128555100,남,65,852
4128555100,남,70,425
4128555100,남,75,279
4128555100,남,80,218
4128555100,남,85,125
4128555100,남,90,38
4128555100,남,95,4
4128555100,남,100,0
4128555100,여,0,356
4128555100,여,5,408
4128555100,여,10,528
4128555100,여,15,607
4128555100,여,20,903
4128555100,여,25,1145
4128555100,여,30,1117
4128555100,여,35,957
4128555100,여,40,1023
4128555100,여,45,1138
4128555100,여,50,1584
4128555100,여,55,1439
4128555100,여,60,1275
4128555100,여,65,857
4128555100,여,70,506
4128555100,여,75,427
4128555100,여,80,379
4128555100,여,85,221
4128555100,여,90,93
4128555100,여,95,18
4128555100,여,100,1
4128555200,남,0,150
4128555200,남,5,157
4128555200,남,10,232
4128555200,남,15,310
4128555200,남,20,482
4128555200,남,25,793
4128555200,남,30,907
4128555200,남,35,725
4128555200,남,40,693
4128555200,남,45,751
4128555200,남,50,1045
4128555200,남,55,970
4128555200,남,60,866
4128555200,남,65,634
4128555200,남,70,341
4128555200,남,75,229
4128555200,남,80,172
4128555200,남,85,84
4128555200,남,90,12
4128555200,남,95,6
4128555200,남,100,2
4128555200,여,0,146
4128555200,여,5,170
4128555200,여,10,222
4128555200,여,15,298
4128555200,여,20,618
4128555200,여,25,1061
4128555200,여,30,991
4128555200,여,35,686
4128555200,여,40,733
4128555200,여,45,804
4128555200,여,50,1093
4128555200,여,55,911
4128555200,여,60,818
4128555200,여,65,604
4128555200,여,70,370
4128555200,여,75,335
4128555200,여,80,328
4128555200,여,85,218
4128555200,여,90,84
4128555200,여,95,24
4128555200,여,100,2
4128556000,남,0,163
4128556000,남,5,383
4128556000,남,10,698
4128556000,남,15,778
4128556000,남,20,764
4128556000,남,25,806
4128556000,남,30,651
4128556000,남,35,474
4128556000,남,40,609
4128556000,남,45,823
4128556000,남,50,1209
4128556000,남,55,983
4128556000,남,60,1012
4128556000,남,65,693
4128556000,남,70,333
4128556000,남,75,228
4128556000,남,80,196
4128556000,남,85,94
4128556000,남,90,33
4128556000,남,95,8
4128556000,남,100,0
4128556000,여,0,161
4128556000,여,5,375
4128556000,여,10,633
4128556000,여,15,783
4128556000,여,20,754
4128556000,여,25,839
4128556000,여,30,688
4128556000,여,35,513
4128556000,여,40,779
4128556000,여,45,1041
4128556000,여,50,1298
4128556000,여,55,1125
4128556000,여,60,972
4128556000,여,65,642
4128556000,여,70,372
4128556000,여,75,321
4128556000,여,80,292
4128556000,여,85,207
4128556000,여,90,88
4128556000,여,95,23
4128556000,여,100,1
4128557000,남,0,106
4128557000,남,5,322
4128557000,남,10,560
4128557000,남,15,503
4128557000,남,20,447
4128557000,남,25,438
4128557000,남,30,337
4128557000,남,35,279
4128557000,남,40,504
4128557000,남,45,648
4128557000,남,50,738
4128557000,남,55,670
4128557000,남,60,607
4128557000,남,65,415
4128557000,남,70,192
4128557000,남,75,146
4128557000,남,80,146
4128557000,남,85,97
4128557000,남,90,54
4128557000,남,95,7
4128557000,남,100,2
4128557000,여,0,108
4128557000,여,5,313
4128557000,여,10,557
4128557000,여,15,473
4128557000,여,20,449
4128557000,여,25,475
4128557000,여,30,382
4128557000,여,35,390
4128557000,여,40,696
4128557000,여,45,738
4128557000,여,50,830
4128557000,여,55,742
4128557000,여,60,626
4128557000,여,65,407
4128557000,여,70,232
4128557000,여,75,220
4128557000,여,80,240
4128557000,여,85,242
4128557000,여,90,85
4128557000,여,95,18
4128557000,여,100,0
4128558000,남,0,647
4128558000,남,5,563
4128558000,남,10,333
4128558000,남,15,219
4128558000,남,20,249
4128558000,남,25,398
4128558000,남,30,868
4128558000,남,35,1078
4128558000,남,40,934
4128558000,남,45,558
4128558000,남,50,509
4128558000,남,55,468
4128558000,남,60,412
4128558000,남,65,326
4128558000,남,70,169
4128558000,남,75,106
4128558000,남,80,55
4128558000,남,85,29
4128558000,남,90,5
4128558000,남,95,1
4128558000,남,100,0
4128558000,여,0,619
4128558000,여,5,533
4128558000,여,10,322
4128558000,여,15,199
4128558000,여,20,259
4128558000,여,25,516
4128558000,여,30,1091
4128558000,여,35,1081
4128558000,여,40,825
4128558000,여,45,496
4128558000,여,50,493
4128558000,여,55,432
4128558000,여,60,385
4128558000,여,65,271
4128558000,여,70,151
4128558000,여,75,98
4128558000,여,80,85
4128558000,여,85,44
4128558000,여,90,14
4128558000,여,95,9
4128558000,여,100,1
4128559000,남,0,170
4128559000,남,5,209
4128559000,남,10,289
4128559000,남,15,344
4128559000,남,20,653
4128559000,남,25,1274
4128559000,남,30,1462
4128559000,남,35,1048
4128559000,남,40,1108
4128559000,남,45,1028
4128559000,남,50,1364
4128559000,남,55,1197
4128559000,남,60,1062
4128559000,남,65,719
4128559000,남,70,356
4128559000,남,75,252
4128559000,남,80,229
4128559000,남,85,154
4128559000,남,90,56
4128559000,남,95,13
4128559000,남,100,2
4128559000,여,0,164
4128559000,여,5,175
4128559000,여,10,305
4128559000,여,15,381
4128559000,여,20,913
4128559000,여,25,1522
4128559000,여,30,1389
4128559000,여,35,900
4128559000,여,40,997
4128559000,여,45,1100
4128559000,여,50,1389
4128559000,여,55,1243
4128559000,여,60,967
4128559000,여,65,607
4128559000,여,70,396
4128559000,여,75,387
4128559000,여,80,360
4128559000,여,85,252
4128559000,여,90,109
4128559000,여,95,19
4128559000,여,100,2
4128560000,남,0,238
4128560000,남,5,295
4128560000,남,10,306
4128560000,남,15,368
4128560000,남,20,509
4128560000,남,25,808
4128560000,남,30,769
4128560000,남,35,655
4128560000,남,40,823
4128560000,남,45,776
4128560000,남,50,1111
4128560000,남,55,1154
4128560000,남,60,1241
4128560000,남,65,989
4128560000,남,70,544
4128560000,남,75,349
4128560000,남,80,261
4128560000,남,85,137
4128560000,남,90,49
4128560000,남,95,2
4128560000,남,100,3
4128560000,여,0,232
4128560000,여,5,279
4128560000,여,10,295
4128560000,여,15,290
4128560000,여,20,400
4128560000,여,25,531
4128560000,여,30,596
4128560000,여,35,546
4128560000,여,40,641
4128560000,여,45,635
4128560000,여,50,949
4128560000,여,55,1106
4128560000,여,60,1145
4128560000,여,65,874
4128560000,여,70,497
4128560000,여,75,377
4128560000,여,80,395
4128560000,여,85,303
4128560000,여,90,138
4128560000,여,95,48
4128560000,여,100,4
4128751000,남,0,253
4128751000,남,5,394
4128751000,남,10,514
4128751000,남,15,604
4128751000,남,20,752
4128751000,남,25,925
4128751000,남,30,833
4128751000,남,35,686
4128751000,남,40,806
4128751000,남,45,845
4128751000,남,50,1142
4128751000,남,55,1140
4128751000,남,60,1109
4128751000,남,65,854
4128751000,남,70,460
4128751000,남,75,350
4128751000,남,80,281
4128751000,남,85,165
4128751000,남,90,40
4128751000,남,95,8
4128751000,남,100,1
4128751000,여,0,251
4128751000,여,5,402
4128751000,여,10,500
4128751000,여,15,581
4128751000,여,20,719
4128751000,여,25,876
4128751000,여,30,790
4128751000,여,35,644
4128751000,여,40,857
4128751000,여,45,911
4128751000,여,50,1393
4128751000,여,55,1298
4128751000,여,60,1183
4128751000,여,65,873
4128751000,여,70,552
4128751000,여,75,496
4128751000,여,80,493
4128751000,여,85,238
4128751000,여,90,89
4128751000,여,95,21
4128751000,여,100,3
4128752000,남,0,181
4128752000,남,5,249
4128752000,남,10,270
4128752000,남,15,383
4128752000,남,20,561
4128752000,남,25,671
4128752000,남,30,663
4128752000,남,35,527
4128752000,남,40,553
4128752000,남,45,564
4128752000,남,50,866
4128752000,남,55,1065
4128752000,남,60,1117
4128752000,남,65,779
4128752000,남,70,345
4128752000,남,75,275
4128752000,남,80,186
4128752000,남,85,108
4128752000,남,90,29
4128752000,남,95,1
4128752000,남,100,0
4128752000,여,0,202
4128752000,여,5,243
4128752000,여,10,254
4128752000,여,15,349
4128752000,여,20,486
4128752000,여,25,607
4128752000,여,30,602
4128752000,여,35,493
4128752000,여,40,546
4128752000,여,45,568
4128752000,여,50,958
4128752000,여,55,1094
4128752000,여,60,1060
4128752000,여,65,748
4128752000,여,70,410
4128752000,여,75,340
4128752000,여,80,311
4128752000,여,85,224
4128752000,여,90,83
4128752000,여,95,13
4128752000,여,100,1
4128753000,남,0,301
4128753000,남,5,806
4128753000,남,10,1288
4128753000,남,15,1266
4128753000,남,20,1092
4128753000,남,25,906
4128753000,남,30,898
4128753000,남,35,754
4128753000,남,40,1167
4128753000,남,45,1484
4128753000,남,50,1758
4128753000,남,55,1292
4128753000,남,60,1207
4128753000,남,65,905
4128753000,남,70,373
4128753000,남,75,268
4128753000,남,80,190
4128753000,남,85,127
4128753000,남,90,47
4128753000,남,95,5
4128753000,남,100,0
4128753000,여,0,271
4128753000,여,5,751
4128753000,여,10,1210
4128753000,여,15,1266
4128753000,여,20,982
4128753000,여,25,877
4128753000,여,30,886
4128753000,여,35,878
4128753000,여,40,1570
4128753000,여,45,1774
4128753000,여,50,1866
4128753000,여,55,1516
4128753000,여,60,1208
4128753000,여,65,816
4128753000,여,70,430
4128753000,여,75,380
4128753000,여,80,324
4128753000,여,85,246
4128753000,여,90,96
4128753000,여,95,36
4128753000,여,100,2
4128754500,남,0,418
4128754500,남,5,556
4128754500,남,10,654
4128754500,남,15,743
4128754500,남,20,988
4128754500,남,25,1168
4128754500,남,30,1056
4128754500,남,35,918
4128754500,남,40,1037
4128754500,남,45,1081
4128754500,남,50,1542
4128754500,남,55,1497
4128754500,남,60,1266
4128754500,남,65,763
4128754500,남,70,336
4128754500,남,75,247
4128754500,남,80,227
4128754500,남,85,133
4128754500,남,90,37
4128754500,남,95,7
4128754500,남,100,3
4128754500,여,0,371
4128754500,여,5,521
4128754500,여,10,605
4128754500,여,15,723
4128754500,여,20,1010
4128754500,여,25,1124
4128754500,여,30,958
4128754500,여,35,814
4128754500,여,40,1087
4128754500,여,45,1199
4128754500,여,50,1731
4128754500,여,55,1564
4128754500,여,60,1176
4128754500,여,65,695
4128754500,여,70,387
4128754500,여,75,399
4128754500,여,80,411
4128754500,여,85,279
4128754500,여,90,114
4128754500,여,95,22
4128754500,여,100,3
4128754600,남,0,288
4128754600,남,5,461
4128754600,남,10,592
4128754600,남,15,556
4128754600,남,20,511
4128754600,남,25,529
4128754600,남,30,552
4128754600,남,35,558
4128754600,남,40,830
4128754600,남,45,719
4128754600,남,50,915
4128754600,남,55,727
4128754600,남,60,696
4128754600,남,65,449
4128754600,남,70,251
4128754600,남,75,206
4128754600,남,80,157
4128754600,남,85,88
4128754600,남,90,27
4128754600,남,95,1
4128754600,남,100,0
4128754600,여,0,252
4128754600,여,5,462
4128754600,여,10,556
4128754600,여,15,492
4128754600,여,20,519
4128754600,여,25,565
4128754600,여,30,559
4128754600,여,35,589
4128754600,여,40,887
4128754600,여,45,813
4128754600,여,50,986
4128754600,여,55,899
4128754600,여,60,705
4128754600,여,65,513
4128754600,여,70,322
4128754600,여,75,291
4128754600,여,80,258
4128754600,여,85,152
4128754600,여,90,50
4128754600,여,95,11
4128754600,여,100,1
4128755000,남,0,241
4128755000,남,5,399
4128755000,남,10,649
4128755000,남,15,774
4128755000,남,20,830
4128755000,남,25,826
4128755000,남,30,830
4128755000,남,35,671
4128755000,남,40,829
4128755000,남,45,900
4128755000,남,50,1207
4128755000,남,55,1126
4128755000,남,60,949
4128755000,남,65,809
4128755000,남,70,431
4128755000,남,75,341
4128755000,남,80,301
4128755000,남,85,212
4128755000,남,90,59
4128755000,남,95,19
4128755000,남,100,0
4128755000,여,0,243
4128755000,여,5,378
4128755000,여,10,593
4128755000,여,15,707
4128755000,여,20,787
4128755000,여,25,844
4128755000,여,30,819
4128755000,여,35,758
4128755000,여,40,959
4128755000,여,45,1116
4128755000,여,50,1512
4128755000,여,55,1208
4128755000,여,60,1131
4128755000,여,65,838
4128755000,여,70,503
4128755000,여,75,528
4128755000,여,80,546
4128755000,여,85,394
4128755000,여,90,147
4128755000,여,95,30
4128755000,여,100,3
4128756000,남,0,252
4128756000,남,5,500
4128756000,남,10,702
4128756000,남,15,693
4128756000,남,20,733
4128756000,남,25,756
4128756000,남,30,806
4128756000,남,35,721
4128756000,남,40,845
4128756000,남,45,927
4128756000,남,50,1211
4128756000,남,55,1145
4128756000,남,60,1094
4128756000,남,65,825
4128756000,남,70,413
4128756000,남,75,339
4128756000,남,80,334
4128756000,남,85,218
4128756000,남,90,71
4128756000,남,95,18
4128756000,남,100,1
4128756000,여,0,269
4128756000,여,5,480
4128756000,여,10,681
4128756000,여,15,722
4128756000,여,20,758
4128756000,여,25,773
4128756000,여,30,804
4128756000,여,35,744
4128756000,여,40,1017
4128756000,여,45,1154
4128756000,여,50,1423
4128756000,여,55,1271
4128756000,여,60,1194
4128756000,여,65,865
4128756000,여,70,573
4128756000,여,75,552
4128756000,여,80,583
4128756000,여,85,441
4128756000,여,90,159
4128756000,여,95,26
4128756000,여,100,6
4128757000,남,0,363
4128757000,남,5,485
4128757000,남,10,633
4128757000,남,15,700
4128757000,남,20,1073
4128757000,남,25,1531
4128757000,남,30,1433
4128757000,남,35,1154
4128757000,남,40,1217
4128757000,남,45,1106
4128757000,남,50,1613
4128757000,남,55,1485
4128757000,남,60,1446
4128757000,남,65,1033
4128757000,남,70,527
4128757000,남,75,413
4128757000,남,80,256
4128757000,남,85,145
4128757000,남,90,41
4128757000,남,95,9
4128757000,남,100,2
4128757000,여,0,390
4128757000,여,5,470
4128757000,여,10,609
4128757000,여,15,662
4128757000,여,20,979
4128757000,여,25,1549
4128757000,여,30,1394
4128757000,여,35,1083
4128757000,여,40,1192
4128757000,여,45,1209
4128757000,여,50,1868
4128757000,여,55,1647
4128757000,여,60,1464
4128757000,여,65,1064
4128757000,여,70,573
4128757000,여,75,533
4128757000,여,80,438
4128757000,여,85,316
4128757000,여,90,98
4128757000,여,95,26
4128757000,여,100,3
4128758000,남,0,272
4128758000,남,5,336
4128758000,남,10,436
4128758000,남,15,566
4128758000,남,20,654
4128758000,남,25,689
4128758000,남,30,676
4128758000,남,35,629
4128758000,남,40,695
4128758000,남,45,729
4128758000,남,50,988
4128758000,남,55,974
4128758000,남,60,852
4128758000,남,65,632
4128758000,남,70,328
4128758000,남,75,241
4128758000,남,80,193
4128758000,남,85,104
4128758000,남,90,30
4128758000,남,95,5
4128758000,남,100,2
4128758000,여,0,289
4128758000,여,5,330
4128758000,여,10,420
4128758000,여,15,518
4128758000,여,20,604
4128758000,여,25,591
4128758000,여,30,654
4128758000,여,35,660
4128758000,여,40,757
4128758000,여,45,881
4128758000,여,50,1106
4128758000,여,55,1045
4128758000,여,60,825
4128758000,여,65,599
4128758000,여,70,352
4128758000,여,75,282
4128758000,여,80,239
4128758000,여,85,163
4128758000,여,90,55
4128758000,여,95,21
4128758000,여,100,5
4128760000,남,0,352
4128760000,남,5,718
4128760000,남,10,921
4128760000,남,15,919
4128760000,남,20,840
4128760000,남,25,937
4128760000,남,30,806
4128760000,남,35,710
4128760000,남,40,1132
4128760000,남,45,1295
4128760000,남,50,1642
4128760000,남,55,1410
4128760000,남,60,1234
4128760000,남,65,898
4128760000,남,70,432
4128760000,남,75,319
4128760000,남,80,223
4128760000,남,85,108
4128760000,남,90,29
4128760000,남,95,3
4128760000,남,100,1
4128760000,여,0,293
4128760000,여,5,699
4128760000,여,10,940
4128760000,여,15,910
4128760000,여,20,894
4128760000,여,25,859
4128760000,여,30,730
4128760000,여,35,814
4128760000,여,40,1271
4128760000,여,45,1360
4128760000,여,50,1714
4128760000,여,55,1434
4128760000,여,60,1185
4128760000,여,65,877
4128760000,여,70,478
4128760000,여,75,372
4128760000,여,80,327
4128760000,여,85,206
4128760000,여,90,83
4128760000,여,95,20
4128760000,여,100,6
4128761000,남,0,148
4128761000,남,5,285
4128761000,남,10,500
4128761000,남,15,606
4128761000,남,20,715
4128761000,남,25,564
4128761000,남,30,440
4128761000,남,35,338
4128761000,남,40,590
4128761000,남,45,706
4128761000,남,50,1105
4128761000,남,55,1014
4128761000,남,60,775
4128761000,남,65,568
4128761000,남,70,292
4128761000,남,75,249
4128761000,남,80,177
4128761000,남,85,81
4128761000,남,90,24
4128761000,남,95,6
4128761000,남,100,1
4128761000,여,0,161
4128761000,여,5,312
4128761000,여,10,506
4128761000,여,15,594
4128761000,여,20,613
4128761000,여,25,478
4128761000,여,30,409
4128761000,여,35,374
4128761000,여,40,655
4128761000,여,45,824
4128761000,여,50,1173
4128761000,여,55,902
4128761000,여,60,747
4128761000,여,65,505
4128761000,여,70,349
4128761000,여,75,313
4128761000,여,80,275
4128761000,여,85,152
4128761000,여,90,56
4128761000,여,95,10
4128761000,여,100,1
4129051000,남,0,193
4129051000,남,5,239
4129051000,남,10,255
4129051000,남,15,229
4129051000,남,20,298
4129051000,남,25,378
4129051000,남,30,408
4129051000,남,35,365
4129051000,남,40,389
4129051000,남,45,315
4129051000,남,50,390
4129051000,남,55,437
4129051000,남,60,486
4129051000,남,65,439
4129051000,남,70,244
4129051000,남,75,148
4129051000,남,80,98
4129051000,남,85,72
4129051000,남,90,22
4129051000,남,95,1
4129051000,남,100,2
4129051000,여,0,159
4129051000,여,5,232
4129051000,여,10,212
4129051000,여,15,254
4129051000,여,20,286
4129051000,여,25,359
4129051000,여,30,392
4129051000,여,35,393
4129051000,여,40,438
4129051000,여,45,363
4129051000,여,50,498
4129051000,여,55,551
4129051000,여,60,543
4129051000,여,65,412
4129051000,여,70,241
4129051000,여,75,154
4129051000,여,80,135
4129051000,여,85,113
4129051000,여,90,47
4129051000,여,95,24
4129051000,여,100,1
4129051500,남,0,314
4129051500,남,5,571
4129051500,남,10,619
4129051500,남,15,397
4129051500,남,20,387
4129051500,남,25,431
4129051500,남,30,392
4129051500,남,35,501
4129051500,남,40,749
4129051500,남,45,678
4129051500,남,50,706
4129051500,남,55,558
4129051500,남,60,555
4129051500,남,65,370
4129051500,남,70,216
4129051500,남,75,124
4129051500,남,80,112
4129051500,남,85,57
4129051500,남,90,18
4129051500,남,95,3
4129051500,남,100,0
4129051500,여,0,336
4129051500,여,5,518
4129051500,여,10,572
4129051500,여,15,386
4129051500,여,20,400
4129051500,여,25,436
4129051500,여,30,477
4129051500,여,35,635
4129051500,여,40,861
4129051500,여,45,670
4129051500,여,50,691
4129051500,여,55,636
4129051500,여,60,550
4129051500,여,65,390
4129051500,여,70,233
4129051500,여,75,182
4129051500,여,80,183
4129051500,여,85,90
4129051500,여,90,41
4129051500,여,95,13
4129051500,여,100,1
4129052000,남,0,809
4129052000,남,5,819
4129052000,남,10,422
4129052000,남,15,354
4129052000,남,20,400
4129052000,남,25,339
4129052000,남,30,635
4129052000,남,35,1032
4129052000,남,40,896
4129052000,남,45,543
4129052000,남,50,554
4129052000,남,55,421
4129052000,남,60,288
4129052000,남,65,191
4129052000,남,70,103
4129052000,남,75,62
4129052000,남,80,31
4129052000,남,85,20
4129052000,남,90,7
4129052000,남,95,4
4129052000,남,100,1
4129052000,여,0,798
4129052000,여,5,846
4129052000,여,10,449
4129052000,여,15,397
4129052000,여,20,374
4129052000,여,25,413
4129052000,여,30,875
4129052000,여,35,1066
4129052000,여,40,768
4129052000,여,45,534
4129052000,여,50,560
4129052000,여,55,386
4129052000,여,60,254
4129052000,여,65,181
4129052000,여,70,119
4129052000,여,75,85
4129052000,여,80,84
4129052000,여,85,65
4129052000,여,90,25
4129052000,여,95,7
4129052000,여,100,0
4129053000,남,0,281
4129053000,남,5,362
4129053000,남,10,416
4129053000,남,15,335
4129053000,남,20,376
4129053000,남,25,482
4129053000,남,30,540
4129053000,남,35,494
4129053000,남,40,575
4129053000,남,45,529
4129053000,남,50,546
4129053000,남,55,553
4129053000,남,60,592
4129053000,남,65,438
4129053000,남,70,292
4129053000,남,75,138
4129053000,남,80,105
4129053000,남,85,55
4129053000,남,90,26
4129053000,남,95,5
4129053000,남,100,1
4129053000,여,0,236
4129053000,여,5,366
4129053000,여,10,401
4129053000,여,15,322
4129053000,여,20,394
4129053000,여,25,444
4129053000,여,30,553
4129053000,여,35,522
4129053000,여,40,697
4129053000,여,45,498
4129053000,여,50,637
4129053000,여,55,612
4129053000,여,60,614
4129053000,여,65,469
4129053000,여,70,250
4129053000,여,75,179
4129053000,여,80,163
4129053000,여,85,120
4129053000,여,90,48
4129053000,여,95,8
4129053000,여,100,0
4129054000,남,0,267
4129054000,남,5,376
4129054000,남,10,335
4129054000,남,15,294
4129054000,남,20,369
4129054000,남,25,520
4129054000,남,30,549
4129054000,남,35,542
4129054000,남,40,581
4129054000,남,45,417
4129054000,남,50,561
4129054000,남,55,575
4129054000,남,60,562
4129054000,남,65,469
4129054000,남,70,196
4129054000,남,75,163
4129054000,남,80,105
4129054000,남,85,64
4129054000,남,90,20
4129054000,남,95,1
4129054000,남,100,0
4129054000,여,0,244
4129054000,여,5,324
4129054000,여,10,303
4129054000,여,15,271
4129054000,여,20,375
4129054000,여,25,471
4129054000,여,30,567
4129054000,여,35,555
4129054000,여,40,584
4129054000,여,45,458
4129054000,여,50,583
4129054000,여,55,679
4129054000,여,60,603
4129054000,여,65,425
4129054000,여,70,240
4129054000,여,75,198
4129054000,여,80,155
4129054000,여,85,108
4129054000,여,90,47
4129054000,여,95,18
4129054000,여,100,2
4129055000,남,0,76
4129055000,남,5,104
4129055000,남,10,90
4129055000,남,15,102
4129055000,남,20,162
4129055000,남,25,226
4129055000,남,30,263
4129055000,남,35,247
4129055000,남,40,244
4129055000,남,45,206
4129055000,남,50,237
4129055000,남,55,279
4129055000,남,60,308
4129055000,남,65,264
4129055000,남,70,175
4129055000,남,75,113
4129055000,남,80,89
4129055000,남,85,33
4129055000,남,90,7
4129055000,남,95,6
4129055000,남,100,0
4129055000,여,0,87
4129055000,여,5,85
4129055000,여,10,111
4129055000,여,15,77
4129055000,여,20,124
4129055000,여,25,187
4129055000,여,30,244
4129055000,여,35,206
4129055000,여,40,210
4129055000,여,45,156
4129055000,여,50,233
4129055000,여,55,256
4129055000,여,60,335
4129055000,여,65,260
4129055000,여,70,171
4129055000,여,75,127
4129055000,여,80,75
4129055000,여,85,45
4129055000,여,90,35
4129055000,여,95,7
4129055000,여,100,1
4129056000,남,0,67
4129056000,남,5,93
4129056000,남,10,128
4129056000,남,15,165
4129056000,남,20,221
4129056000,남,25,255
4129056000,남,30,251
4129056000,남,35,185
4129056000,남,40,199
4129056000,남,45,195
4129056000,남,50,297
4129056000,남,55,308
4129056000,남,60,260
4129056000,남,65,196
4129056000,남,70,146
4129056000,남,75,115
4129056000,남,80,73
4129056000,남,85,33
4129056000,남,90,5
4129056000,남,95,1
4129056000,남,100,0
4129056000,여,0,61
4129056000,여,5,77
4129056000,여,10,112
4129056000,여,15,157
4129056000,여,20,217
4129056000,여,25,210
4129056000,여,30,182
4129056000,여,35,164
4129056000,여,40,178
4129056000,여,45,258
4129056000,여,50,353
4129056000,여,55,292
4129056000,여,60,286
4129056000,여,65,261
4129056000,여,70,174
4129056000,여,75,156
4129056000,여,80,99
4129056000,여,85,64
4129056000,여,90,27
4129056000,여,95,7
4129056000,여,100,0
4131051000,남,0,625
4131051000,남,5,1101
4131051000,남,10,1044
4131051000,남,15,511
4131051000,남,20,507
4131051000,남,25,747
4131051000,남,30,918
4131051000,남,35,1123
4131051000,남,40,1988
4131051000,남,45,1466
4131051000,남,50,1118
4131051000,남,55,896
4131051000,남,60,951
4131051000,남,65,803
4131051000,남,70,529
4131051000,남,75,312
4131051000,남,80,195
4131051000,남,85,42
4131051000,남,90,13
4131051000,남,95,4
4131051000,남,100,3
4131051000,여,0,592
4131051000,여,5,1017
4131051000,여,10,986
4131051000,여,15,530
4131051000,여,20,555
4131051000,여,25,831
4131051000,여,30,967
4131051000,여,35,1322
4131051000,여,40,1909
4131051000,여,45,1269
4131051000,여,50,1065
4131051000,여,55,1069
4131051000,여,60,1076
4131051000,여,65,908
4131051000,여,70,539
4131051000,여,75,357
4131051000,여,80,232
4131051000,여,85,120
4131051000,여,90,49
4131051000,여,95,12
4131051000,여,100,3
4131052000,남,0,382
4131052000,남,5,590
4131052000,남,10,803
4131052000,남,15,973
4131052000,남,20,1114
4131052000,남,25,1281
4131052000,남,30,1198
4131052000,남,35,1010
4131052000,남,40,1204
4131052000,남,45,1250
4131052000,남,50,1579
4131052000,남,55,1714
4131052000,남,60,1565
4131052000,남,65,1088
4131052000,남,70,628
4131052000,남,75,377
4131052000,남,80,289
4131052000,남,85,172
4131052000,남,90,41
4131052000,남,95,6
4131052000,남,100,1
4131052000,여,0,437
4131052000,여,5,535
4131052000,여,10,749
4131052000,여,15,771
4131052000,여,20,1067
4131052000,여,25,1223
4131052000,여,30,1156
4131052000,여,35,947
4131052000,여,40,1236
4131052000,여,45,1357
4131052000,여,50,1923
4131052000,여,55,1923
4131052000,여,60,1575
4131052000,여,65,1132
4131052000,여,70,635
4131052000,여,75,597
4131052000,여,80,476
4131052000,여,85,275
4131052000,여,90,102
4131052000,여,95,16
4131052000,여,100,3
4131053000,남,0,322
4131053000,남,5,416
4131053000,남,10,575
4131053000,남,15,581
4131053000,남,20,675
4131053000,남,25,864
4131053000,남,30,874
4131053000,남,35,774
4131053000,남,40,919
4131053000,남,45,878
4131053000,남,50,1026
4131053000,남,55,1097
4131053000,남,60,943
4131053000,남,65,677
4131053000,남,70,390
4131053000,남,75,294
4131053000,남,80,196
4131053000,남,85,81
4131053000,남,90,19
4131053000,남,95,8
4131053000,남,100,0
4131053000,여,0,337
4131053000,여,5,457
4131053000,여,10,485
4131053000,여,15,553
4131053000,여,20,667
4131053000,여,25,879
4131053000,여,30,813
4131053000,여,35,776
4131053000,여,40,908
4131053000,여,45,964
4131053000,여,50,1129
4131053000,여,55,1127
4131053000,여,60,1008
4131053000,여,65,691
4131053000,여,70,452
4131053000,여,75,383
4131053000,여,80,309
4131053000,여,85,158
4131053000,여,90,54
4131053000,여,95,8
4131053000,여,100,0
4131054100,남,0,91
4131054100,남,5,150
4131054100,남,10,199
4131054100,남,15,254
4131054100,남,20,331
4131054100,남,25,586
4131054100,남,30,569
4131054100,남,35,444
4131054100,남,40,548
4131054100,남,45,564
4131054100,남,50,734
4131054100,남,55,750
4131054100,남,60,849
4131054100,남,65,631
4131054100,남,70,358
4131054100,남,75,269
4131054100,남,80,185
4131054100,남,85,72
4131054100,남,90,14
4131054100,남,95,2
4131054100,남,100,0
4131054100,여,0,105
4131054100,여,5,152
4131054100,여,10,198
4131054100,여,15,243
4131054100,여,20,342
4131054100,여,25,481
4131054100,여,30,448
4131054100,여,35,360
4131054100,여,40,464
4131054100,여,45,470
4131054100,여,50,655
4131054100,여,55,698
4131054100,여,60,746
4131054100,여,65,610
4131054100,여,70,412
4131054100,여,75,308
4131054100,여,80,264
4131054100,여,85,124
4131054100,여,90,51
4131054100,여,95,10
4131054100,여,100,1
4131054200,남,0,253
4131054200,남,5,357
4131054200,남,10,555
4131054200,남,15,662
4131054200,남,20,652
4131054200,남,25,671
4131054200,남,30,586
4131054200,남,35,555
4131054200,남,40,693
4131054200,남,45,790
4131054200,남,50,964
4131054200,남,55,903
4131054200,남,60,829
4131054200,남,65,688
4131054200,남,70,378
4131054200,남,75,256
4131054200,남,80,179
4131054200,남,85,104
4131054200,남,90,18
4131054200,남,95,6
4131054200,남,100,0
4131054200,여,0,201
4131054200,여,5,361
4131054200,여,10,547
4131054200,여,15,616
4131054200,여,20,659
4131054200,여,25,625
4131054200,여,30,621
4131054200,여,35,574
4131054200,여,40,811
4131054200,여,45,891
4131054200,여,50,1125
4131054200,여,55,968
4131054200,여,60,879
4131054200,여,65,729
4131054200,여,70,395
4131054200,여,75,305
4131054200,여,80,262
4131054200,여,85,141
4131054200,여,90,49
4131054200,여,95,11
4131054200,여,100,3
4131057000,남,0,184
4131057000,남,5,204
4131057000,남,10,262
4131057000,남,15,306
4131057000,남,20,382
4131057000,남,25,619
4131057000,남,30,676
4131057000,남,35,556
4131057000,남,40,580
4131057000,남,45,571
4131057000,남,50,727
4131057000,남,55,742
4131057000,남,60,825
4131057000,남,65,600
4131057000,남,70,336
4131057000,남,75,229
4131057000,남,80,139
4131057000,남,85,67
4131057000,남,90,13
4131057000,남,95,1
4131057000,남,100,2
4131057000,여,0,161
4131057000,여,5,185
4131057000,여,10,221
4131057000,여,15,258
4131057000,여,20,447
4131057000,여,25,638
4131057000,여,30,628
4131057000,여,35,423
4131057000,여,40,499
4131057000,여,45,549
4131057000,여,50,728
4131057000,여,55,808
4131057000,여,60,790
4131057000,여,65,609
4131057000,여,70,359
4131057000,여,75,285
4131057000,여,80,245
4131057000,여,85,110
4131057000,여,90,45
4131057000,여,95,9
4131057000,여,100,2
4131058000,남,0,195
4131058000,남,5,285
4131058000,남,10,375
4131058000,남,15,494
4131058000,남,20,702
4131058000,남,25,921
4131058000,남,30,950
4131058000,남,35,674
4131058000,남,40,840
4131058000,남,45,818
4131058000,남,50,1140
4131058000,남,55,1191
4131058000,남,60,1248
4131058000,남,65,963
4131058000,남,70,515
4131058000,남,75,377
4131058000,남,80,241
4131058000,남,85,107
4131058000,남,90,25
4131058000,남,95,2
4131058000,남,100,2
4131058000,여,0,170
4131058000,여,5,299
4131058000,여,10,367
4131058000,여,15,441
4131058000,여,20,650
4131058000,여,25,858
4131058000,여,30,828
4131058000,여,35,623
4131058000,여,40,738
4131058000,여,45,781
4131058000,여,50,1146
4131058000,여,55,1246
4131058000,여,60,1262
4131058000,여,65,943
4131058000,여,70,678
4131058000,여,75,514
4131058000,여,80,379
4131058000,여,85,222
4131058000,여,90,76
4131058000,여,95,14
4131058000,여,100,2
4131059000,남,0,244
4131059000,남,5,348
4131059000,남,10,451
4131059000,남,15,549
4131059000,남,20,581
4131059000,남,25,750
4131059000,남,30,802
4131059000,남,35,671
4131059000,남,40,771
4131059000,남,45,859
4131059000,남,50,1104
4131059000,남,55,981
4131059000,남,60,886
4131059000,남,65,660
4131059000,남,70,385
4131059000,남,75,275
4131059000,남,80,197
4131059000,남,85,94
4131059000,남,90,31
4131059000,남,95,1
4131059000,남,100,1
4131059000,여,0,210
4131059000,여,5,308
4131059000,여,10,438
4131059000,여,15,513
4131059000,여,20,559
4131059000,여,25,659
4131059000,여,30,748
4131059000,여,35,531
4131059000,여,40,766
4131059000,여,45,866
4131059000,여,50,1103
4131059000,여,55,895
4131059000,여,60,835
4131059000,여,65,640
4131059000,여,70,389
4131059000,여,75,373
4131059000,여,80,282
4131059000,여,85,161
4131059000,여,90,66
4131059000,여,95,15
4131059000,여,100,3
4136025000,남,0,544
4136025000,남,5,933
4136025000,남,10,1603
4136025000,남,15,1741
4136025000,남,20,1800
4136025000,남,25,1781
4136025000,남,30,1511
4136025000,남,35,1254
4136025000,남,40,1829
4136025000,남,45,2250
4136025000,남,50,3016
4136025000,남,55,2595
4136025000,남,60,2382
4136025000,남,65,1814
4136025000,남,70,1254
4136025000,남,75,1028
4136025000,남,80,759
4136025000,남,85,308
4136025000,남,90,86
4136025000,남,95,12
4136025000,남,100,7
4136025000,여,0,493
4136025000,여,5,858
4136025000,여,10,1435
4136025000,여,15,1735
4136025000,여,20,1617
4136025000,여,25,1587
4136025000,여,30,1352
4136025000,여,35,1281
4136025000,여,40,2083
4136025000,여,45,2708
4136025000,여,50,2994
4136025000,여,55,2660
4136025000,여,60,2273
4136025000,여,65,2028
4136025000,여,70,1490
4136025000,여,75,1188
4136025000,여,80,938
4136025000,여,85,532
4136025000,여,90,189
4136025000,여,95,50
4136025000,여,100,7
4136025300,남,0,1150
4136025300,남,5,1987
4136025300,남,10,2836
4136025300,남,15,3035
4136025300,남,20,2873
4136025300,남,25,2780
4136025300,남,30,2565
4136025300,남,35,2485
4136025300,남,40,3692
4136025300,남,45,4102
4136025300,남,50,4933
4136025300,남,55,4113
4136025300,남,60,3859
4136025300,남,65,2888
4136025300,남,70,1878
4136025300,남,75,1332
4136025300,남,80,900
4136025300,남,85,381
4136025300,남,90,115
4136025300,남,95,20
4136025300,남,100,3
4136025300,여,0,1063
4136025300,여,5,1843
4136025300,여,10,2650
4136025300,여,15,2798
4136025300,여,20,2486
4136025300,여,25,2430
4136025300,여,30,2263
4136025300,여,35,2448
4136025300,여,40,3827
4136025300,여,45,4237
4136025300,여,50,4516
4136025300,여,55,3855
4136025300,여,60,3655
4136025300,여,65,3086
4136025300,여,70,2074
4136025300,여,75,1658
4136025300,여,80,1345
4136025300,여,85,802
4136025300,여,90,253
4136025300,여,95,65
4136025300,여,100,13
4136025600,남,0,1383
4136025600,남,5,2302
4136025600,남,10,3198
4136025600,남,15,3194
4136025600,남,20,3222
4136025600,남,25,3183
4136025600,남,30,2905
4136025600,남,35,2905
4136025600,남,40,4730
4136025600,남,45,5037
4136025600,남,50,5925
4136025600,남,55,5004
4136025600,남,60,4521
4136025600,남,65,3411
4136025600,남,70,2185
4136025600,남,75,1616
4136025600,남,80,1101
4136025600,남,85,445
4136025600,남,90,107
4136025600,남,95,13
4136025600,남,100,2
4136025600,여,0,1290
4136025600,여,5,2170
4136025600,여,10,2946
4136025600,여,15,3026
4136025600,여,20,2792
4136025600,여,25,2943
4136025600,여,30,2671
4136025600,여,35,2893
4136025600,여,40,4827
4136025600,여,45,4991
4136025600,여,50,5560
4136025600,여,55,4806
4136025600,여,60,4356
4136025600,여,65,3770
4136025600,여,70,2546
4136025600,여,75,2114
4136025600,여,80,1602
4136025600,여,85,857
4136025600,여,90,320
4136025600,여,95,93
4136025600,여,100,16
4136025900,남,0,132
4136025900,남,5,219
4136025900,남,10,361
4136025900,남,15,396
4136025900,남,20,537
4136025900,남,25,728
4136025900,남,30,690
4136025900,남,35,478
4136025900,남,40,577
4136025900,남,45,695
4136025900,남,50,1001
4136025900,남,55,1179
4136025900,남,60,1317
4136025900,남,65,960
4136025900,남,70,565
4136025900,남,75,375
4136025900,남,80,258
4136025900,남,85,119
4136025900,남,90,28
4136025900,남,95,7
4136025900,남,100,1
4136025900,여,0,113
4136025900,여,5,171
4136025900,여,10,277
4136025900,여,15,387
4136025900,여,20,483
4136025900,여,25,558
4136025900,여,30,518
4136025900,여,35,372
4136025900,여,40,512
4136025900,여,45,625
4136025900,여,50,883
4136025900,여,55,1095
4136025900,여,60,1183
4136025900,여,65,861
4136025900,여,70,603
4136025900,여,75,470
4136025900,여,80,415
4136025900,여,85,242
4136025900,여,90,106
4136025900,여,95,25
4136025900,여,100,7
4136026200,남,0,489
4136026200,남,5,797
4136026200,남,10,1348
4136026200,남,15,1630
4136026200,남,20,1735
4136026200,남,25,1645
4136026200,남,30,1432
4136026200,남,35,1068
4136026200,남,40,1849
4136026200,남,45,2235
4136026200,남,50,2989
4136026200,남,55,2528
4136026200,남,60,2064
4136026200,남,65,1440
4136026200,남,70,873
4136026200,남,75,757
4136026200,남,80,511
4136026200,남,85,228
4136026200,남,90,49
4136026200,남,95,11
4136026200,남,100,1
4136026200,여,0,454
4136026200,여,5,779
4136026200,여,10,1232
4136026200,여,15,1492
4136026200,여,20,1603
4136026200,여,25,1504
4136026200,여,30,1223
4136026200,여,35,1094
4136026200,여,40,1792
4136026200,여,45,2344
4136026200,여,50,2849
4136026200,여,55,2321
4136026200,여,60,1946
4136026200,여,65,1545
4136026200,여,70,1149
4136026200,여,75,1001
4136026200,여,80,747
4136026200,여,85,465
4136026200,여,90,171
4136026200,여,95,47
4136026200,여,100,4
4136026500,남,0,226
4136026500,남,5,337
4136026500,남,10,512
4136026500,남,15,615
4136026500,남,20,797
4136026500,남,25,900
4136026500,남,30,852
4136026500,남,35,719
4136026500,남,40,837
4136026500,남,45,918
4136026500,남,50,1196
4136026500,남,55,1306
4136026500,남,60,1390
4136026500,남,65,1161
4136026500,남,70,690
4136026500,남,75,462
4136026500,남,80,307
4136026500,남,85,143
4136026500,남,90,26
4136026500,남,95,10
4136026500,남,100,1
4136026500,여,0,230
4136026500,여,5,328
4136026500,여,10,492
4136026500,여,15,579
4136026500,여,20,693
4136026500,여,25,811
4136026500,여,30,752
4136026500,여,35,620
4136026500,여,40,803
4136026500,여,45,915
4136026500,여,50,1245
4136026500,여,55,1412
4136026500,여,60,1462
4136026500,여,65,1198
4136026500,여,70,706
4136026500,여,75,590
4136026500,여,80,461
4136026500,여,85,263
4136026500,여,90,88
4136026500,여,95,27
4136026500,여,100,2
4136031000,남,0,127
4136031000,남,5,248
4136031000,남,10,398
4136031000,남,15,468
4136031000,남,20,567
4136031000,남,25,544
4136031000,남,30,438
4136031000,남,35,346
4136031000,남,40,592
4136031000,남,45,709
4136031000,남,50,949
4136031000,남,55,988
4136031000,남,60,838
4136031000,남,65,704
4136031000,남,70,443
4136031000,남,75,350
4136031000,남,80,261
4136031000,남,85,149
4136031000,남,90,32
4136031000,남,95,6
4136031000,남,100,3
4136031000,여,0,125
4136031000,여,5,257
4136031000,여,10,372
4136031000,여,15,400
4136031000,여,20,480
4136031000,여,25,514
4136031000,여,30,413
4136031000,여,35,316
4136031000,여,40,535
4136031000,여,45,683
4136031000,여,50,978
4136031000,여,55,848
4136031000,여,60,799
4136031000,여,65,739
4136031000,여,70,511
4136031000,여,75,458
4136031000,여,80,414
4136031000,여,85,189
4136031000,여,90,68
4136031000,여,95,26
4136031000,여,100,5
4136034000,남,0,37
4136034000,남,5,72
4136034000,남,10,121
4136034000,남,15,205
4136034000,남,20,180
4136034000,남,25,206
4136034000,남,30,181
4136034000,남,35,205
4136034000,남,40,216
4136034000,남,45,266
4136034000,남,50,371
4136034000,남,55,536
4136034000,남,60,578
4136034000,남,65,526
4136034000,남,70,344
4136034000,남,75,279
4136034000,남,80,175
4136034000,남,85,87
4136034000,남,90,30
4136034000,남,95,6
4136034000,남,100,0
4136034000,여,0,41
4136034000,여,5,69
4136034000,여,10,104
4136034000,여,15,119
4136034000,여,20,118
4136034000,여,25,140
4136034000,여,30,149
4136034000,여,35,133
4136034000,여,40,200
4136034000,여,45,216
4136034000,여,50,310
4136034000,여,55,439
4136034000,여,60,504
4136034000,여,65,501
4136034000,여,70,333
4136034000,여,75,284
4136034000,여,80,230
4136034000,여,85,130
4136034000,여,90,84
4136034000,여,95,39
4136034000,여,100,5
4136036000,남,0,28
4136036000,남,5,44
4136036000,남,10,57
4136036000,남,15,53
4136036000,남,20,68
4136036000,남,25,89
4136036000,남,30,92
4136036000,남,35,73
4136036000,남,40,109
4136036000,남,45,121
4136036000,남,50,152
4136036000,남,55,212
4136036000,남,60,250
4136036000,남,65,242
4136036000,남,70,168
4136036000,남,75,102
4136036000,남,80,71
4136036000,남,85,36
4136036000,남,90,11
4136036000,남,95,2
4136036000,남,100,0
4136036000,여,0,15
4136036000,여,5,34
4136036000,여,10,50
4136036000,여,15,53
4136036000,여,20,66
4136036000,여,25,78
4136036000,여,30,82
4136036000,여,35,70
4136036000,여,40,114
4136036000,여,45,80
4136036000,여,50,148
4136036000,여,55,203
4136036000,여,60,218
4136036000,여,65,229
4136036000,여,70,131
4136036000,여,75,116
4136036000,여,80,77
4136036000,여,85,68
4136036000,여,90,15
4136036000,여,95,3
4136036000,여,100,1
4136051000,남,0,810
4136051000,남,5,1566
4136051000,남,10,1838
4136051000,남,15,1684
4136051000,남,20,1717
4136051000,남,25,1471
4136051000,남,30,1348
4136051000,남,35,1508
4136051000,남,40,2658
4136051000,남,45,2605
4136051000,남,50,2848
4136051000,남,55,2084
4136051000,남,60,1630
4136051000,남,65,1235
4136051000,남,70,802
4136051000,남,75,675
4136051000,남,80,480
4136051000,남,85,182
4136051000,남,90,48
4136051000,남,95,4
4136051000,남,100,2
4136051000,여,0,777
4136051000,여,5,1383
4136051000,여,10,1795
4136051000,여,15,1679
4136051000,여,20,1493
4136051000,여,25,1356
4136051000,여,30,1396
4136051000,여,35,1716
4136051000,여,40,2815
4136051000,여,45,2888
4136051000,여,50,2841
4136051000,여,55,2091
4136051000,여,60,1734
4136051000,여,65,1475
4136051000,여,70,1133
4136051000,여,75,925
4136051000,여,80,652
4136051000,여,85,310
4136051000,여,90,123
4136051000,여,95,40
4136051000,여,100,7
4136052000,남,0,564
4136052000,남,5,811
4136052000,남,10,1093
4136052000,남,15,1273
4136052000,남,20,1186
4136052000,남,25,1121
4136052000,남,30,1062
4136052000,남,35,1102
4136052000,남,40,1502
4136052000,남,45,1699
4136052000,남,50,1986
4136052000,남,55,1559
4136052000,남,60,1157
4136052000,남,65,865
4136052000,남,70,567
4136052000,남,75,428
4136052000,남,80,293
4136052000,남,85,112
4136052000,남,90,34
4136052000,남,95,8
4136052000,남,100,3
4136052000,여,0,534
4136052000,여,5,750
4136052000,여,10,1116
4136052000,여,15,1169
4136052000,여,20,1166
4136052000,여,25,1100
4136052000,여,30,1083
4136052000,여,35,1083
4136052000,여,40,1673
4136052000,여,45,1774
4136052000,여,50,2014
4136052000,여,55,1481
4136052000,여,60,1180
4136052000,여,65,1029
4136052000,여,70,685
4136052000,여,75,548
4136052000,여,80,421
4136052000,여,85,251
4136052000,여,90,99
4136052000,여,95,20
4136052000,여,100,3
4136053000,남,0,75
4136053000,남,5,136
4136053000,남,10,191
4136053000,남,15,269
4136053000,남,20,420
4136053000,남,25,617
4136053000,남,30,603
4136053000,남,35,502
4136053000,남,40,537
4136053000,남,45,484
4136053000,남,50,730
4136053000,남,55,942
4136053000,남,60,1067
4136053000,남,65,937
4136053000,남,70,520
4136053000,남,75,380
4136053000,남,80,278
4136053000,남,85,131
4136053000,남,90,28
4136053000,남,95,2
4136053000,남,100,0
4136053000,여,0,82
4136053000,여,5,114
4136053000,여,10,200
4136053000,여,15,222
4136053000,여,20,352
4136053000,여,25,475
4136053000,여,30,470
4136053000,여,35,369
4136053000,여,40,408
4136053000,여,45,412
4136053000,여,50,684
4136053000,여,55,915
4136053000,여,60,1092
4136053000,여,65,956
4136053000,여,70,553
4136053000,여,75,422
4136053000,여,80,396
4136053000,여,85,251
4136053000,여,90,93
4136053000,여,95,30
4136053000,여,100,5
4136054000,남,0,21
4136054000,남,5,18
4136054000,남,10,21
4136054000,남,15,26
4136054000,남,20,60
4136054000,남,25,110
4136054000,남,30,110
4136054000,남,35,69
4136054000,남,40,78
4136054000,남,45,71
4136054000,남,50,132
4136054000,남,55,181
4136054000,남,60,189
4136054000,남,65,198
4136054000,남,70,102
4136054000,남,75,55
4136054000,남,80,44
4136054000,남,85,24
4136054000,남,90,3
4136054000,남,95,2
4136054000,남,100,0
4136054000,여,0,14
4136054000,여,5,22
4136054000,여,10,22
4136054000,여,15,24
4136054000,여,20,38
4136054000,여,25,61
4136054000,여,30,63
4136054000,여,35,49
4136054000,여,40,39
4136054000,여,45,51
4136054000,여,50,66
4136054000,여,55,112
4136054000,여,60,138
4136054000,여,65,120
4136054000,여,70,82
4136054000,여,75,57
4136054000,여,80,48
4136054000,여,85,36
4136054000,여,90,8
4136054000,여,95,1
4136054000,여,100,2
4136054500,남,0,2523
4136054500,남,5,3673
4136054500,남,10,3571
4136054500,남,15,2510
4136054500,남,20,2191
4136054500,남,25,2778
4136054500,남,30,3706
4136054500,남,35,4193
4136054500,남,40,5971
4136054500,남,45,4876
4136054500,남,50,3912
4136054500,남,55,3008
4136054500,남,60,2647
4136054500,남,65,2157
4136054500,남,70,1531
4136054500,남,75,1083
4136054500,남,80,636
4136054500,남,85,240
4136054500,남,90,59
4136054500,남,95,7
4136054500,남,100,3
4136054500,여,0,2322
4136054500,여,5,3503
4136054500,여,10,3511
4136054500,여,15,2480
4136054500,여,20,2215
4136054500,여,25,3250
4136054500,여,30,4058
4136054500,여,35,4776
4136054500,여,40,6102
4136054500,여,45,4463
4136054500,여,50,3831
4136054500,여,55,3111
4136054500,여,60,2817
4136054500,여,65,2557
4136054500,여,70,1828
4136054500,여,75,1170
4136054500,여,80,871
4136054500,여,85,494
4136054500,여,90,201
4136054500,여,95,39
4136054500,여,100,8
4136056500,남,0,629
4136056500,남,5,1159
4136056500,남,10,1308
4136056500,남,15,945
4136056500,남,20,935
4136056500,남,25,970
4136056500,남,30,951
4136056500,남,35,1118
4136056500,남,40,2027
4136056500,남,45,1779
4136056500,남,50,1659
4136056500,남,55,1305
4136056500,남,60,1012
4136056500,남,65,843
4136056500,남,70,483
4136056500,남,75,324
4136056500,남,80,182
4136056500,남,85,89
4136056500,남,90,21
4136056500,남,95,7
4136056500,남,100,2
4136056500,여,0,676
4136056500,여,5,1173
4136056500,여,10,1189
4136056500,여,15,946
4136056500,여,20,829
4136056500,여,25,980
4136056500,여,30,999
4136056500,여,35,1379
4136056500,여,40,2175
4136056500,여,45,1749
4136056500,여,50,1616
4136056500,여,55,1295
4136056500,여,60,1127
4136056500,여,65,960
4136056500,여,70,577
4136056500,여,75,403
4136056500,여,80,288
4136056500,여,85,154
4136056500,여,90,64
4136056500,여,95,18
4136056500,여,100,2
4136057000,남,0,1492
4136057000,남,5,2174
4136057000,남,10,2324
4136057000,남,15,1804
4136057000,남,20,1947
4136057000,남,25,2440
4136057000,남,30,2986
4136057000,남,35,2999
4136057000,남,40,3953
4136057000,남,45,3418
4136057000,남,50,3314
4136057000,남,55,2837
4136057000,남,60,2740
4136057000,남,65,2327
4136057000,남,70,1432
4136057000,남,75,998
4136057000,남,80,529
4136057000,남,85,235
4136057000,남,90,59
4136057000,남,95,12
4136057000,남,100,1
4136057000,여,0,1420
4136057000,여,5,2139
4136057000,여,10,2268
4136057000,여,15,1791
4136057000,여,20,2100
4136057000,여,25,2650
4136057000,여,30,3136
4136057000,여,35,3157
4136057000,여,40,4160
4136057000,여,45,3416
4136057000,여,50,3480
4136057000,여,55,3111
4136057000,여,60,2926
4136057000,여,65,2557
4136057000,여,70,1593
4136057000,여,75,1069
4136057000,여,80,761
4136057000,여,85,449
4136057000,여,90,192
4136057000,여,95,42
4136057000,여,100,13
4137051000,남,0,540
4137051000,남,5,868
4137051000,남,10,984
4137051000,남,15,1003
4137051000,남,20,1019
4137051000,남,25,1107
4137051000,남,30,1142
4137051000,남,35,1137
4137051000,남,40,1590
4137051000,남,45,1507
4137051000,남,50,1676
4137051000,남,55,1304
4137051000,남,60,1149
4137051000,남,65,815
4137051000,남,70,441
4137051000,남,75,331
4137051000,남,80,218
4137051000,남,85,113
4137051000,남,90,24
4137051000,남,95,6
4137051000,남,100,0
4137051000,여,0,501
4137051000,여,5,834
4137051000,여,10,1009
4137051000,여,15,996
4137051000,여,20,884
4137051000,여,25,912
4137051000,여,30,1062
4137051000,여,35,1129
4137051000,여,40,1502
4137051000,여,45,1519
4137051000,여,50,1581
4137051000,여,55,1278
4137051000,여,60,1137
4137051000,여,65,867
4137051000,여,70,552
4137051000,여,75,447
4137051000,여,80,380
4137051000,여,85,190
4137051000,여,90,56
4137051000,여,95,22
4137051000,여,100,1
4137052300,남,0,513
4137052300,남,5,863
4137052300,남,10,1099
4137052300,남,15,1215
4137052300,남,20,1497
4137052300,남,25,2256
4137052300,남,30,2094
4137052300,남,35,1604
4137052300,남,40,2070
4137052300,남,45,2118
4137052300,남,50,2210
4137052300,남,55,1983
4137052300,남,60,1659
4137052300,남,65,1016
4137052300,남,70,636
4137052300,남,75,414
4137052300,남,80,264
4137052300,남,85,131
4137052300,남,90,30
4137052300,남,95,4
4137052300,남,100,2
4137052300,여,0,496
4137052300,여,5,841
4137052300,여,10,1152
4137052300,여,15,1080
4137052300,여,20,1379
4137052300,여,25,1702
4137052300,여,30,1484
4137052300,여,35,1348
4137052300,여,40,1829
4137052300,여,45,1836
4137052300,여,50,2112
4137052300,여,55,1893
4137052300,여,60,1507
4137052300,여,65,1137
4137052300,여,70,686
4137052300,여,75,592
4137052300,여,80,438
4137052300,여,85,236
4137052300,여,90,65
4137052300,여,95,29
4137052300,여,100,2
4137052600,남,0,570
4137052600,남,5,663
4137052600,남,10,797
4137052600,남,15,744
4137052600,남,20,613
4137052600,남,25,748
4137052600,남,30,1231
4137052600,남,35,1222
4137052600,남,40,1416
4137052600,남,45,1186
4137052600,남,50,1061
4137052600,남,55,770
4137052600,남,60,599
4137052600,남,65,376
4137052600,남,70,223
4137052600,남,75,171
4137052600,남,80,117
4137052600,남,85,40
4137052600,남,90,13
4137052600,남,95,0
4137052600,남,100,0
4137052600,여,0,547
4137052600,여,5,641
4137052600,여,10,726
4137052600,여,15,631
4137052600,여,20,516
4137052600,여,25,625
4137052600,여,30,983
4137052600,여,35,1002
4137052600,여,40,1241
4137052600,여,45,1041
4137052600,여,50,954
4137052600,여,55,746
4137052600,여,60,575
4137052600,여,65,453
4137052600,여,70,275
4137052600,여,75,216
4137052600,여,80,175
4137052600,여,85,82
4137052600,여,90,25
4137052600,여,95,7
4137052600,여,100,1
4137053000,남,0,404
4137053000,남,5,458
4137053000,남,10,433
4137053000,남,15,430
4137053000,남,20,662
4137053000,남,25,1375
4137053000,남,30,1873
4137053000,남,35,1834
4137053000,남,40,1852
4137053000,남,45,1401
4137053000,남,50,1207
4137053000,남,55,1036
4137053000,남,60,736
4137053000,남,65,543
4137053000,남,70,273
4137053000,남,75,199
4137053000,남,80,124
4137053000,남,85,56
4137053000,남,90,10
4137053000,남,95,1
4137053000,남,100,0
4137053000,여,0,409
4137053000,여,5,458
4137053000,여,10,431
4137053000,여,15,403
4137053000,여,20,545
4137053000,여,25,889
4137053000,여,30,1204
4137053000,여,35,1038
4137053000,여,40,1080
4137053000,여,45,890
4137053000,여,50,768
4137053000,여,55,623
4137053000,여,60,516
4137053000,여,65,447
4137053000,여,70,311
4137053000,여,75,191
4137053000,여,80,174
4137053000,여,85,110
4137053000,여,90,44
4137053000,여,95,6
4137053000,여,100,2
4137054300,남,0,401
4137054300,남,5,887
4137054300,남,10,1260
4137054300,남,15,1140
4137054300,남,20,975
4137054300,남,25,1089
4137054300,남,30,1197
4137054300,남,35,1194
4137054300,남,40,1899
4137054300,남,45,1791
4137054300,남,50,1679
4137054300,남,55,1177
4137054300,남,60,995
4137054300,남,65,845
4137054300,남,70,477
4137054300,남,75,366
4137054300,남,80,251
4137054300,남,85,114
4137054300,남,90,22
4137054300,남,95,4
4137054300,남,100,0
4137054300,여,0,393
4137054300,여,5,797
4137054300,여,10,1284
4137054300,여,15,1122
4137054300,여,20,873
4137054300,여,25,944
4137054300,여,30,928
4137054300,여,35,1148
4137054300,여,40,1706
4137054300,여,45,1666
4137054300,여,50,1440
4137054300,여,55,1168
4137054300,여,60,1224
4137054300,여,65,945
4137054300,여,70,592
4137054300,여,75,483
4137054300,여,80,387
4137054300,여,85,228
4137054300,여,90,88
4137054300,여,95,16
4137054300,여,100,2
4137054600,남,0,323
4137054600,남,5,706
4137054600,남,10,833
4137054600,남,15,594
4137054600,남,20,502
4137054600,남,25,740
4137054600,남,30,819
4137054600,남,35,880
4137054600,남,40,1366
4137054600,남,45,1114
4137054600,남,50,983
4137054600,남,55,859
4137054600,남,60,800
4137054600,남,65,567
4137054600,남,70,337
4137054600,남,75,223
4137054600,남,80,127
4137054600,남,85,53
4137054600,남,90,10
4137054600,남,95,2
4137054600,남,100,0
4137054600,여,0,321
4137054600,여,5,708
4137054600,여,10,721
4137054600,여,15,517
4137054600,여,20,538
4137054600,여,25,558
4137054600,여,30,650
4137054600,여,35,876
4137054600,여,40,1197
4137054600,여,45,914
4137054600,여,50,878
4137054600,여,55,837
4137054600,여,60,773
4137054600,여,65,610
4137054600,여,70,357
4137054600,여,75,288
4137054600,여,80,193
4137054600,여,85,123
4137054600,여,90,52
4137054600,여,95,13
4137054600,여,100,2
4137055000,남,0,637
4137055000,남,5,894
4137055000,남,10,997
4137055000,남,15,834
4137055000,남,20,913
4137055000,남,25,1138
4137055000,남,30,1368
4137055000,남,35,1288
4137055000,남,40,1729
4137055000,남,45,1459
4137055000,남,50,1374
4137055000,남,55,1092
4137055000,남,60,948
4137055000,남,65,710
4137055000,남,70,409
4137055000,남,75,261
4137055000,남,80,172
4137055000,남,85,65
4137055000,남,90,10
4137055000,남,95,2
4137055000,남,100,0
4137055000,여,0,576
4137055000,여,5,847
4137055000,여,10,899
4137055000,여,15,778
4137055000,여,20,815
4137055000,여,25,933
4137055000,여,30,1106
4137055000,여,35,1211
4137055000,여,40,1562
4137055000,여,45,1366
4137055000,여,50,1284
4137055000,여,55,1066
4137055000,여,60,924
4137055000,여,65,728
4137055000,여,70,380
4137055000,여,75,271
4137055000,여,80,230
4137055000,여,85,161
4137055000,여,90,72
4137055000,여,95,17
4137055000,여,100,3
4137056000,남,0,304
4137056000,남,5,362
4137056000,남,10,534
4137056000,남,15,484
4137056000,남,20,541
4137056000,남,25,747
4137056000,남,30,1022
4137056000,남,35,830
4137056000,남,40,1039
4137056000,남,45,838
4137056000,남,50,891
4137056000,남,55,729
4137056000,남,60,646
4137056000,남,65,468
4137056000,남,70,239
4137056000,남,75,190
4137056000,남,80,110
4137056000,남,85,56
4137056000,남,90,15
4137056000,남,95,2
4137056000,남,100,0
4137056000,여,0,301
4137056000,여,5,358
4137056000,여,10,443
4137056000,여,15,460
4137056000,여,20,484
4137056000,여,25,611
4137056000,여,30,781
4137056000,여,35,666
4137056000,여,40,824
4137056000,여,45,744
4137056000,여,50,828
4137056000,여,55,725
4137056000,여,60,639
4137056000,여,65,465
4137056000,여,70,300
4137056000,여,75,243
4137056000,여,80,200
4137056000,여,85,117
4137056000,여,90,37
4137056000,여,95,11
4137056000,여,100,1
4139051000,남,0,687
4139051000,남,5,800
4139051000,남,10,780
4139051000,남,15,844
4139051000,남,20,1230
4139051000,남,25,1578
4139051000,남,30,1720
4139051000,남,35,1531
4139051000,남,40,1773
4139051000,남,45,1421
4139051000,남,50,1790
4139051000,남,55,2054
4139051000,남,60,2097
4139051000,남,65,1439
4139051000,남,70,718
4139051000,남,75,446
4139051000,남,80,267
4139051000,남,85,110
4139051000,남,90,35
4139051000,남,95,3
4139051000,남,100,0
4139051000,여,0,647
4139051000,여,5,774
4139051000,여,10,740
4139051000,여,15,801
4139051000,여,20,1064
4139051000,여,25,1483
4139051000,여,30,1593
4139051000,여,35,1405
4139051000,여,40,1574
4139051000,여,45,1344
4139051000,여,50,1913
4139051000,여,55,2162
4139051000,여,60,1922
4139051000,여,65,1365
4139051000,여,70,712
4139051000,여,75,532
4139051000,여,80,470
4139051000,여,85,289
4139051000,여,90,129
4139051000,여,95,35
4139051000,여,100,3
4139052000,남,0,236
4139052000,남,5,344
4139052000,남,10,532
4139052000,남,15,674
4139052000,남,20,1122
4139052000,남,25,1398
4139052000,남,30,1321
4139052000,남,35,900
4139052000,남,40,982
4139052000,남,45,1100
4139052000,남,50,1700
4139052000,남,55,2031
4139052000,남,60,2034
4139052000,남,65,1345
4139052000,남,70,723
4139052000,남,75,408
4139052000,남,80,270
4139052000,남,85,100
4139052000,남,90,18
4139052000,남,95,8
4139052000,남,100,3
4139052000,여,0,239
4139052000,여,5,319
4139052000,여,10,475
4139052000,여,15,621
4139052000,여,20,888
4139052000,여,25,1221
4139052000,여,30,1012
4139052000,여,35,709
4139052000,여,40,844
4139052000,여,45,989
4139052000,여,50,1757
4139052000,여,55,1930
4139052000,여,60,1792
4139052000,여,65,1248
4139052000,여,70,699
4139052000,여,75,574
4139052000,여,80,466
4139052000,여,85,308
4139052000,여,90,106
4139052000,여,95,24
4139052000,여,100,4
4139053100,남,0,64
4139053100,남,5,73
4139053100,남,10,129
4139053100,남,15,150
4139053100,남,20,260
4139053100,남,25,341
4139053100,남,30,348
4139053100,남,35,235
4139053100,남,40,246
4139053100,남,45,279
4139053100,남,50,474
4139053100,남,55,572
4139053100,남,60,607
4139053100,남,65,462
4139053100,남,70,252
4139053100,남,75,171
4139053100,남,80,95
4139053100,남,85,41
4139053100,남,90,19
4139053100,남,95,4
4139053100,남,100,2
4139053100,여,0,59
4139053100,여,5,88
4139053100,여,10,107
4139053100,여,15,169
4139053100,여,20,195
4139053100,여,25,272
4139053100,여,30,222
4139053100,여,35,162
4139053100,여,40,205
4139053100,여,45,253
4139053100,여,50,437
4139053100,여,55,511
4139053100,여,60,559
4139053100,여,65,393
4139053100,여,70,225
4139053100,여,75,170
4139053100,여,80,157
4139053100,여,85,103
4139053100,여,90,36
4139053100,여,95,7
4139053100,여,100,0
4139054000,남,0,991
4139054000,남,5,1917
4139054000,남,10,1726
4139054000,남,15,1424
4139054000,남,20,1412
4139054000,남,25,1512
4139054000,남,30,1685
4139054000,남,35,2094
4139054000,남,40,3077
4139054000,남,45,2352
4139054000,남,50,2209
4139054000,남,55,2062
4139054000,남,60,1947
4139054000,남,65,1288
4139054000,남,70,714
4139054000,남,75,421
4139054000,남,80,241
4139054000,남,85,87
4139054000,남,90,19
4139054000,남,95,5
4139054000,남,100,1
4139054000,여,0,994
4139054000,여,5,1903
4139054000,여,10,1621
4139054000,여,15,1403
4139054000,여,20,1283
4139054000,여,25,1434
4139054000,여,30,1698
4139054000,여,35,2215
4139054000,여,40,3028
4139054000,여,45,2180
4139054000,여,50,2213
4139054000,여,55,2224
4139054000,여,60,1891
4139054000,여,65,1312
4139054000,여,70,729
4139054000,여,75,482
4139054000,여,80,415
4139054000,여,85,291
4139054000,여,90,108
4139054000,여,95,39
4139054000,여,100,3
4139055000,남,0,94
4139055000,남,5,144
4139055000,남,10,209
4139055000,남,15,273
4139055000,남,20,386
4139055000,남,25,416
4139055000,남,30,378
4139055000,남,35,266
4139055000,남,40,338
4139055000,남,45,445
4139055000,남,50,628
4139055000,남,55,662
4139055000,남,60,646
4139055000,남,65,482
4139055000,남,70,252
4139055000,남,75,166
4139055000,남,80,154
4139055000,남,85,48
4139055000,남,90,15
4139055000,남,95,4
4139055000,남,100,1
4139055000,여,0,76
4139055000,여,5,153
4139055000,여,10,222
4139055000,여,15,248
4139055000,여,20,271
4139055000,여,25,301
4139055000,여,30,249
4139055000,여,35,210
4139055000,여,40,309
4139055000,여,45,386
4139055000,여,50,574
4139055000,여,55,564
4139055000,여,60,511
4139055000,여,65,401
4139055000,여,70,285
4139055000,여,75,236
4139055000,여,80,193
4139055000,여,85,123
4139055000,여,90,63
4139055000,여,95,8
4139055000,여,100,2
4139057000,남,0,864
4139057000,남,5,1355
4139057000,남,10,1237
4139057000,남,15,808
4139057000,남,20,791
4139057000,남,25,976
4139057000,남,30,1406
4139057000,남,35,1757
4139057000,남,40,2452
4139057000,남,45,1939
4139057000,남,50,1630
4139057000,남,55,1448
4139057000,남,60,1429
4139057000,남,65,1214
4139057000,남,70,702
4139057000,남,75,443
4139057000,남,80,227
4139057000,남,85,92
4139057000,남,90,31
4139057000,남,95,5
4139057000,남,100,0
4139057000,여,0,852
4139057000,여,5,1310
4139057000,여,10,1230
4139057000,여,15,826
4139057000,여,20,646
4139057000,여,25,952
4139057000,여,30,1404
4139057000,여,35,1817
4139057000,여,40,2304
4139057000,여,45,1560
4139057000,여,50,1455
4139057000,여,55,1452
4139057000,여,60,1451
4139057000,여,65,1204
4139057000,여,70,659
4139057000,여,75,454
4139057000,여,80,350
4139057000,여,85,236
4139057000,여,90,98
4139057000,여,95,15
4139057000,여,100,6
4139058100,남,0,212
4139058100,남,5,376
4139058100,남,10,487
4139058100,남,15,540
4139058100,남,20,636
4139058100,남,25,749
4139058100,남,30,747
4139058100,남,35,642
4139058100,남,40,1008
4139058100,남,45,1021
4139058100,남,50,1116
4139058100,남,55,1122
4139058100,남,60,1052
4139058100,남,65,746
4139058100,남,70,397
4139058100,남,75,250
4139058100,남,80,154
4139058100,남,85,90
4139058100,남,90,14
4139058100,남,95,1
4139058100,남,100,0
4139058100,여,0,206
4139058100,여,5,347
4139058100,여,10,490
4139058100,여,15,517
4139058100,여,20,500
4139058100,여,25,586
4139058100,여,30,559
4139058100,여,35,506
4139058100,여,40,832
4139058100,여,45,815
4139058100,여,50,1003
4139058100,여,55,1003
4139058100,여,60,982
4139058100,여,65,732
4139058100,여,70,456
4139058100,여,75,356
4139058100,여,80,298
4139058100,여,85,176
4139058100,여,90,73
4139058100,여,95,16
4139058100,여,100,3
4139058200,남,0,243
4139058200,남,5,323
4139058200,남,10,417
4139058200,남,15,409
4139058200,남,20,456
4139058200,남,25,575
4139058200,남,30,748
4139058200,남,35,648
4139058200,남,40,827
4139058200,남,45,825
4139058200,남,50,945
4139058200,남,55,793
4139058200,남,60,693
4139058200,남,65,493
4139058200,남,70,289
4139058200,남,75,186
4139058200,남,80,138
4139058200,남,85,62
4139058200,남,90,19
4139058200,남,95,4
4139058200,남,100,1
4139058200,여,0,227
4139058200,여,5,320
4139058200,여,10,389
4139058200,여,15,352
4139058200,여,20,352
4139058200,여,25,533
4139058200,여,30,578
4139058200,여,35,529
4139058200,여,40,717
4139058200,여,45,688
4139058200,여,50,808
4139058200,여,55,699
4139058200,여,60,638
4139058200,여,65,542
4139058200,여,70,290
4139058200,여,75,233
4139058200,여,80,188
4139058200,여,85,126
4139058200,여,90,51
4139058200,여,95,13
4139058200,여,100,0
4139058900,남,0,164
4139058900,남,5,213
4139058900,남,10,284
4139058900,남,15,272
4139058900,남,20,565
4139058900,남,25,1001
4139058900,남,30,1161
4139058900,남,35,1115
4139058900,남,40,1265
4139058900,남,45,1168
4139058900,남,50,1272
4139058900,남,55,1116
4139058900,남,60,905
4139058900,남,65,534
4139058900,남,70,220
4139058900,남,75,153
4139058900,남,80,93
4139058900,남,85,32
4139058900,남,90,3
4139058900,남,95,1
4139058900,남,100,1
4139058900,여,0,157
4139058900,여,5,246
4139058900,여,10,259
4139058900,여,15,245
4139058900,여,20,339
4139058900,여,25,473
4139058900,여,30,519
4139058900,여,35,513
4139058900,여,40,595
4139058900,여,45,610
4139058900,여,50,654
4139058900,여,55,616
4139058900,여,60,532
4139058900,여,65,385
4139058900,여,70,205
4139058900,여,75,128
4139058900,여,80,117
4139058900,여,85,62
4139058900,여,90,37
4139058900,여,95,11
4139058900,여,100,1
4139059100,남,0,184
4139059100,남,5,303
4139059100,남,10,382
4139059100,남,15,523
4139059100,남,20,1454
4139059100,남,25,1059
4139059100,남,30,934
4139059100,남,35,827
4139059100,남,40,1156
4139059100,남,45,1273
4139059100,남,50,1346
4139059100,남,55,1223
4139059100,남,60,999
4139059100,남,65,561
4139059100,남,70,243
4139059100,남,75,149
4139059100,남,80,98
4139059100,남,85,36
4139059100,남,90,11
4139059100,남,95,2
4139059100,남,100,0
4139059100,여,0,158
4139059100,여,5,294
4139059100,여,10,379
4139059100,여,15,487
4139059100,여,20,827
4139059100,여,25,509
4139059100,여,30,487
4139059100,여,35,554
4139059100,여,40,676
4139059100,여,45,743
4139059100,여,50,850
4139059100,여,55,792
4139059100,여,60,628
4139059100,여,65,427
4139059100,여,70,240
4139059100,여,75,179
4139059100,여,80,153
4139059100,여,85,98
4139059100,여,90,40
4139059100,여,95,10
4139059100,여,100,4
4139059200,남,0,271
4139059200,남,5,500
4139059200,남,10,705
4139059200,남,15,825
4139059200,남,20,982
4139059200,남,25,1187
4139059200,남,30,988
4139059200,남,35,734
4139059200,남,40,1065
4139059200,남,45,1296
4139059200,남,50,1565
4139059200,남,55,1453
4139059200,남,60,1220
4139059200,남,65,642
4139059200,남,70,277
4139059200,남,75,192
4139059200,남,80,156
4139059200,남,85,75
4139059200,남,90,22
4139059200,남,95,4
4139059200,남,100,0
4139059200,여,0,265
4139059200,여,5,502
4139059200,여,10,680
4139059200,여,15,826
4139059200,여,20,829
4139059200,여,25,905
4139059200,여,30,813
4139059200,여,35,616
4139059200,여,40,988
4139059200,여,45,1132
4139059200,여,50,1502
4139059200,여,55,1445
4139059200,여,60,1050
4139059200,여,65,550
4139059200,여,70,310
4139059200,여,75,279
4139059200,여,80,262
4139059200,여,85,162
4139059200,여,90,47
4139059200,여,95,18
4139059200,여,100,2
4139059300,남,0,209
4139059300,남,5,351
4139059300,남,10,482
4139059300,남,15,525
4139059300,남,20,648
4139059300,남,25,836
4139059300,남,30,890
4139059300,남,35,749
4139059300,남,40,1166
4139059300,남,45,1323
4139059300,남,50,1400
4139059300,남,55,1319
4139059300,남,60,1148
4139059300,남,65,661
4139059300,남,70,297
4139059300,남,75,171
4139059300,남,80,139
4139059300,남,85,53
4139059300,남,90,12
4139059300,남,95,1
4139059300,남,100,0
4139059300,여,0,227
4139059300,여,5,332
4139059300,여,10,445
4139059300,여,15,497
4139059300,여,20,422
4139059300,여,25,570
4139059300,여,30,549
4139059300,여,35,529
4139059300,여,40,711
4139059300,여,45,851
4139059300,여,50,931
4139059300,여,55,1004
4139059300,여,60,787
4139059300,여,65,496
4139059300,여,70,294
4139059300,여,75,227
4139059300,여,80,190
4139059300,여,85,117
4139059300,여,90,39
4139059300,여,95,13
4139059300,여,100,7
4139059400,남,0,229
4139059400,남,5,359
4139059400,남,10,520
4139059400,남,15,648
4139059400,남,20,809
4139059400,남,25,774
4139059400,남,30,672
4139059400,남,35,474
4139059400,남,40,673
4139059400,남,45,765
4139059400,남,50,1045
4139059400,남,55,1049
4139059400,남,60,865
4139059400,남,65,425
4139059400,남,70,169
4139059400,남,75,133
4139059400,남,80,113
4139059400,남,85,60
4139059400,남,90,18
4139059400,남,95,1
4139059400,남,100,0
4139059400,여,0,184
4139059400,여,5,352
4139059400,여,10,479
4139059400,여,15,617
4139059400,여,20,704
4139059400,여,25,784
4139059400,여,30,587
4139059400,여,35,452
4139059400,여,40,684
4139059400,여,45,916
4139059400,여,50,1188
4139059400,여,55,1139
4139059400,여,60,714
4139059400,여,65,364
4139059400,여,70,227
4139059400,여,75,218
4139059400,여,80,191
4139059400,여,85,113
4139059400,여,90,47
4139059400,여,95,13
4139059400,여,100,1
4139059600,남,0,881
4139059600,남,5,1490
4139059600,남,10,1543
4139059600,남,15,1041
4139059600,남,20,745
4139059600,남,25,810
4139059600,남,30,1085
4139059600,남,35,1483
4139059600,남,40,2346
4139059600,남,45,1886
4139059600,남,50,1423
4139059600,남,55,1036
4139059600,남,60,864
4139059600,남,65,511
4139059600,남,70,257
4139059600,남,75,130
4139059600,남,80,65
4139059600,남,85,40
4139059600,남,90,6
4139059600,남,95,4
4139059600,남,100,0
4139059600,여,0,853
4139059600,여,5,1444
4139059600,여,10,1497
4139059600,여,15,989
4139059600,여,20,723
4139059600,여,25,794
4139059600,여,30,1208
4139059600,여,35,1668
4139059600,여,40,2321
4139059600,여,45,1697
4139059600,여,50,1342
4139059600,여,55,1117
4139059600,여,60,789
4139059600,여,65,537
4139059600,여,70,229
4139059600,여,75,151
4139059600,여,80,131
4139059600,여,85,83
4139059600,여,90,20
4139059600,여,95,4
4139059600,여,100,2
4139059700,남,0,739
4139059700,남,5,1111
4139059700,남,10,1259
4139059700,남,15,958
4139059700,남,20,977
4139059700,남,25,1703
4139059700,남,30,1962
4139059700,남,35,1566
4139059700,남,40,2116
4139059700,남,45,1826
4139059700,남,50,1547
4139059700,남,55,1151
4139059700,남,60,796
4139059700,남,65,405
4139059700,남,70,170
4139059700,남,75,113
4139059700,남,80,53
4139059700,남,85,24
4139059700,남,90,5
4139059700,남,95,1
4139059700,남,100,0
4139059700,여,0,650
4139059700,여,5,1145
4139059700,여,10,1261
4139059700,여,15,1017
4139059700,여,20,902
4139059700,여,25,1515
4139059700,여,30,1408
4139059700,여,35,1448
4139059700,여,40,2017
4139059700,여,45,1583
4139059700,여,50,1385
4139059700,여,55,1022
4139059700,여,60,705
4139059700,여,65,431
4139059700,여,70,191
4139059700,여,75,106
4139059700,여,80,79
4139059700,여,85,52
4139059700,여,90,24
4139059700,여,95,5
4139059700,여,100,1
4139062100,남,0,12
4139062100,남,5,11
4139062100,남,10,8
4139062100,남,15,12
4139062100,남,20,35
4139062100,남,25,39
4139062100,남,30,63
4139062100,남,35,47
4139062100,남,40,55
4139062100,남,45,48
4139062100,남,50,73
4139062100,남,55,133
4139062100,남,60,179
4139062100,남,65,166
4139062100,남,70,96
4139062100,남,75,78
4139062100,남,80,32
4139062100,남,85,16
4139062100,남,90,3
4139062100,남,95,1
4139062100,남,100,0
4139062100,여,0,13
4139062100,여,5,8
4139062100,여,10,11
4139062100,여,15,8
4139062100,여,20,19
4139062100,여,25,34
4139062100,여,30,29
4139062100,여,35,27
4139062100,여,40,30
4139062100,여,45,21
4139062100,여,50,26
4139062100,여,55,69
4139062100,여,60,113
4139062100,여,65,106
4139062100,여,70,71
4139062100,여,75,42
4139062100,여,80,41
4139062100,여,85,21
4139062100,여,90,8
4139062100,여,95,3
4139062100,여,100,0
4139063000,남,0,412
4139063000,남,5,475
4139063000,남,10,508
4139063000,남,15,675
4139063000,남,20,827
4139063000,남,25,888
4139063000,남,30,906
4139063000,남,35,783
4139063000,남,40,875
4139063000,남,45,939
4139063000,남,50,1263
4139063000,남,55,1306
4139063000,남,60,1000
4139063000,남,65,571
4139063000,남,70,306
4139063000,남,75,239
4139063000,남,80,163
4139063000,남,85,80
4139063000,남,90,16
4139063000,남,95,4
4139063000,남,100,0
4139063000,여,0,375
4139063000,여,5,450
4139063000,여,10,495
4139063000,여,15,628
4139063000,여,20,688
4139063000,여,25,867
4139063000,여,30,826
4139063000,여,35,678
4139063000,여,40,795
4139063000,여,45,910
4139063000,여,50,1283
4139063000,여,55,1199
4139063000,여,60,824
4139063000,여,65,540
4139063000,여,70,344
4139063000,여,75,298
4139063000,여,80,291
4139063000,여,85,166
4139063000,여,90,53
4139063000,여,95,24
4139063000,여,100,0
4139063100,남,0,1414
4139063100,남,5,1545
4139063100,남,10,1471
4139063100,남,15,1273
4139063100,남,20,1252
4139063100,남,25,1171
4139063100,남,30,2021
4139063100,남,35,2195
4139063100,남,40,2394
4139063100,남,45,2015
4139063100,남,50,1892
4139063100,남,55,1639
4139063100,남,60,1407
4139063100,남,65,848
4139063100,남,70,443
4139063100,남,75,280
4139063100,남,80,146
4139063100,남,85,69
4139063100,남,90,23
4139063100,남,95,7
4139063100,남,100,0
4139063100,여,0,1396
4139063100,여,5,1508
4139063100,여,10,1393
4139063100,여,15,1133
4139063100,여,20,1108
4139063100,여,25,1341
4139063100,여,30,2223
4139063100,여,35,2105
4139063100,여,40,2317
4139063100,여,45,1923
4139063100,여,50,1884
4139063100,여,55,1568
4139063100,여,60,1155
4139063100,여,65,817
4139063100,여,70,459
4139063100,여,75,355
4139063100,여,80,271
4139063100,여,85,179
4139063100,여,90,69
4139063100,여,95,14
4139063100,여,100,5
4139064000,남,0,492
4139064000,남,5,627
4139064000,남,10,648
4139064000,남,15,720
4139064000,남,20,766
4139064000,남,25,767
4139064000,남,30,888
4139064000,남,35,946
4139064000,남,40,1081
4139064000,남,45,951
4139064000,남,50,1168
4139064000,남,55,1084
4139064000,남,60,931
4139064000,남,65,555
4139064000,남,70,354
4139064000,남,75,198
4139064000,남,80,148
4139064000,남,85,61
4139064000,남,90,18
4139064000,남,95,5
4139064000,남,100,0
4139064000,여,0,468
4139064000,여,5,577
4139064000,여,10,638
4139064000,여,15,675
4139064000,여,20,735
4139064000,여,25,867
4139064000,여,30,890
4139064000,여,35,850
4139064000,여,40,1018
4139064000,여,45,1041
4139064000,여,50,1270
4139064000,여,55,1099
4139064000,여,60,783
4139064000,여,65,583
4139064000,여,70,357
4139064000,여,75,304
4139064000,여,80,232
4139064000,여,85,154
4139064000,여,90,63
4139064000,여,95,24
4139064000,여,100,4
4139065000,남,0,391
4139065000,남,5,322
4139065000,남,10,177
4139065000,남,15,109
4139065000,남,20,193
4139065000,남,25,501
4139065000,남,30,890
4139065000,남,35,992
4139065000,남,40,1006
4139065000,남,45,706
4139065000,남,50,482
4139065000,남,55,362
4139065000,남,60,213
4139065000,남,65,104
4139065000,남,70,48
4139065000,남,75,20
4139065000,남,80,13
4139065000,남,85,4
4139065000,남,90,0
4139065000,남,95,0
4139065000,남,100,0
4139065000,여,0,375
4139065000,여,5,329
4139065000,여,10,186
4139065000,여,15,124
4139065000,여,20,133
4139065000,여,25,239
4139065000,여,30,543
4139065000,여,35,588
4139065000,여,40,533
4139065000,여,45,309
4139065000,여,50,262
4139065000,여,55,178
4139065000,여,60,156
4139065000,여,65,79
4139065000,여,70,37
4139065000,여,75,17
4139065000,여,80,18
4139065000,여,85,8
4139065000,여,90,8
4139065000,여,95,2
4139065000,여,100,0
4141051000,남,0,289
4141051000,남,5,445
4141051000,남,10,536
4141051000,남,15,644
4141051000,남,20,958
4141051000,남,25,1494
4141051000,남,30,1441
4141051000,남,35,1031
4141051000,남,40,1286
4141051000,남,45,1108
4141051000,남,50,1572
4141051000,남,55,1626
4141051000,남,60,1671
4141051000,남,65,1179
4141051000,남,70,669
4141051000,남,75,425
4141051000,남,80,250
4141051000,남,85,125
4141051000,남,90,37
4141051000,남,95,8
4141051000,남,100,0
4141051000,여,0,301
4141051000,여,5,419
4141051000,여,10,488
4141051000,여,15,590
4141051000,여,20,886
4141051000,여,25,1178
4141051000,여,30,1022
4141051000,여,35,836
4141051000,여,40,977
4141051000,여,45,952
4141051000,여,50,1478
4141051000,여,55,1480
4141051000,여,60,1519
4141051000,여,65,1111
4141051000,여,70,630
4141051000,여,75,500
4141051000,여,80,363
4141051000,여,85,236
4141051000,여,90,95
4141051000,여,95,24
4141051000,여,100,4
4141052000,남,0,477
4141052000,남,5,779
4141052000,남,10,1174
4141052000,남,15,1189
4141052000,남,20,1300
4141052000,남,25,1421
4141052000,남,30,1471
4141052000,남,35,1248
4141052000,남,40,1537
4141052000,남,45,1577
4141052000,남,50,1815
4141052000,남,55,1857
4141052000,남,60,1842
4141052000,남,65,1324
4141052000,남,70,674
4141052000,남,75,488
4141052000,남,80,291
4141052000,남,85,129
4141052000,남,90,46
4141052000,남,95,9
4141052000,남,100,1
4141052000,여,0,441
4141052000,여,5,818
4141052000,여,10,1046
4141052000,여,15,1071
4141052000,여,20,1228
4141052000,여,25,1282
4141052000,여,30,1326
4141052000,여,35,1169
4141052000,여,40,1561
4141052000,여,45,1736
4141052000,여,50,2011
4141052000,여,55,2010
4141052000,여,60,1942
4141052000,여,65,1264
4141052000,여,70,740
4141052000,여,75,545
4141052000,여,80,405
4141052000,여,85,275
4141052000,여,90,106
4141052000,여,95,29
4141052000,여,100,1
4141054000,남,0,98
4141054000,남,5,128
4141054000,남,10,155
4141054000,남,15,172
4141054000,남,20,370
4141054000,남,25,757
4141054000,남,30,787
4141054000,남,35,494
4141054000,남,40,496
4141054000,남,45,448
4141054000,남,50,573
4141054000,남,55,682
4141054000,남,60,759
4141054000,남,65,635
4141054000,남,70,396
4141054000,남,75,286
4141054000,남,80,179
4141054000,남,85,71
4141054000,남,90,22
4141054000,남,95,4
4141054000,남,100,0
4141054000,여,0,112
4141054000,여,5,92
4141054000,여,10,140
4141054000,여,15,179
4141054000,여,20,309
4141054000,여,25,573
4141054000,여,30,528
4141054000,여,35,353
4141054000,여,40,333
4141054000,여,45,378
4141054000,여,50,611
4141054000,여,55,721
4141054000,여,60,861
4141054000,여,65,693
4141054000,여,70,468
4141054000,여,75,339
4141054000,여,80,284
4141054000,여,85,149
4141054000,여,90,86
4141054000,여,95,13
4141054000,여,100,1
4141055000,남,0,323
4141055000,남,5,487
4141055000,남,10,604
4141055000,남,15,652
4141055000,남,20,705
4141055000,남,25,792
4141055000,남,30,856
4141055000,남,35,786
4141055000,남,40,889
4141055000,남,45,881
4141055000,남,50,1066
4141055000,남,55,1068
4141055000,남,60,1076
4141055000,남,65,927
4141055000,남,70,464
4141055000,남,75,310
4141055000,남,80,199
4141055000,남,85,104
4141055000,남,90,37
4141055000,남,95,9
4141055000,남,100,0
4141055000,여,0,329
4141055000,여,5,443
4141055000,여,10,613
4141055000,여,15,647
4141055000,여,20,630
4141055000,여,25,783
4141055000,여,30,800
4141055000,여,35,815
4141055000,여,40,963
4141055000,여,45,1006
4141055000,여,50,1181
4141055000,여,55,1192
4141055000,여,60,1225
4141055000,여,65,940
4141055000,여,70,501
4141055000,여,75,376
4141055000,여,80,315
4141055000,여,85,210
4141055000,여,90,86
4141055000,여,95,23
4141055000,여,100,8
4141056000,남,0,224
4141056000,남,5,241
4141056000,남,10,274
4141056000,남,15,323
4141056000,남,20,549
4141056000,남,25,894
4141056000,남,30,968
4141056000,남,35,737
4141056000,남,40,764
4141056000,남,45,705
4141056000,남,50,867
4141056000,남,55,972
4141056000,남,60,929
4141056000,남,65,708
4141056000,남,70,435
4141056000,남,75,234
4141056000,남,80,143
4141056000,남,85,58
4141056000,남,90,10
4141056000,남,95,3
4141056000,남,100,1
4141056000,여,0,160
4141056000,여,5,214
4141056000,여,10,236
4141056000,여,15,306
4141056000,여,20,488
4141056000,여,25,802
4141056000,여,30,732
4141056000,여,35,591
4141056000,여,40,589
4141056000,여,45,567
4141056000,여,50,840
4141056000,여,55,885
4141056000,여,60,931
4141056000,여,65,757
4141056000,여,70,372
4141056000,여,75,269
4141056000,여,80,210
4141056000,여,85,145
4141056000,여,90,58
4141056000,여,95,15
4141056000,여,100,2
4141057000,남,0,163
4141057000,남,5,219
4141057000,남,10,261
4141057000,남,15,327
4141057000,남,20,465
4141057000,남,25,654
4141057000,남,30,855
4141057000,남,35,658
4141057000,남,40,589
4141057000,남,45,523
4141057000,남,50,752
4141057000,남,55,648
4141057000,남,60,656
4141057000,남,65,597
4141057000,남,70,350
4141057000,남,75,240
4141057000,남,80,167
4141057000,남,85,93
4141057000,남,90,30
4141057000,남,95,7
4141057000,남,100,0
4141057000,여,0,161
4141057000,여,5,185
4141057000,여,10,236
4141057000,여,15,310
4141057000,여,20,427
4141057000,여,25,637
4141057000,여,30,770
4141057000,여,35,576
4141057000,여,40,590
4141057000,여,45,569
4141057000,여,50,807
4141057000,여,55,783
4141057000,여,60,843
4141057000,여,65,730
4141057000,여,70,431
4141057000,여,75,339
4141057000,여,80,347
4141057000,여,85,231
4141057000,여,90,101
4141057000,여,95,23
4141057000,여,100,1
4141058000,남,0,331
4141058000,남,5,305
4141058000,남,10,433
4141058000,남,15,477
4141058000,남,20,604
4141058000,남,25,664
4141058000,남,30,884
4141058000,남,35,767
4141058000,남,40,801
4141058000,남,45,715
4141058000,남,50,913
4141058000,남,55,747
4141058000,남,60,710
4141058000,남,65,574
4141058000,남,70,298
4141058000,남,75,208
4141058000,남,80,177
4141058000,남,85,110
4141058000,남,90,32
4141058000,남,95,6
4141058000,남,100,1
4141058000,여,0,262
4141058000,여,5,328
4141058000,여,10,430
4141058000,여,15,445
4141058000,여,20,521
4141058000,여,25,640
4141058000,여,30,882
4141058000,여,35,768
4141058000,여,40,823
4141058000,여,45,842
4141058000,여,50,994
4141058000,여,55,811
4141058000,여,60,868
4141058000,여,65,665
4141058000,여,70,349
4141058000,여,75,330
4141058000,여,80,276
4141058000,여,85,166
4141058000,여,90,71
4141058000,여,95,10
4141058000,여,100,1
4141059000,남,0,152
4141059000,남,5,187
4141059000,남,10,297
4141059000,남,15,376
4141059000,남,20,425
4141059000,남,25,492
4141059000,남,30,550
4141059000,남,35,429
4141059000,남,40,478
4141059000,남,45,512
4141059000,남,50,737
4141059000,남,55,648
4141059000,남,60,632
4141059000,남,65,474
4141059000,남,70,308
4141059000,남,75,228
4141059000,남,80,198
4141059000,남,85,113
4141059000,남,90,46
4141059000,남,95,7
4141059000,남,100,2
4141059000,여,0,122
4141059000,여,5,187
4141059000,여,10,293
4141059000,여,15,334
4141059000,여,20,396
4141059000,여,25,473
4141059000,여,30,510
4141059000,여,35,404
4141059000,여,40,505
4141059000,여,45,619
4141059000,여,50,741
4141059000,여,55,704
4141059000,여,60,750
4141059000,여,65,590
4141059000,여,70,387
4141059000,여,75,337
4141059000,여,80,307
4141059000,여,85,240
4141059000,여,90,89
4141059000,여,95,21
4141059000,여,100,1
4141060000,남,0,211
4141060000,남,5,456
4141060000,남,10,716
4141060000,남,15,695
4141060000,남,20,660
4141060000,남,25,572
4141060000,남,30,507
4141060000,남,35,490
4141060000,남,40,656
4141060000,남,45,837
4141060000,남,50,1053
4141060000,남,55,825
4141060000,남,60,717
4141060000,남,65,459
4141060000,남,70,282
4141060000,남,75,173
4141060000,남,80,161
4141060000,남,85,91
4141060000,남,90,32
4141060000,남,95,8
4141060000,남,100,0
4141060000,여,0,193
4141060000,여,5,400
4141060000,여,10,623
4141060000,여,15,717
4141060000,여,20,642
4141060000,여,25,495
4141060000,여,30,455
4141060000,여,35,492
4141060000,여,40,816
4141060000,여,45,955
4141060000,여,50,1149
4141060000,여,55,857
4141060000,여,60,711
4141060000,여,65,498
4141060000,여,70,301
4141060000,여,75,241
4141060000,여,80,233
4141060000,여,85,186
4141060000,여,90,70
4141060000,여,95,16
4141060000,여,100,3
4141061000,남,0,99
4141061000,남,5,141
4141061000,남,10,201
4141061000,남,15,228
4141061000,남,20,244
4141061000,남,25,252
4141061000,남,30,309
4141061000,남,35,265
4141061000,남,40,325
4141061000,남,45,335
4141061000,남,50,453
4141061000,남,55,417
4141061000,남,60,460
4141061000,남,65,334
4141061000,남,70,231
4141061000,남,75,156
4141061000,남,80,90
4141061000,남,85,42
4141061000,남,90,17
4141061000,남,95,1
4141061000,남,100,0
4141061000,여,0,106
4141061000,여,5,134
4141061000,여,10,208
4141061000,여,15,200
4141061000,여,20,235
4141061000,여,25,229
4141061000,여,30,287
4141061000,여,35,259
4141061000,여,40,274
4141061000,여,45,344
4141061000,여,50,438
4141061000,여,55,478
4141061000,여,60,434
4141061000,여,65,336
4141061000,여,70,225
4141061000,여,75,166
4141061000,여,80,126
4141061000,여,85,87
4141061000,여,90,33
4141061000,여,95,13
4141061000,여,100,3
4141062000,남,0,271
4141062000,남,5,339
4141062000,남,10,531
4141062000,남,15,648
4141062000,남,20,781
4141062000,남,25,851
4141062000,남,30,869
4141062000,남,35,719
4141062000,남,40,737
4141062000,남,45,824
4141062000,남,50,1190
4141062000,남,55,995
4141062000,남,60,894
4141062000,남,65,710
4141062000,남,70,391
4141062000,남,75,275
4141062000,남,80,204
4141062000,남,85,112
4141062000,남,90,54
4141062000,남,95,9
4141062000,남,100,4
4141062000,여,0,247
4141062000,여,5,329
4141062000,여,10,500
4141062000,여,15,606
4141062000,여,20,723
4141062000,여,25,829
4141062000,여,30,821
4141062000,여,35,626
4141062000,여,40,807
4141062000,여,45,958
4141062000,여,50,1264
4141062000,여,55,1016
4141062000,여,60,975
4141062000,여,65,780
4141062000,여,70,404
4141062000,여,75,377
4141062000,여,80,368
4141062000,여,85,289
4141062000,여,90,122
4141062000,여,95,39
4141062000,여,100,6
4141063000,남,0,416
4141063000,남,5,631
4141063000,남,10,625
4141063000,남,15,531
4141063000,남,20,468
4141063000,남,25,571
4141063000,남,30,740
4141063000,남,35,856
4141063000,남,40,1083
4141063000,남,45,875
4141063000,남,50,774
4141063000,남,55,647
4141063000,남,60,664
4141063000,남,65,552
4141063000,남,70,303
4141063000,남,75,222
4141063000,남,80,95
4141063000,남,85,47
4141063000,남,90,15
4141063000,남,95,1
4141063000,남,100,1
4141063000,여,0,409
4141063000,여,5,578
4141063000,여,10,582
4141063000,여,15,506
4141063000,여,20,486
4141063000,여,25,512
4141063000,여,30,750
4141063000,여,35,843
4141063000,여,40,1022
4141063000,여,45,875
4141063000,여,50,781
4141063000,여,55,763
4141063000,여,60,785
4141063000,여,65,624
4141063000,여,70,310
4141063000,여,75,216
4141063000,여,80,156
4141063000,여,85,89
4141063000,여,90,32
4141063000,여,95,15
4141063000,여,100,2
4143051000,남,0,358
4143051000,남,5,244
4143051000,남,10,203
4143051000,남,15,204
4143051000,남,20,244
4143051000,남,25,504
4143051000,남,30,1087
4143051000,남,35,803
4143051000,남,40,533
4143051000,남,45,335
4143051000,남,50,370
4143051000,남,55,350
4143051000,남,60,459
4143051000,남,65,458
4143051000,남,70,283
4143051000,남,75,194
4143051000,남,80,133
4143051000,남,85,51
4143051000,남,90,15
4143051000,남,95,6
4143051000,남,100,2
4143051000,여,0,342
4143051000,여,5,203
4143051000,여,10,172
4143051000,여,15,192
4143051000,여,20,228
4143051000,여,25,553
4143051000,여,30,1044
4143051000,여,35,675
4143051000,여,40,418
4143051000,여,45,310
4143051000,여,50,389
4143051000,여,55,421
4143051000,여,60,527
4143051000,여,65,498
4143051000,여,70,295
4143051000,여,75,221
4143051000,여,80,153
4143051000,여,85,79
4143051000,여,90,64
4143051000,여,95,11
4143051000,여,100,3
4143052000,남,0,543
4143052000,남,5,559
4143052000,남,10,584
4143052000,남,15,575
4143052000,남,20,758
4143052000,남,25,1053
4143052000,남,30,1271
4143052000,남,35,1198
4143052000,남,40,1239
4143052000,남,45,1008
4143052000,남,50,1187
4143052000,남,55,1203
4143052000,남,60,1175
4143052000,남,65,993
4143052000,남,70,541
4143052000,남,75,416
4143052000,남,80,274
4143052000,남,85,160
4143052000,남,90,44
4143052000,남,95,5
4143052000,남,100,2
4143052000,여,0,530
4143052000,여,5,560
4143052000,여,10,497
4143052000,여,15,551
4143052000,여,20,662
4143052000,여,25,896
4143052000,여,30,1200
4143052000,여,35,1020
4143052000,여,40,1003
4143052000,여,45,895
4143052000,여,50,1191
4143052000,여,55,1253
4143052000,여,60,1230
4143052000,여,65,1002
4143052000,여,70,585
4143052000,여,75,517
4143052000,여,80,471
4143052000,여,85,308
4143052000,여,90,120
4143052000,여,95,32
4143052000,여,100,2
4143053000,남,0,448
4143053000,남,5,635
4143053000,남,10,813
4143053000,남,15,917
4143053000,남,20,1057
4143053000,남,25,1158
4143053000,남,30,1011
4143053000,남,35,994
4143053000,남,40,1249
4143053000,남,45,1175
4143053000,남,50,1503
4143053000,남,55,1523
4143053000,남,60,1467
4143053000,남,65,1265
4143053000,남,70,767
4143053000,남,75,472
4143053000,남,80,290
4143053000,남,85,115
4143053000,남,90,28
4143053000,남,95,2
4143053000,남,100,0
4143053000,여,0,401
4143053000,여,5,629
4143053000,여,10,745
4143053000,여,15,813
4143053000,여,20,958
4143053000,여,25,973
4143053000,여,30,928
4143053000,여,35,983
4143053000,여,40,1284
4143053000,여,45,1267
4143053000,여,50,1716
4143053000,여,55,1534
4143053000,여,60,1619
4143053000,여,65,1343
4143053000,여,70,746
4143053000,여,75,479
4143053000,여,80,368
4143053000,여,85,213
4143053000,여,90,93
4143053000,여,95,26
4143053000,여,100,4
4143054000,남,0,238
4143054000,남,5,367
4143054000,남,10,437
4143054000,남,15,487
4143054000,남,20,662
4143054000,남,25,745
4143054000,남,30,624
4143054000,남,35,506
4143054000,남,40,679
4143054000,남,45,656
4143054000,남,50,829
4143054000,남,55,953
4143054000,남,60,999
4143054000,남,65,709
4143054000,남,70,372
4143054000,남,75,244
4143054000,남,80,152
4143054000,남,85,85
4143054000,남,90,25
4143054000,남,95,2
4143054000,남,100,0
4143054000,여,0,192
4143054000,여,5,382
4143054000,여,10,420
4143054000,여,15,417
4143054000,여,20,642
4143054000,여,25,679
4143054000,여,30,601
4143054000,여,35,546
4143054000,여,40,660
4143054000,여,45,669
4143054000,여,50,989
4143054000,여,55,1029
4143054000,여,60,1052
4143054000,여,65,695
4143054000,여,70,360
4143054000,여,75,302
4143054000,여,80,230
4143054000,여,85,181
4143054000,여,90,76
4143054000,여,95,21
4143054000,여,100,4
4143055000,남,0,392
4143055000,남,5,565
4143055000,남,10,515
4143055000,남,15,489
4143055000,남,20,573
4143055000,남,25,704
4143055000,남,30,792
4143055000,남,35,750
4143055000,남,40,886
4143055000,남,45,738
4143055000,남,50,819
4143055000,남,55,936
4143055000,남,60,853
4143055000,남,65,680
4143055000,남,70,371
4143055000,남,75,191
4143055000,남,80,152
4143055000,남,85,75
4143055000,남,90,20
4143055000,남,95,6
4143055000,남,100,0
4143055000,여,0,346
4143055000,여,5,515
4143055000,여,10,539
4143055000,여,15,457
4143055000,여,20,529
4143055000,여,25,656
4143055000,여,30,736
4143055000,여,35,830
4143055000,여,40,898
4143055000,여,45,719
4143055000,여,50,1017
4143055000,여,55,1002
4143055000,여,60,929
4143055000,여,65,689
4143055000,여,70,346
4143055000,여,75,249
4143055000,여,80,226
4143055000,여,85,159
4143055000,여,90,62
4143055000,여,95,14
4143055000,여,100,5
4143056000,남,0,587
4143056000,남,5,799
4143056000,남,10,753
4143056000,남,15,727
4143056000,남,20,996
4143056000,남,25,1366
4143056000,남,30,1353
4143056000,남,35,1207
4143056000,남,40,1395
4143056000,남,45,1210
4143056000,남,50,1535
4143056000,남,55,1673
4143056000,남,60,1656
4143056000,남,65,1302
4143056000,남,70,716
4143056000,남,75,488
4143056000,남,80,261
4143056000,남,85,103
4143056000,남,90,32
4143056000,남,95,11
4143056000,남,100,1
4143056000,여,0,518
4143056000,여,5,721
4143056000,여,10,761
4143056000,여,15,760
4143056000,여,20,958
4143056000,여,25,1157
4143056000,여,30,1220
4143056000,여,35,1222
4143056000,여,40,1362
4143056000,여,45,1313
4143056000,여,50,1792
4143056000,여,55,1876
4143056000,여,60,1763
4143056000,여,65,1402
4143056000,여,70,714
4143056000,여,75,499
4143056000,여,80,366
4143056000,여,85,285
4143056000,여,90,123
4143056000,여,95,32
4143056000,여,100,8
4145051000,남,0,44
4145051000,남,5,45
4145051000,남,10,77
4145051000,남,15,87
4145051000,남,20,128
4145051000,남,25,218
4145051000,남,30,244
4145051000,남,35,201
4145051000,남,40,227
4145051000,남,45,222
4145051000,남,50,296
4145051000,남,55,377
4145051000,남,60,363
4145051000,남,65,387
4145051000,남,70,226
4145051000,남,75,124
4145051000,남,80,79
4145051000,남,85,35
4145051000,남,90,4
4145051000,남,95,0
4145051000,남,100,0
4145051000,여,0,36
4145051000,여,5,45
4145051000,여,10,80
4145051000,여,15,77
4145051000,여,20,88
4145051000,여,25,149
4145051000,여,30,160
4145051000,여,35,135
4145051000,여,40,169
4145051000,여,45,130
4145051000,여,50,204
4145051000,여,55,279
4145051000,여,60,318
4145051000,여,65,306
4145051000,여,70,212
4145051000,여,75,129
4145051000,여,80,96
4145051000,여,85,77
4145051000,여,90,55
4145051000,여,95,7
4145051000,여,100,0
4145052000,남,0,56
4145052000,남,5,59
4145052000,남,10,74
4145052000,남,15,95
4145052000,남,20,156
4145052000,남,25,341
4145052000,남,30,400
4145052000,남,35,309
4145052000,남,40,299
4145052000,남,45,228
4145052000,남,50,302
4145052000,남,55,285
4145052000,남,60,321
4145052000,남,65,278
4145052000,남,70,161
4145052000,남,75,130
4145052000,남,80,57
4145052000,남,85,32
4145052000,남,90,8
4145052000,남,95,0
4145052000,남,100,0
4145052000,여,0,53
4145052000,여,5,55
4145052000,여,10,66
4145052000,여,15,85
4145052000,여,20,179
4145052000,여,25,300
4145052000,여,30,287
4145052000,여,35,189
4145052000,여,40,225
4145052000,여,45,186
4145052000,여,50,275
4145052000,여,55,281
4145052000,여,60,314
4145052000,여,65,310
4145052000,여,70,190
4145052000,여,75,142
4145052000,여,80,93
4145052000,여,85,56
4145052000,여,90,24
4145052000,여,95,8
4145052000,여,100,1
4145053000,남,0,740
4145053000,남,5,931
4145053000,남,10,974
4145053000,남,15,924
4145053000,남,20,1057
4145053000,남,25,1218
4145053000,남,30,1542
4145053000,남,35,1705
4145053000,남,40,1936
4145053000,남,45,1681
4145053000,남,50,1789
4145053000,남,55,1568
4145053000,남,60,1795
4145053000,남,65,1641
4145053000,남,70,1167
4145053000,남,75,864
4145053000,남,80,504
4145053000,남,85,204
4145053000,남,90,44
4145053000,남,95,9
4145053000,남,100,1
4145053000,여,0,686
4145053000,여,5,914
4145053000,여,10,966
4145053000,여,15,868
4145053000,여,20,947
4145053000,여,25,1182
4145053000,여,30,1571
4145053000,여,35,1582
4145053000,여,40,1767
4145053000,여,45,1647
4145053000,여,50,1801
4145053000,여,55,1743
4145053000,여,60,2105
4145053000,여,65,1946
4145053000,여,70,1222
4145053000,여,75,928
4145053000,여,80,566
4145053000,여,85,336
4145053000,여,90,127
4145053000,여,95,33
4145053000,여,100,9
4145054000,남,0,151
4145054000,남,5,206
4145054000,남,10,207
4145054000,남,15,241
4145054000,남,20,354
4145054000,남,25,494
4145054000,남,30,527
4145054000,남,35,495
4145054000,남,40,567
4145054000,남,45,431
4145054000,남,50,587
4145054000,남,55,593
4145054000,남,60,711
4145054000,남,65,630
4145054000,남,70,427
4145054000,남,75,284
4145054000,남,80,176
4145054000,남,85,73
4145054000,남,90,14
4145054000,남,95,3
4145054000,남,100,0
4145054000,여,0,151
4145054000,여,5,184
4145054000,여,10,175
4145054000,여,15,223
4145054000,여,20,282
4145054000,여,25,395
4145054000,여,30,440
4145054000,여,35,402
4145054000,여,40,463
4145054000,여,45,423
4145054000,여,50,597
4145054000,여,55,648
4145054000,여,60,868
4145054000,여,65,675
4145054000,여,70,446
4145054000,여,75,296
4145054000,여,80,207
4145054000,여,85,111
4145054000,여,90,46
4145054000,여,95,9
4145054000,여,100,1
4145055000,남,0,208
4145055000,남,5,220
4145055000,남,10,244
4145055000,남,15,244
4145055000,남,20,392
4145055000,남,25,593
4145055000,남,30,748
4145055000,남,35,680
4145055000,남,40,690
4145055000,남,45,555
4145055000,남,50,645
4145055000,남,55,774
4145055000,남,60,903
4145055000,남,65,795
4145055000,남,70,531
4145055000,남,75,327
4145055000,남,80,183
4145055000,남,85,73
4145055000,남,90,11
4145055000,남,95,0
4145055000,남,100,1
4145055000,여,0,194
4145055000,여,5,217
4145055000,여,10,214
4145055000,여,15,247
4145055000,여,20,371
4145055000,여,25,521
4145055000,여,30,632
4145055000,여,35,534
4145055000,여,40,539
4145055000,여,45,500
4145055000,여,50,657
4145055000,여,55,819
4145055000,여,60,943
4145055000,여,65,868
4145055000,여,70,569
4145055000,여,75,382
4145055000,여,80,275
4145055000,여,85,151
4145055000,여,90,80
4145055000,여,95,13
4145055000,여,100,4
4145056000,남,0,442
4145056000,남,5,607
4145056000,남,10,682
4145056000,남,15,664
4145056000,남,20,733
4145056000,남,25,875
4145056000,남,30,898
4145056000,남,35,882
4145056000,남,40,1187
4145056000,남,45,1019
4145056000,남,50,1226
4145056000,남,55,1091
4145056000,남,60,981
4145056000,남,65,915
4145056000,남,70,557
4145056000,남,75,451
4145056000,남,80,242
4145056000,남,85,107
4145056000,남,90,28
4145056000,남,95,5
4145056000,남,100,1
4145056000,여,0,408
4145056000,여,5,520
4145056000,여,10,621
4145056000,여,15,633
4145056000,여,20,650
4145056000,여,25,787
4145056000,여,30,804
4145056000,여,35,871
4145056000,여,40,1112
4145056000,여,45,1049
4145056000,여,50,1291
4145056000,여,55,1105
4145056000,여,60,1194
4145056000,여,65,1014
4145056000,여,70,672
4145056000,여,75,518
4145056000,여,80,324
4145056000,여,85,181
4145056000,여,90,91
4145056000,여,95,20
4145056000,여,100,6
4145058000,남,0,32
4145058000,남,5,21
4145058000,남,10,37
4145058000,남,15,34
4145058000,남,20,71
4145058000,남,25,122
4145058000,남,30,126
4145058000,남,35,133
4145058000,남,40,112
4145058000,남,45,99
4145058000,남,50,131
4145058000,남,55,169
4145058000,남,60,176
4145058000,남,65,148
4145058000,남,70,77
4145058000,남,75,57
4145058000,남,80,42
4145058000,남,85,19
4145058000,남,90,4
4145058000,남,95,3
4145058000,남,100,0
4145058000,여,0,23
4145058000,여,5,18
4145058000,여,10,21
4145058000,여,15,32
4145058000,여,20,53
4145058000,여,25,72
4145058000,여,30,103
4145058000,여,35,73
4145058000,여,40,74
4145058000,여,45,77
4145058000,여,50,114
4145058000,여,55,133
4145058000,여,60,140
4145058000,여,65,111
4145058000,여,70,78
4145058000,여,75,55
4145058000,여,80,41
4145058000,여,85,37
4145058000,여,90,9
4145058000,여,95,5
4145058000,여,100,0
4145058200,남,0,1247
4145058200,남,5,1834
4145058200,남,10,1234
4145058200,남,15,857
4145058200,남,20,865
4145058200,남,25,910
4145058200,남,30,1428
4145058200,남,35,1973
4145058200,남,40,2406
4145058200,남,45,1693
4145058200,남,50,1461
4145058200,남,55,1106
4145058200,남,60,983
4145058200,남,65,742
4145058200,남,70,449
4145058200,남,75,352
4145058200,남,80,149
4145058200,남,85,57
4145058200,남,90,21
4145058200,남,95,3
4145058200,남,100,1
4145058200,여,0,1116
4145058200,여,5,1772
4145058200,여,10,1157
4145058200,여,15,870
4145058200,여,20,761
4145058200,여,25,988
4145058200,여,30,1793
4145058200,여,35,2175
4145058200,여,40,2252
4145058200,여,45,1555
4145058200,여,50,1384
4145058200,여,55,1087
4145058200,여,60,966
4145058200,여,65,780
4145058200,여,70,503
4145058200,여,75,289
4145058200,여,80,203
4145058200,여,85,147
4145058200,여,90,73
4145058200,여,95,20
4145058200,여,100,3
4145058500,남,0,833
4145058500,남,5,1398
4145058500,남,10,1268
4145058500,남,15,898
4145058500,남,20,791
4145058500,남,25,898
4145058500,남,30,959
4145058500,남,35,1292
4145058500,남,40,1945
4145058500,남,45,1712
4145058500,남,50,1447
4145058500,남,55,1276
4145058500,남,60,1056
4145058500,남,65,765
4145058500,남,70,412
4145058500,남,75,250
4145058500,남,80,111
4145058500,남,85,36
4145058500,남,90,9
4145058500,남,95,1
4145058500,남,100,2
4145058500,여,0,759
4145058500,여,5,1374
4145058500,여,10,1326
4145058500,여,15,872
4145058500,여,20,749
4145058500,여,25,954
4145058500,여,30,1138
4145058500,여,35,1580
4145058500,여,40,2206
4145058500,여,45,1592
4145058500,여,50,1431
4145058500,여,55,1240
4145058500,여,60,1094
4145058500,여,65,716
4145058500,여,70,366
4145058500,여,75,206
4145058500,여,80,148
4145058500,여,85,93
4145058500,여,90,42
4145058500,여,95,13
4145058500,여,100,1
4145059000,남,0,5
4145059000,남,5,14
4145059000,남,10,12
4145059000,남,15,13
4145059000,남,20,26
4145059000,남,25,53
4145059000,남,30,44
4145059000,남,35,52
4145059000,남,40,45
4145059000,남,45,59
4145059000,남,50,87
4145059000,남,55,128
4145059000,남,60,137
4145059000,남,65,105
4145059000,남,70,45
4145059000,남,75,36
4145059000,남,80,23
4145059000,남,85,16
4145059000,남,90,4
4145059000,남,95,0
4145059000,남,100,0
4145059000,여,0,8
4145059000,여,5,11
4145059000,여,10,7
4145059000,여,15,6
4145059000,여,20,12
4145059000,여,25,27
4145059000,여,30,40
4145059000,여,35,21
4145059000,여,40,25
4145059000,여,45,21
4145059000,여,50,43
4145059000,여,55,52
4145059000,여,60,70
4145059000,여,65,66
4145059000,여,70,40
4145059000,여,75,34
4145059000,여,80,21
4145059000,여,85,18
4145059000,여,90,6
4145059000,여,95,2
4145059000,여,100,0
4145060000,남,0,27
4145060000,남,5,28
4145060000,남,10,28
4145060000,남,15,34
4145060000,남,20,65
4145060000,남,25,135
4145060000,남,30,139
4145060000,남,35,106
4145060000,남,40,121
4145060000,남,45,98
4145060000,남,50,156
4145060000,남,55,173
4145060000,남,60,220
4145060000,남,65,176
4145060000,남,70,109
4145060000,남,75,61
4145060000,남,80,45
4145060000,남,85,19
4145060000,남,90,6
4145060000,남,95,1
4145060000,남,100,0
4145060000,여,0,35
4145060000,여,5,28
4145060000,여,10,40
4145060000,여,15,30
4145060000,여,20,56
4145060000,여,25,83
4145060000,여,30,116
4145060000,여,35,53
4145060000,여,40,69
4145060000,여,45,62
4145060000,여,50,95
4145060000,여,55,130
4145060000,여,60,162
4145060000,여,65,137
4145060000,여,70,83
4145060000,여,75,55
4145060000,여,80,67
4145060000,여,85,42
4145060000,여,90,15
4145060000,여,95,1
4145060000,여,100,0
4145061000,남,0,834
4145061000,남,5,1144
4145061000,남,10,1411
4145061000,남,15,1047
4145061000,남,20,1203
4145061000,남,25,2444
4145061000,남,30,3220
4145061000,남,35,2613
4145061000,남,40,2859
4145061000,남,45,2383
4145061000,남,50,2182
4145061000,남,55,1441
4145061000,남,60,1249
4145061000,남,65,910
4145061000,남,70,629
4145061000,남,75,460
4145061000,남,80,233
4145061000,남,85,79
4145061000,남,90,24
4145061000,남,95,1
4145061000,남,100,1
4145061000,여,0,765
4145061000,여,5,1109
4145061000,여,10,1335
4145061000,여,15,1121
4145061000,여,20,1621
4145061000,여,25,3229
4145061000,여,30,3309
4145061000,여,35,2412
4145061000,여,40,2823
4145061000,여,45,2219
4145061000,여,50,1943
4145061000,여,55,1411
4145061000,여,60,1274
4145061000,여,65,1103
4145061000,여,70,785
4145061000,여,75,433
4145061000,여,80,284
4145061000,여,85,181
4145061000,여,90,68
4145061000,여,95,23
4145061000,여,100,2
4145062000,남,0,867
4145062000,남,5,1412
4145062000,남,10,1875
4145062000,남,15,1281
4145062000,남,20,970
4145062000,남,25,932
4145062000,남,30,1125
4145062000,남,35,1514
4145062000,남,40,2574
4145062000,남,45,2556
4145062000,남,50,2115
4145062000,남,55,1401
4145062000,남,60,1305
4145062000,남,65,1130
4145062000,남,70,837
4145062000,남,75,602
4145062000,남,80,270
4145062000,남,85,93
4145062000,남,90,22
4145062000,남,95,3
4145062000,남,100,0
4145062000,여,0,769
4145062000,여,5,1353
4145062000,여,10,1883
4145062000,여,15,1247
4145062000,여,20,871
4145062000,여,25,943
4145062000,여,30,1367
4145062000,여,35,1784
4145062000,여,40,2895
4145062000,여,45,2432
4145062000,여,50,1817
4145062000,여,55,1386
4145062000,여,60,1465
4145062000,여,65,1355
4145062000,여,70,869
4145062000,여,75,578
4145062000,여,80,369
4145062000,여,85,233
4145062000,여,90,101
4145062000,여,95,24
4145062000,여,100,5
4145063000,남,0,556
4145063000,남,5,1215
4145063000,남,10,1030
4145063000,남,15,748
4145063000,남,20,607
4145063000,남,25,779
4145063000,남,30,878
4145063000,남,35,1005
4145063000,남,40,1877
4145063000,남,45,1483
4145063000,남,50,1193
4145063000,남,55,920
4145063000,남,60,803
4145063000,남,65,666
4145063000,남,70,412
4145063000,남,75,274
4145063000,남,80,120
4145063000,남,85,45
4145063000,남,90,17
4145063000,남,95,1
4145063000,남,100,0
4145063000,여,0,543
4145063000,여,5,1164
4145063000,여,10,1059
4145063000,여,15,742
4145063000,여,20,673
4145063000,여,25,819
4145063000,여,30,898
4145063000,여,35,1297
4145063000,여,40,1892
4145063000,여,45,1353
4145063000,여,50,1120
4145063000,여,55,956
4145063000,여,60,884
4145063000,여,65,669
4145063000,여,70,424
4145063000,여,75,227
4145063000,여,80,162
4145063000,여,85,111
4145063000,여,90,50
4145063000,여,95,19
4145063000,여,100,3
4146125000,남,0,278
4146125000,남,5,495
4146125000,남,10,759
4146125000,남,15,1089
4146125000,남,20,1103
4146125000,남,25,1306
4146125000,남,30,1099
4146125000,남,35,847
4146125000,남,40,1203
4146125000,남,45,1406
4146125000,남,50,1709
4146125000,남,55,1550
4146125000,남,60,1389
4146125000,남,65,928
4146125000,남,70,542
4146125000,남,75,415
4146125000,남,80,259
4146125000,남,85,138
4146125000,남,90,34
4146125000,남,95,1
4146125000,남,100,0
4146125000,여,0,241
4146125000,여,5,446
4146125000,여,10,775
4146125000,여,15,909
4146125000,여,20,928
4146125000,여,25,972
4146125000,여,30,784
4146125000,여,35,674
4146125000,여,40,1174
4146125000,여,45,1376
4146125000,여,50,1520
4146125000,여,55,1439
4146125000,여,60,1201
4146125000,여,65,962
4146125000,여,70,679
4146125000,여,75,518
4146125000,여,80,445
4146125000,여,85,268
4146125000,여,90,99
4146125000,여,95,29
4146125000,여,100,1
4146125300,남,0,211
4146125300,남,5,449
4146125300,남,10,643
4146125300,남,15,612
4146125300,남,20,841
4146125300,남,25,893
4146125300,남,30,707
4146125300,남,35,696
4146125300,남,40,1029
4146125300,남,45,1132
4146125300,남,50,1330
4146125300,남,55,1312
4146125300,남,60,1248
4146125300,남,65,993
4146125300,남,70,619
4146125300,남,75,424
4146125300,남,80,242
4146125300,남,85,131
4146125300,남,90,25
4146125300,남,95,6
4146125300,남,100,1
4146125300,여,0,227
4146125300,여,5,406
4146125300,여,10,571
4146125300,여,15,553
4146125300,여,20,755
4146125300,여,25,653
4146125300,여,30,596
4146125300,여,35,590
4146125300,여,40,956
4146125300,여,45,985
4146125300,여,50,1164
4146125300,여,55,1129
4146125300,여,60,1066
4146125300,여,65,988
4146125300,여,70,617
4146125300,여,75,462
4146125300,여,80,395
4146125300,여,85,223
4146125300,여,90,88
4146125300,여,95,35
4146125300,여,100,5
4146125600,남,0,171
4146125600,남,5,349
4146125600,남,10,425
4146125600,남,15,442
4146125600,남,20,484
4146125600,남,25,637
4146125600,남,30,656
4146125600,남,35,583
4146125600,남,40,775
4146125600,남,45,830
4146125600,남,50,979
4146125600,남,55,971
4146125600,남,60,992
4146125600,남,65,806
4146125600,남,70,440
4146125600,남,75,314
4146125600,남,80,196
4146125600,남,85,110
4146125600,남,90,24
4146125600,남,95,5
4146125600,남,100,1
4146125600,여,0,185
4146125600,여,5,332
4146125600,여,10,413
4146125600,여,15,380
4146125600,여,20,403
4146125600,여,25,425
4146125600,여,30,441
4146125600,여,35,453
4146125600,여,40,670
4146125600,여,45,668
4146125600,여,50,845
4146125600,여,55,915
4146125600,여,60,988
4146125600,여,65,774
4146125600,여,70,545
4146125600,여,75,393
4146125600,여,80,361
4146125600,여,85,215
4146125600,여,90,107
4146125600,여,95,32
4146125600,여,100,3
4146125900,남,0,467
4146125900,남,5,784
4146125900,남,10,806
4146125900,남,15,518
4146125900,남,20,330
4146125900,남,25,496
4146125900,남,30,701
4146125900,남,35,904
4146125900,남,40,1317
4146125900,남,45,1147
4146125900,남,50,892
4146125900,남,55,803
4146125900,남,60,804
4146125900,남,65,773
4146125900,남,70,507
4146125900,남,75,401
4146125900,남,80,201
4146125900,남,85,91
4146125900,남,90,25
4146125900,남,95,4
4146125900,남,100,1
4146125900,여,0,429
4146125900,여,5,770
4146125900,여,10,842
4146125900,여,15,522
4146125900,여,20,249
4146125900,여,25,427
4146125900,여,30,673
4146125900,여,35,877
4146125900,여,40,1336
4146125900,여,45,947
4146125900,여,50,776
4146125900,여,55,791
4146125900,여,60,840
4146125900,여,65,753
4146125900,여,70,546
4146125900,여,75,378
4146125900,여,80,256
4146125900,여,85,191
4146125900,여,90,67
4146125900,여,95,17
4146125900,여,100,1
4146134000,남,0,42
4146134000,남,5,67
4146134000,남,10,119
4146134000,남,15,466
4146134000,남,20,198
4146134000,남,25,218
4146134000,남,30,180
4146134000,남,35,179
4146134000,남,40,227
4146134000,남,45,236
4146134000,남,50,366
4146134000,남,55,408
4146134000,남,60,535
4146134000,남,65,419
4146134000,남,70,315
4146134000,남,75,207
4146134000,남,80,163
4146134000,남,85,58
4146134000,남,90,19
4146134000,남,95,2
4146134000,남,100,1
4146134000,여,0,36
4146134000,여,5,74
4146134000,여,10,114
4146134000,여,15,398
4146134000,여,20,186
4146134000,여,25,129
4146134000,여,30,121
4146134000,여,35,116
4146134000,여,40,193
4146134000,여,45,196
4146134000,여,50,270
4146134000,여,55,372
4146134000,여,60,464
4146134000,여,65,408
4146134000,여,70,299
4146134000,여,75,212
4146134000,여,80,179
4146134000,여,85,129
4146134000,여,90,64
4146134000,여,95,15
4146134000,여,100,0
4146135000,남,0,31
4146135000,남,5,64
4146135000,남,10,89
4146135000,남,15,244
4146135000,남,20,204
4146135000,남,25,214
4146135000,남,30,206
4146135000,남,35,173
4146135000,남,40,252
4146135000,남,45,287
4146135000,남,50,368
4146135000,남,55,478
4146135000,남,60,551
4146135000,남,65,479
4146135000,남,70,337
4146135000,남,75,217
4146135000,남,80,128
4146135000,남,85,97
4146135000,남,90,25
4146135000,남,95,3
4146135000,남,100,0
4146135000,여,0,32
4146135000,여,5,53
4146135000,여,10,71
4146135000,여,15,196
4146135000,여,20,131
4146135000,여,25,126
4146135000,여,30,128
4146135000,여,35,123
4146135000,여,40,158
4146135000,여,45,180
4146135000,여,50,250
4146135000,여,55,319
4146135000,여,60,503
4146135000,여,65,436
4146135000,여,70,295
4146135000,여,75,220
4146135000,여,80,252
4146135000,여,85,195
4146135000,여,90,71
4146135000,여,95,5
4146135000,여,100,1
4146136000,남,0,211
4146136000,남,5,335
4146136000,남,10,442
4146136000,남,15,938
4146136000,남,20,641
4146136000,남,25,716
4146136000,남,30,810
4146136000,남,35,661
4146136000,남,40,825
4146136000,남,45,848
4146136000,남,50,943
4146136000,남,55,946
4146136000,남,60,984
4146136000,남,65,785
4146136000,남,70,477
4146136000,남,75,276
4146136000,남,80,174
4146136000,남,85,75
4146136000,남,90,27
4146136000,남,95,3
4146136000,남,100,1
4146136000,여,0,217
4146136000,여,5,286
4146136000,여,10,400
4146136000,여,15,702
4146136000,여,20,458
4146136000,여,25,531
4146136000,여,30,601
4146136000,여,35,497
4146136000,여,40,672
4146136000,여,45,668
4146136000,여,50,846
4146136000,여,55,915
4146136000,여,60,914
4146136000,여,65,709
4146136000,여,70,410
4146136000,여,75,285
4146136000,여,80,264
4146136000,여,85,183
4146136000,여,90,83
4146136000,여,95,23
4146136000,여,100,6
4146151000,남,0,321
4146151000,남,5,427
4146151000,남,10,484
4146151000,남,15,576
4146151000,남,20,1056
4146151000,남,25,1225
4146151000,남,30,1188
4146151000,남,35,906
4146151000,남,40,1016
4146151000,남,45,1020
4146151000,남,50,1204
4146151000,남,55,1140
4146151000,남,60,1073
4146151000,남,65,834
4146151000,남,70,474
4146151000,남,75,342
4146151000,남,80,207
4146151000,남,85,106
4146151000,남,90,34
4146151000,남,95,5
4146151000,남,100,0
4146151000,여,0,328
4146151000,여,5,415
4146151000,여,10,531
4146151000,여,15,543
4146151000,여,20,957
4146151000,여,25,1037
4146151000,여,30,924
4146151000,여,35,726
4146151000,여,40,915
4146151000,여,45,975
4146151000,여,50,1142
4146151000,여,55,1153
4146151000,여,60,1064
4146151000,여,65,871
4146151000,여,70,607
4146151000,여,75,454
4146151000,여,80,327
4146151000,여,85,219
4146151000,여,90,90
4146151000,여,95,24
4146151000,여,100,5
4146152500,남,0,723
4146152500,남,5,945
4146152500,남,10,925
4146152500,남,15,853
4146152500,남,20,1416
4146152500,남,25,1518
4146152500,남,30,1500
4146152500,남,35,1448
4146152500,남,40,1765
4146152500,남,45,1472
4146152500,남,50,1409
4146152500,남,55,1071
4146152500,남,60,982
4146152500,남,65,701
4146152500,남,70,436
4146152500,남,75,306
4146152500,남,80,192
4146152500,남,85,87
4146152500,남,90,16
4146152500,남,95,2
4146152500,남,100,1
4146152500,여,0,645
4146152500,여,5,902
4146152500,여,10,929
4146152500,여,15,816
4146152500,여,20,1321
4146152500,여,25,1308
4146152500,여,30,1392
4146152500,여,35,1365
4146152500,여,40,1662
4146152500,여,45,1351
4146152500,여,50,1420
4146152500,여,55,1220
4146152500,여,60,1032
4146152500,여,65,765
4146152500,여,70,537
4146152500,여,75,358
4146152500,여,80,260
4146152500,여,85,145
4146152500,여,90,55
4146152500,여,95,7
4146152500,여,100,1
4146152600,남,0,154
4146152600,남,5,234
4146152600,남,10,295
4146152600,남,15,312
4146152600,남,20,442
4146152600,남,25,488
4146152600,남,30,412
4146152600,남,35,370
4146152600,남,40,424
4146152600,남,45,438
4146152600,남,50,607
4146152600,남,55,533
4146152600,남,60,466
4146152600,남,65,331
4146152600,남,70,199
4146152600,남,75,161
4146152600,남,80,100
4146152600,남,85,42
4146152600,남,90,11
4146152600,남,95,2
4146152600,남,100,0
4146152600,여,0,180
4146152600,여,5,227
4146152600,여,10,246
4146152600,여,15,291
4146152600,여,20,337
4146152600,여,25,429
4146152600,여,30,408
4146152600,여,35,328
4146152600,여,40,426
4146152600,여,45,459
4146152600,여,50,680
4146152600,여,55,590
4146152600,여,60,449
4146152600,여,65,371
4146152600,여,70,234
4146152600,여,75,192
4146152600,여,80,127
4146152600,여,85,83
4146152600,여,90,31
4146152600,여,95,7
4146152600,여,100,1
4146153000,남,0,830
4146153000,남,5,1004
4146153000,남,10,1093
4146153000,남,15,1246
4146153000,남,20,1365
4146153000,남,25,1471
4146153000,남,30,1666
4146153000,남,35,1730
4146153000,남,40,2122
4146153000,남,45,1899
4146153000,남,50,2132
4146153000,남,55,1857
4146153000,남,60,1484
4146153000,남,65,1001
4146153000,남,70,592
4146153000,남,75,430
4146153000,남,80,288
4146153000,남,85,126
4146153000,남,90,40
4146153000,남,95,5
4146153000,남,100,0
4146153000,여,0,791
4146153000,여,5,972
4146153000,여,10,1101
4146153000,여,15,1154
4146153000,여,20,1136
4146153000,여,25,1287
4146153000,여,30,1593
4146153000,여,35,1547
4146153000,여,40,1907
4146153000,여,45,1869
4146153000,여,50,2148
4146153000,여,55,1789
4146153000,여,60,1439
4146153000,여,65,1074
4146153000,여,70,687
4146153000,여,75,549
4146153000,여,80,435
4146153000,여,85,231
4146153000,여,90,76
4146153000,여,95,20
4146153000,여,100,2
4146154000,남,0,92
4146154000,남,5,172
4146154000,남,10,243
4146154000,남,15,283
4146154000,남,20,401
4146154000,남,25,454
4146154000,남,30,410
4146154000,남,35,337
4146154000,남,40,404
4146154000,남,45,457
4146154000,남,50,614
4146154000,남,55,645
4146154000,남,60,680
4146154000,남,65,493
4146154000,남,70,325
4146154000,남,75,215
4146154000,남,80,129
4146154000,남,85,55
4146154000,남,90,18
4146154000,남,95,4
4146154000,남,100,0
4146154000,여,0,86
4146154000,여,5,147
4146154000,여,10,213
4146154000,여,15,226
4146154000,여,20,301
4146154000,여,25,368
4146154000,여,30,312
4146154000,여,35,280
4146154000,여,40,356
4146154000,여,45,416
4146154000,여,50,603
4146154000,여,55,647
4146154000,여,60,604
4146154000,여,65,514
4146154000,여,70,352
4146154000,여,75,278
4146154000,여,80,200
4146154000,여,85,100
4146154000,여,90,47
4146154000,여,95,11
4146154000,여,100,3
4146351000,남,0,578
4146351000,남,5,693
4146351000,남,10,813
4146351000,남,15,847
4146351000,남,20,979
4146351000,남,25,1340
4146351000,남,30,1489
4146351000,남,35,1437
4146351000,남,40,1565
4146351000,남,45,1417
4146351000,남,50,1702
4146351000,남,55,1506
4146351000,남,60,1385
4146351000,남,65,994
4146351000,남,70,555
4146351000,남,75,491
4146351000,남,80,367
4146351000,남,85,194
4146351000,남,90,55
4146351000,남,95,5
4146351000,남,100,4
4146351000,여,0,585
4146351000,여,5,638
4146351000,여,10,789
4146351000,여,15,782
4146351000,여,20,1036
4146351000,여,25,1279
4146351000,여,30,1456
4146351000,여,35,1198
4146351000,여,40,1448
4146351000,여,45,1425
4146351000,여,50,1714
4146351000,여,55,1503
4146351000,여,60,1252
4146351000,여,65,1001
4146351000,여,70,796
4146351000,여,75,645
4146351000,여,80,531
4146351000,여,85,281
4146351000,여,90,95
4146351000,여,95,27
4146351000,여,100,2
4146351600,남,0,554
4146351600,남,5,842
4146351600,남,10,1066
4146351600,남,15,984
4146351600,남,20,959
4146351600,남,25,1148
4146351600,남,30,1245
4146351600,남,35,1167
4146351600,남,40,1579
4146351600,남,45,1456
4146351600,남,50,1669
4146351600,남,55,1438
4146351600,남,60,1107
4146351600,남,65,759
4146351600,남,70,408
4146351600,남,75,292
4146351600,남,80,166
4146351600,남,85,65
4146351600,남,90,25
4146351600,남,95,1
4146351600,남,100,0
4146351600,여,0,556
4146351600,여,5,821
4146351600,여,10,976
4146351600,여,15,921
4146351600,여,20,920
4146351600,여,25,1100
4146351600,여,30,1037
4146351600,여,35,1194
4146351600,여,40,1614
4146351600,여,45,1533
4146351600,여,50,1817
4146351600,여,55,1435
4146351600,여,60,1196
4146351600,여,65,783
4146351600,여,70,506
4146351600,여,75,344
4146351600,여,80,250
4146351600,여,85,166
4146351600,여,90,66
4146351600,여,95,21
4146351600,여,100,2
4146351700,남,0,435
4146351700,남,5,557
4146351700,남,10,374
4146351700,남,15,317
4146351700,남,20,489
4146351700,남,25,706
4146351700,남,30,811
4146351700,남,35,868
4146351700,남,40,977
4146351700,남,45,697
4146351700,남,50,745
4146351700,남,55,716
4146351700,남,60,609
4146351700,남,65,474
4146351700,남,70,239
4146351700,남,75,188
4146351700,남,80,137
4146351700,남,85,77
4146351700,남,90,63
4146351700,남,95,10
4146351700,남,100,4
4146351700,여,0,438
4146351700,여,5,511
4146351700,여,10,371
4146351700,여,15,309
4146351700,여,20,423
4146351700,여,25,631
4146351700,여,30,806
4146351700,여,35,886
4146351700,여,40,829
4146351700,여,45,682
4146351700,여,50,832
4146351700,여,55,783
4146351700,여,60,716
4146351700,여,65,484
4146351700,여,70,280
4146351700,여,75,202
4146351700,여,80,221
4146351700,여,85,184
4146351700,여,90,104
4146351700,여,95,33
4146351700,여,100,4
4146352000,남,0,712
4146352000,남,5,924
4146352000,남,10,888
4146352000,남,15,867
4146352000,남,20,1321
4146352000,남,25,1885
4146352000,남,30,1696
4146352000,남,35,1592
4146352000,남,40,1994
4146352000,남,45,1622
4146352000,남,50,1791
4146352000,남,55,1654
4146352000,남,60,1309
4146352000,남,65,902
4146352000,남,70,512
4146352000,남,75,413
4146352000,남,80,292
4146352000,남,85,114
4146352000,남,90,29
4146352000,남,95,5
4146352000,남,100,0
4146352000,여,0,621
4146352000,여,5,840
4146352000,여,10,895
4146352000,여,15,776
4146352000,여,20,1355
4146352000,여,25,1691
4146352000,여,30,1623
4146352000,여,35,1583
4146352000,여,40,1836
4146352000,여,45,1536
4146352000,여,50,1886
4146352000,여,55,1578
4146352000,여,60,1219
4146352000,여,65,901
4146352000,여,70,613
4146352000,여,75,532
4146352000,여,80,345
4146352000,여,85,180
4146352000,여,90,80
4146352000,여,95,28
4146352000,여,100,4
4146353000,남,0,148
4146353000,남,5,212
4146353000,남,10,245
4146353000,남,15,269
4146353000,남,20,413
4146353000,남,25,625
4146353000,남,30,568
4146353000,남,35,441
4146353000,남,40,497
4146353000,남,45,525
4146353000,남,50,666
4146353000,남,55,609
4146353000,남,60,465
4146353000,남,65,300
4146353000,남,70,208
4146353000,남,75,192
4146353000,남,80,170
4146353000,남,85,70
4146353000,남,90,10
4146353000,남,95,2
4146353000,남,100,0
4146353000,여,0,148
4146353000,여,5,167
4146353000,여,10,217
4146353000,여,15,286
4146353000,여,20,337
4146353000,여,25,449
4146353000,여,30,488
4146353000,여,35,340
4146353000,여,40,409
4146353000,여,45,507
4146353000,여,50,610
4146353000,여,55,521
4146353000,여,60,423
4146353000,여,65,358
4146353000,여,70,272
4146353000,여,75,254
4146353000,여,80,188
4146353000,여,85,118
4146353000,여,90,34
4146353000,여,95,4
4146353000,여,100,1
4146353500,남,0,374
4146353500,남,5,681
4146353500,남,10,1031
4146353500,남,15,1102
4146353500,남,20,1026
4146353500,남,25,1041
4146353500,남,30,800
4146353500,남,35,782
4146353500,남,40,1252
4146353500,남,45,1486
4146353500,남,50,1685
4146353500,남,55,1336
4146353500,남,60,1068
4146353500,남,65,824
4146353500,남,70,566
4146353500,남,75,495
4146353500,남,80,372
4146353500,남,85,171
4146353500,남,90,41
4146353500,남,95,14
4146353500,남,100,2
4146353500,여,0,360
4146353500,여,5,673
4146353500,여,10,968
4146353500,여,15,1033
4146353500,여,20,950
4146353500,여,25,915
4146353500,여,30,808
4146353500,여,35,800
4146353500,여,40,1384
4146353500,여,45,1504
4146353500,여,50,1708
4146353500,여,55,1353
4146353500,여,60,1019
4146353500,여,65,951
4146353500,여,70,698
4146353500,여,75,611
4146353500,여,80,458
4146353500,여,85,240
4146353500,여,90,85
4146353500,여,95,28
4146353500,여,100,8
4146354000,남,0,222
4146354000,남,5,405
4146354000,남,10,498
4146354000,남,15,489
4146354000,남,20,601
4146354000,남,25,753
4146354000,남,30,764
4146354000,남,35,612
4146354000,남,40,838
4146354000,남,45,864
4146354000,남,50,978
4146354000,남,55,833
4146354000,남,60,823
4146354000,남,65,660
4146354000,남,70,421
4146354000,남,75,339
4146354000,남,80,239
4146354000,남,85,120
4146354000,남,90,32
4146354000,남,95,3
4146354000,남,100,2
4146354000,여,0,254
4146354000,여,5,375
4146354000,여,10,524
4146354000,여,15,475
4146354000,여,20,496
4146354000,여,25,589
4146354000,여,30,617
4146354000,여,35,567
4146354000,여,40,868
4146354000,여,45,853
4146354000,여,50,994
4146354000,여,55,941
4146354000,여,60,887
4146354000,여,65,729
4146354000,여,70,535
4146354000,여,75,415
4146354000,여,80,292
4146354000,여,85,172
4146354000,여,90,67
4146354000,여,95,20
4146354000,여,100,4
4146355000,남,0,410
4146355000,남,5,667
4146355000,남,10,791
4146355000,남,15,630
4146355000,남,20,1215
4146355000,남,25,1349
4146355000,남,30,1013
4146355000,남,35,895
4146355000,남,40,1214
4146355000,남,45,1071
4146355000,남,50,961
4146355000,남,55,770
4146355000,남,60,677
4146355000,남,65,465
4146355000,남,70,260
4146355000,남,75,185
4146355000,남,80,115
4146355000,남,85,49
4146355000,남,90,12
4146355000,남,95,1
4146355000,남,100,2
4146355000,여,0,407
4146355000,여,5,678
4146355000,여,10,787
4146355000,여,15,645
4146355000,여,20,1069
4146355000,여,25,865
4146355000,여,30,793
4146355000,여,35,973
4146355000,여,40,1163
4146355000,여,45,1046
4146355000,여,50,942
4146355000,여,55,835
4146355000,여,60,748
4146355000,여,65,501
4146355000,여,70,314
4146355000,여,75,249
4146355000,여,80,149
4146355000,여,85,95
4146355000,여,90,33
4146355000,여,95,11
4146355000,여,100,0
4146356000,남,0,450
4146356000,남,5,764
4146356000,남,10,1103
4146356000,남,15,1259
4146356000,남,20,1172
4146356000,남,25,1055
4146356000,남,30,948
4146356000,남,35,897
4146356000,남,40,1383
4146356000,남,45,1645
4146356000,남,50,2066
4146356000,남,55,1466
4146356000,남,60,1153
4146356000,남,65,987
4146356000,남,70,814
4146356000,남,75,688
4146356000,남,80,546
4146356000,남,85,288
4146356000,남,90,65
4146356000,남,95,11
4146356000,남,100,0
4146356000,여,0,403
4146356000,여,5,704
4146356000,여,10,1084
4146356000,여,15,1163
4146356000,여,20,1028
4146356000,여,25,985
4146356000,여,30,885
4146356000,여,35,964
4146356000,여,40,1542
4146356000,여,45,1866
4146356000,여,50,2095
4146356000,여,55,1549
4146356000,여,60,1296
4146356000,여,65,1338
4146356000,여,70,1052
4146356000,여,75,995
4146356000,여,80,657
4146356000,여,85,380
4146356000,여,90,167
4146356000,여,95,42
4146356000,여,100,6
4146357000,남,0,492
4146357000,남,5,626
4146357000,남,10,802
4146357000,남,15,804
4146357000,남,20,943
4146357000,남,25,1142
4146357000,남,30,1067
4146357000,남,35,946
4146357000,남,40,1194
4146357000,남,45,1154
4146357000,남,50,1502
4146357000,남,55,1340
4146357000,남,60,1097
4146357000,남,65,872
4146357000,남,70,703
4146357000,남,75,575
4146357000,남,80,498
4146357000,남,85,242
4146357000,남,90,71
4146357000,남,95,11
4146357000,남,100,2
4146357000,여,0,401
4146357000,여,5,573
4146357000,여,10,726
4146357000,여,15,744
4146357000,여,20,878
4146357000,여,25,1075
4146357000,여,30,930
4146357000,여,35,917
4146357000,여,40,1338
4146357000,여,45,1279
4146357000,여,50,1701
4146357000,여,55,1390
4146357000,여,60,1162
4146357000,여,65,1031
4146357000,여,70,818
4146357000,여,75,784
4146357000,여,80,569
4146357000,여,85,268
4146357000,여,90,117
4146357000,여,95,22
4146357000,여,100,5
4146357200,남,0,326
4146357200,남,5,786
4146357200,남,10,1266
4146357200,남,15,1367
4146357200,남,20,1071
4146357200,남,25,809
4146357200,남,30,594
4146357200,남,35,630
4146357200,남,40,1269
4146357200,남,45,1656
4146357200,남,50,1854
4146357200,남,55,1225
4146357200,남,60,736
4146357200,남,65,524
4146357200,남,70,324
4146357200,남,75,318
4146357200,남,80,226
4146357200,남,85,103
4146357200,남,90,31
4146357200,남,95,6
4146357200,남,100,0
4146357200,여,0,300
4146357200,여,5,803
4146357200,여,10,1304
4146357200,여,15,1335
4146357200,여,20,1068
4146357200,여,25,791
4146357200,여,30,611
4146357200,여,35,758
4146357200,여,40,1652
4146357200,여,45,1939
4146357200,여,50,1825
4146357200,여,55,1071
4146357200,여,60,780
4146357200,여,65,634
4146357200,여,70,523
4146357200,여,75,480
4146357200,여,80,345
4146357200,여,85,192
4146357200,여,90,85
4146357200,여,95,16
4146357200,여,100,5
4146357500,남,0,237
4146357500,남,5,624
4146357500,남,10,1114
4146357500,남,15,1149
4146357500,남,20,974
4146357500,남,25,812
4146357500,남,30,485
4146357500,남,35,463
4146357500,남,40,928
4146357500,남,45,1340
4146357500,남,50,1587
4146357500,남,55,1142
4146357500,남,60,718
4146357500,남,65,495
4146357500,남,70,346
4146357500,남,75,302
4146357500,남,80,219
4146357500,남,85,101
4146357500,남,90,26
4146357500,남,95,2
4146357500,남,100,2
4146357500,여,0,214
4146357500,여,5,576
4146357500,여,10,1040
4146357500,여,15,1099
4146357500,여,20,914
4146357500,여,25,791
4146357500,여,30,497
4146357500,여,35,579
4146357500,여,40,1240
4146357500,여,45,1636
4146357500,여,50,1544
4146357500,여,55,938
4146357500,여,60,665
4146357500,여,65,553
4146357500,여,70,444
4146357500,여,75,397
4146357500,여,80,253
4146357500,여,85,140
4146357500,여,90,47
4146357500,여,95,15
4146357500,여,100,2
4146357700,남,0,515
4146357700,남,5,868
4146357700,남,10,1006
4146357700,남,15,862
4146357700,남,20,646
4146357700,남,25,616
4146357700,남,30,726
4146357700,남,35,808
4146357700,남,40,1269
4146357700,남,45,1286
4146357700,남,50,1240
4146357700,남,55,730
4146357700,남,60,578
4146357700,남,65,456
4146357700,남,70,402
4146357700,남,75,424
4146357700,남,80,346
4146357700,남,85,216
4146357700,남,90,61
4146357700,남,95,6
4146357700,남,100,2
4146357700,여,0,464
4146357700,여,5,764
4146357700,여,10,930
4146357700,여,15,830
4146357700,여,20,653
4146357700,여,25,678
4146357700,여,30,765
4146357700,여,35,924
4146357700,여,40,1406
4146357700,여,45,1366
4146357700,여,50,1186
4146357700,여,55,711
4146357700,여,60,591
4146357700,여,65,654
4146357700,여,70,573
4146357700,여,75,527
4146357700,여,80,433
4146357700,여,85,223
4146357700,여,90,87
4146357700,여,95,14
4146357700,여,100,2
4146358600,남,0,264
4146358600,남,5,415
4146358600,남,10,574
4146358600,남,15,689
4146358600,남,20,796
4146358600,남,25,767
4146358600,남,30,683
4146358600,남,35,526
4146358600,남,40,797
4146358600,남,45,847
4146358600,남,50,1208
4146358600,남,55,1026
4146358600,남,60,938
4146358600,남,65,681
4146358600,남,70,449
4146358600,남,75,307
4146358600,남,80,240
4146358600,남,85,100
4146358600,남,90,32
4146358600,남,95,1
4146358600,남,100,0
4146358600,여,0,215
4146358600,여,5,375
4146358600,여,10,551
4146358600,여,15,633
4146358600,여,20,692
4146358600,여,25,761
4146358600,여,30,632
4146358600,여,35,545
4146358600,여,40,853
4146358600,여,45,918
4146358600,여,50,1333
4146358600,여,55,1153
4146358600,여,60,914
4146358600,여,65,788
4146358600,여,70,543
4146358600,여,75,447
4146358600,여,80,353
4146358600,여,85,196
4146358600,여,90,86
4146358600,여,95,17
4146358600,여,100,8
4146359000,남,0,373
4146359000,남,5,859
4146359000,남,10,1182
4146359000,남,15,1050
4146359000,남,20,1079
4146359000,남,25,1006
4146359000,남,30,828
4146359000,남,35,795
4146359000,남,40,1356
4146359000,남,45,1565
4146359000,남,50,1795
4146359000,남,55,1345
4146359000,남,60,1028
4146359000,남,65,781
4146359000,남,70,625
4146359000,남,75,604
4146359000,남,80,481
4146359000,남,85,236
4146359000,남,90,63
4146359000,남,95,8
4146359000,남,100,0
4146359000,여,0,364
4146359000,여,5,809
4146359000,여,10,1046
4146359000,여,15,1097
4146359000,여,20,1075
4146359000,여,25,950
4146359000,여,30,767
4146359000,여,35,959
4146359000,여,40,1587
4146359000,여,45,1772
4146359000,여,50,1860
4146359000,여,55,1264
4146359000,여,60,964
4146359000,여,65,906
4146359000,여,70,750
4146359000,여,75,777
4146359000,여,80,490
4146359000,여,85,275
4146359000,여,90,99
4146359000,여,95,38
4146359000,여,100,6
4146551000,남,0,573
4146551000,남,5,594
4146551000,남,10,770
4146551000,남,15,900
4146551000,남,20,983
4146551000,남,25,1424
4146551000,남,30,1887
4146551000,남,35,1463
4146551000,남,40,1364
4146551000,남,45,1289
4146551000,남,50,1517
4146551000,남,55,1206
4146551000,남,60,1103
4146551000,남,65,820
4146551000,남,70,530
4146551000,남,75,475
4146551000,남,80,348
4146551000,남,85,158
4146551000,남,90,48
4146551000,남,95,3
4146551000,남,100,2
4146551000,여,0,503
4146551000,여,5,533
4146551000,여,10,720
4146551000,여,15,864
4146551000,여,20,967
4146551000,여,25,1275
4146551000,여,30,1671
4146551000,여,35,1205
4146551000,여,40,1295
4146551000,여,45,1345
4146551000,여,50,1555
4146551000,여,55,1284
4146551000,여,60,1113
4146551000,여,65,948
4146551000,여,70,719
4146551000,여,75,624
4146551000,여,80,505
4146551000,여,85,263
4146551000,여,90,103
4146551000,여,95,18
4146551000,여,100,7
4146552000,남,0,650
4146552000,남,5,1289
4146552000,남,10,1602
4146552000,남,15,1352
4146552000,남,20,1171
4146552000,남,25,1169
4146552000,남,30,1373
4146552000,남,35,1491
4146552000,남,40,2089
4146552000,남,45,2081
4146552000,남,50,2002
4146552000,남,55,1348
4146552000,남,60,984
4146552000,남,65,554
4146552000,남,70,371
4146552000,남,75,333
4146552000,남,80,291
4146552000,남,85,167
4146552000,남,90,34
4146552000,남,95,8
4146552000,남,100,0
4146552000,여,0,622
4146552000,여,5,1304
4146552000,여,10,1518
4146552000,여,15,1288
4146552000,여,20,1128
4146552000,여,25,1183
4146552000,여,30,1444
4146552000,여,35,1641
4146552000,여,40,2279
4146552000,여,45,2201
4146552000,여,50,1895
4146552000,여,55,1252
4146552000,여,60,825
4146552000,여,65,620
4146552000,여,70,521
4146552000,여,75,497
4146552000,여,80,429
4146552000,여,85,259
4146552000,여,90,75
4146552000,여,95,15
4146552000,여,100,0
4146553000,남,0,604
4146553000,남,5,1012
4146553000,남,10,1400
4146553000,남,15,1394
4146553000,남,20,1134
4146553000,남,25,1021
4146553000,남,30,990
4146553000,남,35,1152
4146553000,남,40,1614
4146553000,남,45,1933
4146553000,남,50,2087
4146553000,남,55,1503
4146553000,남,60,1150
4146553000,남,65,850
4146553000,남,70,609
4146553000,남,75,598
4146553000,남,80,510
4146553000,남,85,231
4146553000,남,90,63
4146553000,남,95,6
4146553000,남,100,3
4146553000,여,0,597
4146553000,여,5,1029
4146553000,여,10,1371
4146553000,여,15,1337
4146553000,여,20,1138
4146553000,여,25,996
4146553000,여,30,1068
4146553000,여,35,1285
4146553000,여,40,1969
4146553000,여,45,2201
4146553000,여,50,2136
4146553000,여,55,1511
4146553000,여,60,1139
4146553000,여,65,991
4146553000,여,70,859
4146553000,여,75,813
4146553000,여,80,528
4146553000,여,85,265
4146553000,여,90,119
4146553000,여,95,28
4146553000,여,100,1
4146554000,남,0,352
4146554000,남,5,547
4146554000,남,10,859
4146554000,남,15,850
4146554000,남,20,922
4146554000,남,25,880
4146554000,남,30,734
4146554000,남,35,748
4146554000,남,40,1011
4146554000,남,45,1209
4146554000,남,50,1337
4146554000,남,55,1067
4146554000,남,60,969
4146554000,남,65,677
4146554000,남,70,450
4146554000,남,75,394
4146554000,남,80,339
4146554000,남,85,189
4146554000,남,90,34
4146554000,남,95,8
4146554000,남,100,0
4146554000,여,0,339
4146554000,여,5,571
4146554000,여,10,800
4146554000,여,15,870
4146554000,여,20,844
4146554000,여,25,842
4146554000,여,30,754
4146554000,여,35,802
4146554000,여,40,1195
4146554000,여,45,1357
4146554000,여,50,1427
4146554000,여,55,1190
4146554000,여,60,917
4146554000,여,65,792
4146554000,여,70,557
4146554000,여,75,545
4146554000,여,80,403
4146554000,여,85,241
4146554000,여,90,86
4146554000,여,95,16
4146554000,여,100,4
4146555000,남,0,296
4146555000,남,5,308
4146555000,남,10,322
4146555000,남,15,383
4146555000,남,20,521
4146555000,남,25,781
4146555000,남,30,856
4146555000,남,35,720
4146555000,남,40,702
4146555000,남,45,640
4146555000,남,50,743
4146555000,남,55,698
4146555000,남,60,598
4146555000,남,65,415
4146555000,남,70,301
4146555000,남,75,226
4146555000,남,80,175
4146555000,남,85,85
4146555000,남,90,32
4146555000,남,95,6
4146555000,남,100,0
4146555000,여,0,291
4146555000,여,5,282
4146555000,여,10,300
4146555000,여,15,376
4146555000,여,20,527
4146555000,여,25,719
4146555000,여,30,849
4146555000,여,35,695
4146555000,여,40,678
4146555000,여,45,684
4146555000,여,50,826
4146555000,여,55,712
4146555000,여,60,607
4146555000,여,65,469
4146555000,여,70,329
4146555000,여,75,292
4146555000,여,80,217
4146555000,여,85,135
4146555000,여,90,51
4146555000,여,95,14
4146555000,여,100,3
4146555500,남,0,329
4146555500,남,5,543
4146555500,남,10,737
4146555500,남,15,863
4146555500,남,20,1136
4146555500,남,25,946
4146555500,남,30,747
4146555500,남,35,761
4146555500,남,40,1011
4146555500,남,45,1111
4146555500,남,50,1326
4146555500,남,55,947
4146555500,남,60,750
4146555500,남,65,583
4146555500,남,70,393
4146555500,남,75,324
4146555500,남,80,224
4146555500,남,85,121
4146555500,남,90,29
4146555500,남,95,5
4146555500,남,100,0
4146555500,여,0,323
4146555500,여,5,547
4146555500,여,10,753
4146555500,여,15,799
4146555500,여,20,1140
4146555500,여,25,814
4146555500,여,30,876
4146555500,여,35,806
4146555500,여,40,1104
4146555500,여,45,1225
4146555500,여,50,1329
4146555500,여,55,973
4146555500,여,60,812
4146555500,여,65,652
4146555500,여,70,491
4146555500,여,75,441
4146555500,여,80,325
4146555500,여,85,182
4146555500,여,90,48
4146555500,여,95,18
4146555500,여,100,2
4146556000,남,0,935
4146556000,남,5,1518
4146556000,남,10,1590
4146556000,남,15,1357
4146556000,남,20,1236
4146556000,남,25,1434
4146556000,남,30,1491
4146556000,남,35,1763
4146556000,남,40,2543
4146556000,남,45,2244
4146556000,남,50,2247
4146556000,남,55,1789
4146556000,남,60,1417
4146556000,남,65,1200
4146556000,남,70,779
4146556000,남,75,612
4146556000,남,80,439
4146556000,남,85,169
4146556000,남,90,49
4146556000,남,95,7
4146556000,남,100,2
4146556000,여,0,920
4146556000,여,5,1398
4146556000,여,10,1525
4146556000,여,15,1290
4146556000,여,20,1211
4146556000,여,25,1444
4146556000,여,30,1602
4146556000,여,35,2150
4146556000,여,40,2651
4146556000,여,45,2296
4146556000,여,50,2338
4146556000,여,55,1712
4146556000,여,60,1503
4146556000,여,65,1278
4146556000,여,70,884
4146556000,여,75,763
4146556000,여,80,440
4146556000,여,85,233
4146556000,여,90,98
4146556000,여,95,28
4146556000,여,100,4
4146557000,남,0,308
4146557000,남,5,542
4146557000,남,10,677
4146557000,남,15,685
4146557000,남,20,603
4146557000,남,25,484
4146557000,남,30,464
4146557000,남,35,567
4146557000,남,40,883
4146557000,남,45,854
4146557000,남,50,942
4146557000,남,55,756
4146557000,남,60,520
4146557000,남,65,391
4146557000,남,70,294
4146557000,남,75,293
4146557000,남,80,231
4146557000,남,85,110
4146557000,남,90,23
4146557000,남,95,2
4146557000,남,100,2
4146557000,여,0,316
4146557000,여,5,519
4146557000,여,10,700
4146557000,여,15,644
4146557000,여,20,633
4146557000,여,25,497
4146557000,여,30,505
4146557000,여,35,653
4146557000,여,40,995
4146557000,여,45,994
4146557000,여,50,999
4146557000,여,55,695
4146557000,여,60,531
4146557000,여,65,447
4146557000,여,70,412
4146557000,여,75,385
4146557000,여,80,250
4146557000,여,85,123
4146557000,여,90,61
4146557000,여,95,20
4146557000,여,100,0
4146558000,남,0,479
4146558000,남,5,846
4146558000,남,10,1167
4146558000,남,15,1029
4146558000,남,20,956
4146558000,남,25,812
4146558000,남,30,811
4146558000,남,35,995
4146558000,남,40,1451
4146558000,남,45,1466
4146558000,남,50,1502
4146558000,남,55,1185
4146558000,남,60,909
4146558000,남,65,665
4146558000,남,70,490
4146558000,남,75,530
4146558000,남,80,426
4146558000,남,85,180
4146558000,남,90,29
4146558000,남,95,13
4146558000,남,100,2
4146558000,여,0,482
4146558000,여,5,823
4146558000,여,10,1027
4146558000,여,15,994
4146558000,여,20,874
4146558000,여,25,850
4146558000,여,30,892
4146558000,여,35,1144
4146558000,여,40,1612
4146558000,여,45,1590
4146558000,여,50,1598
4146558000,여,55,1197
4146558000,여,60,890
4146558000,여,65,824
4146558000,여,70,744
4146558000,여,75,665
4146558000,여,80,470
4146558000,여,85,219
4146558000,여,90,92
4146558000,여,95,20
4146558000,여,100,3
4146558500,남,0,432
4146558500,남,5,720
4146558500,남,10,822
4146558500,남,15,849
4146558500,남,20,721
4146558500,남,25,1042
4146558500,남,30,935
4146558500,남,35,948
4146558500,남,40,1222
4146558500,남,45,1195
4146558500,남,50,1206
4146558500,남,55,970
4146558500,남,60,728
4146558500,남,65,514
4146558500,남,70,368
4146558500,남,75,311
4146558500,남,80,244
4146558500,남,85,113
4146558500,남,90,25
4146558500,남,95,3
4146558500,남,100,1
4146558500,여,0,395
4146558500,여,5,694
4146558500,여,10,829
4146558500,여,15,820
4146558500,여,20,816
4146558500,여,25,1099
4146558500,여,30,1062
4146558500,여,35,1028
4146558500,여,40,1362
4146558500,여,45,1269
4146558500,여,50,1271
4146558500,여,55,960
4146558500,여,60,745
4146558500,여,65,603
4146558500,여,70,486
4146558500,여,75,401
4146558500,여,80,252
4146558500,여,85,133
4146558500,여,90,47
4146558500,여,95,18
4146558500,여,100,1
4146559000,남,0,735
4146559000,남,5,1555
4146559000,남,10,1921
4146559000,남,15,1657
4146559000,남,20,1446
4146559000,남,25,1310
4146559000,남,30,1055
4146559000,남,35,1207
4146559000,남,40,2271
4146559000,남,45,2444
4146559000,남,50,2669
4146559000,남,55,1882
4146559000,남,60,1610
4146559000,남,65,1276
4146559000,남,70,1006
4146559000,남,75,1007
4146559000,남,80,775
4146559000,남,85,346
4146559000,남,90,74
4146559000,남,95,15
4146559000,남,100,1
4146559000,여,0,724
4146559000,여,5,1544
4146559000,여,10,1854
4146559000,여,15,1682
4146559000,여,20,1405
4146559000,여,25,1310
4146559000,여,30,1179
4146559000,여,35,1665
4146559000,여,40,2731
4146559000,여,45,2722
4146559000,여,50,2689
4146559000,여,55,1911
4146559000,여,60,1584
4146559000,여,65,1542
4146559000,여,70,1373
4146559000,여,75,1174
4146559000,여,80,679
4146559000,여,85,343
4146559000,여,90,128
4146559000,여,95,30
4146559000,여,100,3
4148025000,남,0,689
4148025000,남,5,1158
4148025000,남,10,1346
4148025000,남,15,1195
4148025000,남,20,1259
4148025000,남,25,1630
4148025000,남,30,1770
4148025000,남,35,1862
4148025000,남,40,2233
4148025000,남,45,1798
4148025000,남,50,2039
4148025000,남,55,1748
4148025000,남,60,1818
4148025000,남,65,1353
4148025000,남,70,793
4148025000,남,75,737
4148025000,남,80,530
4148025000,남,85,253
4148025000,남,90,72
4148025000,남,95,10
4148025000,남,100,3
4148025000,여,0,708
4148025000,여,5,1120
4148025000,여,10,1348
4148025000,여,15,1079
4148025000,여,20,1007
4148025000,여,25,1070
4148025000,여,30,1454
4148025000,여,35,1522
4148025000,여,40,1856
4148025000,여,45,1654
4148025000,여,50,1749
4148025000,여,55,1645
4148025000,여,60,1723
4148025000,여,65,1480
4148025000,여,70,993
4148025000,여,75,920
4148025000,여,80,889
4148025000,여,85,507
4148025000,여,90,172
4148025000,여,95,43
4148025000,여,100,7
4148025300,남,0,103
4148025300,남,5,153
4148025300,남,10,204
4148025300,남,15,217
4148025300,남,20,310
4148025300,남,25,496
4148025300,남,30,457
4148025300,남,35,360
4148025300,남,40,498
4148025300,남,45,487
4148025300,남,50,762
4148025300,남,55,815
4148025300,남,60,797
4148025300,남,65,658
4148025300,남,70,411
4148025300,남,75,311
4148025300,남,80,197
4148025300,남,85,105
4148025300,남,90,35
4148025300,남,95,2
4148025300,남,100,2
4148025300,여,0,95
4148025300,여,5,141
4148025300,여,10,190
4148025300,여,15,207
4148025300,여,20,260
4148025300,여,25,285
4148025300,여,30,317
4148025300,여,35,259
4148025300,여,40,389
4148025300,여,45,407
4148025300,여,50,540
4148025300,여,55,615
4148025300,여,60,636
4148025300,여,65,636
4148025300,여,70,393
4148025300,여,75,382
4148025300,여,80,373
4148025300,여,85,244
4148025300,여,90,91
4148025300,여,95,23
4148025300,여,100,2
4148025600,남,0,43
4148025600,남,5,66
4148025600,남,10,112
4148025600,남,15,169
4148025600,남,20,244
4148025600,남,25,357
4148025600,남,30,305
4148025600,남,35,199
4148025600,남,40,232
4148025600,남,45,278
4148025600,남,50,455
4148025600,남,55,509
4148025600,남,60,639
4148025600,남,65,592
4148025600,남,70,352
4148025600,남,75,266
4148025600,남,80,179
4148025600,남,85,89
4148025600,남,90,35
4148025600,남,95,7
4148025600,남,100,1
4148025600,여,0,47
4148025600,여,5,50
4148025600,여,10,112
4148025600,여,15,135
4148025600,여,20,161
4148025600,여,25,198
4148025600,여,30,202
4148025600,여,35,155
4148025600,여,40,164
4148025600,여,45,212
4148025600,여,50,353
4148025600,여,55,461
4148025600,여,60,581
4148025600,여,65,501
4148025600,여,70,328
4148025600,여,75,314
4148025600,여,80,281
4148025600,여,85,188
4148025600,여,90,68
4148025600,여,95,18
4148025600,여,100,2
4148026200,남,0,175
4148026200,남,5,367
4148026200,남,10,575
4148026200,남,15,613
4148026200,남,20,771
4148026200,남,25,854
4148026200,남,30,751
4148026200,남,35,614
4148026200,남,40,920
4148026200,남,45,1017
4148026200,남,50,1387
4148026200,남,55,1487
4148026200,남,60,1531
4148026200,남,65,1189
4148026200,남,70,695
4148026200,남,75,518
4148026200,남,80,391
4148026200,남,85,186
4148026200,남,90,42
4148026200,남,95,7
4148026200,남,100,1
4148026200,여,0,187
4148026200,여,5,432
4148026200,여,10,542
4148026200,여,15,672
4148026200,여,20,667
4148026200,여,25,687
4148026200,여,30,596
4148026200,여,35,516
4148026200,여,40,882
4148026200,여,45,950
4148026200,여,50,1299
4148026200,여,55,1388
4148026200,여,60,1392
4148026200,여,65,1195
4148026200,여,70,734
4148026200,여,75,650
4148026200,여,80,539
4148026200,여,85,352
4148026200,여,90,124
4148026200,여,95,37
4148026200,여,100,4
4148031000,남,0,18
4148031000,남,5,30
4148031000,남,10,56
4148031000,남,15,66
4148031000,남,20,172
4148031000,남,25,1251
4148031000,남,30,677
4148031000,남,35,434
4148031000,남,40,404
4148031000,남,45,320
4148031000,남,50,439
4148031000,남,55,428
4148031000,남,60,449
4148031000,남,65,339
4148031000,남,70,191
4148031000,남,75,143
4148031000,남,80,90
4148031000,남,85,41
4148031000,남,90,10
4148031000,남,95,3
4148031000,남,100,0
4148031000,여,0,18
4148031000,여,5,38
4148031000,여,10,47
4148031000,여,15,44
4148031000,여,20,137
4148031000,여,25,375
4148031000,여,30,195
4148031000,여,35,107
4148031000,여,40,126
4148031000,여,45,134
4148031000,여,50,204
4148031000,여,55,261
4148031000,여,60,312
4148031000,여,65,283
4148031000,여,70,192
4148031000,여,75,145
4148031000,여,80,129
4148031000,여,85,100
4148031000,여,90,45
4148031000,여,95,11
4148031000,여,100,2
4148032000,남,0,72
4148032000,남,5,151
4148032000,남,10,222
4148032000,남,15,243
4148032000,남,20,282
4148032000,남,25,409
4148032000,남,30,384
4148032000,남,35,391
4148032000,남,40,486
4148032000,남,45,517
4148032000,남,50,765
4148032000,남,55,755
4148032000,남,60,765
4148032000,남,65,601
4148032000,남,70,321
4148032000,남,75,272
4148032000,남,80,185
4148032000,남,85,117
4148032000,남,90,26
4148032000,남,95,3
4148032000,남,100,1
4148032000,여,0,67
4148032000,여,5,141
4148032000,여,10,184
4148032000,여,15,213
4148032000,여,20,258
4148032000,여,25,262
4148032000,여,30,238
4148032000,여,35,253
4148032000,여,40,353
4148032000,여,45,395
4148032000,여,50,554
4148032000,여,55,555
4148032000,여,60,602
4148032000,여,65,500
4148032000,여,70,359
4148032000,여,75,292
4148032000,여,80,283
4148032000,여,85,201
4148032000,여,90,87
4148032000,여,95,21
4148032000,여,100,3
4148035000,남,0,54
4148035000,남,5,106
4148035000,남,10,138
4148035000,남,15,157
4148035000,남,20,219
4148035000,남,25,316
4148035000,남,30,326
4148035000,남,35,246
4148035000,남,40,296
4148035000,남,45,305
4148035000,남,50,527
4148035000,남,55,611
4148035000,남,60,759
4148035000,남,65,657
4148035000,남,70,386
4148035000,남,75,275
4148035000,남,80,197
4148035000,남,85,97
4148035000,남,90,24
4148035000,남,95,7
4148035000,남,100,2
4148035000,여,0,54
4148035000,여,5,91
4148035000,여,10,119
4148035000,여,15,131
4148035000,여,20,170
4148035000,여,25,181
4148035000,여,30,198
4148035000,여,35,169
4148035000,여,40,189
4148035000,여,45,251
4148035000,여,50,325
4148035000,여,55,507
4148035000,여,60,574
4148035000,여,65,543
4148035000,여,70,333
4148035000,여,75,291
4148035000,여,80,283
4148035000,여,85,213
4148035000,여,90,93
4148035000,여,95,25
4148035000,여,100,2
4148036000,남,0,12
4148036000,남,5,23
4148036000,남,10,35
4148036000,남,15,44
4148036000,남,20,101
4148036000,남,25,129
4148036000,남,30,76
4148036000,남,35,55
4148036000,남,40,68
4148036000,남,45,81
4148036000,남,50,160
4148036000,남,55,193
4148036000,남,60,266
4148036000,남,65,230
4148036000,남,70,127
4148036000,남,75,126
4148036000,남,80,106
4148036000,남,85,54
4148036000,남,90,9
4148036000,남,95,0
4148036000,남,100,0
4148036000,여,0,9
4148036000,여,5,16
4148036000,여,10,29
4148036000,여,15,38
4148036000,여,20,53
4148036000,여,25,62
4148036000,여,30,43
4148036000,여,35,41
4148036000,여,40,41
4148036000,여,45,73
4148036000,여,50,104
4148036000,여,55,164
4148036000,여,60,223
4148036000,여,65,207
4148036000,여,70,147
4148036000,여,75,135
4148036000,여,80,165
4148036000,여,85,87
4148036000,여,90,40
4148036000,여,95,9
4148036000,여,100,2
4148037000,남,0,101
4148037000,남,5,81
4148037000,남,10,102
4148037000,남,15,111
4148037000,남,20,194
4148037000,남,25,319
4148037000,남,30,320
4148037000,남,35,181
4148037000,남,40,172
4148037000,남,45,197
4148037000,남,50,254
4148037000,남,55,281
4148037000,남,60,397
4148037000,남,65,370
4148037000,남,70,196
4148037000,남,75,194
4148037000,남,80,131
4148037000,남,85,59
4148037000,남,90,23
4148037000,남,95,2
4148037000,남,100,1
4148037000,여,0,92
4148037000,여,5,102
4148037000,여,10,96
4148037000,여,15,96
4148037000,여,20,91
4148037000,여,25,133
4148037000,여,30,194
4148037000,여,35,150
4148037000,여,40,138
4148037000,여,45,133
4148037000,여,50,185
4148037000,여,55,273
4148037000,여,60,320
4148037000,여,65,292
4148037000,여,70,219
4148037000,여,75,220
4148037000,여,80,206
4148037000,여,85,107
4148037000,여,90,33
4148037000,여,95,6
4148037000,여,100,2
4148039000,남,0,1
4148039000,남,5,5
4148039000,남,10,5
4148039000,남,15,11
4148039000,남,20,13
4148039000,남,25,27
4148039000,남,30,16
4148039000,남,35,11
4148039000,남,40,18
4148039000,남,45,27
4148039000,남,50,44
4148039000,남,55,41
4148039000,남,60,35
4148039000,남,65,36
4148039000,남,70,23
4148039000,남,75,25
4148039000,남,80,26
4148039000,남,85,12
4148039000,남,90,5
4148039000,남,95,1
4148039000,남,100,0
4148039000,여,0,0
4148039000,여,5,3
4148039000,여,10,16
4148039000,여,15,12
4148039000,여,20,9
4148039000,여,25,8
4148039000,여,30,9
4148039000,여,35,10
4148039000,여,40,12
4148039000,여,45,12
4148039000,여,50,32
4148039000,여,55,28
4148039000,여,60,42
4148039000,여,65,25
4148039000,여,70,30
4148039000,여,75,27
4148039000,여,80,30
4148039000,여,85,14
4148039000,여,90,3
4148039000,여,95,0
4148039000,여,100,0
4148051000,남,0,141
4148051000,남,5,246
4148051000,남,10,308
4148051000,남,15,358
4148051000,남,20,601
4148051000,남,25,1034
4148051000,남,30,917
4148051000,남,35,783
4148051000,남,40,840
4148051000,남,45,793
4148051000,남,50,1089
4148051000,남,55,1180
4148051000,남,60,1101
4148051000,남,65,806
4148051000,남,70,463
4148051000,남,75,386
4148051000,남,80,257
4148051000,남,85,131
4148051000,남,90,31
4148051000,남,95,4
4148051000,남,100,1
4148051000,여,0,149
4148051000,여,5,191
4148051000,여,10,272
4148051000,여,15,332
4148051000,여,20,498
4148051000,여,25,736
4148051000,여,30,619
4148051000,여,35,491
4148051000,여,40,605
4148051000,여,45,636
4148051000,여,50,863
4148051000,여,55,877
4148051000,여,60,923
4148051000,여,65,805
4148051000,여,70,555
4148051000,여,75,470
4148051000,여,80,403
4148051000,여,85,233
4148051000,여,90,105
4148051000,여,95,23
4148051000,여,100,2
4148052000,남,0,366
4148052000,남,5,663
4148052000,남,10,1031
4148052000,남,15,973
4148052000,남,20,975
4148052000,남,25,900
4148052000,남,30,853
4148052000,남,35,886
4148052000,남,40,1254
4148052000,남,45,1196
4148052000,남,50,1517
4148052000,남,55,1263
4148052000,남,60,1103
4148052000,남,65,724
4148052000,남,70,454
4148052000,남,75,345
4148052000,남,80,299
4148052000,남,85,123
4148052000,남,90,32
4148052000,남,95,6
4148052000,남,100,1
4148052000,여,0,319
4148052000,여,5,659
4148052000,여,10,933
4148052000,여,15,965
4148052000,여,20,876
4148052000,여,25,858
4148052000,여,30,887
4148052000,여,35,882
4148052000,여,40,1263
4148052000,여,45,1387
4148052000,여,50,1582
4148052000,여,55,1294
4148052000,여,60,1094
4148052000,여,65,872
4148052000,여,70,580
4148052000,여,75,538
4148052000,여,80,480
4148052000,여,85,264
4148052000,여,90,93
4148052000,여,95,25
4148052000,여,100,5
4148053000,남,0,271
4148053000,남,5,450
4148053000,남,10,665
4148053000,남,15,639
4148053000,남,20,754
4148053000,남,25,975
4148053000,남,30,837
4148053000,남,35,751
4148053000,남,40,990
4148053000,남,45,975
4148053000,남,50,1214
4148053000,남,55,1159
4148053000,남,60,1024
4148053000,남,65,761
4148053000,남,70,487
4148053000,남,75,355
4148053000,남,80,272
4148053000,남,85,132
4148053000,남,90,37
4148053000,남,95,5
4148053000,남,100,1
4148053000,여,0,246
4148053000,여,5,427
4148053000,여,10,612
4148053000,여,15,568
4148053000,여,20,623
4148053000,여,25,762
4148053000,여,30,713
4148053000,여,35,671
4148053000,여,40,890
4148053000,여,45,876
4148053000,여,50,1167
4148053000,여,55,1192
4148053000,여,60,1021
4148053000,여,65,800
4148053000,여,70,553
4148053000,여,75,437
4148053000,여,80,360
4148053000,여,85,234
4148053000,여,90,93
4148053000,여,95,21
4148053000,여,100,1
4148054000,남,0,37
4148054000,남,5,96
4148054000,남,10,107
4148054000,남,15,100
4148054000,남,20,187
4148054000,남,25,228
4148054000,남,30,229
4148054000,남,35,186
4148054000,남,40,250
4148054000,남,45,271
4148054000,남,50,392
4148054000,남,55,426
4148054000,남,60,499
4148054000,남,65,371
4148054000,남,70,215
4148054000,남,75,168
4148054000,남,80,103
4148054000,남,85,61
4148054000,남,90,15
4148054000,남,95,1
4148054000,남,100,0
4148054000,여,0,48
4148054000,여,5,73
4148054000,여,10,106
4148054000,여,15,94
4148054000,여,20,127
4148054000,여,25,181
4148054000,여,30,166
4148054000,여,35,158
4148054000,여,40,210
4148054000,여,45,218
4148054000,여,50,299
4148054000,여,55,350
4148054000,여,60,370
4148054000,여,65,289
4148054000,여,70,232
4148054000,여,75,148
4148054000,여,80,147
4148054000,여,85,104
4148054000,여,90,44
4148054000,여,95,15
4148054000,여,100,1
4148055000,남,0,937
4148055000,남,5,1359
4148055000,남,10,1674
4148055000,남,15,1477
4148055000,남,20,1385
4148055000,남,25,1511
4148055000,남,30,1977
4148055000,남,35,2004
4148055000,남,40,2479
4148055000,남,45,2224
4148055000,남,50,2386
4148055000,남,55,1824
4148055000,남,60,1492
4148055000,남,65,1031
4148055000,남,70,609
4148055000,남,75,438
4148055000,남,80,320
4148055000,남,85,171
4148055000,남,90,37
4148055000,남,95,8
4148055000,남,100,0
4148055000,여,0,879
4148055000,여,5,1323
4148055000,여,10,1602
4148055000,여,15,1503
4148055000,여,20,1330
4148055000,여,25,1623
4148055000,여,30,2085
4148055000,여,35,1936
4148055000,여,40,2522
4148055000,여,45,2271
4148055000,여,50,2438
4148055000,여,55,1888
4148055000,여,60,1616
4148055000,여,65,1120
4148055000,여,70,715
4148055000,여,75,606
4148055000,여,80,468
4148055000,여,85,286
4148055000,여,90,106
4148055000,여,95,30
4148055000,여,100,3
4148056000,남,0,1307
4148056000,남,5,2320
4148056000,남,10,2497
4148056000,남,15,1892
4148056000,남,20,1611
4148056000,남,25,1524
4148056000,남,30,1720
4148056000,남,35,2755
4148056000,남,40,3617
4148056000,남,45,2928
4148056000,남,50,2911
4148056000,남,55,1833
4148056000,남,60,1434
4148056000,남,65,1076
4148056000,남,70,647
4148056000,남,75,519
4148056000,남,80,348
4148056000,남,85,170
4148056000,남,90,44
4148056000,남,95,9
4148056000,남,100,1
4148056000,여,0,1252
4148056000,여,5,2180
4148056000,여,10,2563
4148056000,여,15,1909
4148056000,여,20,1521
4148056000,여,25,1517
4148056000,여,30,2241
4148056000,여,35,2782
4148056000,여,40,3535
4148056000,여,45,3003
4148056000,여,50,2879
4148056000,여,55,1907
4148056000,여,60,1590
4148056000,여,65,1293
4148056000,여,70,884
4148056000,여,75,755
4148056000,여,80,617
4148056000,여,85,312
4148056000,여,90,116
4148056000,여,95,38
4148056000,여,100,1
4148057000,남,0,1045
4148057000,남,5,2138
4148057000,남,10,2370
4148057000,남,15,2257
4148057000,남,20,1993
4148057000,남,25,1893
4148057000,남,30,1760
4148057000,남,35,2432
4148057000,남,40,3655
4148057000,남,45,3116
4148057000,남,50,3314
4148057000,남,55,2366
4148057000,남,60,1741
4148057000,남,65,1397
4148057000,남,70,792
4148057000,남,75,557
4148057000,남,80,442
4148057000,남,85,180
4148057000,남,90,49
4148057000,남,95,12
4148057000,남,100,2
4148057000,여,0,1098
4148057000,여,5,1918
4148057000,여,10,2387
4148057000,여,15,2141
4148057000,여,20,1925
4148057000,여,25,1876
4148057000,여,30,2106
4148057000,여,35,2526
4148057000,여,40,3610
4148057000,여,45,3395
4148057000,여,50,3360
4148057000,여,55,2310
4148057000,여,60,1981
4148057000,여,65,1538
4148057000,여,70,952
4148057000,여,75,826
4148057000,여,80,646
4148057000,여,85,361
4148057000,여,90,121
4148057000,여,95,32
4148057000,여,100,5
4148058000,남,0,318
4148058000,남,5,399
4148058000,남,10,472
4148058000,남,15,438
4148058000,남,20,694
4148058000,남,25,860
4148058000,남,30,950
4148058000,남,35,834
4148058000,남,40,1026
4148058000,남,45,1044
4148058000,남,50,1157
4148058000,남,55,1022
4148058000,남,60,837
4148058000,남,65,581
4148058000,남,70,302
4148058000,남,75,237
4148058000,남,80,183
4148058000,남,85,97
4148058000,남,90,23
4148058000,남,95,4
4148058000,남,100,0
4148058000,여,0,311
4148058000,여,5,402
4148058000,여,10,416
4148058000,여,15,423
4148058000,여,20,616
4148058000,여,25,888
4148058000,여,30,887
4148058000,여,35,782
4148058000,여,40,960
4148058000,여,45,1060
4148058000,여,50,1260
4148058000,여,55,1101
4148058000,여,60,882
4148058000,여,65,642
4148058000,여,70,368
4148058000,여,75,353
4148058000,여,80,285
4148058000,여,85,152
4148058000,여,90,54
4148058000,여,95,20
4148058000,여,100,1
4148059000,남,0,1387
4148059000,남,5,1556
4148059000,남,10,1579
4148059000,남,15,1478
4148059000,남,20,1330
4148059000,남,25,1294
4148059000,남,30,1839
4148059000,남,35,2319
4148059000,남,40,2457
4148059000,남,45,2123
4148059000,남,50,2260
4148059000,남,55,1758
4148059000,남,60,1245
4148059000,남,65,923
4148059000,남,70,432
4148059000,남,75,351
4148059000,남,80,241
4148059000,남,85,127
4148059000,남,90,32
4148059000,남,95,6
4148059000,남,100,2
4148059000,여,0,1234
4148059000,여,5,1487
4148059000,여,10,1543
4148059000,여,15,1415
4148059000,여,20,1191
4148059000,여,25,1261
4148059000,여,30,2157
4148059000,여,35,2112
4148059000,여,40,2337
4148059000,여,45,2186
4148059000,여,50,2359
4148059000,여,55,1620
4148059000,여,60,1289
4148059000,여,65,927
4148059000,여,70,574
4148059000,여,75,446
4148059000,여,80,425
4148059000,여,85,246
4148059000,여,90,105
4148059000,여,95,31
4148059000,여,100,3
4148060000,남,0,1099
4148060000,남,5,944
4148060000,남,10,556
4148060000,남,15,350
4148060000,남,20,361
4148060000,남,25,689
4148060000,남,30,1544
4148060000,남,35,1961
4148060000,남,40,1498
4148060000,남,45,813
4148060000,남,50,674
4148060000,남,55,455
4148060000,남,60,375
4148060000,남,65,341
4148060000,남,70,215
4148060000,남,75,166
4148060000,남,80,76
4148060000,남,85,21
4148060000,남,90,5
4148060000,남,95,2
4148060000,남,100,0
4148060000,여,0,1060
4148060000,여,5,840
4148060000,여,10,543
4148060000,여,15,378
4148060000,여,20,337
4148060000,여,25,818
4148060000,여,30,1870
4148060000,여,35,1625
4148060000,여,40,1246
4148060000,여,45,761
4148060000,여,50,630
4148060000,여,55,464
4148060000,여,60,419
4148060000,여,65,379
4148060000,여,70,240
4148060000,여,75,187
4148060000,여,80,114
4148060000,여,85,87
4148060000,여,90,29
4148060000,여,95,7
4148060000,여,100,0
4150025000,남,0,139
4150025000,남,5,232
4150025000,남,10,299
4150025000,남,15,302
4150025000,남,20,413
4150025000,남,25,386
4150025000,남,30,425
4150025000,남,35,344
4150025000,남,40,461
4150025000,남,45,471
4150025000,남,50,623
4150025000,남,55,635
4150025000,남,60,735
4150025000,남,65,675
4150025000,남,70,429
4150025000,남,75,324
4150025000,남,80,226
4150025000,남,85,107
4150025000,남,90,28
4150025000,남,95,6
4150025000,남,100,0
4150025000,여,0,128
4150025000,여,5,239
4150025000,여,10,301
4150025000,여,15,290
4150025000,여,20,315
4150025000,여,25,292
4150025000,여,30,267
4150025000,여,35,319
4150025000,여,40,427
4150025000,여,45,462
4150025000,여,50,545
4150025000,여,55,594
4150025000,여,60,761
4150025000,여,65,680
4150025000,여,70,447
4150025000,여,75,378
4150025000,여,80,320
4150025000,여,85,216
4150025000,여,90,90
4150025000,여,95,16
4150025000,여,100,1
4150025300,남,0,510
4150025300,남,5,754
4150025300,남,10,1066
4150025300,남,15,1086
4150025300,남,20,1170
4150025300,남,25,2054
4150025300,남,30,1813
4150025300,남,35,1222
4150025300,남,40,1624
4150025300,남,45,1655
4150025300,남,50,1889
4150025300,남,55,1484
4150025300,남,60,1309
4150025300,남,65,961
4150025300,남,70,547
4150025300,남,75,362
4150025300,남,80,231
4150025300,남,85,105
4150025300,남,90,31
4150025300,남,95,5
4150025300,남,100,1
4150025300,여,0,456
4150025300,여,5,713
4150025300,여,10,1034
4150025300,여,15,1048
4150025300,여,20,920
4150025300,여,25,1139
4150025300,여,30,1140
4150025300,여,35,1165
4150025300,여,40,1409
4150025300,여,45,1731
4150025300,여,50,1531
4150025300,여,55,1359
4150025300,여,60,1180
4150025300,여,65,896
4150025300,여,70,599
4150025300,여,75,408
4150025300,여,80,325
4150025300,여,85,256
4150025300,여,90,71
4150025300,여,95,14
4150025300,여,100,3
4150031000,남,0,162
4150031000,남,5,242
4150031000,남,10,277
4150031000,남,15,349
4150031000,남,20,376
4150031000,남,25,431
4150031000,남,30,491
4150031000,남,35,426
4150031000,남,40,545
4150031000,남,45,497
4150031000,남,50,724
4150031000,남,55,695
4150031000,남,60,799
4150031000,남,65,641
4150031000,남,70,355
4150031000,남,75,241
4150031000,남,80,126
4150031000,남,85,63
4150031000,남,90,15
4150031000,남,95,6
4150031000,남,100,0
4150031000,여,0,162
4150031000,여,5,230
4150031000,여,10,237
4150031000,여,15,297
4150031000,여,20,288
4150031000,여,25,356
4150031000,여,30,387
4150031000,여,35,352
4150031000,여,40,480
4150031000,여,45,406
4150031000,여,50,578
4150031000,여,55,717
4150031000,여,60,690
4150031000,여,65,556
4150031000,여,70,315
4150031000,여,75,255
4150031000,여,80,220
4150031000,여,85,108
4150031000,여,90,48
4150031000,여,95,20
4150031000,여,100,1
4150032000,남,0,138
4150032000,남,5,173
4150032000,남,10,238
4150032000,남,15,221
4150032000,남,20,237
4150032000,남,25,368
4150032000,남,30,328
4150032000,남,35,295
4150032000,남,40,374
4150032000,남,45,420
4150032000,남,50,518
4150032000,남,55,574
4150032000,남,60,629
4150032000,남,65,488
4150032000,남,70,298
4150032000,남,75,210
4150032000,남,80,159
4150032000,남,85,77
4150032000,남,90,21
4150032000,남,95,4
4150032000,남,100,3
4150032000,여,0,105
4150032000,여,5,147
4150032000,여,10,211
4150032000,여,15,168
4150032000,여,20,231
4150032000,여,25,259
4150032000,여,30,311
4150032000,여,35,306
4150032000,여,40,324
4150032000,여,45,363
4150032000,여,50,502
4150032000,여,55,605
4150032000,여,60,593
4150032000,여,65,450
4150032000,여,70,292
4150032000,여,75,257
4150032000,여,80,208
4150032000,여,85,146
4150032000,여,90,60
4150032000,여,95,17
4150032000,여,100,1
4150033000,남,0,51
4150033000,남,5,67
4150033000,남,10,89
4150033000,남,15,344
4150033000,남,20,176
4150033000,남,25,176
4150033000,남,30,203
4150033000,남,35,189
4150033000,남,40,200
4150033000,남,45,176
4150033000,남,50,283
4150033000,남,55,318
4150033000,남,60,368
4150033000,남,65,304
4150033000,남,70,169
4150033000,남,75,131
4150033000,남,80,83
4150033000,남,85,53
4150033000,남,90,9
4150033000,남,95,4
4150033000,남,100,0
4150033000,여,0,36
4150033000,여,5,61
4150033000,여,10,69
4150033000,여,15,314
4150033000,여,20,133
4150033000,여,25,139
4150033000,여,30,131
4150033000,여,35,126
4150033000,여,40,129
4150033000,여,45,150
4150033000,여,50,176
4150033000,여,55,242
4150033000,여,60,307
4150033000,여,65,267
4150033000,여,70,191
4150033000,여,75,130
4150033000,여,80,139
4150033000,여,85,86
4150033000,여,90,36
4150033000,여,95,13
4150033000,여,100,1
4150034000,남,0,382
4150034000,남,5,396
4150034000,남,10,380
4150034000,남,15,589
4150034000,남,20,461
4150034000,남,25,758
4150034000,남,30,875
4150034000,남,35,730
4150034000,남,40,798
4150034000,남,45,607
4150034000,남,50,602
4150034000,남,55,577
4150034000,남,60,565
4150034000,남,65,446
4150034000,남,70,274
4150034000,남,75,204
4150034000,남,80,127
4150034000,남,85,68
4150034000,남,90,17
4150034000,남,95,3
4150034000,남,100,1
4150034000,여,0,335
4150034000,여,5,392
4150034000,여,10,307
4150034000,여,15,644
4150034000,여,20,473
4150034000,여,25,454
4150034000,여,30,628
4150034000,여,35,557
4150034000,여,40,567
4150034000,여,45,439
4150034000,여,50,476
4150034000,여,55,456
4150034000,여,60,524
4150034000,여,65,394
4150034000,여,70,308
4150034000,여,75,201
4150034000,여,80,179
4150034000,여,85,125
4150034000,여,90,53
4150034000,여,95,12
4150034000,여,100,0
4150035000,남,0,172
4150035000,남,5,258
4150035000,남,10,324
4150035000,남,15,245
4150035000,남,20,350
4150035000,남,25,812
4150035000,남,30,880
4150035000,남,35,525
4150035000,남,40,660
4150035000,남,45,540
4150035000,남,50,562
4150035000,남,55,512
4150035000,남,60,517
4150035000,남,65,412
4150035000,남,70,247
4150035000,남,75,191
4150035000,남,80,129
4150035000,남,85,51
4150035000,남,90,17
4150035000,남,95,4
4150035000,남,100,0
4150035000,여,0,162
4150035000,여,5,256
4150035000,여,10,262
4150035000,여,15,271
4150035000,여,20,336
4150035000,여,25,798
4150035000,여,30,584
4150035000,여,35,527
4150035000,여,40,453
4150035000,여,45,466
4150035000,여,50,442
4150035000,여,55,519
4150035000,여,60,451
4150035000,여,65,383
4150035000,여,70,267
4150035000,여,75,210
4150035000,여,80,205
4150035000,여,85,116
4150035000,여,90,51
4150035000,여,95,15
4150035000,여,100,1
4150036000,남,0,18
4150036000,남,5,23
4150036000,남,10,50
4150036000,남,15,65
4150036000,남,20,74
4150036000,남,25,120
4150036000,남,30,101
4150036000,남,35,96
4150036000,남,40,115
4150036000,남,45,125
4150036000,남,50,182
4150036000,남,55,231
4150036000,남,60,286
4150036000,남,65,299
4150036000,남,70,156
4150036000,남,75,119
4150036000,남,80,101
4150036000,남,85,62
4150036000,남,90,14
4150036000,남,95,2
4150036000,남,100,0
4150036000,여,0,10
4150036000,여,5,20
4150036000,여,10,21
4150036000,여,15,50
4150036000,여,20,49
4150036000,여,25,60
4150036000,여,30,55
4150036000,여,35,60
4150036000,여,40,71
4150036000,여,45,85
4150036000,여,50,116
4150036000,여,55,196
4150036000,여,60,232
4150036000,여,65,241
4150036000,여,70,161
4150036000,여,75,142
4150036000,여,80,142
4150036000,여,85,108
4150036000,여,90,29
4150036000,여,95,9
4150036000,여,100,0
4150037000,남,0,18
4150037000,남,5,28
4150037000,남,10,36
4150037000,남,15,49
4150037000,남,20,76
4150037000,남,25,132
4150037000,남,30,104
4150037000,남,35,91
4150037000,남,40,112
4150037000,남,45,139
4150037000,남,50,187
4150037000,남,55,234
4150037000,남,60,324
4150037000,남,65,304
4150037000,남,70,208
4150037000,남,75,155
4150037000,남,80,112
4150037000,남,85,49
4150037000,남,90,27
4150037000,남,95,0
4150037000,남,100,0
4150037000,여,0,23
4150037000,여,5,38
4150037000,여,10,39
4150037000,여,15,48
4150037000,여,20,46
4150037000,여,25,57
4150037000,여,30,76
4150037000,여,35,59
4150037000,여,40,61
4150037000,여,45,90
4150037000,여,50,105
4150037000,여,55,199
4150037000,여,60,272
4150037000,여,65,250
4150037000,여,70,204
4150037000,여,75,158
4150037000,여,80,152
4150037000,여,85,123
4150037000,여,90,45
4150037000,여,95,12
4150037000,여,100,3
4150038000,남,0,8
4150038000,남,5,16
4150038000,남,10,17
4150038000,남,15,23
4150038000,남,20,40
4150038000,남,25,43
4150038000,남,30,59
4150038000,남,35,39
4150038000,남,40,49
4150038000,남,45,58
4150038000,남,50,109
4150038000,남,55,114
4150038000,남,60,187
4150038000,남,65,205
4150038000,남,70,127
4150038000,남,75,84
4150038000,남,80,66
4150038000,남,85,60
4150038000,남,90,18
4150038000,남,95,1
4150038000,남,100,0
4150038000,여,0,12
4150038000,여,5,16
4150038000,여,10,15
4150038000,여,15,22
4150038000,여,20,27
4150038000,여,25,28
4150038000,여,30,19
4150038000,여,35,23
4150038000,여,40,24
4150038000,여,45,33
4150038000,여,50,74
4150038000,여,55,103
4150038000,여,60,154
4150038000,여,65,171
4150038000,여,70,133
4150038000,여,75,85
4150038000,여,80,97
4150038000,여,85,106
4150038000,여,90,46
4150038000,여,95,8
4150038000,여,100,3
4150051000,남,0,115
4150051000,남,5,207
4150051000,남,10,330
4150051000,남,15,350
4150051000,남,20,475
4150051000,남,25,791
4150051000,남,30,740
4150051000,남,35,496
4150051000,남,40,594
4150051000,남,45,578
4150051000,남,50,683
4150051000,남,55,643
4150051000,남,60,650
4150051000,남,65,580
4150051000,남,70,362
4150051000,남,75,263
4150051000,남,80,162
4150051000,남,85,61
4150051000,남,90,22
4150051000,남,95,4
4150051000,남,100,1
4150051000,여,0,116
4150051000,여,5,194
4150051000,여,10,293
4150051000,여,15,317
4150051000,여,20,406
4150051000,여,25,570
4150051000,여,30,463
4150051000,여,35,400
4150051000,여,40,468
4150051000,여,45,549
4150051000,여,50,683
4150051000,여,55,732
4150051000,여,60,773
4150051000,여,65,661
4150051000,여,70,436
4150051000,여,75,297
4150051000,여,80,257
4150051000,여,85,143
4150051000,여,90,38
4150051000,여,95,7
4150051000,여,100,2
4150051500,남,0,1053
4150051500,남,5,1821
4150051500,남,10,2093
4150051500,남,15,2095
4150051500,남,20,1828
4150051500,남,25,1898
4150051500,남,30,1805
4150051500,남,35,1952
4150051500,남,40,2848
4150051500,남,45,2471
4150051500,남,50,2643
4150051500,남,55,2094
4150051500,남,60,1737
4150051500,남,65,1015
4150051500,남,70,494
4150051500,남,75,301
4150051500,남,80,213
4150051500,남,85,91
4150051500,남,90,31
4150051500,남,95,1
4150051500,남,100,1
4150051500,여,0,993
4150051500,여,5,1696
4150051500,여,10,2076
4150051500,여,15,1876
4150051500,여,20,1625
4150051500,여,25,1580
4150051500,여,30,1833
4150051500,여,35,2318
4150051500,여,40,2717
4150051500,여,45,2835
4150051500,여,50,2662
4150051500,여,55,2100
4150051500,여,60,1629
4150051500,여,65,1070
4150051500,여,70,546
4150051500,여,75,407
4150051500,여,80,369
4150051500,여,85,220
4150051500,여,90,73
4150051500,여,95,24
4150051500,여,100,2
4150052000,남,0,193
4150052000,남,5,229
4150052000,남,10,231
4150052000,남,15,222
4150052000,남,20,429
4150052000,남,25,1406
4150052000,남,30,1237
4150052000,남,35,639
4150052000,남,40,576
4150052000,남,45,501
4150052000,남,50,563
4150052000,남,55,584
4150052000,남,60,661
4150052000,남,65,527
4150052000,남,70,327
4150052000,남,75,225
4150052000,남,80,152
4150052000,남,85,74
4150052000,남,90,26
4150052000,남,95,2
4150052000,남,100,3
4150052000,여,0,188
4150052000,여,5,200
4150052000,여,10,220
4150052000,여,15,204
4150052000,여,20,369
4150052000,여,25,546
4150052000,여,30,575
4150052000,여,35,415
4150052000,여,40,379
4150052000,여,45,427
4150052000,여,50,481
4150052000,여,55,576
4150052000,여,60,627
4150052000,여,65,510
4150052000,여,70,338
4150052000,여,75,266
4150052000,여,80,177
4150052000,여,85,117
4150052000,여,90,40
4150052000,여,95,5
4150052000,여,100,2
4150053000,남,0,97
4150053000,남,5,114
4150053000,남,10,143
4150053000,남,15,173
4150053000,남,20,235
4150053000,남,25,350
4150053000,남,30,402
4150053000,남,35,336
4150053000,남,40,370
4150053000,남,45,320
4150053000,남,50,472
4150053000,남,55,447
4150053000,남,60,480
4150053000,남,65,410
4150053000,남,70,229
4150053000,남,75,147
4150053000,남,80,103
4150053000,남,85,45
4150053000,남,90,10
4150053000,남,95,1
4150053000,남,100,0
4150053000,여,0,89
4150053000,여,5,124
4150053000,여,10,147
4150053000,여,15,197
4150053000,여,20,247
4150053000,여,25,339
4150053000,여,30,281
4150053000,여,35,221
4150053000,여,40,289
4150053000,여,45,298
4150053000,여,50,442
4150053000,여,55,461
4150053000,여,60,455
4150053000,여,65,361
4150053000,여,70,246
4150053000,여,75,167
4150053000,여,80,170
4150053000,여,85,76
4150053000,여,90,23
4150053000,여,95,5
4150053000,여,100,1
4155025000,남,0,994
4155025000,남,5,1501
4155025000,남,10,1990
4155025000,남,15,2016
4155025000,남,20,1887
4155025000,남,25,2090
4155025000,남,30,2346
4155025000,남,35,2349
4155025000,남,40,3123
4155025000,남,45,3047
4155025000,남,50,3284
4155025000,남,55,2460
4155025000,남,60,2032
4155025000,남,65,1427
4155025000,남,70,910
4155025000,남,75,656
4155025000,남,80,410
4155025000,남,85,185
4155025000,남,90,65
4155025000,남,95,4
4155025000,남,100,2
4155025000,여,0,895
4155025000,여,5,1376
4155025000,여,10,1939
4155025000,여,15,1857
4155025000,여,20,1670
4155025000,여,25,1768
4155025000,여,30,2022
4155025000,여,35,2125
4155025000,여,40,2899
4155025000,여,45,2977
4155025000,여,50,3030
4155025000,여,55,2283
4155025000,여,60,2117
4155025000,여,65,1653
4155025000,여,70,1114
4155025000,여,75,859
4155025000,여,80,668
4155025000,여,85,415
4155025000,여,90,178
4155025000,여,95,37
4155025000,여,100,4
4155031000,남,0,22
4155031000,남,5,40
4155031000,남,10,69
4155031000,남,15,67
4155031000,남,20,100
4155031000,남,25,126
4155031000,남,30,102
4155031000,남,35,93
4155031000,남,40,131
4155031000,남,45,145
4155031000,남,50,206
4155031000,남,55,272
4155031000,남,60,352
4155031000,남,65,332
4155031000,남,70,220
4155031000,남,75,156
4155031000,남,80,108
4155031000,남,85,53
4155031000,남,90,11
4155031000,남,95,3
4155031000,남,100,0
4155031000,여,0,17
4155031000,여,5,36
4155031000,여,10,52
4155031000,여,15,59
4155031000,여,20,59
4155031000,여,25,87
4155031000,여,30,82
4155031000,여,35,72
4155031000,여,40,86
4155031000,여,45,114
4155031000,여,50,126
4155031000,여,55,246
4155031000,여,60,312
4155031000,여,65,295
4155031000,여,70,195
4155031000,여,75,169
4155031000,여,80,174
4155031000,여,85,123
4155031000,여,90,63
4155031000,여,95,15
4155031000,여,100,1
4155032000,남,0,63
4155032000,남,5,83
4155032000,남,10,146
4155032000,남,15,137
4155032000,남,20,155
4155032000,남,25,178
4155032000,남,30,175
4155032000,남,35,138
4155032000,남,40,197
4155032000,남,45,229
4155032000,남,50,327
4155032000,남,55,371
4155032000,남,60,389
4155032000,남,65,391
4155032000,남,70,244
4155032000,남,75,149
4155032000,남,80,98
4155032000,남,85,69
4155032000,남,90,13
4155032000,남,95,2
4155032000,남,100,0
4155032000,여,0,46
4155032000,여,5,82
4155032000,여,10,102
4155032000,여,15,141
4155032000,여,20,135
4155032000,여,25,164
4155032000,여,30,136
4155032000,여,35,137
4155032000,여,40,188
4155032000,여,45,229
4155032000,여,50,255
4155032000,여,55,357
4155032000,여,60,411
4155032000,여,65,392
4155032000,여,70,258
4155032000,여,75,207
4155032000,여,80,164
4155032000,여,85,145
4155032000,여,90,63
4155032000,여,95,14
4155032000,여,100,2
4155033000,남,0,7
4155033000,남,5,19
4155033000,남,10,32
4155033000,남,15,22
4155033000,남,20,61
4155033000,남,25,79
4155033000,남,30,75
4155033000,남,35,58
4155033000,남,40,71
4155033000,남,45,86
4155033000,남,50,126
4155033000,남,55,190
4155033000,남,60,227
4155033000,남,65,203
4155033000,남,70,135
4155033000,남,75,95
4155033000,남,80,80
4155033000,남,85,44
4155033000,남,90,14
4155033000,남,95,0
4155033000,남,100,0
4155033000,여,0,8
4155033000,여,5,10
4155033000,여,10,20
4155033000,여,15,28
4155033000,여,20,25
4155033000,여,25,37
4155033000,여,30,42
4155033000,여,35,39
4155033000,여,40,43
4155033000,여,45,60
4155033000,여,50,86
4155033000,여,55,138
4155033000,여,60,180
4155033000,여,65,199
4155033000,여,70,132
4155033000,여,75,99
4155033000,여,80,115
4155033000,여,85,103
4155033000,여,90,47
4155033000,여,95,4
4155033000,여,100,2
4155034000,남,0,28
4155034000,남,5,62
4155034000,남,10,63
4155034000,남,15,56
4155034000,남,20,94
4155034000,남,25,165
4155034000,남,30,136
4155034000,남,35,150
4155034000,남,40,163
4155034000,남,45,217
4155034000,남,50,282
4155034000,남,55,297
4155034000,남,60,374
4155034000,남,65,336
4155034000,남,70,250
4155034000,남,75,158
4155034000,남,80,104
4155034000,남,85,50
4155034000,남,90,18
4155034000,남,95,3
4155034000,남,100,0
4155034000,여,0,21
4155034000,여,5,39
4155034000,여,10,56
4155034000,여,15,40
4155034000,여,20,71
4155034000,여,25,95
4155034000,여,30,84
4155034000,여,35,83
4155034000,여,40,137
4155034000,여,45,102
4155034000,여,50,180
4155034000,여,55,268
4155034000,여,60,301
4155034000,여,65,284
4155034000,여,70,191
4155034000,여,75,160
4155034000,여,80,159
4155034000,여,85,129
4155034000,여,90,54
4155034000,여,95,9
4155034000,여,100,0
4155035000,남,0,169
4155035000,남,5,320
4155035000,남,10,310
4155035000,남,15,235
4155035000,남,20,516
4155035000,남,25,666
4155035000,남,30,600
4155035000,남,35,611
4155035000,남,40,832
4155035000,남,45,726
4155035000,남,50,754
4155035000,남,55,644
4155035000,남,60,698
4155035000,남,65,521
4155035000,남,70,318
4155035000,남,75,212
4155035000,남,80,123
4155035000,남,85,73
4155035000,남,90,21
4155035000,남,95,1
4155035000,남,100,0
4155035000,여,0,145
4155035000,여,5,253
4155035000,여,10,269
4155035000,여,15,237
4155035000,여,20,556
4155035000,여,25,356
4155035000,여,30,339
4155035000,여,35,409
4155035000,여,40,541
4155035000,여,45,451
4155035000,여,50,450
4155035000,여,55,508
4155035000,여,60,545
4155035000,여,65,460
4155035000,여,70,293
4155035000,여,75,212
4155035000,여,80,180
4155035000,여,85,119
4155035000,여,90,42
4155035000,여,95,10
4155035000,여,100,3
4155036000,남,0,15
4155036000,남,5,40
4155036000,남,10,55
4155036000,남,15,62
4155036000,남,20,75
4155036000,남,25,107
4155036000,남,30,122
4155036000,남,35,92
4155036000,남,40,136
4155036000,남,45,158
4155036000,남,50,228
4155036000,남,55,286
4155036000,남,60,362
4155036000,남,65,345
4155036000,남,70,207
4155036000,남,75,162
4155036000,남,80,115
4155036000,남,85,61
4155036000,남,90,27
4155036000,남,95,4
4155036000,남,100,0
4155036000,여,0,13
4155036000,여,5,36
4155036000,여,10,55
4155036000,여,15,64
4155036000,여,20,76
4155036000,여,25,84
4155036000,여,30,77
4155036000,여,35,76
4155036000,여,40,85
4155036000,여,45,98
4155036000,여,50,165
4155036000,여,55,234
4155036000,여,60,296
4155036000,여,65,304
4155036000,여,70,195
4155036000,여,75,150
4155036000,여,80,161
4155036000,여,85,139
4155036000,여,90,65
4155036000,여,95,25
4155036000,여,100,3
4155038000,남,0,78
4155038000,남,5,91
4155038000,남,10,86
4155038000,남,15,109
4155038000,남,20,148
4155038000,남,25,224
4155038000,남,30,255
4155038000,남,35,252
4155038000,남,40,261
4155038000,남,45,308
4155038000,남,50,327
4155038000,남,55,362
4155038000,남,60,386
4155038000,남,65,292
4155038000,남,70,176
4155038000,남,75,127
4155038000,남,80,72
4155038000,남,85,35
4155038000,남,90,11
4155038000,남,95,2
4155038000,남,100,0
4155038000,여,0,69
4155038000,여,5,67
4155038000,여,10,70
4155038000,여,15,101
4155038000,여,20,85
4155038000,여,25,158
4155038000,여,30,160
4155038000,여,35,174
4155038000,여,40,187
4155038000,여,45,174
4155038000,여,50,243
4155038000,여,55,296
4155038000,여,60,311
4155038000,여,65,248
4155038000,여,70,151
4155038000,여,75,105
4155038000,여,80,113
4155038000,여,85,63
4155038000,여,90,29
4155038000,여,95,9
4155038000,여,100,0
4155039000,남,0,52
4155039000,남,5,56
4155039000,남,10,99
4155039000,남,15,155
4155039000,남,20,122
4155039000,남,25,166
4155039000,남,30,144
4155039000,남,35,155
4155039000,남,40,209
4155039000,남,45,216
4155039000,남,50,291
4155039000,남,55,398
4155039000,남,60,474
4155039000,남,65,438
4155039000,남,70,348
4155039000,남,75,236
4155039000,남,80,131
4155039000,남,85,79
4155039000,남,90,18
4155039000,남,95,3
4155039000,남,100,2
4155039000,여,0,52
4155039000,여,5,71
4155039000,여,10,88
4155039000,여,15,123
4155039000,여,20,115
4155039000,여,25,126
4155039000,여,30,97
4155039000,여,35,110
4155039000,여,40,139
4155039000,여,45,148
4155039000,여,50,230
4155039000,여,55,323
4155039000,여,60,448
4155039000,여,65,428
4155039000,여,70,313
4155039000,여,75,215
4155039000,여,80,215
4155039000,여,85,187
4155039000,여,90,58
4155039000,여,95,15
4155039000,여,100,1
4155040000,남,0,25
4155040000,남,5,50
4155040000,남,10,71
4155040000,남,15,115
4155040000,남,20,116
4155040000,남,25,182
4155040000,남,30,167
4155040000,남,35,154
4155040000,남,40,181
4155040000,남,45,204
4155040000,남,50,337
4155040000,남,55,402
4155040000,남,60,463
4155040000,남,65,406
4155040000,남,70,260
4155040000,남,75,184
4155040000,남,80,143
4155040000,남,85,74
4155040000,남,90,19
4155040000,남,95,3
4155040000,남,100,0
4155040000,여,0,16
4155040000,여,5,52
4155040000,여,10,86
4155040000,여,15,94
4155040000,여,20,109
4155040000,여,25,124
4155040000,여,30,111
4155040000,여,35,96
4155040000,여,40,135
4155040000,여,45,131
4155040000,여,50,232
4155040000,여,55,300
4155040000,여,60,398
4155040000,여,65,352
4155040000,여,70,245
4155040000,여,75,206
4155040000,여,80,198
4155040000,여,85,146
4155040000,여,90,62
4155040000,여,95,8
4155040000,여,100,2
4155041000,남,0,10
4155041000,남,5,14
4155041000,남,10,34
4155041000,남,15,97
4155041000,남,20,170
4155041000,남,25,118
4155041000,남,30,85
4155041000,남,35,68
4155041000,남,40,91
4155041000,남,45,88
4155041000,남,50,141
4155041000,남,55,166
4155041000,남,60,233
4155041000,남,65,218
4155041000,남,70,155
4155041000,남,75,101
4155041000,남,80,80
4155041000,남,85,40
4155041000,남,90,20
4155041000,남,95,1
4155041000,남,100,0
4155041000,여,0,12
4155041000,여,5,19
4155041000,여,10,20
4155041000,여,15,151
4155041000,여,20,239
4155041000,여,25,65
4155041000,여,30,47
4155041000,여,35,42
4155041000,여,40,65
4155041000,여,45,54
4155041000,여,50,114
4155041000,여,55,166
4155041000,여,60,205
4155041000,여,65,195
4155041000,여,70,143
4155041000,여,75,100
4155041000,여,80,123
4155041000,여,85,92
4155041000,여,90,29
4155041000,여,95,5
4155041000,여,100,2
4155042000,남,0,6
4155042000,남,5,14
4155042000,남,10,12
4155042000,남,15,20
4155042000,남,20,41
4155042000,남,25,51
4155042000,남,30,50
4155042000,남,35,34
4155042000,남,40,44
4155042000,남,45,48
4155042000,남,50,76
4155042000,남,55,108
4155042000,남,60,122
4155042000,남,65,152
4155042000,남,70,74
4155042000,남,75,48
4155042000,남,80,46
4155042000,남,85,29
4155042000,남,90,7
4155042000,남,95,1
4155042000,남,100,0
4155042000,여,0,6
4155042000,여,5,16
4155042000,여,10,9
4155042000,여,15,21
4155042000,여,20,16
4155042000,여,25,32
4155042000,여,30,37
4155042000,여,35,20
4155042000,여,40,27
4155042000,여,45,30
4155042000,여,50,59
4155042000,여,55,100
4155042000,여,60,120
4155042000,여,65,116
4155042000,여,70,85
4155042000,여,75,55
4155042000,여,80,50
4155042000,여,85,40
4155042000,여,90,27
4155042000,여,95,6
4155042000,여,100,0
4155051000,남,0,90
4155051000,남,5,142
4155051000,남,10,204
4155051000,남,15,225
4155051000,남,20,353
4155051000,남,25,381
4155051000,남,30,348
4155051000,남,35,283
4155051000,남,40,417
4155051000,남,45,371
4155051000,남,50,509
4155051000,남,55,535
4155051000,남,60,589
4155051000,남,65,486
4155051000,남,70,319
4155051000,남,75,234
4155051000,남,80,165
4155051000,남,85,96
4155051000,남,90,15
4155051000,남,95,2
4155051000,남,100,0
4155051000,여,0,122
4155051000,여,5,158
4155051000,여,10,217
4155051000,여,15,234
4155051000,여,20,275
4155051000,여,25,308
4155051000,여,30,241
4155051000,여,35,240
4155051000,여,40,329
4155051000,여,45,329
4155051000,여,50,508
4155051000,여,55,531
4155051000,여,60,574
4155051000,여,65,503
4155051000,여,70,375
4155051000,여,75,294
4155051000,여,80,236
4155051000,여,85,179
4155051000,여,90,48
4155051000,여,95,13
4155051000,여,100,4
4155052000,남,0,426
4155052000,남,5,555
4155052000,남,10,687
4155052000,남,15,646
4155052000,남,20,920
4155052000,남,25,1083
4155052000,남,30,1115
4155052000,남,35,905
4155052000,남,40,1184
4155052000,남,45,1030
4155052000,남,50,1200
4155052000,남,55,1023
4155052000,남,60,936
4155052000,남,65,725
4155052000,남,70,460
4155052000,남,75,269
4155052000,남,80,166
4155052000,남,85,69
4155052000,남,90,16
4155052000,남,95,2
4155052000,남,100,1
4155052000,여,0,387
4155052000,여,5,532
4155052000,여,10,699
4155052000,여,15,588
4155052000,여,20,847
4155052000,여,25,874
4155052000,여,30,855
4155052000,여,35,799
4155052000,여,40,1059
4155052000,여,45,982
4155052000,여,50,1136
4155052000,여,55,1022
4155052000,여,60,920
4155052000,여,65,760
4155052000,여,70,488
4155052000,여,75,377
4155052000,여,80,302
4155052000,여,85,184
4155052000,여,90,77
4155052000,여,95,12
4155052000,여,100,1
4155053000,남,0,336
4155053000,남,5,457
4155053000,남,10,589
4155053000,남,15,681
4155053000,남,20,869
4155053000,남,25,970
4155053000,남,30,700
4155053000,남,35,701
4155053000,남,40,883
4155053000,남,45,856
4155053000,남,50,1010
4155053000,남,55,1071
4155053000,남,60,955
4155053000,남,65,631
4155053000,남,70,449
4155053000,남,75,278
4155053000,남,80,196
4155053000,남,85,91
4155053000,남,90,28
4155053000,남,95,4
4155053000,남,100,1
4155053000,여,0,299
4155053000,여,5,448
4155053000,여,10,540
4155053000,여,15,610
4155053000,여,20,689
4155053000,여,25,708
4155053000,여,30,614
4155053000,여,35,618
4155053000,여,40,837
4155053000,여,45,888
4155053000,여,50,1137
4155053000,여,55,1039
4155053000,여,60,948
4155053000,여,65,728
4155053000,여,70,454
4155053000,여,75,402
4155053000,여,80,317
4155053000,여,85,194
4155053000,여,90,75
4155053000,여,95,11
4155053000,여,100,4
4157025000,남,0,445
4157025000,남,5,584
4157025000,남,10,737
4157025000,남,15,713
4157025000,남,20,940
4157025000,남,25,1267
4157025000,남,30,1312
4157025000,남,35,1166
4157025000,남,40,1395
4157025000,남,45,1342
4157025000,남,50,1641
4157025000,남,55,1713
4157025000,남,60,1827
4157025000,남,65,1487
4157025000,남,70,840
4157025000,남,75,531
4157025000,남,80,365
4157025000,남,85,189
4157025000,남,90,43
4157025000,남,95,9
4157025000,남,100,0
4157025000,여,0,462
4157025000,여,5,553
4157025000,여,10,627
4157025000,여,15,602
4157025000,여,20,628
4157025000,여,25,870
4157025000,여,30,1061
4157025000,여,35,970
4157025000,여,40,1146
4157025000,여,45,1112
4157025000,여,50,1331
4157025000,여,55,1465
4157025000,여,60,1585
4157025000,여,65,1307
4157025000,여,70,882
4157025000,여,75,633
4157025000,여,80,576
4157025000,여,85,369
4157025000,여,90,180
4157025000,여,95,40
4157025000,여,100,5
4157025300,남,0,1074
4157025300,남,5,1788
4157025300,남,10,1777
4157025300,남,15,1180
4157025300,남,20,945
4157025300,남,25,1083
4157025300,남,30,1375
4157025300,남,35,1925
4157025300,남,40,2981
4157025300,남,45,2394
4157025300,남,50,1897
4157025300,남,55,1519
4157025300,남,60,1452
4157025300,남,65,1246
4157025300,남,70,854
4157025300,남,75,565
4157025300,남,80,288
4157025300,남,85,133
4157025300,남,90,33
4157025300,남,95,5
4157025300,남,100,4
4157025300,여,0,1014
4157025300,여,5,1612
4157025300,여,10,1667
4157025300,여,15,1152
4157025300,여,20,903
4157025300,여,25,1168
4157025300,여,30,1545
4157025300,여,35,2169
4157025300,여,40,3043
4157025300,여,45,2235
4157025300,여,50,1771
4157025300,여,55,1512
4157025300,여,60,1569
4157025300,여,65,1433
4157025300,여,70,811
4157025300,여,75,554
4157025300,여,80,380
4157025300,여,85,221
4157025300,여,90,97
4157025300,여,95,28
4157025300,여,100,3
4157025600,남,0,398
4157025600,남,5,545
4157025600,남,10,655
4157025600,남,15,669
4157025600,남,20,666
4157025600,남,25,1047
4157025600,남,30,1178
4157025600,남,35,1013
4157025600,남,40,1362
4157025600,남,45,1286
4157025600,남,50,1443
4157025600,남,55,1296
4157025600,남,60,1424
4157025600,남,65,1252
4157025600,남,70,756
4157025600,남,75,545
4157025600,남,80,300
4157025600,남,85,156
4157025600,남,90,31
4157025600,남,95,8
4157025600,남,100,2
4157025600,여,0,333
4157025600,여,5,532
4157025600,여,10,607
4157025600,여,15,609
4157025600,여,20,546
4157025600,여,25,850
4157025600,여,30,964
4157025600,여,35,847
4157025600,여,40,1096
4157025600,여,45,1051
4157025600,여,50,1114
4157025600,여,55,1131
4157025600,여,60,1283
4157025600,여,65,1204
4157025600,여,70,807
4157025600,여,75,583
4157025600,여,80,473
4157025600,여,85,287
4157025600,여,90,114
4157025600,여,95,32
4157025600,여,100,5
4157034000,남,0,50
4157034000,남,5,92
4157034000,남,10,99
4157034000,남,15,132
4157034000,남,20,166
4157034000,남,25,251
4157034000,남,30,249
4157034000,남,35,211
4157034000,남,40,301
4157034000,남,45,379
4157034000,남,50,541
4157034000,남,55,701
4157034000,남,60,775
4157034000,남,65,614
4157034000,남,70,348
4157034000,남,75,257
4157034000,남,80,170
4157034000,남,85,87
4157034000,남,90,26
4157034000,남,95,5
4157034000,남,100,1
4157034000,여,0,42
4157034000,여,5,80
4157034000,여,10,98
4157034000,여,15,104
4157034000,여,20,122
4157034000,여,25,145
4157034000,여,30,146
4157034000,여,35,141
4157034000,여,40,189
4157034000,여,45,216
4157034000,여,50,282
4157034000,여,55,437
4157034000,여,60,511
4157034000,여,65,426
4157034000,여,70,295
4157034000,여,75,246
4157034000,여,80,232
4157034000,여,85,148
4157034000,여,90,69
4157034000,여,95,20
4157034000,여,100,2
4157035000,남,0,11
4157035000,남,5,32
4157035000,남,10,30
4157035000,남,15,51
4157035000,남,20,99
4157035000,남,25,126
4157035000,남,30,151
4157035000,남,35,98
4157035000,남,40,110
4157035000,남,45,173
4157035000,남,50,245
4157035000,남,55,338
4157035000,남,60,410
4157035000,남,65,401
4157035000,남,70,218
4157035000,남,75,202
4157035000,남,80,114
4157035000,남,85,64
4157035000,남,90,11
4157035000,남,95,2
4157035000,남,100,0
4157035000,여,0,19
4157035000,여,5,32
4157035000,여,10,48
4157035000,여,15,50
4157035000,여,20,65
4157035000,여,25,78
4157035000,여,30,82
4157035000,여,35,68
4157035000,여,40,79
4157035000,여,45,100
4157035000,여,50,152
4157035000,여,55,257
4157035000,여,60,330
4157035000,여,65,316
4157035000,여,70,192
4157035000,여,75,167
4157035000,여,80,122
4157035000,여,85,88
4157035000,여,90,49
4157035000,여,95,15
4157035000,여,100,4
4157036000,남,0,39
4157036000,남,5,58
4157036000,남,10,117
4157036000,남,15,121
4157036000,남,20,120
4157036000,남,25,222
4157036000,남,30,188
4157036000,남,35,165
4157036000,남,40,230
4157036000,남,45,237
4157036000,남,50,324
4157036000,남,55,472
4157036000,남,60,609
4157036000,남,65,539
4157036000,남,70,294
4157036000,남,75,255
4157036000,남,80,160
4157036000,남,85,95
4157036000,남,90,18
4157036000,남,95,5
4157036000,남,100,2
4157036000,여,0,30
4157036000,여,5,72
4157036000,여,10,76
4157036000,여,15,87
4157036000,여,20,107
4157036000,여,25,123
4157036000,여,30,118
4157036000,여,35,118
4157036000,여,40,155
4157036000,여,45,162
4157036000,여,50,244
4157036000,여,55,369
4157036000,여,60,461
4157036000,여,65,424
4157036000,여,70,296
4157036000,여,75,267
4157036000,여,80,214
4157036000,여,85,157
4157036000,여,90,56
4157036000,여,95,12
4157036000,여,100,3
4157051500,남,0,904
4157051500,남,5,1388
4157051500,남,10,1530
4157051500,남,15,1485
4157051500,남,20,1698
4157051500,남,25,1810
4157051500,남,30,1666
4157051500,남,35,1684
4157051500,남,40,2490
4157051500,남,45,2292
4157051500,남,50,2590
4157051500,남,55,2415
4157051500,남,60,2311
4157051500,남,65,1646
4157051500,남,70,972
4157051500,남,75,751
4157051500,남,80,494
4157051500,남,85,238
4157051500,남,90,69
4157051500,남,95,11
4157051500,남,100,2
4157051500,여,0,789
4157051500,여,5,1366
4157051500,여,10,1525
4157051500,여,15,1497
4157051500,여,20,1484
4157051500,여,25,1616
4157051500,여,30,1659
4157051500,여,35,1861
4157051500,여,40,2555
4157051500,여,45,2397
4157051500,여,50,2810
4157051500,여,55,2664
4157051500,여,60,2228
4157051500,여,65,1760
4157051500,여,70,1151
4157051500,여,75,962
4157051500,여,80,730
4157051500,여,85,416
4157051500,여,90,156
4157051500,여,95,35
4157051500,여,100,4
4157052500,남,0,598
4157052500,남,5,1213
4157052500,남,10,1608
4157052500,남,15,1429
4157052500,남,20,1097
4157052500,남,25,881
4157052500,남,30,897
4157052500,남,35,1114
4157052500,남,40,1969
4157052500,남,45,2073
4157052500,남,50,1877
4157052500,남,55,1260
4157052500,남,60,980
4157052500,남,65,739
4157052500,남,70,509
4157052500,남,75,420
4157052500,남,80,255
4157052500,남,85,103
4157052500,남,90,22
4157052500,남,95,10
4157052500,남,100,1
4157052500,여,0,579
4157052500,여,5,1096
4157052500,여,10,1613
4157052500,여,15,1385
4157052500,여,20,1038
4157052500,여,25,890
4157052500,여,30,1021
4157052500,여,35,1282
4157052500,여,40,2231
4157052500,여,45,2144
4157052500,여,50,1827
4157052500,여,55,1224
4157052500,여,60,1057
4157052500,여,65,929
4157052500,여,70,643
4157052500,여,75,469
4157052500,여,80,337
4157052500,여,85,191
4157052500,여,90,66
4157052500,여,95,21
4157052500,여,100,1
4157054000,남,0,234
4157054000,남,5,320
4157054000,남,10,492
4157054000,남,15,532
4157054000,남,20,579
4157054000,남,25,739
4157054000,남,30,726
4157054000,남,35,564
4157054000,남,40,813
4157054000,남,45,804
4157054000,남,50,1053
4157054000,남,55,969
4157054000,남,60,989
4157054000,남,65,695
4157054000,남,70,412
4157054000,남,75,328
4157054000,남,80,204
4157054000,남,85,92
4157054000,남,90,15
4157054000,남,95,1
4157054000,남,100,1
4157054000,여,0,186
4157054000,여,5,313
4157054000,여,10,436
4157054000,여,15,467
4157054000,여,20,499
4157054000,여,25,654
4157054000,여,30,613
4157054000,여,35,571
4157054000,여,40,789
4157054000,여,45,792
4157054000,여,50,1014
4157054000,여,55,1046
4157054000,여,60,908
4157054000,여,65,736
4157054000,여,70,552
4157054000,여,75,373
4157054000,여,80,338
4157054000,여,85,189
4157054000,여,90,63
4157054000,여,95,15
4157054000,여,100,3
4157055000,남,0,1082
4157055000,남,5,1485
4157055000,남,10,1821
4157055000,남,15,1670
4157055000,남,20,1613
4157055000,남,25,1766
4157055000,남,30,1795
4157055000,남,35,2007
4157055000,남,40,2790
4157055000,남,45,2590
4157055000,남,50,2586
4157055000,남,55,2115
4157055000,남,60,1881
4157055000,남,65,1374
4157055000,남,70,981
4157055000,남,75,756
4157055000,남,80,485
4157055000,남,85,195
4157055000,남,90,53
4157055000,남,95,6
4157055000,남,100,1
4157055000,여,0,943
4157055000,여,5,1476
4157055000,여,10,1806
4157055000,여,15,1590
4157055000,여,20,1721
4157055000,여,25,2052
4157055000,여,30,2077
4157055000,여,35,2124
4157055000,여,40,2892
4157055000,여,45,2688
4157055000,여,50,2689
4157055000,여,55,2280
4157055000,여,60,1874
4157055000,여,65,1703
4157055000,여,70,1101
4157055000,여,75,844
4157055000,여,80,636
4157055000,여,85,348
4157055000,여,90,109
4157055000,여,95,31
4157055000,여,100,3
4157056000,남,0,733
4157056000,남,5,1323
4157056000,남,10,1684
4157056000,남,15,1169
4157056000,남,20,865
4157056000,남,25,989
4157056000,남,30,1037
4157056000,남,35,1305
4157056000,남,40,2322
4157056000,남,45,2228
4157056000,남,50,1815
4157056000,남,55,1210
4157056000,남,60,975
4157056000,남,65,788
4157056000,남,70,578
4157056000,남,75,404
4157056000,남,80,255
4157056000,남,85,96
4157056000,남,90,24
4157056000,남,95,2
4157056000,남,100,0
4157056000,여,0,710
4157056000,여,5,1351
4157056000,여,10,1562
4157056000,여,15,1272
4157056000,여,20,888
4157056000,여,25,917
4157056000,여,30,1078
4157056000,여,35,1585
4157056000,여,40,2477
4157056000,여,45,2084
4157056000,여,50,1710
4157056000,여,55,1149
4157056000,여,60,1069
4157056000,여,65,1019
4157056000,여,70,702
4157056000,여,75,503
4157056000,여,80,368
4157056000,여,85,170
4157056000,여,90,66
4157056000,여,95,15
4157056000,여,100,2
4157057000,남,0,1052
4157057000,남,5,1527
4157057000,남,10,1481
4157057000,남,15,916
4157057000,남,20,959
4157057000,남,25,1675
4157057000,남,30,2252
4157057000,남,35,2199
4157057000,남,40,2919
4157057000,남,45,2244
4157057000,남,50,1573
4157057000,남,55,1043
4157057000,남,60,935
4157057000,남,65,731
4157057000,남,70,475
4157057000,남,75,347
4157057000,남,80,196
4157057000,남,85,84
4157057000,남,90,14
4157057000,남,95,3
4157057000,남,100,2
4157057000,여,0,948
4157057000,여,5,1499
4157057000,여,10,1546
4157057000,여,15,936
4157057000,여,20,1101
4157057000,여,25,1728
4157057000,여,30,2103
4157057000,여,35,2199
4157057000,여,40,2735
4157057000,여,45,1919
4157057000,여,50,1408
4157057000,여,55,1077
4157057000,여,60,1021
4157057000,여,65,935
4157057000,여,70,588
4157057000,여,75,420
4157057000,여,80,289
4157057000,여,85,128
4157057000,여,90,45
4157057000,여,95,15
4157057000,여,100,3
4157057500,남,0,922
4157057500,남,5,1371
4157057500,남,10,1317
4157057500,남,15,697
4157057500,남,20,608
4157057500,남,25,739
4157057500,남,30,1180
4157057500,남,35,1704
4157057500,남,40,2494
4157057500,남,45,1766
4157057500,남,50,1243
4157057500,남,55,776
4157057500,남,60,749
4157057500,남,65,727
4157057500,남,70,469
4157057500,남,75,409
4157057500,남,80,230
4157057500,남,85,83
4157057500,남,90,21
4157057500,남,95,4
4157057500,남,100,0
4157057500,여,0,824
4157057500,여,5,1338
4157057500,여,10,1266
4157057500,여,15,733
4157057500,여,20,533
4157057500,여,25,806
4157057500,여,30,1316
4157057500,여,35,1767
4157057500,여,40,2278
4157057500,여,45,1489
4157057500,여,50,1133
4157057500,여,55,904
4157057500,여,60,961
4157057500,여,65,928
4157057500,여,70,648
4157057500,여,75,491
4157057500,여,80,309
4157057500,여,85,153
4157057500,여,90,58
4157057500,여,95,19
4157057500,여,100,2
4157058000,남,0,996
4157058000,남,5,1948
4157058000,남,10,1916
4157058000,남,15,1378
4157058000,남,20,1015
4157058000,남,25,981
4157058000,남,30,1263
4157058000,남,35,1764
4157058000,남,40,2957
4157058000,남,45,2797
4157058000,남,50,2045
4157058000,남,55,1363
4157058000,남,60,1119
4157058000,남,65,917
4157058000,남,70,618
4157058000,남,75,475
4157058000,남,80,293
4157058000,남,85,102
4157058000,남,90,37
4157058000,남,95,7
4157058000,남,100,0
4157058000,여,0,965
4157058000,여,5,1840
4157058000,여,10,1884
4157058000,여,15,1272
4157058000,여,20,987
4157058000,여,25,1134
4157058000,여,30,1566
4157058000,여,35,2154
4157058000,여,40,3216
4157058000,여,45,2551
4157058000,여,50,1942
4157058000,여,55,1417
4157058000,여,60,1247
4157058000,여,65,1147
4157058000,여,70,791
4157058000,여,75,503
4157058000,여,80,342
4157058000,여,85,190
4157058000,여,90,76
4157058000,여,95,29
4157058000,여,100,1
4159025300,남,0,2075
4159025300,남,5,2627
4159025300,남,10,2905
4159025300,남,15,2662
4159025300,남,20,2818
4159025300,남,25,3044
4159025300,남,30,3850
4159025300,남,35,4037
4159025300,남,40,4976
4159025300,남,45,4451
4159025300,남,50,4523
4159025300,남,55,3618
4159025300,남,60,3169
4159025300,남,65,2227
4159025300,남,70,1355
4159025300,남,75,919
4159025300,남,80,531
4159025300,남,85,239
4159025300,남,90,56
4159025300,남,95,6
4159025300,남,100,1
4159025300,여,0,2010
4159025300,여,5,2555
4159025300,여,10,3055
4159025300,여,15,2705
4159025300,여,20,2809
4159025300,여,25,2813
4159025300,여,30,3630
4159025300,여,35,3739
4159025300,여,40,4592
4159025300,여,45,4124
4159025300,여,50,4013
4159025300,여,55,3398
4159025300,여,60,2989
4159025300,여,65,2402
4159025300,여,70,1439
4159025300,여,75,1073
4159025300,여,80,817
4159025300,여,85,525
4159025300,여,90,217
4159025300,여,95,56
4159025300,여,100,14
4159025600,남,0,99
4159025600,남,5,216
4159025600,남,10,307
4159025600,남,15,392
4159025600,남,20,391
4159025600,남,25,616
4159025600,남,30,502
4159025600,남,35,399
4159025600,남,40,606
4159025600,남,45,839
4159025600,남,50,1070
4159025600,남,55,1093
4159025600,남,60,1001
4159025600,남,65,788
4159025600,남,70,467
4159025600,남,75,358
4159025600,남,80,203
4159025600,남,85,125
4159025600,남,90,39
4159025600,남,95,5
4159025600,남,100,1
4159025600,여,0,96
4159025600,여,5,174
4159025600,여,10,292
4159025600,여,15,343
4159025600,여,20,341
4159025600,여,25,315
4159025600,여,30,251
4159025600,여,35,296
4159025600,여,40,455
4159025600,여,45,535
4159025600,여,50,692
4159025600,여,55,775
4159025600,여,60,845
4159025600,여,65,713
4159025600,여,70,486
4159025600,여,75,428
4159025600,여,80,348
4159025600,여,85,251
4159025600,여,90,101
4159025600,여,95,13
4159025600,여,100,2
4159025900,남,0,1491
4159025900,남,5,2363
4159025900,남,10,2987
4159025900,남,15,2643
4159025900,남,20,2237
4159025900,남,25,3255
4159025900,남,30,3782
4159025900,남,35,3651
4159025900,남,40,5120
4159025900,남,45,4617
4159025900,남,50,4396
4159025900,남,55,3183
4159025900,남,60,2556
4159025900,남,65,1720
4159025900,남,70,979
4159025900,남,75,692
4159025900,남,80,402
4159025900,남,85,200
4159025900,남,90,44
4159025900,남,95,8
4159025900,남,100,1
4159025900,여,0,1431
4159025900,여,5,2218
4159025900,여,10,2827
4159025900,여,15,2457
4159025900,여,20,2013
4159025900,여,25,2491
4159025900,여,30,2670
4159025900,여,35,2934
4159025900,여,40,4139
4159025900,여,45,3709
4159025900,여,50,3332
4159025900,여,55,2458
4159025900,여,60,2220
4159025900,여,65,1712
4159025900,여,70,1097
4159025900,여,75,801
4159025900,여,80,650
4159025900,여,85,430
4159025900,여,90,175
4159025900,여,95,31
4159025900,여,100,1
4159026200,남,0,1284
4159026200,남,5,1374
4159026200,남,10,1362
4159026200,남,15,1135
4159026200,남,20,1405
4159026200,남,25,2905
4159026200,남,30,3416
4159026200,남,35,2738
4159026200,남,40,3045
4159026200,남,45,2544
4159026200,남,50,2524
4159026200,남,55,2490
4159026200,남,60,2252
4159026200,남,65,1664
4159026200,남,70,958
4159026200,남,75,593
4159026200,남,80,361
4159026200,남,85,161
4159026200,남,90,33
4159026200,남,95,8
4159026200,남,100,3
4159026200,여,0,1216
4159026200,여,5,1330
4159026200,여,10,1267
4159026200,여,15,1062
4159026200,여,20,1144
4159026200,여,25,1948
4159026200,여,30,2392
4159026200,여,35,2128
4159026200,여,40,2344
4159026200,여,45,1899
4159026200,여,50,2158
4159026200,여,55,2188
4159026200,여,60,2138
4159026200,여,65,1529
4159026200,여,70,870
4159026200,여,75,644
4159026200,여,80,521
4159026200,여,85,362
4159026200,여,90,156
4159026200,여,95,41
4159026200,여,100,8
4159031000,남,0,30
4159031000,남,5,53
4159031000,남,10,91
4159031000,남,15,107
4159031000,남,20,157
4159031000,남,25,209
4159031000,남,30,207
4159031000,남,35,161
4159031000,남,40,177
4159031000,남,45,217
4159031000,남,50,346
4159031000,남,55,401
4159031000,남,60,484
4159031000,남,65,338
4159031000,남,70,226
4159031000,남,75,145
4159031000,남,80,100
4159031000,남,85,55
4159031000,남,90,14
4159031000,남,95,2
4159031000,남,100,0
4159031000,여,0,39
4159031000,여,5,38
4159031000,여,10,87
4159031000,여,15,83
4159031000,여,20,125
4159031000,여,25,154
4159031000,여,30,137
4159031000,여,35,110
4159031000,여,40,135
4159031000,여,45,172
4159031000,여,50,258
4159031000,여,55,332
4159031000,여,60,372
4159031000,여,65,320
4159031000,여,70,230
4159031000,여,75,178
4159031000,여,80,172
4159031000,여,85,127
4159031000,여,90,37
4159031000,여,95,6
4159031000,여,100,1
4159032000,남,0,40
4159032000,남,5,64
4159032000,남,10,86
4159032000,남,15,77
4159032000,남,20,175
4159032000,남,25,304
4159032000,남,30,357
4159032000,남,35,253
4159032000,남,40,274
4159032000,남,45,227
4159032000,남,50,369
4159032000,남,55,441
4159032000,남,60,546
4159032000,남,65,474
4159032000,남,70,301
4159032000,남,75,175
4159032000,남,80,125
4159032000,남,85,58
4159032000,남,90,23
4159032000,남,95,3
4159032000,남,100,0
4159032000,여,0,46
4159032000,여,5,36
4159032000,여,10,85
4159032000,여,15,74
4159032000,여,20,111
4159032000,여,25,212
4159032000,여,30,210
4159032000,여,35,135
4159032000,여,40,169
4159032000,여,45,168
4159032000,여,50,244
4159032000,여,55,310
4159032000,여,60,366
4159032000,여,65,355
4159032000,여,70,202
4159032000,여,75,192
4159032000,여,80,171
4159032000,여,85,111
4159032000,여,90,58
4159032000,여,95,27
4159032000,여,100,2
4159033000,남,0,25
4159033000,남,5,55
4159033000,남,10,84
4159033000,남,15,94
4159033000,남,20,121
4159033000,남,25,209
4159033000,남,30,305
4159033000,남,35,199
4159033000,남,40,282
4159033000,남,45,318
4159033000,남,50,380
4159033000,남,55,487
4159033000,남,60,522
4159033000,남,65,391
4159033000,남,70,214
4159033000,남,75,166
4159033000,남,80,119
4159033000,남,85,60
4159033000,남,90,10
4159033000,남,95,2
4159033000,남,100,0
4159033000,여,0,25
4159033000,여,5,48
4159033000,여,10,60
4159033000,여,15,72
4159033000,여,20,82
4159033000,여,25,115
4159033000,여,30,99
4159033000,여,35,91
4159033000,여,40,127
4159033000,여,45,139
4159033000,여,50,205
4159033000,여,55,329
4159033000,여,60,354
4159033000,여,65,275
4159033000,여,70,212
4159033000,여,75,146
4159033000,여,80,139
4159033000,여,85,95
4159033000,여,90,53
4159033000,여,95,8
4159033000,여,100,1
4159034000,남,0,68
4159034000,남,5,84
4159034000,남,10,165
4159034000,남,15,196
4159034000,남,20,223
4159034000,남,25,289
4159034000,남,30,285
4159034000,남,35,210
4159034000,남,40,327
4159034000,남,45,426
4159034000,남,50,541
4159034000,남,55,667
4159034000,남,60,776
4159034000,남,65,586
4159034000,남,70,401
4159034000,남,75,268
4159034000,남,80,195
4159034000,남,85,123
4159034000,남,90,30
4159034000,남,95,11
4159034000,남,100,0
4159034000,여,0,55
4159034000,여,5,95
4159034000,여,10,152
4159034000,여,15,158
4159034000,여,20,141
4159034000,여,25,166
4159034000,여,30,180
4159034000,여,35,150
4159034000,여,40,203
4159034000,여,45,271
4159034000,여,50,349
4159034000,여,55,514
4159034000,여,60,560
4159034000,여,65,512
4159034000,여,70,364
4159034000,여,75,316
4159034000,여,80,291
4159034000,여,85,200
4159034000,여,90,93
4159034000,여,95,37
4159034000,여,100,4
4159035000,남,0,34
4159035000,남,5,42
4159035000,남,10,68
4159035000,남,15,66
4159035000,남,20,101
4159035000,남,25,190
4159035000,남,30,179
4159035000,남,35,148
4159035000,남,40,195
4159035000,남,45,246
4159035000,남,50,343
4159035000,남,55,491
4159035000,남,60,585
4159035000,남,65,532
4159035000,남,70,286
4159035000,남,75,239
4159035000,남,80,116
4159035000,남,85,78
4159035000,남,90,44
4159035000,남,95,2
4159035000,남,100,0
4159035000,여,0,20
4159035000,여,5,40
4159035000,여,10,65
4159035000,여,15,70
4159035000,여,20,65
4159035000,여,25,97
4159035000,여,30,93
4159035000,여,35,102
4159035000,여,40,116
4159035000,여,45,123
4159035000,여,50,230
4159035000,여,55,346
4159035000,여,60,484
4159035000,여,65,436
4159035000,여,70,282
4159035000,여,75,182
4159035000,여,80,188
4159035000,여,85,166
4159035000,여,90,66
4159035000,여,95,18
4159035000,여,100,1
4159036000,남,0,46
4159036000,남,5,73
4159036000,남,10,85
4159036000,남,15,118
4159036000,남,20,194
4159036000,남,25,377
4159036000,남,30,340
4159036000,남,35,285
4159036000,남,40,353
4159036000,남,45,433
4159036000,남,50,611
4159036000,남,55,765
4159036000,남,60,838
4159036000,남,65,551
4159036000,남,70,342
4159036000,남,75,193
4159036000,남,80,130
4159036000,남,85,79
4159036000,남,90,11
4159036000,남,95,4
4159036000,남,100,1
4159036000,여,0,43
4159036000,여,5,63
4159036000,여,10,84
4159036000,여,15,110
4159036000,여,20,109
4159036000,여,25,133
4159036000,여,30,144
4159036000,여,35,140
4159036000,여,40,150
4159036000,여,45,194
4159036000,여,50,334
4159036000,여,55,414
4159036000,여,60,525
4159036000,여,65,437
4159036000,여,70,254
4159036000,여,75,193
4159036000,여,80,199
4159036000,여,85,162
4159036000,여,90,69
4159036000,여,95,16
4159036000,여,100,1
4159037000,남,0,44
4159037000,남,5,98
4159037000,남,10,118
4159037000,남,15,159
4159037000,남,20,205
4159037000,남,25,302
4159037000,남,30,271
4159037000,남,35,227
4159037000,남,40,326
4159037000,남,45,417
4159037000,남,50,548
4159037000,남,55,694
4159037000,남,60,745
4159037000,남,65,601
4159037000,남,70,329
4159037000,남,75,269
4159037000,남,80,165
4159037000,남,85,89
4159037000,남,90,31
4159037000,남,95,4
4159037000,남,100,0
4159037000,여,0,53
4159037000,여,5,74
4159037000,여,10,118
4159037000,여,15,111
4159037000,여,20,133
4159037000,여,25,167
4159037000,여,30,148
4159037000,여,35,131
4159037000,여,40,181
4159037000,여,45,227
4159037000,여,50,289
4159037000,여,55,412
4159037000,여,60,511
4159037000,여,65,445
4159037000,여,70,340
4159037000,여,75,287
4159037000,여,80,230
4159037000,여,85,179
4159037000,여,90,56
4159037000,여,95,6
4159037000,여,100,4
4159040000,남,0,10
4159040000,남,5,29
4159040000,남,10,23
4159040000,남,15,44
4159040000,남,20,73
4159040000,남,25,157
4159040000,남,30,168
4159040000,남,35,94
4159040000,남,40,137
4159040000,남,45,172
4159040000,남,50,229
4159040000,남,55,305
4159040000,남,60,344
4159040000,남,65,294
4159040000,남,70,149
4159040000,남,75,105
4159040000,남,80,57
4159040000,남,85,30
4159040000,남,90,15
4159040000,남,95,2
4159040000,남,100,0
4159040000,여,0,16
4159040000,여,5,23
4159040000,여,10,28
4159040000,여,15,37
4159040000,여,20,49
4159040000,여,25,52
4159040000,여,30,73
4159040000,여,35,41
4159040000,여,40,55
4159040000,여,45,72
4159040000,여,50,96
4159040000,여,55,170
4159040000,여,60,199
4159040000,여,65,183
4159040000,여,70,117
4159040000,여,75,91
4159040000,여,80,98
4159040000,여,85,71
4159040000,여,90,28
4159040000,여,95,3
4159040000,여,100,1
4159041000,남,0,54
4159041000,남,5,83
4159041000,남,10,141
4159041000,남,15,160
4159041000,남,20,272
4159041000,남,25,390
4159041000,남,30,433
4159041000,남,35,303
4159041000,남,40,375
4159041000,남,45,461
4159041000,남,50,679
4159041000,남,55,724
4159041000,남,60,781
4159041000,남,65,603
4159041000,남,70,327
4159041000,남,75,233
4159041000,남,80,149
4159041000,남,85,90
4159041000,남,90,27
4159041000,남,95,3
4159041000,남,100,0
4159041000,여,0,53
4159041000,여,5,88
4159041000,여,10,91
4159041000,여,15,153
4159041000,여,20,209
4159041000,여,25,203
4159041000,여,30,170
4159041000,여,35,156
4159041000,여,40,195
4159041000,여,45,271
4159041000,여,50,364
4159041000,여,55,470
4159041000,여,60,564
4159041000,여,65,425
4159041000,여,70,326
4159041000,여,75,244
4159041000,여,80,210
4159041000,여,85,164
4159041000,여,90,75
4159041000,여,95,18
4159041000,여,100,5
4159051500,남,0,826
4159051500,남,5,1293
4159051500,남,10,1033
4159051500,남,15,660
4159051500,남,20,544
4159051500,남,25,654
4159051500,남,30,803
4159051500,남,35,1233
4159051500,남,40,1904
4159051500,남,45,1229
4159051500,남,50,1019
4159051500,남,55,828
4159051500,남,60,702
4159051500,남,65,423
4159051500,남,70,158
4159051500,남,75,73
4159051500,남,80,39
4159051500,남,85,21
4159051500,남,90,4
4159051500,남,95,0
4159051500,남,100,0
4159051500,여,0,766
4159051500,여,5,1252
4159051500,여,10,1117
4159051500,여,15,668
4159051500,여,20,500
4159051500,여,25,575
4159051500,여,30,903
4159051500,여,35,1418
4159051500,여,40,1760
4159051500,여,45,1109
4159051500,여,50,1066
4159051500,여,55,868
4159051500,여,60,622
4159051500,여,65,352
4159051500,여,70,132
4159051500,여,75,92
4159051500,여,80,71
4159051500,여,85,44
4159051500,여,90,24
4159051500,여,95,5
4159051500,여,100,0
4159052000,남,0,1243
4159052000,남,5,1376
4159052000,남,10,1124
4159052000,남,15,1038
4159052000,남,20,1379
4159052000,남,25,2667
4159052000,남,30,3062
4159052000,남,35,2822
4159052000,남,40,2968
4159052000,남,45,2176
4159052000,남,50,2137
4159052000,남,55,1638
4159052000,남,60,1353
4159052000,남,65,911
4159052000,남,70,555
4159052000,남,75,337
4159052000,남,80,216
4159052000,남,85,109
4159052000,남,90,27
4159052000,남,95,5
4159052000,남,100,2
4159052000,여,0,1182
4159052000,여,5,1249
4159052000,여,10,1112
4159052000,여,15,963
4159052000,여,20,1240
4159052000,여,25,1579
4159052000,여,30,2224
4159052000,여,35,2259
4159052000,여,40,2299
4159052000,여,45,1697
4159052000,여,50,1772
4159052000,여,55,1539
4159052000,여,60,1275
4159052000,여,65,971
4159052000,여,70,594
4159052000,여,75,459
4159052000,여,80,316
4159052000,여,85,176
4159052000,여,90,79
4159052000,여,95,16
4159052000,여,100,0
4159053000,남,0,626
4159053000,남,5,911
4159053000,남,10,1018
4159053000,남,15,912
4159053000,남,20,1163
4159053000,남,25,2171
4159053000,남,30,1916
4159053000,남,35,1451
4159053000,남,40,1687
4159053000,남,45,1473
4159053000,남,50,1528
4159053000,남,55,1259
4159053000,남,60,981
4159053000,남,65,692
4159053000,남,70,464
4159053000,남,75,280
4159053000,남,80,190
4159053000,남,85,76
4159053000,남,90,23
4159053000,남,95,1
4159053000,남,100,0
4159053000,여,0,645
4159053000,여,5,849
4159053000,여,10,869
4159053000,여,15,853
4159053000,여,20,1167
4159053000,여,25,1618
4159053000,여,30,1437
4159053000,여,35,1339
4159053000,여,40,1553
4159053000,여,45,1451
4159053000,여,50,1493
4159053000,여,55,1228
4159053000,여,60,975
4159053000,여,65,804
4159053000,여,70,508
4159053000,여,75,390
4159053000,여,80,278
4159053000,여,85,144
4159053000,여,90,48
4159053000,여,95,12
4159053000,여,100,4
4159054000,남,0,237
4159054000,남,5,469
4159054000,남,10,805
4159054000,남,15,901
4159054000,남,20,894
4159054000,남,25,777
4159054000,남,30,645
4159054000,남,35,537
4159054000,남,40,905
4159054000,남,45,1123
4159054000,남,50,1252
4159054000,남,55,855
4159054000,남,60,564
4159054000,남,65,400
4159054000,남,70,252
4159054000,남,75,184
4159054000,남,80,148
4159054000,남,85,58
4159054000,남,90,11
4159054000,남,95,2
4159054000,남,100,0
4159054000,여,0,230
4159054000,여,5,473
4159054000,여,10,813
4159054000,여,15,946
4159054000,여,20,816
4159054000,여,25,699
4159054000,여,30,531
4159054000,여,35,601
4159054000,여,40,1038
4159054000,여,45,1271
4159054000,여,50,1231
4159054000,여,55,825
4159054000,여,60,595
4159054000,여,65,515
4159054000,여,70,388
4159054000,여,75,320
4159054000,여,80,226
4159054000,여,85,120
4159054000,여,90,49
4159054000,여,95,6
4159054000,여,100,1
4159055000,남,0,1014
4159055000,남,5,1262
4159055000,남,10,1361
4159055000,남,15,1075
4159055000,남,20,847
4159055000,남,25,1129
4159055000,남,30,1665
4159055000,남,35,1807
4159055000,남,40,2174
4159055000,남,45,1666
4159055000,남,50,1380
4159055000,남,55,1068
4159055000,남,60,1004
4159055000,남,65,673
4159055000,남,70,325
4159055000,남,75,189
4159055000,남,80,94
4159055000,남,85,45
4159055000,남,90,11
4159055000,남,95,5
4159055000,남,100,0
4159055000,여,0,927
4159055000,여,5,1263
4159055000,여,10,1278
4159055000,여,15,974
4159055000,여,20,844
4159055000,여,25,972
4159055000,여,30,1649
4159055000,여,35,1854
4159055000,여,40,2012
4159055000,여,45,1569
4159055000,여,50,1342
4159055000,여,55,1216
4159055000,여,60,1026
4159055000,여,65,652
4159055000,여,70,344
4159055000,여,75,192
4159055000,여,80,137
4159055000,여,85,110
4159055000,여,90,40
4159055000,여,95,8
4159055000,여,100,3
4159056000,남,0,224
4159056000,남,5,343
4159056000,남,10,469
4159056000,남,15,484
4159056000,남,20,550
4159056000,남,25,544
4159056000,남,30,540
4159056000,남,35,511
4159056000,남,40,655
4159056000,남,45,720
4159056000,남,50,818
4159056000,남,55,683
4159056000,남,60,597
4159056000,남,65,373
4159056000,남,70,246
4159056000,남,75,194
4159056000,남,80,100
4159056000,남,85,35
4159056000,남,90,4
4159056000,남,95,1
4159056000,남,100,0
4159056000,여,0,278
4159056000,여,5,357
4159056000,여,10,418
4159056000,여,15,482
4159056000,여,20,471
4159056000,여,25,480
4159056000,여,30,447
4159056000,여,35,457
4159056000,여,40,631
4159056000,여,45,700
4159056000,여,50,822
4159056000,여,55,663
4159056000,여,60,582
4159056000,여,65,397
4159056000,여,70,286
4159056000,여,75,211
4159056000,여,80,133
4159056000,여,85,67
4159056000,여,90,29
4159056000,여,95,8
4159056000,여,100,3
4159057000,남,0,496
4159057000,남,5,515
4159057000,남,10,595
4159057000,남,15,594
4159057000,남,20,913
4159057000,남,25,1071
4159057000,남,30,1283
4159057000,남,35,1110
4159057000,남,40,1317
4159057000,남,45,1171
4159057000,남,50,1352
4159057000,남,55,1191
4159057000,남,60,1162
4159057000,남,65,837
4159057000,남,70,492
4159057000,남,75,332
4159057000,남,80,195
4159057000,남,85,93
4159057000,남,90,17
4159057000,남,95,0
4159057000,남,100,1
4159057000,여,0,475
4159057000,여,5,473
4159057000,여,10,513
4159057000,여,15,555
4159057000,여,20,731
4159057000,여,25,785
4159057000,여,30,988
4159057000,여,35,890
4159057000,여,40,1047
4159057000,여,45,948
4159057000,여,50,1144
4159057000,여,55,1173
4159057000,여,60,1037
4159057000,여,65,841
4159057000,여,70,533
4159057000,여,75,372
4159057000,여,80,302
4159057000,여,85,172
4159057000,여,90,68
4159057000,여,95,19
4159057000,여,100,1
4159058500,남,0,920
4159058500,남,5,1412
4159058500,남,10,1662
4159058500,남,15,1643
4159058500,남,20,1601
4159058500,남,25,2614
4159058500,남,30,2589
4159058500,남,35,2200
4159058500,남,40,2345
4159058500,남,45,2323
4159058500,남,50,2359
4159058500,남,55,1740
4159058500,남,60,1109
4159058500,남,65,595
4159058500,남,70,330
4159058500,남,75,225
4159058500,남,80,132
4159058500,남,85,61
4159058500,남,90,15
4159058500,남,95,2
4159058500,남,100,0
4159058500,여,0,922
4159058500,여,5,1335
4159058500,여,10,1663
4159058500,여,15,1567
4159058500,여,20,1521
4159058500,여,25,2031
4159058500,여,30,2037
4159058500,여,35,2142
4159058500,여,40,2417
4159058500,여,45,2367
4159058500,여,50,2228
4159058500,여,55,1495
4159058500,여,60,880
4159058500,여,65,590
4159058500,여,70,389
4159058500,여,75,251
4159058500,여,80,166
4159058500,여,85,108
4159058500,여,90,48
4159058500,여,95,2
4159058500,여,100,1
4159058600,남,0,377
4159058600,남,5,964
4159058600,남,10,1739
4159058600,남,15,1519
4159058600,남,20,1171
4159058600,남,25,849
4159058600,남,30,677
4159058600,남,35,815
4159058600,남,40,1564
4159058600,남,45,2026
4159058600,남,50,1920
4159058600,남,55,1188
4159058600,남,60,783
4159058600,남,65,492
4159058600,남,70,264
4159058600,남,75,230
4159058600,남,80,136
4159058600,남,85,63
4159058600,남,90,14
4159058600,남,95,0
4159058600,남,100,0
4159058600,여,0,365
4159058600,여,5,989
4159058600,여,10,1672
4159058600,여,15,1578
4159058600,여,20,1075
4159058600,여,25,800
4159058600,여,30,727
4159058600,여,35,959
4159058600,여,40,1990
4159058600,여,45,2167
4159058600,여,50,1745
4159058600,여,55,1069
4159058600,여,60,778
4159058600,여,65,566
4159058600,여,70,377
4159058600,여,75,276
4159058600,여,80,238
4159058600,여,85,88
4159058600,여,90,38
4159058600,여,95,7
4159058600,여,100,0
4159058700,남,0,771
4159058700,남,5,1125
4159058700,남,10,1513
4159058700,남,15,1311
4159058700,남,20,1174
4159058700,남,25,2215
4159058700,남,30,2315
4159058700,남,35,1682
4159058700,남,40,2152
4159058700,남,45,1881
4159058700,남,50,1713
4159058700,남,55,1056
4159058700,남,60,705
4159058700,남,65,445
4159058700,남,70,304
4159058700,남,75,239
4159058700,남,80,161
4159058700,남,85,67
4159058700,남,90,19
4159058700,남,95,3
4159058700,남,100,0
4159058700,여,0,750
4159058700,여,5,1074
4159058700,여,10,1447
4159058700,여,15,1197
4159058700,여,20,1130
4159058700,여,25,1587
4159058700,여,30,1697
4159058700,여,35,1545
4159058700,여,40,2161
4159058700,여,45,1866
4159058700,여,50,1604
4159058700,여,55,966
4159058700,여,60,766
4159058700,여,65,626
4159058700,여,70,424
4159058700,여,75,357
4159058700,여,80,229
4159058700,여,85,119
4159058700,여,90,41
4159058700,여,95,9
4159058700,여,100,0
4159058800,남,0,1151
4159058800,남,5,2234
4159058800,남,10,3001
4159058800,남,15,2146
4159058800,남,20,1359
4159058800,남,25,929
4159058800,남,30,1236
4159058800,남,35,1907
4159058800,남,40,3174
4159058800,남,45,3373
4159058800,남,50,2556
4159058800,남,55,1494
4159058800,남,60,938
4159058800,남,65,525
4159058800,남,70,263
4159058800,남,75,142
4159058800,남,80,85
4159058800,남,85,35
4159058800,남,90,3
4159058800,남,95,2
4159058800,남,100,1
4159058800,여,0,1114
4159058800,여,5,2051
4159058800,여,10,2877
4159058800,여,15,2198
4159058800,여,20,1245
4159058800,여,25,912
4159058800,여,30,1549
4159058800,여,35,2390
4159058800,여,40,3789
4159058800,여,45,3171
4159058800,여,50,2174
4159058800,여,55,1247
4159058800,여,60,802
4159058800,여,65,478
4159058800,여,70,297
4159058800,여,75,175
4159058800,여,80,119
4159058800,여,85,72
4159058800,여,90,37
4159058800,여,95,5
4159058800,여,100,5
4159059000,남,0,1221
4159059000,남,5,1486
4159059000,남,10,1507
4159059000,남,15,1105
4159059000,남,20,917
4159059000,남,25,1625
4159059000,남,30,2677
4159059000,남,35,2581
4159059000,남,40,2801
4159059000,남,45,2134
4159059000,남,50,1647
4159059000,남,55,1176
4159059000,남,60,956
4159059000,남,65,691
4159059000,남,70,389
4159059000,남,75,293
4159059000,남,80,157
4159059000,남,85,61
4159059000,남,90,20
4159059000,남,95,1
4159059000,남,100,0
4159059000,여,0,1165
4159059000,여,5,1369
4159059000,여,10,1454
4159059000,여,15,1074
4159059000,여,20,858
4159059000,여,25,1733
4159059000,여,30,2711
4159059000,여,35,2422
4159059000,여,40,2612
4159059000,여,45,1958
4159059000,여,50,1591
4159059000,여,55,1123
4159059000,여,60,965
4159059000,여,65,812
4159059000,여,70,503
4159059000,여,75,339
4159059000,여,80,242
4159059000,여,85,127
4159059000,여,90,58
4159059000,여,95,11
4159059000,여,100,3
4159060000,남,0,1025
4159060000,남,5,1495
4159060000,남,10,1464
4159060000,남,15,1172
4159060000,남,20,1073
4159060000,남,25,2152
4159060000,남,30,2384
4159060000,남,35,2107
4159060000,남,40,2508
4159060000,남,45,2065
4159060000,남,50,1821
4159060000,남,55,1217
4159060000,남,60,834
4159060000,남,65,502
4159060000,남,70,262
4159060000,남,75,188
4159060000,남,80,76
4159060000,남,85,45
4159060000,남,90,9
4159060000,남,95,1
4159060000,남,100,0
4159060000,여,0,971
4159060000,여,5,1419
4159060000,여,10,1395
4159060000,여,15,1130
4159060000,여,20,1210
4159060000,여,25,2016
4159060000,여,30,2123
4159060000,여,35,2019
4159060000,여,40,2417
4159060000,여,45,1870
4159060000,여,50,1620
4159060000,여,55,1097
4159060000,여,60,783
4159060000,여,65,512
4159060000,여,70,283
4159060000,여,75,170
4159060000,여,80,145
4159060000,여,85,77
4159060000,여,90,33
4159060000,여,95,9
4159060000,여,100,0
4159061000,남,0,1538
4159061000,남,5,2135
4159061000,남,10,2313
4159061000,남,15,1648
4159061000,남,20,1173
4159061000,남,25,1521
4159061000,남,30,2508
4159061000,남,35,2828
4159061000,남,40,3550
4159061000,남,45,2868
4159061000,남,50,2057
4159061000,남,55,1474
4159061000,남,60,1153
4159061000,남,65,811
4159061000,남,70,426
4159061000,남,75,237
4159061000,남,80,123
4159061000,남,85,37
4159061000,남,90,8
4159061000,남,95,4
4159061000,남,100,0
4159061000,여,0,1380
4159061000,여,5,1995
4159061000,여,10,2227
4159061000,여,15,1591
4159061000,여,20,1124
4159061000,여,25,1574
4159061000,여,30,2558
4159061000,여,35,2821
4159061000,여,40,3568
4159061000,여,45,2628
4159061000,여,50,2042
4159061000,여,55,1560
4159061000,여,60,1209
4159061000,여,65,851
4159061000,여,70,450
4159061000,여,75,239
4159061000,여,80,178
4159061000,여,85,111
4159061000,여,90,38
4159061000,여,95,11
4159061000,여,100,1
4159062000,남,0,1297
4159062000,남,5,1745
4159062000,남,10,1293
4159062000,남,15,806
4159062000,남,20,517
4159062000,남,25,733
4159062000,남,30,1571
4159062000,남,35,2258
4159062000,남,40,2742
4159062000,남,45,1639
4159062000,남,50,1029
4159062000,남,55,738
4159062000,남,60,612
4159062000,남,65,471
4159062000,남,70,226
4159062000,남,75,135
4159062000,남,80,72
4159062000,남,85,34
4159062000,남,90,12
4159062000,남,95,0
4159062000,남,100,0
4159062000,여,0,1284
4159062000,여,5,1633
4159062000,여,10,1230
4159062000,여,15,797
4159062000,여,20,525
4159062000,여,25,861
4159062000,여,30,1777
4159062000,여,35,2284
4159062000,여,40,2470
4159062000,여,45,1390
4159062000,여,50,1024
4159062000,여,55,755
4159062000,여,60,686
4159062000,여,65,512
4159062000,여,70,267
4159062000,여,75,139
4159062000,여,80,96
4159062000,여,85,60
4159062000,여,90,28
4159062000,여,95,12
4159062000,여,100,0
4159063000,남,0,1481
4159063000,남,5,1885
4159063000,남,10,1709
4159063000,남,15,995
4159063000,남,20,782
4159063000,남,25,1427
4159063000,남,30,2260
4159063000,남,35,2470
4159063000,남,40,2910
4159063000,남,45,2105
4159063000,남,50,1335
4159063000,남,55,892
4159063000,남,60,694
4159063000,남,65,551
4159063000,남,70,283
4159063000,남,75,143
4159063000,남,80,74
4159063000,남,85,25
4159063000,남,90,6
4159063000,남,95,0
4159063000,남,100,0
4159063000,여,0,1412
4159063000,여,5,1855
4159063000,여,10,1646
4159063000,여,15,992
4159063000,여,20,717
4159063000,여,25,1408
4159063000,여,30,2373
4159063000,여,35,2520
4159063000,여,40,2853
4159063000,여,45,1768
4159063000,여,50,1313
4159063000,여,55,892
4159063000,여,60,762
4159063000,여,65,577
4159063000,여,70,271
4159063000,여,75,159
4159063000,여,80,108
4159063000,여,85,60
4159063000,여,90,34
4159063000,여,95,7
4159063000,여,100,0
4161025300,남,0,831
4161025300,남,5,1006
4161025300,남,10,1168
4161025300,남,15,1363
4161025300,남,20,1350
4161025300,남,25,1580
4161025300,남,30,1745
4161025300,남,35,1782
4161025300,남,40,2172
4161025300,남,45,2174
4161025300,남,50,2622
4161025300,남,55,2284
4161025300,남,60,2179
4161025300,남,65,1747
4161025300,남,70,957
4161025300,남,75,646
4161025300,남,80,380
4161025300,남,85,195
4161025300,남,90,39
4161025300,남,95,4
4161025300,남,100,1
4161025300,여,0,750
4161025300,여,5,877
4161025300,여,10,1148
4161025300,여,15,1352
4161025300,여,20,1223
4161025300,여,25,1379
4161025300,여,30,1602
4161025300,여,35,1584
4161025300,여,40,1966
4161025300,여,45,1923
4161025300,여,50,2265
4161025300,여,55,2177
4161025300,여,60,1980
4161025300,여,65,1541
4161025300,여,70,961
4161025300,여,75,710
4161025300,여,80,566
4161025300,여,85,349
4161025300,여,90,135
4161025300,여,95,30
4161025300,여,100,6
4161025900,남,0,205
4161025900,남,5,309
4161025900,남,10,383
4161025900,남,15,433
4161025900,남,20,587
4161025900,남,25,708
4161025900,남,30,718
4161025900,남,35,631
4161025900,남,40,842
4161025900,남,45,861
4161025900,남,50,1151
4161025900,남,55,1279
4161025900,남,60,1282
4161025900,남,65,984
4161025900,남,70,606
4161025900,남,75,361
4161025900,남,80,231
4161025900,남,85,125
4161025900,남,90,37
4161025900,남,95,5
4161025900,남,100,0
4161025900,여,0,163
4161025900,여,5,287
4161025900,여,10,321
4161025900,여,15,387
4161025900,여,20,461
4161025900,여,25,573
4161025900,여,30,514
4161025900,여,35,517
4161025900,여,40,671
4161025900,여,45,710
4161025900,여,50,960
4161025900,여,55,1021
4161025900,여,60,1030
4161025900,여,65,866
4161025900,여,70,530
4161025900,여,75,397
4161025900,여,80,339
4161025900,여,85,216
4161025900,여,90,95
4161025900,여,95,24
4161025900,여,100,4
4161033000,남,0,66
4161033000,남,5,89
4161033000,남,10,146
4161033000,남,15,145
4161033000,남,20,198
4161033000,남,25,282
4161033000,남,30,286
4161033000,남,35,240
4161033000,남,40,325
4161033000,남,45,367
4161033000,남,50,501
4161033000,남,55,543
4161033000,남,60,606
4161033000,남,65,515
4161033000,남,70,315
4161033000,남,75,214
4161033000,남,80,139
4161033000,남,85,63
4161033000,남,90,17
4161033000,남,95,0
4161033000,남,100,1
4161033000,여,0,65
4161033000,여,5,88
4161033000,여,10,133
4161033000,여,15,137
4161033000,여,20,143
4161033000,여,25,194
4161033000,여,30,192
4161033000,여,35,161
4161033000,여,40,256
4161033000,여,45,232
4161033000,여,50,369
4161033000,여,55,456
4161033000,여,60,463
4161033000,여,65,440
4161033000,여,70,269
4161033000,여,75,195
4161033000,여,80,179
4161033000,여,85,121
4161033000,여,90,60
4161033000,여,95,12
4161033000,여,100,1
4161034000,남,0,109
4161034000,남,5,229
4161034000,남,10,371
4161034000,남,15,314
4161034000,남,20,300
4161034000,남,25,318
4161034000,남,30,300
4161034000,남,35,335
4161034000,남,40,532
4161034000,남,45,678
4161034000,남,50,798
4161034000,남,55,699
4161034000,남,60,766
4161034000,남,65,785
4161034000,남,70,556
4161034000,남,75,421
4161034000,남,80,262
4161034000,남,85,106
4161034000,남,90,23
4161034000,남,95,4
4161034000,남,100,1
4161034000,여,0,112
4161034000,여,5,253
4161034000,여,10,348
4161034000,여,15,250
4161034000,여,20,254
4161034000,여,25,274
4161034000,여,30,236
4161034000,여,35,294
4161034000,여,40,540
4161034000,여,45,542
4161034000,여,50,622
4161034000,여,55,674
4161034000,여,60,858
4161034000,여,65,827
4161034000,여,70,589
4161034000,여,75,432
4161034000,여,80,292
4161034000,여,85,188
4161034000,여,90,70
4161034000,여,95,23
4161034000,여,100,6
4161035000,남,0,1
4161035000,남,5,6
4161035000,남,10,12
4161035000,남,15,16
4161035000,남,20,16
4161035000,남,25,29
4161035000,남,30,25
4161035000,남,35,19
4161035000,남,40,30
4161035000,남,45,35
4161035000,남,50,61
4161035000,남,55,82
4161035000,남,60,103
4161035000,남,65,124
4161035000,남,70,71
4161035000,남,75,58
4161035000,남,80,47
4161035000,남,85,21
4161035000,남,90,4
4161035000,남,95,1
4161035000,남,100,1
4161035000,여,0,2
4161035000,여,5,5
4161035000,여,10,8
4161035000,여,15,12
4161035000,여,20,11
4161035000,여,25,21
4161035000,여,30,18
4161035000,여,35,13
4161035000,여,40,28
4161035000,여,45,20
4161035000,여,50,51
4161035000,여,55,57
4161035000,여,60,75
4161035000,여,65,107
4161035000,여,70,55
4161035000,여,75,60
4161035000,여,80,51
4161035000,여,85,35
4161035000,여,90,17
4161035000,여,95,2
4161035000,여,100,1
4161037000,남,0,7
4161037000,남,5,46
4161037000,남,10,42
4161037000,남,15,35
4161037000,남,20,38
4161037000,남,25,36
4161037000,남,30,53
4161037000,남,35,45
4161037000,남,40,73
4161037000,남,45,66
4161037000,남,50,102
4161037000,남,55,101
4161037000,남,60,143
4161037000,남,65,140
4161037000,남,70,92
4161037000,남,75,73
4161037000,남,80,48
4161037000,남,85,25
4161037000,남,90,6
4161037000,남,95,3
4161037000,남,100,1
4161037000,여,0,13
4161037000,여,5,31
4161037000,여,10,39
4161037000,여,15,25
4161037000,여,20,32
4161037000,여,25,41
4161037000,여,30,45
4161037000,여,35,42
4161037000,여,40,70
4161037000,여,45,46
4161037000,여,50,82
4161037000,여,55,95
4161037000,여,60,123
4161037000,여,65,113
4161037000,여,70,85
4161037000,여,75,70
4161037000,여,80,63
4161037000,여,85,45
4161037000,여,90,22
4161037000,여,95,10
4161037000,여,100,2
4161051000,남,0,513
4161051000,남,5,739
4161051000,남,10,725
4161051000,남,15,612
4161051000,남,20,706
4161051000,남,25,1009
4161051000,남,30,1183
4161051000,남,35,1102
4161051000,남,40,1325
4161051000,남,45,1120
4161051000,남,50,1305
4161051000,남,55,1144
4161051000,남,60,1147
4161051000,남,65,829
4161051000,남,70,478
4161051000,남,75,367
4161051000,남,80,204
4161051000,남,85,93
4161051000,남,90,17
4161051000,남,95,2
4161051000,남,100,0
4161051000,여,0,492
4161051000,여,5,699
4161051000,여,10,606
4161051000,여,15,579
4161051000,여,20,656
4161051000,여,25,933
4161051000,여,30,1052
4161051000,여,35,1016
4161051000,여,40,1242
4161051000,여,45,1021
4161051000,여,50,1090
4161051000,여,55,1031
4161051000,여,60,1009
4161051000,여,65,879
4161051000,여,70,613
4161051000,여,75,408
4161051000,여,80,345
4161051000,여,85,180
4161051000,여,90,67
4161051000,여,95,10
4161051000,여,100,3
4161052000,남,0,298
4161052000,남,5,421
4161052000,남,10,448
4161052000,남,15,487
4161052000,남,20,568
4161052000,남,25,723
4161052000,남,30,738
4161052000,남,35,703
4161052000,남,40,960
4161052000,남,45,912
4161052000,남,50,1095
4161052000,남,55,1051
4161052000,남,60,961
4161052000,남,65,823
4161052000,남,70,481
4161052000,남,75,310
4161052000,남,80,199
4161052000,남,85,74
4161052000,남,90,21
4161052000,남,95,2
4161052000,남,100,0
4161052000,여,0,256
4161052000,여,5,387
4161052000,여,10,478
4161052000,여,15,520
4161052000,여,20,533
4161052000,여,25,637
4161052000,여,30,637
4161052000,여,35,651
4161052000,여,40,831
4161052000,여,45,861
4161052000,여,50,1003
4161052000,여,55,1023
4161052000,여,60,999
4161052000,여,65,817
4161052000,여,70,484
4161052000,여,75,369
4161052000,여,80,257
4161052000,여,85,141
4161052000,여,90,44
4161052000,여,95,12
4161052000,여,100,0
4161054000,남,0,280
4161054000,남,5,465
4161054000,남,10,427
4161054000,남,15,347
4161054000,남,20,465
4161054000,남,25,621
4161054000,남,30,590
4161054000,남,35,611
4161054000,남,40,814
4161054000,남,45,738
4161054000,남,50,757
4161054000,남,55,740
4161054000,남,60,677
4161054000,남,65,588
4161054000,남,70,320
4161054000,남,75,202
4161054000,남,80,129
4161054000,남,85,45
4161054000,남,90,12
4161054000,남,95,0
4161054000,남,100,0
4161054000,여,0,274
4161054000,여,5,391
4161054000,여,10,402
4161054000,여,15,394
4161054000,여,20,440
4161054000,여,25,516
4161054000,여,30,563
4161054000,여,35,551
4161054000,여,40,782
4161054000,여,45,671
4161054000,여,50,850
4161054000,여,55,823
4161054000,여,60,759
4161054000,여,65,552
4161054000,여,70,323
4161054000,여,75,217
4161054000,여,80,160
4161054000,여,85,75
4161054000,여,90,25
4161054000,여,95,9
4161054000,여,100,2
4161055000,남,0,391
4161055000,남,5,716
4161055000,남,10,867
4161055000,남,15,935
4161055000,남,20,1065
4161055000,남,25,1359
4161055000,남,30,1439
4161055000,남,35,1175
4161055000,남,40,1674
4161055000,남,45,1626
4161055000,남,50,2040
4161055000,남,55,1950
4161055000,남,60,1885
4161055000,남,65,1444
4161055000,남,70,777
4161055000,남,75,544
4161055000,남,80,288
4161055000,남,85,102
4161055000,남,90,23
4161055000,남,95,3
4161055000,남,100,2
4161055000,여,0,411
4161055000,여,5,729
4161055000,여,10,874
4161055000,여,15,968
4161055000,여,20,971
4161055000,여,25,1163
4161055000,여,30,1077
4161055000,여,35,1011
4161055000,여,40,1555
4161055000,여,45,1640
4161055000,여,50,1977
4161055000,여,55,2026
4161055000,여,60,1926
4161055000,여,65,1470
4161055000,여,70,813
4161055000,여,75,539
4161055000,여,80,415
4161055000,여,85,185
4161055000,여,90,70
4161055000,여,95,12
4161055000,여,100,3
4161056000,남,0,473
4161056000,남,5,549
4161056000,남,10,566
4161056000,남,15,625
4161056000,남,20,817
4161056000,남,25,1051
4161056000,남,30,1227
4161056000,남,35,1114
4161056000,남,40,1465
4161056000,남,45,1328
4161056000,남,50,1524
4161056000,남,55,1484
4161056000,남,60,1428
4161056000,남,65,1165
4161056000,남,70,697
4161056000,남,75,436
4161056000,남,80,295
4161056000,남,85,103
4161056000,남,90,15
4161056000,남,95,7
4161056000,남,100,2
4161056000,여,0,454
4161056000,여,5,512
4161056000,여,10,533
4161056000,여,15,559
4161056000,여,20,710
4161056000,여,25,982
4161056000,여,30,1056
4161056000,여,35,997
4161056000,여,40,1208
4161056000,여,45,1140
4161056000,여,50,1470
4161056000,여,55,1493
4161056000,여,60,1471
4161056000,여,65,1183
4161056000,여,70,725
4161056000,여,75,500
4161056000,여,80,309
4161056000,여,85,181
4161056000,여,90,75
4161056000,여,95,15
4161056000,여,100,3
4161057000,남,0,736
4161057000,남,5,1246
4161057000,남,10,1343
4161057000,남,15,960
4161057000,남,20,791
4161057000,남,25,727
4161057000,남,30,818
4161057000,남,35,1255
4161057000,남,40,2077
4161057000,남,45,1673
4161057000,남,50,1418
4161057000,남,55,989
4161057000,남,60,820
4161057000,남,65,627
4161057000,남,70,439
4161057000,남,75,280
4161057000,남,80,174
4161057000,남,85,70
4161057000,남,90,9
4161057000,남,95,5
4161057000,남,100,0
4161057000,여,0,745
4161057000,여,5,1180
4161057000,여,10,1278
4161057000,여,15,974
4161057000,여,20,646
4161057000,여,25,664
4161057000,여,30,969
4161057000,여,35,1449
4161057000,여,40,2127
4161057000,여,45,1576
4161057000,여,50,1349
4161057000,여,55,998
4161057000,여,60,907
4161057000,여,65,785
4161057000,여,70,461
4161057000,여,75,312
4161057000,여,80,192
4161057000,여,85,108
4161057000,여,90,47
4161057000,여,95,13
4161057000,여,100,4
4161058000,남,0,740
4161058000,남,5,982
4161058000,남,10,802
4161058000,남,15,489
4161058000,남,20,481
4161058000,남,25,603
4161058000,남,30,910
4161058000,남,35,1285
4161058000,남,40,1783
4161058000,남,45,1211
4161058000,남,50,1134
4161058000,남,55,957
4161058000,남,60,978
4161058000,남,65,744
4161058000,남,70,438
4161058000,남,75,301
4161058000,남,80,181
4161058000,남,85,76
4161058000,남,90,25
4161058000,남,95,5
4161058000,남,100,2
4161058000,여,0,763
4161058000,여,5,947
4161058000,여,10,736
4161058000,여,15,474
4161058000,여,20,436
4161058000,여,25,563
4161058000,여,30,957
4161058000,여,35,1314
4161058000,여,40,1501
4161058000,여,45,1045
4161058000,여,50,984
4161058000,여,55,966
4161058000,여,60,964
4161058000,여,65,768
4161058000,여,70,492
4161058000,여,75,307
4161058000,여,80,244
4161058000,여,85,140
4161058000,여,90,55
4161058000,여,95,11
4161058000,여,100,4
4161059000,남,0,445
4161059000,남,5,794
4161059000,남,10,947
4161059000,남,15,925
4161059000,남,20,930
4161059000,남,25,1008
4161059000,남,30,994
4161059000,남,35,954
4161059000,남,40,1593
4161059000,남,45,1558
4161059000,남,50,1621
4161059000,남,55,1459
4161059000,남,60,1197
4161059000,남,65,950
4161059000,남,70,519
4161059000,남,75,397
4161059000,남,80,260
4161059000,남,85,100
4161059000,남,90,25
4161059000,남,95,5
4161059000,남,100,4
4161059000,여,0,436
4161059000,여,5,723
4161059000,여,10,978
4161059000,여,15,834
4161059000,여,20,871
4161059000,여,25,862
4161059000,여,30,893
4161059000,여,35,964
4161059000,여,40,1536
4161059000,여,45,1357
4161059000,여,50,1537
4161059000,여,55,1353
4161059000,여,60,1075
4161059000,여,65,918
4161059000,여,70,669
4161059000,여,75,452
4161059000,여,80,347
4161059000,여,85,207
4161059000,여,90,66
4161059000,여,95,16
4161059000,여,100,3
4161060000,남,0,583
4161060000,남,5,742
4161060000,남,10,711
4161060000,남,15,580
4161060000,남,20,741
4161060000,남,25,1267
4161060000,남,30,1642
4161060000,남,35,1687
4161060000,남,40,2082
4161060000,남,45,1539
4161060000,남,50,1477
4161060000,남,55,1253
4161060000,남,60,1182
4161060000,남,65,1049
4161060000,남,70,643
4161060000,남,75,398
4161060000,남,80,261
4161060000,남,85,97
4161060000,남,90,25
4161060000,남,95,1
4161060000,남,100,1
4161060000,여,0,564
4161060000,여,5,785
4161060000,여,10,663
4161060000,여,15,553
4161060000,여,20,734
4161060000,여,25,1129
4161060000,여,30,1418
4161060000,여,35,1491
4161060000,여,40,1857
4161060000,여,45,1434
4161060000,여,50,1570
4161060000,여,55,1479
4161060000,여,60,1478
4161060000,여,65,1182
4161060000,여,70,672
4161060000,여,75,495
4161060000,여,80,308
4161060000,여,85,171
4161060000,여,90,88
4161060000,여,95,22
4161060000,여,100,7
4161061000,남,0,346
4161061000,남,5,553
4161061000,남,10,499
4161061000,남,15,380
4161061000,남,20,471
4161061000,남,25,719
4161061000,남,30,912
4161061000,남,35,889
4161061000,남,40,1251
4161061000,남,45,966
4161061000,남,50,983
4161061000,남,55,812
4161061000,남,60,809
4161061000,남,65,733
4161061000,남,70,450
4161061000,남,75,324
4161061000,남,80,182
4161061000,남,85,68
4161061000,남,90,19
4161061000,남,95,6
4161061000,남,100,0
4161061000,여,0,302
4161061000,여,5,503
4161061000,여,10,461
4161061000,여,15,380
4161061000,여,20,426
4161061000,여,25,648
4161061000,여,30,732
4161061000,여,35,844
4161061000,여,40,1115
4161061000,여,45,918
4161061000,여,50,939
4161061000,여,55,951
4161061000,여,60,990
4161061000,여,65,849
4161061000,여,70,483
4161061000,여,75,357
4161061000,여,80,259
4161061000,여,85,134
4161061000,여,90,68
4161061000,여,95,21
4161061000,여,100,2
4163025000,남,0,135
4163025000,남,5,268
4163025000,남,10,477
4163025000,남,15,635
4163025000,남,20,706
4163025000,남,25,785
4163025000,남,30,598
4163025000,남,35,486
4163025000,남,40,736
4163025000,남,45,828
4163025000,남,50,1236
4163025000,남,55,1364
4163025000,남,60,1365
4163025000,남,65,1171
4163025000,남,70,691
4163025000,남,75,471
4163025000,남,80,357
4163025000,남,85,175
4163025000,남,90,39
4163025000,남,95,4
4163025000,남,100,0
4163025000,여,0,159
4163025000,여,5,295
4163025000,여,10,508
4163025000,여,15,532
4163025000,여,20,591
4163025000,여,25,567
4163025000,여,30,482
4163025000,여,35,445
4163025000,여,40,652
4163025000,여,45,865
4163025000,여,50,1181
4163025000,여,55,1268
4163025000,여,60,1275
4163025000,여,65,1175
4163025000,여,70,667
4163025000,여,75,600
4163025000,여,80,556
4163025000,여,85,329
4163025000,여,90,126
4163025000,여,95,31
4163025000,여,100,4
4163031000,남,0,12
4163031000,남,5,28
4163031000,남,10,53
4163031000,남,15,81
4163031000,남,20,134
4163031000,남,25,188
4163031000,남,30,146
4163031000,남,35,123
4163031000,남,40,147
4163031000,남,45,161
4163031000,남,50,268
4163031000,남,55,367
4163031000,남,60,430
4163031000,남,65,374
4163031000,남,70,215
4163031000,남,75,164
4163031000,남,80,84
4163031000,남,85,46
4163031000,남,90,12
4163031000,남,95,2
4163031000,남,100,0
4163031000,여,0,20
4163031000,여,5,23
4163031000,여,10,35
4163031000,여,15,69
4163031000,여,20,98
4163031000,여,25,87
4163031000,여,30,85
4163031000,여,35,48
4163031000,여,40,82
4163031000,여,45,104
4163031000,여,50,156
4163031000,여,55,226
4163031000,여,60,297
4163031000,여,65,313
4163031000,여,70,165
4163031000,여,75,143
4163031000,여,80,131
4163031000,여,85,104
4163031000,여,90,48
4163031000,여,95,12
4163031000,여,100,1
4163032000,남,0,45
4163032000,남,5,67
4163032000,남,10,72
4163032000,남,15,78
4163032000,남,20,153
4163032000,남,25,238
4163032000,남,30,235
4163032000,남,35,163
4163032000,남,40,209
4163032000,남,45,178
4163032000,남,50,304
4163032000,남,55,339
4163032000,남,60,471
4163032000,남,65,396
4163032000,남,70,237
4163032000,남,75,156
4163032000,남,80,94
4163032000,남,85,58
4163032000,남,90,12
4163032000,남,95,2
4163032000,남,100,1
4163032000,여,0,42
4163032000,여,5,66
4163032000,여,10,84
4163032000,여,15,81
4163032000,여,20,64
4163032000,여,25,136
4163032000,여,30,115
4163032000,여,35,115
4163032000,여,40,102
4163032000,여,45,127
4163032000,여,50,183
4163032000,여,55,241
4163032000,여,60,348
4163032000,여,65,307
4163032000,여,70,209
4163032000,여,75,156
4163032000,여,80,152
4163032000,여,85,96
4163032000,여,90,59
4163032000,여,95,16
4163032000,여,100,2
4163033000,남,0,75
4163033000,남,5,124
4163033000,남,10,195
4163033000,남,15,204
4163033000,남,20,250
4163033000,남,25,300
4163033000,남,30,329
4163033000,남,35,234
4163033000,남,40,330
4163033000,남,45,403
4163033000,남,50,594
4163033000,남,55,674
4163033000,남,60,777
4163033000,남,65,590
4163033000,남,70,345
4163033000,남,75,245
4163033000,남,80,164
4163033000,남,85,74
4163033000,남,90,20
4163033000,남,95,3
4163033000,남,100,1
4163033000,여,0,85
4163033000,여,5,120
4163033000,여,10,181
4163033000,여,15,154
4163033000,여,20,187
4163033000,여,25,195
4163033000,여,30,217
4163033000,여,35,197
4163033000,여,40,252
4163033000,여,45,288
4163033000,여,50,443
4163033000,여,55,564
4163033000,여,60,590
4163033000,여,65,543
4163033000,여,70,321
4163033000,여,75,231
4163033000,여,80,211
4163033000,여,85,139
4163033000,여,90,58
4163033000,여,95,12
4163033000,여,100,2
4163034000,남,0,128
4163034000,남,5,133
4163034000,남,10,121
4163034000,남,15,126
4163034000,남,20,261
4163034000,남,25,354
4163034000,남,30,373
4163034000,남,35,283
4163034000,남,40,343
4163034000,남,45,341
4163034000,남,50,480
4163034000,남,55,550
4163034000,남,60,681
4163034000,남,65,658
4163034000,남,70,426
4163034000,남,75,371
4163034000,남,80,241
4163034000,남,85,119
4163034000,남,90,42
4163034000,남,95,8
4163034000,남,100,5
4163034000,여,0,110
4163034000,여,5,87
4163034000,여,10,99
4163034000,여,15,113
4163034000,여,20,171
4163034000,여,25,278
4163034000,여,30,293
4163034000,여,35,246
4163034000,여,40,260
4163034000,여,45,286
4163034000,여,50,466
4163034000,여,55,544
4163034000,여,60,669
4163034000,여,65,697
4163034000,여,70,441
4163034000,여,75,378
4163034000,여,80,313
4163034000,여,85,241
4163034000,여,90,137
4163034000,여,95,34
4163034000,여,100,6
4163051000,남,0,25
4163051000,남,5,34
4163051000,남,10,64
4163051000,남,15,68
4163051000,남,20,83
4163051000,남,25,106
4163051000,남,30,115
4163051000,남,35,102
4163051000,남,40,103
4163051000,남,45,138
4163051000,남,50,194
4163051000,남,55,243
4163051000,남,60,328
4163051000,남,65,327
4163051000,남,70,174
4163051000,남,75,138
4163051000,남,80,92
4163051000,남,85,46
4163051000,남,90,15
4163051000,남,95,2
4163051000,남,100,0
4163051000,여,0,28
4163051000,여,5,34
4163051000,여,10,57
4163051000,여,15,60
4163051000,여,20,70
4163051000,여,25,90
4163051000,여,30,90
4163051000,여,35,88
4163051000,여,40,89
4163051000,여,45,93
4163051000,여,50,160
4163051000,여,55,211
4163051000,여,60,294
4163051000,여,65,236
4163051000,여,70,165
4163051000,여,75,165
4163051000,여,80,139
4163051000,여,85,108
4163051000,여,90,48
4163051000,여,95,5
4163051000,여,100,3
4163052000,남,0,567
4163052000,남,5,1068
4163052000,남,10,1528
4163052000,남,15,1664
4163052000,남,20,1472
4163052000,남,25,1358
4163052000,남,30,1115
4163052000,남,35,1111
4163052000,남,40,1951
4163052000,남,45,2269
4163052000,남,50,2600
4163052000,남,55,2021
4163052000,남,60,1550
4163052000,남,65,1299
4163052000,남,70,914
4163052000,남,75,790
4163052000,남,80,534
4163052000,남,85,221
4163052000,남,90,45
4163052000,남,95,12
4163052000,남,100,2
4163052000,여,0,570
4163052000,여,5,1024
4163052000,여,10,1519
4163052000,여,15,1610
4163052000,여,20,1493
4163052000,여,25,1323
4163052000,여,30,1090
4163052000,여,35,1093
4163052000,여,40,2095
4163052000,여,45,2360
4163052000,여,50,2571
4163052000,여,55,1874
4163052000,여,60,1647
4163052000,여,65,1638
4163052000,여,70,1195
4163052000,여,75,962
4163052000,여,80,717
4163052000,여,85,379
4163052000,여,90,144
4163052000,여,95,32
4163052000,여,100,9
4163053000,남,0,119
4163053000,남,5,118
4163053000,남,10,163
4163053000,남,15,175
4163053000,남,20,293
4163053000,남,25,406
4163053000,남,30,310
4163053000,남,35,248
4163053000,남,40,285
4163053000,남,45,296
4163053000,남,50,411
4163053000,남,55,445
4163053000,남,60,461
4163053000,남,65,355
4163053000,남,70,198
4163053000,남,75,165
4163053000,남,80,98
4163053000,남,85,60
4163053000,남,90,9
4163053000,남,95,1
4163053000,남,100,1
4163053000,여,0,100
4163053000,여,5,140
4163053000,여,10,133
4163053000,여,15,156
4163053000,여,20,245
4163053000,여,25,265
4163053000,여,30,247
4163053000,여,35,188
4163053000,여,40,248
4163053000,여,45,273
4163053000,여,50,361
4163053000,여,55,414
4163053000,여,60,369
4163053000,여,65,320
4163053000,여,70,226
4163053000,여,75,183
4163053000,여,80,140
4163053000,여,85,86
4163053000,여,90,37
4163053000,여,95,8
4163053000,여,100,4
4163054000,남,0,983
4163054000,남,5,1002
4163054000,남,10,930
4163054000,남,15,928
4163054000,남,20,1134
4163054000,남,25,1326
4163054000,남,30,1933
4163054000,남,35,1800
4163054000,남,40,1859
4163054000,남,45,1569
4163054000,남,50,1935
4163054000,남,55,1750
4163054000,남,60,1698
4163054000,남,65,1294
4163054000,남,70,673
4163054000,남,75,551
4163054000,남,80,333
4163054000,남,85,157
4163054000,남,90,25
4163054000,남,95,3
4163054000,남,100,2
4163054000,여,0,936
4163054000,여,5,926
4163054000,여,10,877
4163054000,여,15,865
4163054000,여,20,1009
4163054000,여,25,1365
4163054000,여,30,1899
4163054000,여,35,1598
4163054000,여,40,1634
4163054000,여,45,1533
4163054000,여,50,1859
4163054000,여,55,1828
4163054000,여,60,1665
4163054000,여,65,1318
4163054000,여,70,838
4163054000,여,75,643
4163054000,여,80,530
4163054000,여,85,265
4163054000,여,90,83
4163054000,여,95,19
4163054000,여,100,3
4163055000,남,0,263
4163055000,남,5,484
4163055000,남,10,636
4163055000,남,15,741
4163055000,남,20,876
4163055000,남,25,894
4163055000,남,30,822
4163055000,남,35,570
4163055000,남,40,830
4163055000,남,45,951
4163055000,남,50,1381
4163055000,남,55,1181
4163055000,남,60,924
4163055000,남,65,660
4163055000,남,70,360
4163055000,남,75,320
4163055000,남,80,256
4163055000,남,85,138
4163055000,남,90,34
4163055000,남,95,7
4163055000,남,100,5
4163055000,여,0,270
4163055000,여,5,415
4163055000,여,10,633
4163055000,여,15,659
4163055000,여,20,858
4163055000,여,25,794
4163055000,여,30,662
4163055000,여,35,559
4163055000,여,40,838
4163055000,여,45,1022
4163055000,여,50,1355
4163055000,여,55,1092
4163055000,여,60,908
4163055000,여,65,683
4163055000,여,70,508
4163055000,여,75,493
4163055000,여,80,423
4163055000,여,85,249
4163055000,여,90,75
4163055000,여,95,17
4163055000,여,100,3
4163057000,남,0,1020
4163057000,남,5,1131
4163057000,남,10,1031
4163057000,남,15,736
4163057000,남,20,839
4163057000,남,25,1273
4163057000,남,30,1772
4163057000,남,35,1857
4163057000,남,40,2128
4163057000,남,45,1457
4163057000,남,50,1387
4163057000,남,55,1079
4163057000,남,60,946
4163057000,남,65,781
4163057000,남,70,519
4163057000,남,75,389
4163057000,남,80,184
4163057000,남,85,53
4163057000,남,90,16
4163057000,남,95,1
4163057000,남,100,1
4163057000,여,0,996
4163057000,여,5,1088
4163057000,여,10,958
4163057000,여,15,755
4163057000,여,20,772
4163057000,여,25,1123
4163057000,여,30,1746
4163057000,여,35,1717
4163057000,여,40,1898
4163057000,여,45,1383
4163057000,여,50,1388
4163057000,여,55,1062
4163057000,여,60,956
4163057000,여,65,847
4163057000,여,70,489
4163057000,여,75,368
4163057000,여,80,269
4163057000,여,85,144
4163057000,여,90,67
4163057000,여,95,17
4163057000,여,100,2
4163058000,남,0,1596
4163058000,남,5,2154
4163058000,남,10,2012
4163058000,남,15,1390
4163058000,남,20,1291
4163058000,남,25,1491
4163058000,남,30,2195
4163058000,남,35,2490
4163058000,남,40,3384
4163058000,남,45,2483
4163058000,남,50,2207
4163058000,남,55,1476
4163058000,남,60,1133
4163058000,남,65,836
4163058000,남,70,448
4163058000,남,75,317
4163058000,남,80,167
4163058000,남,85,47
4163058000,남,90,21
4163058000,남,95,4
4163058000,남,100,0
4163058000,여,0,1577
4163058000,여,5,2177
4163058000,여,10,2035
4163058000,여,15,1491
4163058000,여,20,1254
4163058000,여,25,1547
4163058000,여,30,2302
4163058000,여,35,2732
4163058000,여,40,3287
4163058000,여,45,2457
4163058000,여,50,2150
4163058000,여,55,1570
4163058000,여,60,1223
4163058000,여,65,885
4163058000,여,70,523
4163058000,여,75,367
4163058000,여,80,235
4163058000,여,85,134
4163058000,여,90,50
4163058000,여,95,16
4163058000,여,100,3
4165025000,남,0,391
4165025000,남,5,685
4165025000,남,10,929
4165025000,남,15,1193
4165025000,남,20,1399
4165025000,남,25,1418
4165025000,남,30,1118
4165025000,남,35,887
4165025000,남,40,1357
4165025000,남,45,1513
4165025000,남,50,2226
4165025000,남,55,2423
4165025000,남,60,2359
4165025000,남,65,1740
4165025000,남,70,837
4165025000,남,75,616
4165025000,남,80,366
4165025000,남,85,201
4165025000,남,90,37
4165025000,남,95,9
4165025000,남,100,2
4165025000,여,0,390
4165025000,여,5,618
4165025000,여,10,920
4165025000,여,15,1050
4165025000,여,20,1285
4165025000,여,25,1180
4165025000,여,30,976
4165025000,여,35,900
4165025000,여,40,1254
4165025000,여,45,1622
4165025000,여,50,2116
4165025000,여,55,2196
4165025000,여,60,2072
4165025000,여,65,1531
4165025000,여,70,837
4165025000,여,75,732
4165025000,여,80,598
4165025000,여,85,404
4165025000,여,90,167
4165025000,여,95,49
4165025000,여,100,10
4165031000,남,0,145
4165031000,남,5,183
4165031000,남,10,144
4165031000,남,15,151
4165031000,남,20,227
4165031000,남,25,313
4165031000,남,30,352
4165031000,남,35,333
4165031000,남,40,342
4165031000,남,45,315
4165031000,남,50,430
4165031000,남,55,492
4165031000,남,60,556
4165031000,남,65,496
4165031000,남,70,257
4165031000,남,75,170
4165031000,남,80,102
4165031000,남,85,66
4165031000,남,90,15
4165031000,남,95,2
4165031000,남,100,0
4165031000,여,0,147
4165031000,여,5,138
4165031000,여,10,177
4165031000,여,15,142
4165031000,여,20,174
4165031000,여,25,249
4165031000,여,30,303
4165031000,여,35,245
4165031000,여,40,294
4165031000,여,45,277
4165031000,여,50,364
4165031000,여,55,434
4165031000,여,60,449
4165031000,여,65,391
4165031000,여,70,215
4165031000,여,75,173
4165031000,여,80,171
4165031000,여,85,114
4165031000,여,90,50
4165031000,여,95,13
4165031000,여,100,1
4165032000,남,0,19
4165032000,남,5,20
4165032000,남,10,38
4165032000,남,15,31
4165032000,남,20,92
4165032000,남,25,121
4165032000,남,30,110
4165032000,남,35,93
4165032000,남,40,108
4165032000,남,45,138
4165032000,남,50,235
4165032000,남,55,319
4165032000,남,60,404
4165032000,남,65,346
4165032000,남,70,171
4165032000,남,75,94
4165032000,남,80,76
4165032000,남,85,51
4165032000,남,90,10
4165032000,남,95,1
4165032000,남,100,1
4165032000,여,0,10
4165032000,여,5,19
4165032000,여,10,28
4165032000,여,15,33
4165032000,여,20,40
4165032000,여,25,68
4165032000,여,30,60
4165032000,여,35,47
4165032000,여,40,56
4165032000,여,45,67
4165032000,여,50,147
4165032000,여,55,221
4165032000,여,60,264
4165032000,여,65,231
4165032000,여,70,114
4165032000,여,75,135
4165032000,여,80,107
4165032000,여,85,71
4165032000,여,90,27
4165032000,여,95,5
4165032000,여,100,1
4165033000,남,0,28
4165033000,남,5,43
4165033000,남,10,68
4165033000,남,15,88
4165033000,남,20,145
4165033000,남,25,194
4165033000,남,30,194
4165033000,남,35,126
4165033000,남,40,199
4165033000,남,45,246
4165033000,남,50,421
4165033000,남,55,603
4165033000,남,60,649
4165033000,남,65,543
4165033000,남,70,263
4165033000,남,75,158
4165033000,남,80,117
4165033000,남,85,60
4165033000,남,90,17
4165033000,남,95,3
4165033000,남,100,1
4165033000,여,0,29
4165033000,여,5,40
4165033000,여,10,70
4165033000,여,15,81
4165033000,여,20,93
4165033000,여,25,126
4165033000,여,30,109
4165033000,여,35,101
4165033000,여,40,109
4165033000,여,45,120
4165033000,여,50,235
4165033000,여,55,369
4165033000,여,60,409
4165033000,여,65,312
4165033000,여,70,201
4165033000,여,75,145
4165033000,여,80,144
4165033000,여,85,127
4165033000,여,90,42
4165033000,여,95,14
4165033000,여,100,0
4165034000,남,0,91
4165034000,남,5,132
4165034000,남,10,181
4165034000,남,15,219
4165034000,남,20,286
4165034000,남,25,370
4165034000,남,30,386
4165034000,남,35,288
4165034000,남,40,322
4165034000,남,45,395
4165034000,남,50,558
4165034000,남,55,713
4165034000,남,60,799
4165034000,남,65,746
4165034000,남,70,373
4165034000,남,75,254
4165034000,남,80,143
4165034000,남,85,77
4165034000,남,90,20
4165034000,남,95,1
4165034000,남,100,0
4165034000,여,0,91
4165034000,여,5,118
4165034000,여,10,154
4165034000,여,15,158
4165034000,여,20,213
4165034000,여,25,243
4165034000,여,30,239
4165034000,여,35,173
4165034000,여,40,251
4165034000,여,45,293
4165034000,여,50,436
4165034000,여,55,513
4165034000,여,60,622
4165034000,여,65,565
4165034000,여,70,304
4165034000,여,75,270
4165034000,여,80,218
4165034000,여,85,162
4165034000,여,90,58
4165034000,여,95,15
4165034000,여,100,2
4165035000,남,0,11
4165035000,남,5,9
4165035000,남,10,20
4165035000,남,15,20
4165035000,남,20,44
4165035000,남,25,69
4165035000,남,30,29
4165035000,남,35,25
4165035000,남,40,38
4165035000,남,45,51
4165035000,남,50,112
4165035000,남,55,115
4165035000,남,60,145
4165035000,남,65,194
4165035000,남,70,86
4165035000,남,75,89
4165035000,남,80,61
4165035000,남,85,23
4165035000,남,90,4
4165035000,남,95,3
4165035000,남,100,0
4165035000,여,0,5
4165035000,여,5,11
4165035000,여,10,11
4165035000,여,15,10
4165035000,여,20,23
4165035000,여,25,23
4165035000,여,30,16
4165035000,여,35,16
4165035000,여,40,24
4165035000,여,45,32
4165035000,여,50,56
4165035000,여,55,87
4165035000,여,60,135
4165035000,여,65,142
4165035000,여,70,76
4165035000,여,75,81
4165035000,여,80,105
4165035000,여,85,56
4165035000,여,90,13
4165035000,여,95,5
4165035000,여,100,0
4165036000,남,0,17
4165036000,남,5,36
4165036000,남,10,62
4165036000,남,15,47
4165036000,남,20,84
4165036000,남,25,94
4165036000,남,30,82
4165036000,남,35,62
4165036000,남,40,115
4165036000,남,45,121
4165036000,남,50,203
4165036000,남,55,275
4165036000,남,60,378
4165036000,남,65,334
4165036000,남,70,208
4165036000,남,75,137
4165036000,남,80,115
4165036000,남,85,54
4165036000,남,90,10
4165036000,남,95,3
4165036000,남,100,1
4165036000,여,0,13
4165036000,여,5,31
4165036000,여,10,50
4165036000,여,15,50
4165036000,여,20,62
4165036000,여,25,88
4165036000,여,30,63
4165036000,여,35,54
4165036000,여,40,65
4165036000,여,45,94
4165036000,여,50,132
4165036000,여,55,209
4165036000,여,60,280
4165036000,여,65,277
4165036000,여,70,163
4165036000,여,75,180
4165036000,여,80,178
4165036000,여,85,105
4165036000,여,90,31
4165036000,여,95,6
4165036000,여,100,0
4165037000,남,0,65
4165037000,남,5,117
4165037000,남,10,169
4165037000,남,15,181
4165037000,남,20,177
4165037000,남,25,298
4165037000,남,30,235
4165037000,남,35,191
4165037000,남,40,324
4165037000,남,45,269
4165037000,남,50,372
4165037000,남,55,414
4165037000,남,60,511
4165037000,남,65,545
4165037000,남,70,306
4165037000,남,75,254
4165037000,남,80,145
4165037000,남,85,73
4165037000,남,90,25
4165037000,남,95,6
4165037000,남,100,0
4165037000,여,0,58
4165037000,여,5,115
4165037000,여,10,136
4165037000,여,15,143
4165037000,여,20,135
4165037000,여,25,192
4165037000,여,30,142
4165037000,여,35,153
4165037000,여,40,200
4165037000,여,45,224
4165037000,여,50,302
4165037000,여,55,362
4165037000,여,60,473
4165037000,여,65,492
4165037000,여,70,328
4165037000,여,75,279
4165037000,여,80,250
4165037000,여,85,178
4165037000,여,90,85
4165037000,여,95,19
4165037000,여,100,2
4165038000,남,0,86
4165038000,남,5,96
4165038000,남,10,76
4165038000,남,15,51
4165038000,남,20,148
4165038000,남,25,295
4165038000,남,30,292
4165038000,남,35,209
4165038000,남,40,143
4165038000,남,45,165
4165038000,남,50,164
4165038000,남,55,198
4165038000,남,60,313
4165038000,남,65,302
4165038000,남,70,202
4165038000,남,75,141
4165038000,남,80,113
4165038000,남,85,53
4165038000,남,90,14
4165038000,남,95,0
4165038000,남,100,0
4165038000,여,0,94
4165038000,여,5,82
4165038000,여,10,70
4165038000,여,15,72
4165038000,여,20,91
4165038000,여,25,128
4165038000,여,30,169
4165038000,여,35,123
4165038000,여,40,104
4165038000,여,45,101
4165038000,여,50,119
4165038000,여,55,177
4165038000,여,60,286
4165038000,여,65,282
4165038000,여,70,177
4165038000,여,75,188
4165038000,여,80,146
4165038000,여,85,101
4165038000,여,90,32
4165038000,여,95,6
4165038000,여,100,1
4165039000,남,0,109
4165039000,남,5,127
4165039000,남,10,112
4165039000,남,15,85
4165039000,남,20,189
4165039000,남,25,367
4165039000,남,30,306
4165039000,남,35,230
4165039000,남,40,226
4165039000,남,45,204
4165039000,남,50,248
4165039000,남,55,356
4165039000,남,60,404
4165039000,남,65,440
4165039000,남,70,218
4165039000,남,75,210
4165039000,남,80,152
4165039000,남,85,72
4165039000,남,90,26
4165039000,남,95,6
4165039000,남,100,2
4165039000,여,0,92
4165039000,여,5,119
4165039000,여,10,97
4165039000,여,15,84
4165039000,여,20,102
4165039000,여,25,151
4165039000,여,30,150
4165039000,여,35,168
4165039000,여,40,146
4165039000,여,45,134
4165039000,여,50,200
4165039000,여,55,264
4165039000,여,60,358
4165039000,여,65,397
4165039000,여,70,239
4165039000,여,75,254
4165039000,여,80,257
4165039000,여,85,168
4165039000,여,90,50
4165039000,여,95,20
4165039000,여,100,2
4165040000,남,0,5
4165040000,남,5,11
4165040000,남,10,19
4165040000,남,15,22
4165040000,남,20,51
4165040000,남,25,50
4165040000,남,30,47
4165040000,남,35,35
4165040000,남,40,46
4165040000,남,45,63
4165040000,남,50,104
4165040000,남,55,138
4165040000,남,60,192
4165040000,남,65,200
4165040000,남,70,120
4165040000,남,75,105
4165040000,남,80,81
4165040000,남,85,35
4165040000,남,90,6
4165040000,남,95,0
4165040000,남,100,3
4165040000,여,0,10
4165040000,여,5,6
4165040000,여,10,24
4165040000,여,15,26
4165040000,여,20,32
4165040000,여,25,27
4165040000,여,30,28
4165040000,여,35,25
4165040000,여,40,24
4165040000,여,45,39
4165040000,여,50,67
4165040000,여,55,134
4165040000,여,60,169
4165040000,여,65,164
4165040000,여,70,115
4165040000,여,75,122
4165040000,여,80,111
4165040000,여,85,70
4165040000,여,90,19
4165040000,여,95,6
4165040000,여,100,2
4165041000,남,0,32
4165041000,남,5,40
4165041000,남,10,28
4165041000,남,15,30
4165041000,남,20,35
4165041000,남,25,66
4165041000,남,30,104
4165041000,남,35,61
4165041000,남,40,70
4165041000,남,45,69
4165041000,남,50,72
4165041000,남,55,116
4165041000,남,60,158
4165041000,남,65,178
4165041000,남,70,105
4165041000,남,75,68
4165041000,남,80,46
4165041000,남,85,26
4165041000,남,90,5
4165041000,남,95,0
4165041000,남,100,0
4165041000,여,0,34
4165041000,여,5,29
4165041000,여,10,30
4165041000,여,15,32
4165041000,여,20,31
4165041000,여,25,44
4165041000,여,30,65
4165041000,여,35,58
4165041000,여,40,47
4165041000,여,45,52
4165041000,여,50,54
4165041000,여,55,106
4165041000,여,60,139
4165041000,여,65,122
4165041000,여,70,78
4165041000,여,75,58
4165041000,여,80,76
4165041000,여,85,61
4165041000,여,90,22
4165041000,여,95,5
4165041000,여,100,0
4165051000,남,0,222
4165051000,남,5,314
4165051000,남,10,391
4165051000,남,15,448
4165051000,남,20,540
4165051000,남,25,728
4165051000,남,30,692
4165051000,남,35,509
4165051000,남,40,558
4165051000,남,45,642
4165051000,남,50,898
4165051000,남,55,980
4165051000,남,60,1038
4165051000,남,65,772
4165051000,남,70,399
4165051000,남,75,317
4165051000,남,80,176
4165051000,남,85,99
4165051000,남,90,18
4165051000,남,95,0
4165051000,남,100,2
4165051000,여,0,209
4165051000,여,5,252
4165051000,여,10,353
4165051000,여,15,411
4165051000,여,20,508
4165051000,여,25,580
4165051000,여,30,513
4165051000,여,35,434
4165051000,여,40,567
4165051000,여,45,648
4165051000,여,50,896
4165051000,여,55,1005
4165051000,여,60,922
4165051000,여,65,776
4165051000,여,70,473
4165051000,여,75,363
4165051000,여,80,345
4165051000,여,85,206
4165051000,여,90,72
4165051000,여,95,19
4165051000,여,100,4
4165052000,남,0,104
4165052000,남,5,162
4165052000,남,10,245
4165052000,남,15,265
4165052000,남,20,453
4165052000,남,25,503
4165052000,남,30,410
4165052000,남,35,318
4165052000,남,40,476
4165052000,남,45,542
4165052000,남,50,869
4165052000,남,55,906
4165052000,남,60,907
4165052000,남,65,685
4165052000,남,70,317
4165052000,남,75,216
4165052000,남,80,145
4165052000,남,85,60
4165052000,남,90,20
4165052000,남,95,1
4165052000,남,100,0
4165052000,여,0,101
4165052000,여,5,151
4165052000,여,10,182
4165052000,여,15,248
4165052000,여,20,386
4165052000,여,25,392
4165052000,여,30,293
4165052000,여,35,269
4165052000,여,40,335
4165052000,여,45,459
4165052000,여,50,666
4165052000,여,55,781
4165052000,여,60,701
4165052000,여,65,571
4165052000,여,70,305
4165052000,여,75,253
4165052000,여,80,228
4165052000,여,85,142
4165052000,여,90,62
4165052000,여,95,12
4165052000,여,100,2
4167025000,남,0,116
4167025000,남,5,203
4167025000,남,10,262
4167025000,남,15,304
4167025000,남,20,314
4167025000,남,25,427
4167025000,남,30,400
4167025000,남,35,387
4167025000,남,40,519
4167025000,남,45,517
4167025000,남,50,644
4167025000,남,55,765
4167025000,남,60,793
4167025000,남,65,673
4167025000,남,70,495
4167025000,남,75,284
4167025000,남,80,210
4167025000,남,85,115
4167025000,남,90,30
4167025000,남,95,8
4167025000,남,100,0
4167025000,여,0,118
4167025000,여,5,182
4167025000,여,10,259
4167025000,여,15,265
4167025000,여,20,261
4167025000,여,25,304
4167025000,여,30,300
4167025000,여,35,292
4167025000,여,40,447
4167025000,여,45,460
4167025000,여,50,570
4167025000,여,55,617
4167025000,여,60,723
4167025000,여,65,657
4167025000,여,70,457
4167025000,여,75,321
4167025000,여,80,299
4167025000,여,85,200
4167025000,여,90,77
4167025000,여,95,17
4167025000,여,100,2
4167031000,남,0,34
4167031000,남,5,63
4167031000,남,10,60
4167031000,남,15,65
4167031000,남,20,82
4167031000,남,25,110
4167031000,남,30,93
4167031000,남,35,79
4167031000,남,40,94
4167031000,남,45,106
4167031000,남,50,179
4167031000,남,55,265
4167031000,남,60,306
4167031000,남,65,304
4167031000,남,70,203
4167031000,남,75,189
4167031000,남,80,94
4167031000,남,85,56
4167031000,남,90,16
4167031000,남,95,2
4167031000,남,100,2
4167031000,여,0,25
4167031000,여,5,30
4167031000,여,10,44
4167031000,여,15,50
4167031000,여,20,57
4167031000,여,25,73
4167031000,여,30,52
4167031000,여,35,61
4167031000,여,40,81
4167031000,여,45,111
4167031000,여,50,155
4167031000,여,55,228
4167031000,여,60,284
4167031000,여,65,300
4167031000,여,70,204
4167031000,여,75,148
4167031000,여,80,162
4167031000,여,85,111
4167031000,여,90,60
4167031000,여,95,9
4167031000,여,100,2
4167032000,남,0,35
4167032000,남,5,39
4167032000,남,10,74
4167032000,남,15,78
4167032000,남,20,78
4167032000,남,25,99
4167032000,남,30,95
4167032000,남,35,88
4167032000,남,40,129
4167032000,남,45,134
4167032000,남,50,203
4167032000,남,55,246
4167032000,남,60,380
4167032000,남,65,345
4167032000,남,70,247
4167032000,남,75,180
4167032000,남,80,104
4167032000,남,85,66
4167032000,남,90,16
4167032000,남,95,2
4167032000,남,100,0
4167032000,여,0,17
4167032000,여,5,39
4167032000,여,10,47
4167032000,여,15,59
4167032000,여,20,66
4167032000,여,25,59
4167032000,여,30,63
4167032000,여,35,62
4167032000,여,40,87
4167032000,여,45,110
4167032000,여,50,160
4167032000,여,55,230
4167032000,여,60,325
4167032000,여,65,298
4167032000,여,70,219
4167032000,여,75,177
4167032000,여,80,149
4167032000,여,85,106
4167032000,여,90,53
4167032000,여,95,13
4167032000,여,100,2
4167033000,남,0,14
4167033000,남,5,11
4167033000,남,10,25
4167033000,남,15,32
4167033000,남,20,26
4167033000,남,25,39
4167033000,남,30,55
4167033000,남,35,40
4167033000,남,40,66
4167033000,남,45,67
4167033000,남,50,108
4167033000,남,55,169
4167033000,남,60,214
4167033000,남,65,245
4167033000,남,70,149
4167033000,남,75,101
4167033000,남,80,74
4167033000,남,85,37
4167033000,남,90,9
4167033000,남,95,0
4167033000,남,100,1
4167033000,여,0,14
4167033000,여,5,17
4167033000,여,10,30
4167033000,여,15,32
4167033000,여,20,23
4167033000,여,25,36
4167033000,여,30,37
4167033000,여,35,41
4167033000,여,40,42
4167033000,여,45,52
4167033000,여,50,94
4167033000,여,55,131
4167033000,여,60,197
4167033000,여,65,200
4167033000,여,70,140
4167033000,여,75,116
4167033000,여,80,82
4167033000,여,85,64
4167033000,여,90,26
4167033000,여,95,10
4167033000,여,100,1
4167034500,남,0,40
4167034500,남,5,58
4167034500,남,10,76
4167034500,남,15,81
4167034500,남,20,105
4167034500,남,25,120
4167034500,남,30,107
4167034500,남,35,109
4167034500,남,40,143
4167034500,남,45,174
4167034500,남,50,233
4167034500,남,55,297
4167034500,남,60,404
4167034500,남,65,375
4167034500,남,70,256
4167034500,남,75,194
4167034500,남,80,139
4167034500,남,85,67
4167034500,남,90,15
4167034500,남,95,2
4167034500,남,100,2
4167034500,여,0,28
4167034500,여,5,54
4167034500,여,10,82
4167034500,여,15,96
4167034500,여,20,69
4167034500,여,25,73
4167034500,여,30,91
4167034500,여,35,100
4167034500,여,40,124
4167034500,여,45,130
4167034500,여,50,145
4167034500,여,55,263
4167034500,여,60,355
4167034500,여,65,346
4167034500,여,70,234
4167034500,여,75,196
4167034500,여,80,206
4167034500,여,85,122
4167034500,여,90,79
4167034500,여,95,13
4167034500,여,100,0
4167035000,남,0,19
4167035000,남,5,46
4167035000,남,10,78
4167035000,남,15,101
4167035000,남,20,123
4167035000,남,25,171
4167035000,남,30,113
4167035000,남,35,106
4167035000,남,40,144
4167035000,남,45,149
4167035000,남,50,250
4167035000,남,55,345
4167035000,남,60,472
4167035000,남,65,486
4167035000,남,70,312
4167035000,남,75,212
4167035000,남,80,164
4167035000,남,85,106
4167035000,남,90,27
4167035000,남,95,6
4167035000,남,100,0
4167035000,여,0,19
4167035000,여,5,51
4167035000,여,10,64
4167035000,여,15,86
4167035000,여,20,93
4167035000,여,25,89
4167035000,여,30,79
4167035000,여,35,87
4167035000,여,40,90
4167035000,여,45,131
4167035000,여,50,190
4167035000,여,55,293
4167035000,여,60,406
4167035000,여,65,435
4167035000,여,70,291
4167035000,여,75,246
4167035000,여,80,247
4167035000,여,85,179
4167035000,여,90,66
4167035000,여,95,19
4167035000,여,100,7
4167036000,남,0,20
4167036000,남,5,35
4167036000,남,10,83
4167036000,남,15,67
4167036000,남,20,88
4167036000,남,25,112
4167036000,남,30,78
4167036000,남,35,75
4167036000,남,40,94
4167036000,남,45,132
4167036000,남,50,201
4167036000,남,55,304
4167036000,남,60,321
4167036000,남,65,309
4167036000,남,70,181
4167036000,남,75,139
4167036000,남,80,96
4167036000,남,85,59
4167036000,남,90,16
4167036000,남,95,4
4167036000,남,100,1
4167036000,여,0,19
4167036000,여,5,26
4167036000,여,10,53
4167036000,여,15,59
4167036000,여,20,69
4167036000,여,25,67
4167036000,여,30,62
4167036000,여,35,56
4167036000,여,40,78
4167036000,여,45,114
4167036000,여,50,170
4167036000,여,55,227
4167036000,여,60,295
4167036000,여,65,254
4167036000,여,70,167
4167036000,여,75,154
4167036000,여,80,173
4167036000,여,85,109
4167036000,여,90,40
4167036000,여,95,9
4167036000,여,100,1
4167037000,남,0,13
4167037000,남,5,31
4167037000,남,10,44
4167037000,남,15,78
4167037000,남,20,63
4167037000,남,25,99
4167037000,남,30,88
4167037000,남,35,58
4167037000,남,40,102
4167037000,남,45,119
4167037000,남,50,205
4167037000,남,55,273
4167037000,남,60,312
4167037000,남,65,265
4167037000,남,70,181
4167037000,남,75,149
4167037000,남,80,93
4167037000,남,85,52
4167037000,남,90,13
4167037000,남,95,1
4167037000,남,100,0
4167037000,여,0,17
4167037000,여,5,25
4167037000,여,10,55
4167037000,여,15,56
4167037000,여,20,53
4167037000,여,25,63
4167037000,여,30,63
4167037000,여,35,57
4167037000,여,40,93
4167037000,여,45,99
4167037000,여,50,162
4167037000,여,55,249
4167037000,여,60,258
4167037000,여,65,259
4167037000,여,70,179
4167037000,여,75,138
4167037000,여,80,109
4167037000,여,85,88
4167037000,여,90,36
4167037000,여,95,13
4167037000,여,100,3
4167038000,남,0,12
4167038000,남,5,23
4167038000,남,10,36
4167038000,남,15,86
4167038000,남,20,47
4167038000,남,25,43
4167038000,남,30,56
4167038000,남,35,45
4167038000,남,40,68
4167038000,남,45,55
4167038000,남,50,101
4167038000,남,55,110
4167038000,남,60,162
4167038000,남,65,165
4167038000,남,70,119
4167038000,남,75,78
4167038000,남,80,62
4167038000,남,85,27
4167038000,남,90,8
4167038000,남,95,3
4167038000,남,100,0
4167038000,여,0,20
4167038000,여,5,18
4167038000,여,10,46
4167038000,여,15,107
4167038000,여,20,39
4167038000,여,25,37
4167038000,여,30,24
4167038000,여,35,41
4167038000,여,40,56
4167038000,여,45,52
4167038000,여,50,80
4167038000,여,55,97
4167038000,여,60,150
4167038000,여,65,148
4167038000,여,70,115
4167038000,여,75,80
4167038000,여,80,83
4167038000,여,85,49
4167038000,여,90,26
4167038000,여,95,1
4167038000,여,100,3
4167051000,남,0,189
4167051000,남,5,296
4167051000,남,10,441
4167051000,남,15,436
4167051000,남,20,611
4167051000,남,25,737
4167051000,남,30,617
4167051000,남,35,499
4167051000,남,40,710
4167051000,남,45,765
4167051000,남,50,1009
4167051000,남,55,1002
4167051000,남,60,1035
4167051000,남,65,830
4167051000,남,70,561
4167051000,남,75,360
4167051000,남,80,242
4167051000,남,85,98
4167051000,남,90,31
4167051000,남,95,2
4167051000,남,100,0
4167051000,여,0,172
4167051000,여,5,268
4167051000,여,10,405
4167051000,여,15,433
4167051000,여,20,524
4167051000,여,25,625
4167051000,여,30,493
4167051000,여,35,453
4167051000,여,40,699
4167051000,여,45,762
4167051000,여,50,949
4167051000,여,55,984
4167051000,여,60,1021
4167051000,여,65,895
4167051000,여,70,560
4167051000,여,75,397
4167051000,여,80,364
4167051000,여,85,200
4167051000,여,90,70
4167051000,여,95,25
4167051000,여,100,3
4167052000,남,0,439
4167052000,남,5,600
4167052000,남,10,693
4167052000,남,15,667
4167052000,남,20,768
4167052000,남,25,790
4167052000,남,30,907
4167052000,남,35,848
4167052000,남,40,1013
4167052000,남,45,977
4167052000,남,50,1137
4167052000,남,55,1021
4167052000,남,60,917
4167052000,남,65,745
4167052000,남,70,469
4167052000,남,75,288
4167052000,남,80,200
4167052000,남,85,91
4167052000,남,90,15
4167052000,남,95,4
4167052000,남,100,0
4167052000,여,0,459
4167052000,여,5,586
4167052000,여,10,590
4167052000,여,15,612
4167052000,여,20,659
4167052000,여,25,787
4167052000,여,30,863
4167052000,여,35,775
4167052000,여,40,1032
4167052000,여,45,1004
4167052000,여,50,1117
4167052000,여,55,1015
4167052000,여,60,904
4167052000,여,65,824
4167052000,여,70,516
4167052000,여,75,373
4167052000,여,80,280
4167052000,여,85,151
4167052000,여,90,61
4167052000,여,95,24
4167052000,여,100,1
4167053000,남,0,290
4167053000,남,5,434
4167053000,남,10,522
4167053000,남,15,453
4167053000,남,20,406
4167053000,남,25,521
4167053000,남,30,576
4167053000,남,35,540
4167053000,남,40,782
4167053000,남,45,750
4167053000,남,50,845
4167053000,남,55,745
4167053000,남,60,726
4167053000,남,65,586
4167053000,남,70,310
4167053000,남,75,237
4167053000,남,80,143
4167053000,남,85,56
4167053000,남,90,13
4167053000,남,95,0
4167053000,남,100,0
4167053000,여,0,308
4167053000,여,5,395
4167053000,여,10,483
4167053000,여,15,402
4167053000,여,20,405
4167053000,여,25,456
4167053000,여,30,477
4167053000,여,35,586
4167053000,여,40,828
4167053000,여,45,766
4167053000,여,50,809
4167053000,여,55,832
4167053000,여,60,733
4167053000,여,65,547
4167053000,여,70,370
4167053000,여,75,254
4167053000,여,80,220
4167053000,여,85,132
4167053000,여,90,45
4167053000,여,95,15
4167053000,여,100,4
4180025000,남,0,148
4180025000,남,5,171
4180025000,남,10,122
4180025000,남,15,113
4180025000,남,20,238
4180025000,남,25,418
4180025000,남,30,417
4180025000,남,35,253
4180025000,남,40,204
4180025000,남,45,203
4180025000,남,50,274
4180025000,남,55,332
4180025000,남,60,327
4180025000,남,65,354
4180025000,남,70,222
4180025000,남,75,181
4180025000,남,80,130
4180025000,남,85,67
4180025000,남,90,22
4180025000,남,95,2
4180025000,남,100,1
4180025000,여,0,147
4180025000,여,5,143
4180025000,여,10,99
4180025000,여,15,87
4180025000,여,20,140
4180025000,여,25,222
4180025000,여,30,240
4180025000,여,35,189
4180025000,여,40,179
4180025000,여,45,151
4180025000,여,50,206
4180025000,여,55,266
4180025000,여,60,307
4180025000,여,65,331
4180025000,여,70,224
4180025000,여,75,243
4180025000,여,80,253
4180025000,여,85,162
4180025000,여,90,37
4180025000,여,95,18
4180025000,여,100,4
4180025300,남,0,216
4180025300,남,5,324
4180025300,남,10,428
4180025300,남,15,438
4180025300,남,20,492
4180025300,남,25,614
4180025300,남,30,599
4180025300,남,35,457
4180025300,남,40,574
4180025300,남,45,548
4180025300,남,50,743
4180025300,남,55,779
4180025300,남,60,866
4180025300,남,65,793
4180025300,남,70,412
4180025300,남,75,362
4180025300,남,80,235
4180025300,남,85,110
4180025300,남,90,35
4180025300,남,95,11
4180025300,남,100,4
4180025300,여,0,216
4180025300,여,5,270
4180025300,여,10,430
4180025300,여,15,393
4180025300,여,20,397
4180025300,여,25,418
4180025300,여,30,441
4180025300,여,35,367
4180025300,여,40,555
4180025300,여,45,544
4180025300,여,50,687
4180025300,여,55,730
4180025300,여,60,804
4180025300,여,65,775
4180025300,여,70,439
4180025300,여,75,408
4180025300,여,80,374
4180025300,여,85,249
4180025300,여,90,86
4180025300,여,95,30
4180025300,여,100,3
4180031000,남,0,6
4180031000,남,5,16
4180031000,남,10,31
4180031000,남,15,35
4180031000,남,20,88
4180031000,남,25,107
4180031000,남,30,59
4180031000,남,35,40
4180031000,남,40,61
4180031000,남,45,64
4180031000,남,50,106
4180031000,남,55,157
4180031000,남,60,207
4180031000,남,65,214
4180031000,남,70,139
4180031000,남,75,93
4180031000,남,80,77
4180031000,남,85,48
4180031000,남,90,12
4180031000,남,95,1
4180031000,남,100,0
4180031000,여,0,6
4180031000,여,5,18
4180031000,여,10,29
4180031000,여,15,40
4180031000,여,20,50
4180031000,여,25,29
4180031000,여,30,24
4180031000,여,35,25
4180031000,여,40,46
4180031000,여,45,53
4180031000,여,50,73
4180031000,여,55,146
4180031000,여,60,179
4180031000,여,65,176
4180031000,여,70,121
4180031000,여,75,130
4180031000,여,80,124
4180031000,여,85,98
4180031000,여,90,25
4180031000,여,95,6
4180031000,여,100,1
4180032000,남,0,25
4180032000,남,5,34
4180032000,남,10,35
4180032000,남,15,51
4180032000,남,20,204
4180032000,남,25,175
4180032000,남,30,110
4180032000,남,35,80
4180032000,남,40,107
4180032000,남,45,110
4180032000,남,50,157
4180032000,남,55,206
4180032000,남,60,271
4180032000,남,65,285
4180032000,남,70,139
4180032000,남,75,112
4180032000,남,80,82
4180032000,남,85,40
4180032000,남,90,14
4180032000,남,95,2
4180032000,남,100,0
4180032000,여,0,24
4180032000,여,5,32
4180032000,여,10,38
4180032000,여,15,35
4180032000,여,20,75
4180032000,여,25,81
4180032000,여,30,48
4180032000,여,35,41
4180032000,여,40,80
4180032000,여,45,67
4180032000,여,50,130
4180032000,여,55,167
4180032000,여,60,249
4180032000,여,65,262
4180032000,여,70,147
4180032000,여,75,152
4180032000,여,80,143
4180032000,여,85,95
4180032000,여,90,25
4180032000,여,95,5
4180032000,여,100,2
4180033000,남,0,10
4180033000,남,5,12
4180033000,남,10,30
4180033000,남,15,39
4180033000,남,20,60
4180033000,남,25,55
4180033000,남,30,52
4180033000,남,35,40
4180033000,남,40,60
4180033000,남,45,52
4180033000,남,50,106
4180033000,남,55,137
4180033000,남,60,171
4180033000,남,65,176
4180033000,남,70,103
4180033000,남,75,90
4180033000,남,80,75
4180033000,남,85,41
4180033000,남,90,9
4180033000,남,95,1
4180033000,남,100,0
4180033000,여,0,13
4180033000,여,5,13
4180033000,여,10,27
4180033000,여,15,33
4180033000,여,20,29
4180033000,여,25,23
4180033000,여,30,27
4180033000,여,35,24
4180033000,여,40,36
4180033000,여,45,39
4180033000,여,50,79
4180033000,여,55,105
4180033000,여,60,159
4180033000,여,65,151
4180033000,여,70,98
4180033000,여,75,93
4180033000,여,80,115
4180033000,여,85,58
4180033000,여,90,23
4180033000,여,95,1
4180033000,여,100,0
4180034000,남,0,7
4180034000,남,5,12
4180034000,남,10,15
4180034000,남,15,22
4180034000,남,20,22
4180034000,남,25,37
4180034000,남,30,33
4180034000,남,35,32
4180034000,남,40,26
4180034000,남,45,46
4180034000,남,50,58
4180034000,남,55,103
4180034000,남,60,135
4180034000,남,65,153
4180034000,남,70,102
4180034000,남,75,56
4180034000,남,80,39
4180034000,남,85,27
4180034000,남,90,4
4180034000,남,95,1
4180034000,남,100,0
4180034000,여,0,6
4180034000,여,5,8
4180034000,여,10,12
4180034000,여,15,17
4180034000,여,20,15
4180034000,여,25,28
4180034000,여,30,22
4180034000,여,35,30
4180034000,여,40,14
4180034000,여,45,11
4180034000,여,50,46
4180034000,여,55,81
4180034000,여,60,113
4180034000,여,65,124
4180034000,여,70,59
4180034000,여,75,68
4180034000,여,80,59
4180034000,여,85,39
4180034000,여,90,21
4180034000,여,95,3
4180034000,여,100,0
4180035000,남,0,3
4180035000,남,5,5
4180035000,남,10,6
4180035000,남,15,15
4180035000,남,20,9
4180035000,남,25,19
4180035000,남,30,20
4180035000,남,35,14
4180035000,남,40,20
4180035000,남,45,25
4180035000,남,50,37
4180035000,남,55,39
4180035000,남,60,56
4180035000,남,65,64
4180035000,남,70,62
4180035000,남,75,58
4180035000,남,80,40
4180035000,남,85,16
4180035000,남,90,7
4180035000,남,95,1
4180035000,남,100,0
4180035000,여,0,6
4180035000,여,5,3
4180035000,여,10,7
4180035000,여,15,8
4180035000,여,20,14
4180035000,여,25,4
4180035000,여,30,10
4180035000,여,35,13
4180035000,여,40,8
4180035000,여,45,9
4180035000,여,50,25
4180035000,여,55,33
4180035000,여,60,52
4180035000,여,65,68
4180035000,여,70,57
4180035000,여,75,51
4180035000,여,80,48
4180035000,여,85,20
4180035000,여,90,12
4180035000,여,95,4
4180035000,여,100,0
4180036000,남,0,4
4180036000,남,5,14
4180036000,남,10,14
4180036000,남,15,23
4180036000,남,20,52
4180036000,남,25,85
4180036000,남,30,51
4180036000,남,35,22
4180036000,남,40,47
4180036000,남,45,53
4180036000,남,50,91
4180036000,남,55,104
4180036000,남,60,167
4180036000,남,65,177
4180036000,남,70,106
4180036000,남,75,111
4180036000,남,80,76
4180036000,남,85,35
4180036000,남,90,8
4180036000,남,95,1
4180036000,남,100,0
4180036000,여,0,5
4180036000,여,5,14
4180036000,여,10,18
4180036000,여,15,23
4180036000,여,20,38
4180036000,여,25,30
4180036000,여,30,26
4180036000,여,35,17
4180036000,여,40,35
4180036000,여,45,33
4180036000,여,50,65
4180036000,여,55,81
4180036000,여,60,139
4180036000,여,65,166
4180036000,여,70,138
4180036000,여,75,116
4180036000,여,80,116
4180036000,여,85,81
4180036000,여,90,30
4180036000,여,95,5
4180036000,여,100,0
4180037000,남,0,0
4180037000,남,5,1
4180037000,남,10,4
4180037000,남,15,2
4180037000,남,20,5
4180037000,남,25,13
4180037000,남,30,8
4180037000,남,35,4
4180037000,남,40,0
4180037000,남,45,4
4180037000,남,50,4
4180037000,남,55,6
4180037000,남,60,16
4180037000,남,65,10
4180037000,남,70,6
4180037000,남,75,5
4180037000,남,80,3
4180037000,남,85,1
4180037000,남,90,1
4180037000,남,95,0
4180037000,남,100,0
4180037000,여,0,0
4180037000,여,5,2
4180037000,여,10,0
4180037000,여,15,3
4180037000,여,20,3
4180037000,여,25,1
4180037000,여,30,5
4180037000,여,35,1
4180037000,여,40,2
4180037000,여,45,6
4180037000,여,50,2
4180037000,여,55,6
4180037000,여,60,10
4180037000,여,65,10
4180037000,여,70,3
4180037000,여,75,5
4180037000,여,80,4
4180037000,여,85,5
4180037000,여,90,2
4180037000,여,95,0
4180037000,여,100,0
4180038000,남,0,2
4180038000,남,5,6
4180038000,남,10,3
4180038000,남,15,4
4180038000,남,20,13
4180038000,남,25,15
4180038000,남,30,12
4180038000,남,35,9
4180038000,남,40,11
4180038000,남,45,16
4180038000,남,50,22
4180038000,남,55,38
4180038000,남,60,57
4180038000,남,65,48
4180038000,남,70,34
4180038000,남,75,29
4180038000,남,80,30
4180038000,남,85,10
4180038000,남,90,4
4180038000,남,95,0
4180038000,남,100,0
4180038000,여,0,2
4180038000,여,5,1
4180038000,여,10,10
4180038000,여,15,6
4180038000,여,20,8
4180038000,여,25,7
4180038000,여,30,8
4180038000,여,35,9
4180038000,여,40,9
4180038000,여,45,9
4180038000,여,50,21
4180038000,여,55,42
4180038000,여,60,52
4180038000,여,65,44
4180038000,여,70,31
4180038000,여,75,34
4180038000,여,80,27
4180038000,여,85,25
4180038000,여,90,7
4180038000,여,95,1
4180038000,여,100,0
4182025000,남,0,257
4182025000,남,5,346
4182025000,남,10,437
4182025000,남,15,471
4182025000,남,20,552
4182025000,남,25,647
4182025000,남,30,579
4182025000,남,35,523
4182025000,남,40,680
4182025000,남,45,750
4182025000,남,50,942
4182025000,남,55,999
4182025000,남,60,1056
4182025000,남,65,947
4182025000,남,70,579
4182025000,남,75,442
4182025000,남,80,314
4182025000,남,85,174
4182025000,남,90,30
4182025000,남,95,9
4182025000,남,100,3
4182025000,여,0,194
4182025000,여,5,314
4182025000,여,10,422
4182025000,여,15,416
4182025000,여,20,405
4182025000,여,25,531
4182025000,여,30,537
4182025000,여,35,516
4182025000,여,40,651
4182025000,여,45,681
4182025000,여,50,817
4182025000,여,55,897
4182025000,여,60,1010
4182025000,여,65,963
4182025000,여,70,606
4182025000,여,75,514
4182025000,여,80,486
4182025000,여,85,325
4182025000,여,90,106
4182025000,여,95,24
4182025000,여,100,9
4182031000,남,0,86
4182031000,남,5,125
4182031000,남,10,144
4182031000,남,15,185
4182031000,남,20,227
4182031000,남,25,244
4182031000,남,30,216
4182031000,남,35,204
4182031000,남,40,233
4182031000,남,45,285
4182031000,남,50,380
4182031000,남,55,463
4182031000,남,60,628
4182031000,남,65,597
4182031000,남,70,398
4182031000,남,75,248
4182031000,남,80,184
4182031000,남,85,100
4182031000,남,90,28
4182031000,남,95,5
4182031000,남,100,0
4182031000,여,0,90
4182031000,여,5,115
4182031000,여,10,177
4182031000,여,15,201
4182031000,여,20,188
4182031000,여,25,197
4182031000,여,30,161
4182031000,여,35,163
4182031000,여,40,224
4182031000,여,45,255
4182031000,여,50,316
4182031000,여,55,425
4182031000,여,60,555
4182031000,여,65,536
4182031000,여,70,382
4182031000,여,75,231
4182031000,여,80,222
4182031000,여,85,159
4182031000,여,90,51
4182031000,여,95,21
4182031000,여,100,1
4182032500,남,0,82
4182032500,남,5,124
4182032500,남,10,180
4182032500,남,15,234
4182032500,남,20,316
4182032500,남,25,313
4182032500,남,30,301
4182032500,남,35,246
4182032500,남,40,405
4182032500,남,45,454
4182032500,남,50,659
4182032500,남,55,722
4182032500,남,60,740
4182032500,남,65,781
4182032500,남,70,490
4182032500,남,75,381
4182032500,남,80,248
4182032500,남,85,133
4182032500,남,90,36
4182032500,남,95,7
4182032500,남,100,2
4182032500,여,0,81
4182032500,여,5,143
4182032500,여,10,182
4182032500,여,15,225
4182032500,여,20,246
4182032500,여,25,246
4182032500,여,30,223
4182032500,여,35,210
4182032500,여,40,336
4182032500,여,45,388
4182032500,여,50,570
4182032500,여,55,613
4182032500,여,60,740
4182032500,여,65,694
4182032500,여,70,562
4182032500,여,75,434
4182032500,여,80,338
4182032500,여,85,226
4182032500,여,90,77
4182032500,여,95,23
4182032500,여,100,5
4182033000,남,0,17
4182033000,남,5,34
4182033000,남,10,52
4182033000,남,15,58
4182033000,남,20,105
4182033000,남,25,156
4182033000,남,30,126
4182033000,남,35,98
4182033000,남,40,103
4182033000,남,45,150
4182033000,남,50,213
4182033000,남,55,297
4182033000,남,60,421
4182033000,남,65,417
4182033000,남,70,249
4182033000,남,75,170
4182033000,남,80,119
4182033000,남,85,52
4182033000,남,90,20
4182033000,남,95,2
4182033000,남,100,0
4182033000,여,0,21
4182033000,여,5,39
4182033000,여,10,47
4182033000,여,15,36
4182033000,여,20,52
4182033000,여,25,68
4182033000,여,30,79
4182033000,여,35,69
4182033000,여,40,93
4182033000,여,45,122
4182033000,여,50,187
4182033000,여,55,291
4182033000,여,60,383
4182033000,여,65,363
4182033000,여,70,266
4182033000,여,75,164
4182033000,여,80,152
4182033000,여,85,101
4182033000,여,90,34
4182033000,여,95,8
4182033000,여,100,0
4182034500,남,0,136
4182034500,남,5,141
4182034500,남,10,174
4182034500,남,15,149
4182034500,남,20,196
4182034500,남,25,331
4182034500,남,30,359
4182034500,남,35,261
4182034500,남,40,297
4182034500,남,45,274
4182034500,남,50,392
4182034500,남,55,403
4182034500,남,60,499
4182034500,남,65,543
4182034500,남,70,320
4182034500,남,75,193
4182034500,남,80,126
4182034500,남,85,73
4182034500,남,90,19
4182034500,남,95,3
4182034500,남,100,1
4182034500,여,0,127
4182034500,여,5,143
4182034500,여,10,141
4182034500,여,15,136
4182034500,여,20,160
4182034500,여,25,217
4182034500,여,30,222
4182034500,여,35,216
4182034500,여,40,263
4182034500,여,45,232
4182034500,여,50,292
4182034500,여,55,403
4182034500,여,60,484
4182034500,여,65,435
4182034500,여,70,257
4182034500,여,75,223
4182034500,여,80,190
4182034500,여,85,105
4182034500,여,90,54
4182034500,여,95,3
4182034500,여,100,2
4182035000,남,0,14
4182035000,남,5,19
4182035000,남,10,30
4182035000,남,15,54
4182035000,남,20,56
4182035000,남,25,55
4182035000,남,30,67
4182035000,남,35,51
4182035000,남,40,86
4182035000,남,45,94
4182035000,남,50,151
4182035000,남,55,199
4182035000,남,60,248
4182035000,남,65,287
4182035000,남,70,166
4182035000,남,75,131
4182035000,남,80,86
4182035000,남,85,53
4182035000,남,90,6
4182035000,남,95,2
4182035000,남,100,0
4182035000,여,0,20
4182035000,여,5,31
4182035000,여,10,39
4182035000,여,15,40
4182035000,여,20,35
4182035000,여,25,41
4182035000,여,30,45
4182035000,여,35,36
4182035000,여,40,63
4182035000,여,45,64
4182035000,여,50,113
4182035000,여,55,150
4182035000,여,60,236
4182035000,여,65,260
4182035000,여,70,161
4182035000,여,75,149
4182035000,여,80,117
4182035000,여,85,85
4182035000,여,90,40
4182035000,여,95,7
4182035000,여,100,2
4183025000,남,0,518
4183025000,남,5,731
4183025000,남,10,904
4183025000,남,15,997
4183025000,남,20,965
4183025000,남,25,1045
4183025000,남,30,1091
4183025000,남,35,1009
4183025000,남,40,1331
4183025000,남,45,1362
4183025000,남,50,1698
4183025000,남,55,1606
4183025000,남,60,1648
4183025000,남,65,1439
4183025000,남,70,918
4183025000,남,75,643
4183025000,남,80,434
4183025000,남,85,183
4183025000,남,90,49
4183025000,남,95,10
4183025000,남,100,2
4183025000,여,0,526
4183025000,여,5,691
4183025000,여,10,895
4183025000,여,15,887
4183025000,여,20,811
4183025000,여,25,918
4183025000,여,30,993
4183025000,여,35,993
4183025000,여,40,1460
4183025000,여,45,1428
4183025000,여,50,1661
4183025000,여,55,1554
4183025000,여,60,1637
4183025000,여,65,1465
4183025000,여,70,920
4183025000,여,75,712
4183025000,여,80,600
4183025000,여,85,351
4183025000,여,90,164
4183025000,여,95,29
4183025000,여,100,5
4183031000,남,0,124
4183031000,남,5,188
4183031000,남,10,258
4183031000,남,15,228
4183031000,남,20,175
4183031000,남,25,183
4183031000,남,30,210
4183031000,남,35,238
4183031000,남,40,357
4183031000,남,45,368
4183031000,남,50,414
4183031000,남,55,382
4183031000,남,60,523
4183031000,남,65,483
4183031000,남,70,351
4183031000,남,75,274
4183031000,남,80,148
4183031000,남,85,70
4183031000,남,90,18
4183031000,남,95,1
4183031000,남,100,0
4183031000,여,0,123
4183031000,여,5,213
4183031000,여,10,214
4183031000,여,15,208
4183031000,여,20,149
4183031000,여,25,178
4183031000,여,30,189
4183031000,여,35,226
4183031000,여,40,373
4183031000,여,45,388
4183031000,여,50,379
4183031000,여,55,422
4183031000,여,60,560
4183031000,여,65,487
4183031000,여,70,356
4183031000,여,75,226
4183031000,여,80,160
4183031000,여,85,130
4183031000,여,90,43
4183031000,여,95,11
4183031000,여,100,1
4183032000,남,0,34
4183032000,남,5,49
4183032000,남,10,49
4183032000,남,15,48
4183032000,남,20,87
4183032000,남,25,84
4183032000,남,30,82
4183032000,남,35,89
4183032000,남,40,111
4183032000,남,45,113
4183032000,남,50,171
4183032000,남,55,210
4183032000,남,60,351
4183032000,남,65,366
4183032000,남,70,243
4183032000,남,75,182
4183032000,남,80,101
4183032000,남,85,46
4183032000,남,90,9
4183032000,남,95,2
4183032000,남,100,1
4183032000,여,0,36
4183032000,여,5,29
4183032000,여,10,41
4183032000,여,15,51
4183032000,여,20,61
4183032000,여,25,68
4183032000,여,30,77
4183032000,여,35,70
4183032000,여,40,107
4183032000,여,45,105
4183032000,여,50,182
4183032000,여,55,231
4183032000,여,60,354
4183032000,여,65,380
4183032000,여,70,240
4183032000,여,75,165
4183032000,여,80,109
4183032000,여,85,66
4183032000,여,90,31
4183032000,여,95,13
4183032000,여,100,2
4183033000,남,0,129
4183033000,남,5,178
4183033000,남,10,242
4183033000,남,15,355
4183033000,남,20,304
4183033000,남,25,275
4183033000,남,30,278
4183033000,남,35,257
4183033000,남,40,411
4183033000,남,45,429
4183033000,남,50,566
4183033000,남,55,649
4183033000,남,60,774
4183033000,남,65,768
4183033000,남,70,506
4183033000,남,75,390
4183033000,남,80,267
4183033000,남,85,127
4183033000,남,90,34
4183033000,남,95,6
4183033000,남,100,0
4183033000,여,0,110
4183033000,여,5,176
4183033000,여,10,249
4183033000,여,15,226
4183033000,여,20,201
4183033000,여,25,273
4183033000,여,30,290
4183033000,여,35,279
4183033000,여,40,430
4183033000,여,45,395
4183033000,여,50,631
4183033000,여,55,653
4183033000,여,60,800
4183033000,여,65,809
4183033000,여,70,545
4183033000,여,75,391
4183033000,여,80,294
4183033000,여,85,183
4183033000,여,90,80
4183033000,여,95,19
4183033000,여,100,3
4183034000,남,0,75
4183034000,남,5,103
4183034000,남,10,171
4183034000,남,15,129
4183034000,남,20,146
4183034000,남,25,202
4183034000,남,30,182
4183034000,남,35,175
4183034000,남,40,247
4183034000,남,45,268
4183034000,남,50,332
4183034000,남,55,356
4183034000,남,60,478
4183034000,남,65,488
4183034000,남,70,296
4183034000,남,75,231
4183034000,남,80,128
4183034000,남,85,65
4183034000,남,90,16
4183034000,남,95,2
4183034000,남,100,0
4183034000,여,0,67
4183034000,여,5,109
4183034000,여,10,135
4183034000,여,15,134
4183034000,여,20,95
4183034000,여,25,118
4183034000,여,30,133
4183034000,여,35,162
4183034000,여,40,235
4183034000,여,45,222
4183034000,여,50,304
4183034000,여,55,372
4183034000,여,60,481
4183034000,여,65,453
4183034000,여,70,330
4183034000,여,75,206
4183034000,여,80,186
4183034000,여,85,122
4183034000,여,90,48
4183034000,여,95,12
4183034000,여,100,0
4183035000,남,0,70
4183035000,남,5,177
4183035000,남,10,246
4183035000,남,15,214
4183035000,남,20,163
4183035000,남,25,148
4183035000,남,30,168
4183035000,남,35,189
4183035000,남,40,310
4183035000,남,45,379
4183035000,남,50,443
4183035000,남,55,461
4183035000,남,60,553
4183035000,남,65,552
4183035000,남,70,351
4183035000,남,75,280
4183035000,남,80,174
4183035000,남,85,55
4183035000,남,90,17
4183035000,남,95,1
4183035000,남,100,0
4183035000,여,0,65
4183035000,여,5,161
4183035000,여,10,229
4183035000,여,15,193
4183035000,여,20,124
4183035000,여,25,109
4183035000,여,30,150
4183035000,여,35,197
4183035000,여,40,356
4183035000,여,45,383
4183035000,여,50,428
4183035000,여,55,445
4183035000,여,60,562
4183035000,여,65,590
4183035000,여,70,423
4183035000,여,75,237
4183035000,여,80,151
4183035000,여,85,124
4183035000,여,90,52
4183035000,여,95,18
4183035000,여,100,0
4183036000,남,0,16
4183036000,남,5,20
4183036000,남,10,72
4183036000,남,15,58
4183036000,남,20,51
4183036000,남,25,57
4183036000,남,30,69
4183036000,남,35,63
4183036000,남,40,118
4183036000,남,45,97
4183036000,남,50,157
4183036000,남,55,182
4183036000,남,60,282
4183036000,남,65,288
4183036000,남,70,197
4183036000,남,75,130
4183036000,남,80,104
4183036000,남,85,46
4183036000,남,90,7
4183036000,남,95,2
4183036000,남,100,0
4183036000,여,0,11
4183036000,여,5,32
4183036000,여,10,61
4183036000,여,15,41
4183036000,여,20,28
4183036000,여,25,47
4183036000,여,30,45
4183036000,여,35,46
4183036000,여,40,71
4183036000,여,45,89
4183036000,여,50,127
4183036000,여,55,191
4183036000,여,60,270
4183036000,여,65,253
4183036000,여,70,182
4183036000,여,75,119
4183036000,여,80,136
4183036000,여,85,94
4183036000,여,90,37
4183036000,여,95,8
4183036000,여,100,1
4183037000,남,0,11
4183037000,남,5,30
4183037000,남,10,38
4183037000,남,15,39
4183037000,남,20,55
4183037000,남,25,56
4183037000,남,30,62
4183037000,남,35,52
4183037000,남,40,66
4183037000,남,45,104
4183037000,남,50,160
4183037000,남,55,194
4183037000,남,60,262
4183037000,남,65,277
4183037000,남,70,223
4183037000,남,75,141
4183037000,남,80,98
4183037000,남,85,65
4183037000,남,90,16
4183037000,남,95,1
4183037000,남,100,0
4183037000,여,0,10
4183037000,여,5,18
4183037000,여,10,34
4183037000,여,15,26
4183037000,여,20,30
4183037000,여,25,43
4183037000,여,30,37
4183037000,여,35,34
4183037000,여,40,77
4183037000,여,45,53
4183037000,여,50,108
4183037000,여,55,173
4183037000,여,60,248
4183037000,여,65,275
4183037000,여,70,180
4183037000,여,75,154
4183037000,여,80,143
4183037000,여,85,109
4183037000,여,90,51
4183037000,여,95,10
4183037000,여,100,2
4183038000,남,0,25
4183038000,남,5,34
4183038000,남,10,46
4183038000,남,15,52
4183038000,남,20,64
4183038000,남,25,79
4183038000,남,30,74
4183038000,남,35,64
4183038000,남,40,92
4183038000,남,45,94
4183038000,남,50,166
4183038000,남,55,214
4183038000,남,60,369
4183038000,남,65,321
4183038000,남,70,238
4183038000,남,75,159
4183038000,남,80,110
4183038000,남,85,61
4183038000,남,90,20
4183038000,남,95,0
4183038000,남,100,0
4183038000,여,0,16
4183038000,여,5,21
4183038000,여,10,40
4183038000,여,15,55
4183038000,여,20,45
4183038000,여,25,46
4183038000,여,30,56
4183038000,여,35,56
4183038000,여,40,80
4183038000,여,45,75
4183038000,여,50,152
4183038000,여,55,224
4183038000,여,60,309
4183038000,여,65,329
4183038000,여,70,227
4183038000,여,75,152
4183038000,여,80,158
4183038000,여,85,111
4183038000,여,90,64
4183038000,여,95,19
4183038000,여,100,3
4183039500,남,0,28
4183039500,남,5,68
4183039500,남,10,86
4183039500,남,15,103
4183039500,남,20,99
4183039500,남,25,111
4183039500,남,30,97
4183039500,남,35,100
4183039500,남,40,127
4183039500,남,45,183
4183039500,남,50,235
4183039500,남,55,320
4183039500,남,60,516
4183039500,남,65,496
4183039500,남,70,348
4183039500,남,75,235
4183039500,남,80,167
4183039500,남,85,83
4183039500,남,90,21
4183039500,남,95,7
4183039500,남,100,1
4183039500,여,0,39
4183039500,여,5,39
4183039500,여,10,58
4183039500,여,15,63
4183039500,여,20,88
4183039500,여,25,92
4183039500,여,30,78
4183039500,여,35,86
4183039500,여,40,124
4183039500,여,45,132
4183039500,여,50,210
4183039500,여,55,328
4183039500,여,60,462
4183039500,여,65,453
4183039500,여,70,295
4183039500,여,75,243
4183039500,여,80,229
4183039500,여,85,176
4183039500,여,90,81
4183039500,여,95,19
4183039500,여,100,3
4183040000,남,0,172
4183040000,남,5,301
4183040000,남,10,420
4183040000,남,15,436
4183040000,남,20,409
4183040000,남,25,421
4183040000,남,30,473
4183040000,남,35,401
4183040000,남,40,541
4183040000,남,45,613
4183040000,남,50,791
4183040000,남,55,798
4183040000,남,60,955
4183040000,남,65,939
4183040000,남,70,607
4183040000,남,75,458
4183040000,남,80,356
4183040000,남,85,169
4183040000,남,90,40
4183040000,남,95,8
4183040000,남,100,0
4183040000,여,0,191
4183040000,여,5,314
4183040000,여,10,377
4183040000,여,15,407
4183040000,여,20,316
4183040000,여,25,305
4183040000,여,30,375
4183040000,여,35,380
4183040000,여,40,558
4183040000,여,45,596
4183040000,여,50,754
4183040000,여,55,761
4183040000,여,60,924
4183040000,여,65,945
4183040000,여,70,634
4183040000,여,75,522
4183040000,여,80,457
4183040000,여,85,286
4183040000,여,90,111
4183040000,여,95,32
4183040000,여,100,4
4183041000,남,0,27
4183041000,남,5,52
4183041000,남,10,72
4183041000,남,15,72
4183041000,남,20,86
4183041000,남,25,104
4183041000,남,30,87
4183041000,남,35,73
4183041000,남,40,142
4183041000,남,45,152
4183041000,남,50,197
4183041000,남,55,259
4183041000,남,60,340
4183041000,남,65,344
4183041000,남,70,218
4183041000,남,75,180
4183041000,남,80,115
4183041000,남,85,64
4183041000,남,90,12
4183041000,남,95,4
4183041000,남,100,0
4183041000,여,0,34
4183041000,여,5,54
4183041000,여,10,71
4183041000,여,15,75
4183041000,여,20,56
4183041000,여,25,65
4183041000,여,30,74
4183041000,여,35,79
4183041000,여,40,107
4183041000,여,45,135
4183041000,여,50,163
4183041000,여,55,221
4183041000,여,60,347
4183041000,여,65,299
4183041000,여,70,262
4183041000,여,75,155
4183041000,여,80,135
4183041000,여,85,100
4183041000,여,90,46
4183041000,여,95,10
4183041000,여,100,2
